Copyright 1986-2022 Xilinx, Inc. All Rights Reserved. Copyright 2022-2024 Advanced Micro Devices, Inc. All Rights Reserved.
-----------------------------------------------------------------------------------------------------------------------------------------------------------------------------------------------------------------------------------------------------------------------------------------------------------------------------
| Tool Version      : Vivado v.2024.2 (lin64) Build 5239630 Fri Nov 08 22:34:34 MST 2024
| Date              : Mon Jan 26 22:01:24 2026
| Host              : ip-172-30-0-205 running 64-bit Ubuntu 24.04.1 LTS
| Command           : report_timing -delay_type max -path_type full_clock_expanded -max_paths 10 -nworst 1 -input_pins -slice_pins -sort_by group -significant_digits 3 -file /home/ubuntu/aws-fpga/hdk/cl/developer_designs/cl_minikanren_chirho/build/reports/cl_minikanren_chirho.2026_01_26-213858.post_place_timing.rpt
| Design            : top
| Device            : xcvu47p-fsvh2892
| Speed File        : -2  PRODUCTION 1.30 05-01-2022
| Design State      : Fully Placed
| Temperature Grade : E
-----------------------------------------------------------------------------------------------------------------------------------------------------------------------------------------------------------------------------------------------------------------------------------------------------------------------------

Timing Report

Slack (VIOLATED) :        -0.129ns  (required time - arrival time)
  Source:                 WRAPPER/CL/cmd_reg_chirho_reg[65]_rep/C
                            (rising edge-triggered cell FDRE clocked by clk_main_a0  {rise@0.000ns fall@2.000ns period=4.000ns})
  Destination:            WRAPPER/CL/ocl_rdata_q_chirho_reg[0]/D
                            (rising edge-triggered cell FDRE clocked by clk_main_a0  {rise@0.000ns fall@2.000ns period=4.000ns})
  Path Group:             clk_main_a0
  Path Type:              Setup (Max at Slow Process Corner)
  Requirement:            4.000ns  (clk_main_a0 rise@4.000ns - clk_main_a0 rise@0.000ns)
  Data Path Delay:        3.981ns  (logic 1.564ns (39.287%)  route 2.417ns (60.713%))
  Logic Levels:           16  (CARRY8=6 LUT1=1 LUT5=1 LUT6=6 MUXF7=2)
  Clock Path Skew:        -0.114ns (DCD - SCD + CPR)
    Destination Clock Delay (DCD):    5.833ns = ( 9.833 - 4.000 ) 
    Source Clock Delay      (SCD):    5.648ns
    Clock Pessimism Removal (CPR):    -0.300ns
  Clock Uncertainty:      0.059ns  ((TSJ^2 + DJ^2)^1/2) / 2 + PE
    Total System Jitter     (TSJ):    0.071ns
    Discrete Jitter          (DJ):    0.094ns
    Phase Error              (PE):    0.000ns
  Clock Net Delay (Source):      2.230ns (routing 0.461ns, distribution 1.769ns)
  Clock Net Delay (Destination): 2.072ns (routing 0.421ns, distribution 1.651ns)

    Location             Delay type                Incr(ns)  Path(ns)    Partition      PBlock               Netlist Resource(s)
  -------------------------------------------------------------------    -------------------------------------------------------
                         (clock clk_main_a0 rise edge)
                                                      0.000     0.000 r                                      
    BJ4                                               0.000     0.000 r  static                              <hidden>
                         net (fo=0)                   0.100     0.100    static                              WRAPPER/IO_SHIM/IBUFDS_CLK_125/I
    HPIOBDIFFINBUF_X0Y130.DIFF_IN_P
                                                                      r  static                              WRAPPER/IO_SHIM/IBUFDS_CLK_125/DIFFINBUF_INST/DIFF_IN_P
    HPIOBDIFFINBUF_X0Y130.O
                         DIFFINBUF (Prop_DIFFINBUF_HPIOBDIFFINBUF_DIFF_IN_P_O)
                                                      0.863     0.963 r  static                              WRAPPER/IO_SHIM/IBUFDS_CLK_125/DIFFINBUF_INST/O
                         net (fo=1, routed)           0.050     1.013    static                              WRAPPER/IO_SHIM/IBUFDS_CLK_125/OUT
    BJ4.I                                                             r  static                              WRAPPER/IO_SHIM/IBUFDS_CLK_125/IBUFCTRL_INST/I
    BJ4.O                IBUFCTRL (Prop_IBUFCTRL_HPIOB_M_I_O)
                                                      0.000     1.013 r  static                              WRAPPER/IO_SHIM/IBUFDS_CLK_125/IBUFCTRL_INST/O
                         net (fo=1, routed)           0.348     1.361    static                              <hidden>
    BUFGCE_X0Y122.I                                                   r  static                              <hidden>
    BUFGCE_X0Y122.O      BUFGCE (Prop_BUFCE_BUFGCE_I_O)
                                                      0.028     1.389 r  static                              <hidden>
                         net (fo=3, routed)           1.883     3.272    static                              <hidden>
    MMCM_X0Y5.CLKIN1                                                  r  static                              <hidden>
    MMCM_X0Y5.CLKOUT0    MMCME4_ADV (Prop_MMCM_CLKIN1_CLKOUT0)
                                                     -0.127     3.145 r  static                              <hidden>
                         net (fo=2, routed)           0.245     3.390    static                              <hidden>
    BUFGCE_X0Y135.I                                                   r  static                              <hidden>
    BUFGCE_X0Y135.O      BUFGCE (Prop_BUFCE_BUFGCE_I_O)
                                                      0.028     3.418 r  static                              <hidden>
    X3Y5 (CLOCK_ROOT)    net (fo=182, estimated)      2.230     5.648    boundary                            WRAPPER/CL/clk_main_a0
    SLICE_X144Y348.CLK   FDRE                                         r  reconfigurable pblock_CL            WRAPPER/CL/cmd_reg_chirho_reg[65]_rep/C
  -------------------------------------------------------------------    -------------------------------------------------------
    SLICE_X144Y348.Q     FDRE (Prop_BFF2_SLICEL_C_Q)
                                                      0.080     5.728 r  reconfigurable pblock_CL            WRAPPER/CL/cmd_reg_chirho_reg[65]_rep/Q
                         net (fo=86, estimated)       0.226     5.954    reconfigurable                      WRAPPER/CL/u_engine_chirho/c$ds_app_arg_reg[9257]_i_3_0
    SLICE_X145Y348.A5                                                 r  reconfigurable pblock_CL            WRAPPER/CL/u_engine_chirho/c$ds_app_arg[9229]_i_4/I2
    SLICE_X145Y348.O6    LUT6 (Prop_B6LUT_SLICEM_I2_O)
                                                      0.052     6.006 f  reconfigurable pblock_CL            WRAPPER/CL/u_engine_chirho/c$ds_app_arg[9229]_i_4/O
                         net (fo=1, routed)           0.017     6.023    reconfigurable                      WRAPPER/CL/u_engine_chirho/c$ds_app_arg[9229]_i_4_n_0
    SLICE_X145Y348.0                                                  f  reconfigurable pblock_CL            WRAPPER/CL/u_engine_chirho/c$ds_app_arg_reg[9229]_i_3/I0
    SLICE_X145Y348.OUT   MUXF7 (Prop_F7MUX_AB_SLICEM_I0_O)
                                                      0.067     6.090 f  reconfigurable pblock_CL            WRAPPER/CL/u_engine_chirho/c$ds_app_arg_reg[9229]_i_3/O
                         net (fo=35, estimated)       0.286     6.376    reconfigurable                      WRAPPER/CL/u_engine_chirho/vecArray_0__0[13]
    SLICE_X144Y350.A6                                                 f  reconfigurable pblock_CL            WRAPPER/CL/u_engine_chirho/c$ds_app_arg[9748]_i_16/I0
    SLICE_X144Y350.O6    LUT1 (Prop_F6LUT_SLICEL_I0_O)
                                                      0.035     6.411 r  reconfigurable pblock_CL            WRAPPER/CL/u_engine_chirho/c$ds_app_arg[9748]_i_16/O
                         net (fo=1, routed)           0.011     6.422    reconfigurable                      WRAPPER/CL/u_engine_chirho/c$ds_app_arg[9748]_i_16_n_0
    SLICE_X144Y350.S5                                                 r  reconfigurable pblock_CL            WRAPPER/CL/u_engine_chirho/c$ds_app_arg_reg[9748]_i_8/S[5]
    SLICE_X144Y350.CO7   CARRY8 (Prop_CARRY8_SLICEL_S[5]_CO[7])
                                                      0.155     6.577 r  reconfigurable pblock_CL            WRAPPER/CL/u_engine_chirho/c$ds_app_arg_reg[9748]_i_8/CO[7]
                         net (fo=1, estimated)        0.026     6.603    reconfigurable                      WRAPPER/CL/u_engine_chirho/c$ds_app_arg_reg[9748]_i_8_n_0
    SLICE_X144Y351.CIN                                                r  reconfigurable pblock_CL            WRAPPER/CL/u_engine_chirho/c$ds_app_arg_reg[9756]_i_8/CI
    SLICE_X144Y351.O3    CARRY8 (Prop_CARRY8_SLICEL_CI_O[3])
                                                      0.082     6.685 f  reconfigurable pblock_CL            WRAPPER/CL/u_engine_chirho/c$ds_app_arg_reg[9756]_i_8/O[3]
                         net (fo=9, estimated)        0.515     7.200    reconfigurable                      WRAPPER/CL/u_engine_chirho/ds40[19]
    SLICE_X156Y351.A4                                                 f  reconfigurable pblock_CL            WRAPPER/CL/u_engine_chirho/c$ds_app_arg[9304]_i_5/I1
    SLICE_X156Y351.O6    LUT6 (Prop_C6LUT_SLICEM_I1_O)
                                                      0.088     7.288 f  reconfigurable pblock_CL            WRAPPER/CL/u_engine_chirho/c$ds_app_arg[9304]_i_5/O
                         net (fo=1, routed)           0.021     7.309    reconfigurable                      WRAPPER/CL/u_engine_chirho/c$ds_app_arg[9304]_i_5_n_0
    SLICE_X156Y351.1                                                  f  reconfigurable pblock_CL            WRAPPER/CL/u_engine_chirho/c$ds_app_arg_reg[9304]_i_2/I1
    SLICE_X156Y351.OUT   MUXF7 (Prop_F7MUX_CD_SLICEM_I1_O)
                                                      0.068     7.377 f  reconfigurable pblock_CL            WRAPPER/CL/u_engine_chirho/c$ds_app_arg_reg[9304]_i_2/O
                         net (fo=2, estimated)        0.476     7.853    reconfigurable                      WRAPPER/CL/u_engine_chirho/c$ds_app_arg_reg[9304]_i_2_n_0
    SLICE_X151Y354.A4                                                 f  reconfigurable pblock_CL            WRAPPER/CL/u_engine_chirho/ocl_rdata_q_chirho[0]_i_647/I3
    SLICE_X151Y354.O6    LUT6 (Prop_C6LUT_SLICEL_I3_O)
                                                      0.088     7.941 r  reconfigurable pblock_CL            WRAPPER/CL/u_engine_chirho/ocl_rdata_q_chirho[0]_i_647/O
                         net (fo=1, routed)           0.010     7.951    reconfigurable                      WRAPPER/CL/u_engine_chirho/ocl_rdata_q_chirho[0]_i_647_n_0
    SLICE_X151Y354.S2                                                 r  reconfigurable pblock_CL            WRAPPER/CL/u_engine_chirho/ocl_rdata_q_chirho_reg[0]_i_425/S[2]
    SLICE_X151Y354.CO7   CARRY8 (Prop_CARRY8_SLICEL_S[2]_CO[7])
                                                      0.155     8.106 r  reconfigurable pblock_CL            WRAPPER/CL/u_engine_chirho/ocl_rdata_q_chirho_reg[0]_i_425/CO[7]
                         net (fo=1, estimated)        0.026     8.132    reconfigurable                      WRAPPER/CL/u_engine_chirho/ocl_rdata_q_chirho_reg[0]_i_425_n_0
    SLICE_X151Y355.CIN                                                r  reconfigurable pblock_CL            WRAPPER/CL/u_engine_chirho/ocl_rdata_q_chirho_reg[0]_i_424/CI
    SLICE_X151Y355.O5    CARRY8 (Prop_CARRY8_SLICEL_CI_O[5])
                                                      0.116     8.248 f  reconfigurable pblock_CL            WRAPPER/CL/u_engine_chirho/ocl_rdata_q_chirho_reg[0]_i_424/O[5]
                         net (fo=1, estimated)        0.265     8.513    reconfigurable                      WRAPPER/CL/u_engine_chirho/map[0].map_out2[30]
    SLICE_X151Y361.A2                                                 f  reconfigurable pblock_CL            WRAPPER/CL/u_engine_chirho/ocl_rdata_q_chirho[0]_i_190/I5
    SLICE_X151Y361.O6    LUT6 (Prop_C6LUT_SLICEL_I5_O)
                                                      0.123     8.636 r  reconfigurable pblock_CL            WRAPPER/CL/u_engine_chirho/ocl_rdata_q_chirho[0]_i_190/O
                         net (fo=1, routed)           0.010     8.646    reconfigurable                      WRAPPER/CL/u_engine_chirho/ocl_rdata_q_chirho[0]_i_190_n_0
    SLICE_X151Y361.S2                                                 r  reconfigurable pblock_CL            WRAPPER/CL/u_engine_chirho/ocl_rdata_q_chirho_reg[0]_i_80/S[2]
    SLICE_X151Y361.CO7   CARRY8 (Prop_CARRY8_SLICEL_S[2]_CO[7])
                                                      0.155     8.801 r  reconfigurable pblock_CL            WRAPPER/CL/u_engine_chirho/ocl_rdata_q_chirho_reg[0]_i_80/CO[7]
                         net (fo=1, estimated)        0.026     8.827    reconfigurable                      WRAPPER/CL/u_engine_chirho/ocl_rdata_q_chirho_reg[0]_i_80_n_0
    SLICE_X151Y362.CIN                                                r  reconfigurable pblock_CL            WRAPPER/CL/u_engine_chirho/ocl_rdata_q_chirho_reg[0]_i_21/CI
    SLICE_X151Y362.CO5   CARRY8 (Prop_CARRY8_SLICEL_CI_CO[5])
                                                      0.077     8.904 r  reconfigurable pblock_CL            WRAPPER/CL/u_engine_chirho/ocl_rdata_q_chirho_reg[0]_i_21/CO[5]
                         net (fo=1, estimated)        0.328     9.232    reconfigurable                      WRAPPER/CL/u_engine_chirho/map[0].map_out0
    SLICE_X147Y365.A2                                                 r  reconfigurable pblock_CL            WRAPPER/CL/u_engine_chirho/ocl_rdata_q_chirho[0]_i_11/I2
    SLICE_X147Y365.O6    LUT6 (Prop_H6LUT_SLICEL_I2_O)
                                                      0.124     9.356 r  reconfigurable pblock_CL            WRAPPER/CL/u_engine_chirho/ocl_rdata_q_chirho[0]_i_11/O
                         net (fo=1, estimated)        0.083     9.439    reconfigurable                      WRAPPER/CL/u_engine_chirho/ocl_rdata_q_chirho[0]_i_11_n_0
    SLICE_X147Y366.A5                                                 r  reconfigurable pblock_CL            WRAPPER/CL/u_engine_chirho/ocl_rdata_q_chirho[0]_i_4/I4
    SLICE_X147Y366.O6    LUT5 (Prop_F6LUT_SLICEL_I4_O)
                                                      0.049     9.488 r  reconfigurable pblock_CL            WRAPPER/CL/u_engine_chirho/ocl_rdata_q_chirho[0]_i_4/O
                         net (fo=1, estimated)        0.043     9.531    reconfigurable                      WRAPPER/CL/u_engine_chirho/ocl_rdata_q_chirho[0]_i_4_n_0
    SLICE_X147Y366.A5                                                 r  reconfigurable pblock_CL            WRAPPER/CL/u_engine_chirho/ocl_rdata_q_chirho[0]_i_1/I4
    SLICE_X147Y366.O6    LUT6 (Prop_G6LUT_SLICEL_I4_O)
                                                      0.050     9.581 r  reconfigurable pblock_CL            WRAPPER/CL/u_engine_chirho/ocl_rdata_q_chirho[0]_i_1/O
                         net (fo=1, routed)           0.048     9.629    reconfigurable                      WRAPPER/CL/u_engine_chirho_n_39
    SLICE_X147Y366.D     FDRE                                         r  reconfigurable pblock_CL            WRAPPER/CL/ocl_rdata_q_chirho_reg[0]/D
  -------------------------------------------------------------------    -------------------------------------------------------

                         (clock clk_main_a0 rise edge)
                                                      4.000     4.000 r                                      
    BJ4                                               0.000     4.000 r  static                              <hidden>
                         net (fo=0)                   0.079     4.079    static                              WRAPPER/IO_SHIM/IBUFDS_CLK_125/I
    HPIOBDIFFINBUF_X0Y130.DIFF_IN_P
                                                                      r  static                              WRAPPER/IO_SHIM/IBUFDS_CLK_125/DIFFINBUF_INST/DIFF_IN_P
    HPIOBDIFFINBUF_X0Y130.O
                         DIFFINBUF (Prop_DIFFINBUF_HPIOBDIFFINBUF_DIFF_IN_P_O)
                                                      0.750     4.829 r  static                              WRAPPER/IO_SHIM/IBUFDS_CLK_125/DIFFINBUF_INST/O
                         net (fo=1, routed)           0.040     4.869    static                              WRAPPER/IO_SHIM/IBUFDS_CLK_125/OUT
    BJ4.I                                                             r  static                              WRAPPER/IO_SHIM/IBUFDS_CLK_125/IBUFCTRL_INST/I
    BJ4.O                IBUFCTRL (Prop_IBUFCTRL_HPIOB_M_I_O)
                                                      0.000     4.869 r  static                              WRAPPER/IO_SHIM/IBUFDS_CLK_125/IBUFCTRL_INST/O
                         net (fo=1, routed)           0.309     5.178    static                              <hidden>
    BUFGCE_X0Y122.I                                                   r  static                              <hidden>
    BUFGCE_X0Y122.O      BUFGCE (Prop_BUFCE_BUFGCE_I_O)
                                                      0.024     5.202 r  static                              <hidden>
                         net (fo=3, routed)           1.690     6.892    static                              <hidden>
    MMCM_X0Y5.CLKIN1                                                  r  static                              <hidden>
    MMCM_X0Y5.CLKOUT0    MMCME4_ADV (Prop_MMCM_CLKIN1_CLKOUT0)
                                                      0.630     7.522 r  static                              <hidden>
                         net (fo=2, routed)           0.215     7.737    static                              <hidden>
    BUFGCE_X0Y135.I                                                   r  static                              <hidden>
    BUFGCE_X0Y135.O      BUFGCE (Prop_BUFCE_BUFGCE_I_O)
                                                      0.024     7.761 r  static                              <hidden>
    X3Y5 (CLOCK_ROOT)    net (fo=182, estimated)      2.072     9.833    boundary                            WRAPPER/CL/clk_main_a0
    SLICE_X147Y366.CLK   FDRE                                         r  reconfigurable pblock_CL            WRAPPER/CL/ocl_rdata_q_chirho_reg[0]/C
                         clock pessimism             -0.300     9.534                                            
                         clock uncertainty           -0.059     9.475                                            
    SLICE_X147Y366       FDRE (Setup_GFF_SLICEL_C_D)
                                                      0.025     9.500    reconfigurable   pblock_CL              WRAPPER/CL/ocl_rdata_q_chirho_reg[0]
  -------------------------------------------------------------------
                         required time                          9.500                                            
                         arrival time                          -9.629                                            
  -------------------------------------------------------------------
                         slack                                 -0.129                                            

Slack (MET) :             0.045ns  (required time - arrival time)
  Source:                 WRAPPER/CL/cmd_reg_chirho_reg[64]_rep/C
                            (rising edge-triggered cell FDRE clocked by clk_main_a0  {rise@0.000ns fall@2.000ns period=4.000ns})
  Destination:            WRAPPER/CL/ocl_rdata_q_chirho_reg[1]/D
                            (rising edge-triggered cell FDRE clocked by clk_main_a0  {rise@0.000ns fall@2.000ns period=4.000ns})
  Path Group:             clk_main_a0
  Path Type:              Setup (Max at Slow Process Corner)
  Requirement:            4.000ns  (clk_main_a0 rise@4.000ns - clk_main_a0 rise@0.000ns)
  Data Path Delay:        3.872ns  (logic 0.778ns (20.093%)  route 3.094ns (79.907%))
  Logic Levels:           10  (CARRY8=2 LUT2=1 LUT4=1 LUT6=5 MUXF7=1)
  Clock Path Skew:        -0.049ns (DCD - SCD + CPR)
    Destination Clock Delay (DCD):    5.898ns = ( 9.898 - 4.000 ) 
    Source Clock Delay      (SCD):    5.648ns
    Clock Pessimism Removal (CPR):    -0.300ns
  Clock Uncertainty:      0.059ns  ((TSJ^2 + DJ^2)^1/2) / 2 + PE
    Total System Jitter     (TSJ):    0.071ns
    Discrete Jitter          (DJ):    0.094ns
    Phase Error              (PE):    0.000ns
  Clock Net Delay (Source):      2.230ns (routing 0.461ns, distribution 1.769ns)
  Clock Net Delay (Destination): 2.137ns (routing 0.421ns, distribution 1.716ns)

    Location             Delay type                Incr(ns)  Path(ns)    Partition      PBlock               Netlist Resource(s)
  -------------------------------------------------------------------    -------------------------------------------------------
                         (clock clk_main_a0 rise edge)
                                                      0.000     0.000 r                                      
    BJ4                                               0.000     0.000 r  static                              <hidden>
                         net (fo=0)                   0.100     0.100    static                              WRAPPER/IO_SHIM/IBUFDS_CLK_125/I
    HPIOBDIFFINBUF_X0Y130.DIFF_IN_P
                                                                      r  static                              WRAPPER/IO_SHIM/IBUFDS_CLK_125/DIFFINBUF_INST/DIFF_IN_P
    HPIOBDIFFINBUF_X0Y130.O
                         DIFFINBUF (Prop_DIFFINBUF_HPIOBDIFFINBUF_DIFF_IN_P_O)
                                                      0.863     0.963 r  static                              WRAPPER/IO_SHIM/IBUFDS_CLK_125/DIFFINBUF_INST/O
                         net (fo=1, routed)           0.050     1.013    static                              WRAPPER/IO_SHIM/IBUFDS_CLK_125/OUT
    BJ4.I                                                             r  static                              WRAPPER/IO_SHIM/IBUFDS_CLK_125/IBUFCTRL_INST/I
    BJ4.O                IBUFCTRL (Prop_IBUFCTRL_HPIOB_M_I_O)
                                                      0.000     1.013 r  static                              WRAPPER/IO_SHIM/IBUFDS_CLK_125/IBUFCTRL_INST/O
                         net (fo=1, routed)           0.348     1.361    static                              <hidden>
    BUFGCE_X0Y122.I                                                   r  static                              <hidden>
    BUFGCE_X0Y122.O      BUFGCE (Prop_BUFCE_BUFGCE_I_O)
                                                      0.028     1.389 r  static                              <hidden>
                         net (fo=3, routed)           1.883     3.272    static                              <hidden>
    MMCM_X0Y5.CLKIN1                                                  r  static                              <hidden>
    MMCM_X0Y5.CLKOUT0    MMCME4_ADV (Prop_MMCM_CLKIN1_CLKOUT0)
                                                     -0.127     3.145 r  static                              <hidden>
                         net (fo=2, routed)           0.245     3.390    static                              <hidden>
    BUFGCE_X0Y135.I                                                   r  static                              <hidden>
    BUFGCE_X0Y135.O      BUFGCE (Prop_BUFCE_BUFGCE_I_O)
                                                      0.028     3.418 r  static                              <hidden>
    X3Y5 (CLOCK_ROOT)    net (fo=182, estimated)      2.230     5.648    boundary                            WRAPPER/CL/clk_main_a0
    SLICE_X144Y348.CLK   FDRE                                         r  reconfigurable pblock_CL            WRAPPER/CL/cmd_reg_chirho_reg[64]_rep/C
  -------------------------------------------------------------------    -------------------------------------------------------
    SLICE_X144Y348.Q     FDRE (Prop_DFF_SLICEL_C_Q)
                                                      0.079     5.727 r  reconfigurable pblock_CL            WRAPPER/CL/cmd_reg_chirho_reg[64]_rep/Q
                         net (fo=86, estimated)       0.335     6.062    reconfigurable                      WRAPPER/CL/u_engine_chirho/c$ds_app_arg_reg[9257]_i_3_1
    SLICE_X145Y353.A5                                                 r  reconfigurable pblock_CL            WRAPPER/CL/u_engine_chirho/c$ds_app_arg[9250]_i_4/I4
    SLICE_X145Y353.O6    LUT6 (Prop_F6LUT_SLICEM_I4_O)
                                                      0.051     6.113 f  reconfigurable pblock_CL            WRAPPER/CL/u_engine_chirho/c$ds_app_arg[9250]_i_4/O
                         net (fo=1, routed)           0.023     6.136    reconfigurable                      WRAPPER/CL/u_engine_chirho/c$ds_app_arg[9250]_i_4_n_0
    SLICE_X145Y353.0                                                  f  reconfigurable pblock_CL            WRAPPER/CL/u_engine_chirho/c$ds_app_arg_reg[9250]_i_3/I0
    SLICE_X145Y353.OUT   MUXF7 (Prop_F7MUX_EF_SLICEM_I0_O)
                                                      0.068     6.204 f  reconfigurable pblock_CL            WRAPPER/CL/u_engine_chirho/c$ds_app_arg_reg[9250]_i_3/O
                         net (fo=35, estimated)       0.669     6.873    reconfigurable                      WRAPPER/CL/u_engine_chirho/vecArray_0__0[34]
    SLICE_X166Y353.A3                                                 f  reconfigurable pblock_CL            WRAPPER/CL/u_engine_chirho/c$ds_app_arg[9284]_i_90/I0
    SLICE_X166Y353.O5    LUT2 (Prop_G5LUT_SLICEM_I0_O)
                                                      0.112     6.985 f  reconfigurable pblock_CL            WRAPPER/CL/u_engine_chirho/c$ds_app_arg[9284]_i_90/O
                         net (fo=1, estimated)        0.481     7.466    reconfigurable                      WRAPPER/CL/u_engine_chirho/resultChirho[34]
    SLICE_X153Y351.A6                                                 f  reconfigurable pblock_CL            WRAPPER/CL/u_engine_chirho/c$ds_app_arg[9284]_i_51/I5
    SLICE_X153Y351.O6    LUT6 (Prop_D6LUT_SLICEL_I5_O)
                                                      0.036     7.502 r  reconfigurable pblock_CL            WRAPPER/CL/u_engine_chirho/c$ds_app_arg[9284]_i_51/O
                         net (fo=1, routed)           0.009     7.511    reconfigurable                      WRAPPER/CL/u_engine_chirho/c$ds_app_arg[9284]_i_51_n_0
    SLICE_X153Y351.S3                                                 r  reconfigurable pblock_CL            WRAPPER/CL/u_engine_chirho/c$ds_app_arg_reg[9284]_i_16/S[3]
    SLICE_X153Y351.CO7   CARRY8 (Prop_CARRY8_SLICEL_S[3]_CO[7])
                                                      0.154     7.665 r  reconfigurable pblock_CL            WRAPPER/CL/u_engine_chirho/c$ds_app_arg_reg[9284]_i_16/CO[7]
                         net (fo=1, estimated)        0.026     7.691    reconfigurable                      WRAPPER/CL/u_engine_chirho/c$ds_app_arg_reg[9284]_i_16_n_0
    SLICE_X153Y352.CIN                                                r  reconfigurable pblock_CL            WRAPPER/CL/u_engine_chirho/c$ds_app_arg_reg[9284]_i_5/CI
    SLICE_X153Y352.CO5   CARRY8 (Prop_CARRY8_SLICEL_CI_CO[5])
                                                      0.077     7.768 r  reconfigurable pblock_CL            WRAPPER/CL/u_engine_chirho/c$ds_app_arg_reg[9284]_i_5/CO[5]
                         net (fo=1, estimated)        0.451     8.219    reconfigurable                      WRAPPER/CL/u_engine_chirho/stChirho'19_in
    SLICE_X156Y363.A4                                                 r  reconfigurable pblock_CL            WRAPPER/CL/u_engine_chirho/c$ds_app_arg[9284]_i_2/I1
    SLICE_X156Y363.O6    LUT6 (Prop_A6LUT_SLICEM_I1_O)
                                                      0.090     8.309 r  reconfigurable pblock_CL            WRAPPER/CL/u_engine_chirho/c$ds_app_arg[9284]_i_2/O
                         net (fo=1, estimated)        0.448     8.757    reconfigurable                      WRAPPER/CL/u_engine_chirho/c$ds_app_arg[9284]_i_2_n_0
    SLICE_X148Y365.A6                                                 r  reconfigurable pblock_CL            WRAPPER/CL/u_engine_chirho/c$ds_app_arg[9284]_i_1/I2
    SLICE_X148Y365.O6    LUT6 (Prop_E6LUT_SLICEL_I2_O)
                                                      0.035     8.792 r  reconfigurable pblock_CL            WRAPPER/CL/u_engine_chirho/c$ds_app_arg[9284]_i_1/O
                         net (fo=3, estimated)        0.443     9.235    reconfigurable                      WRAPPER/CL/u_engine_chirho/resp_wire_chirho[513]
    SLICE_X157Y364.A6                                                 r  reconfigurable pblock_CL            WRAPPER/CL/u_engine_chirho/ocl_rdata_q_chirho[1]_i_4/I3
    SLICE_X157Y364.O6    LUT4 (Prop_H6LUT_SLICEM_I3_O)
                                                      0.039     9.274 r  reconfigurable pblock_CL            WRAPPER/CL/u_engine_chirho/ocl_rdata_q_chirho[1]_i_4/O
                         net (fo=1, estimated)        0.137     9.411    reconfigurable                      WRAPPER/CL/u_engine_chirho/ocl_rdata_q_chirho[1]_i_4_n_0
    SLICE_X157Y364.A6                                                 r  reconfigurable pblock_CL            WRAPPER/CL/u_engine_chirho/ocl_rdata_q_chirho[1]_i_1/I4
    SLICE_X157Y364.O6    LUT6 (Prop_D6LUT_SLICEM_I4_O)
                                                      0.037     9.448 r  reconfigurable pblock_CL            WRAPPER/CL/u_engine_chirho/ocl_rdata_q_chirho[1]_i_1/O
                         net (fo=1, routed)           0.072     9.520    reconfigurable                      WRAPPER/CL/u_engine_chirho_n_38
    SLICE_X157Y364.D     FDRE                                         r  reconfigurable pblock_CL            WRAPPER/CL/ocl_rdata_q_chirho_reg[1]/D
  -------------------------------------------------------------------    -------------------------------------------------------

                         (clock clk_main_a0 rise edge)
                                                      4.000     4.000 r                                      
    BJ4                                               0.000     4.000 r  static                              <hidden>
                         net (fo=0)                   0.079     4.079    static                              WRAPPER/IO_SHIM/IBUFDS_CLK_125/I
    HPIOBDIFFINBUF_X0Y130.DIFF_IN_P
                                                                      r  static                              WRAPPER/IO_SHIM/IBUFDS_CLK_125/DIFFINBUF_INST/DIFF_IN_P
    HPIOBDIFFINBUF_X0Y130.O
                         DIFFINBUF (Prop_DIFFINBUF_HPIOBDIFFINBUF_DIFF_IN_P_O)
                                                      0.750     4.829 r  static                              WRAPPER/IO_SHIM/IBUFDS_CLK_125/DIFFINBUF_INST/O
                         net (fo=1, routed)           0.040     4.869    static                              WRAPPER/IO_SHIM/IBUFDS_CLK_125/OUT
    BJ4.I                                                             r  static                              WRAPPER/IO_SHIM/IBUFDS_CLK_125/IBUFCTRL_INST/I
    BJ4.O                IBUFCTRL (Prop_IBUFCTRL_HPIOB_M_I_O)
                                                      0.000     4.869 r  static                              WRAPPER/IO_SHIM/IBUFDS_CLK_125/IBUFCTRL_INST/O
                         net (fo=1, routed)           0.309     5.178    static                              <hidden>
    BUFGCE_X0Y122.I                                                   r  static                              <hidden>
    BUFGCE_X0Y122.O      BUFGCE (Prop_BUFCE_BUFGCE_I_O)
                                                      0.024     5.202 r  static                              <hidden>
                         net (fo=3, routed)           1.690     6.892    static                              <hidden>
    MMCM_X0Y5.CLKIN1                                                  r  static                              <hidden>
    MMCM_X0Y5.CLKOUT0    MMCME4_ADV (Prop_MMCM_CLKIN1_CLKOUT0)
                                                      0.630     7.522 r  static                              <hidden>
                         net (fo=2, routed)           0.215     7.737    static                              <hidden>
    BUFGCE_X0Y135.I                                                   r  static                              <hidden>
    BUFGCE_X0Y135.O      BUFGCE (Prop_BUFCE_BUFGCE_I_O)
                                                      0.024     7.761 r  static                              <hidden>
    X3Y5 (CLOCK_ROOT)    net (fo=182, estimated)      2.137     9.898    boundary                            WRAPPER/CL/clk_main_a0
    SLICE_X157Y364.CLK   FDRE                                         r  reconfigurable pblock_CL            WRAPPER/CL/ocl_rdata_q_chirho_reg[1]/C
                         clock pessimism             -0.300     9.599                                            
                         clock uncertainty           -0.059     9.540                                            
    SLICE_X157Y364       FDRE (Setup_DFF_SLICEM_C_D)
                                                      0.025     9.565    reconfigurable   pblock_CL              WRAPPER/CL/ocl_rdata_q_chirho_reg[1]
  -------------------------------------------------------------------
                         required time                          9.565                                            
                         arrival time                          -9.520                                            
  -------------------------------------------------------------------
                         slack                                  0.045                                            

Slack (MET) :             0.460ns  (required time - arrival time)
  Source:                 WRAPPER/CL/cmd_reg_chirho_reg[65]_rep/C
                            (rising edge-triggered cell FDRE clocked by clk_main_a0  {rise@0.000ns fall@2.000ns period=4.000ns})
  Destination:            WRAPPER/CL/ocl_rdata_q_chirho_reg[12]/D
                            (rising edge-triggered cell FDRE clocked by clk_main_a0  {rise@0.000ns fall@2.000ns period=4.000ns})
  Path Group:             clk_main_a0
  Path Type:              Setup (Max at Slow Process Corner)
  Requirement:            4.000ns  (clk_main_a0 rise@4.000ns - clk_main_a0 rise@0.000ns)
  Data Path Delay:        3.453ns  (logic 0.868ns (25.138%)  route 2.585ns (74.862%))
  Logic Levels:           14  (CARRY8=5 LUT1=1 LUT6=6 MUXF7=2)
  Clock Path Skew:        -0.053ns (DCD - SCD + CPR)
    Destination Clock Delay (DCD):    5.894ns = ( 9.894 - 4.000 ) 
    Source Clock Delay      (SCD):    5.648ns
    Clock Pessimism Removal (CPR):    -0.300ns
  Clock Uncertainty:      0.059ns  ((TSJ^2 + DJ^2)^1/2) / 2 + PE
    Total System Jitter     (TSJ):    0.071ns
    Discrete Jitter          (DJ):    0.094ns
    Phase Error              (PE):    0.000ns
  Clock Net Delay (Source):      2.230ns (routing 0.461ns, distribution 1.769ns)
  Clock Net Delay (Destination): 2.133ns (routing 0.421ns, distribution 1.712ns)

    Location             Delay type                Incr(ns)  Path(ns)    Partition      PBlock               Netlist Resource(s)
  -------------------------------------------------------------------    -------------------------------------------------------
                         (clock clk_main_a0 rise edge)
                                                      0.000     0.000 r                                      
    BJ4                                               0.000     0.000 r  static                              <hidden>
                         net (fo=0)                   0.100     0.100    static                              WRAPPER/IO_SHIM/IBUFDS_CLK_125/I
    HPIOBDIFFINBUF_X0Y130.DIFF_IN_P
                                                                      r  static                              WRAPPER/IO_SHIM/IBUFDS_CLK_125/DIFFINBUF_INST/DIFF_IN_P
    HPIOBDIFFINBUF_X0Y130.O
                         DIFFINBUF (Prop_DIFFINBUF_HPIOBDIFFINBUF_DIFF_IN_P_O)
                                                      0.863     0.963 r  static                              WRAPPER/IO_SHIM/IBUFDS_CLK_125/DIFFINBUF_INST/O
                         net (fo=1, routed)           0.050     1.013    static                              WRAPPER/IO_SHIM/IBUFDS_CLK_125/OUT
    BJ4.I                                                             r  static                              WRAPPER/IO_SHIM/IBUFDS_CLK_125/IBUFCTRL_INST/I
    BJ4.O                IBUFCTRL (Prop_IBUFCTRL_HPIOB_M_I_O)
                                                      0.000     1.013 r  static                              WRAPPER/IO_SHIM/IBUFDS_CLK_125/IBUFCTRL_INST/O
                         net (fo=1, routed)           0.348     1.361    static                              <hidden>
    BUFGCE_X0Y122.I                                                   r  static                              <hidden>
    BUFGCE_X0Y122.O      BUFGCE (Prop_BUFCE_BUFGCE_I_O)
                                                      0.028     1.389 r  static                              <hidden>
                         net (fo=3, routed)           1.883     3.272    static                              <hidden>
    MMCM_X0Y5.CLKIN1                                                  r  static                              <hidden>
    MMCM_X0Y5.CLKOUT0    MMCME4_ADV (Prop_MMCM_CLKIN1_CLKOUT0)
                                                     -0.127     3.145 r  static                              <hidden>
                         net (fo=2, routed)           0.245     3.390    static                              <hidden>
    BUFGCE_X0Y135.I                                                   r  static                              <hidden>
    BUFGCE_X0Y135.O      BUFGCE (Prop_BUFCE_BUFGCE_I_O)
                                                      0.028     3.418 r  static                              <hidden>
    X3Y5 (CLOCK_ROOT)    net (fo=182, estimated)      2.230     5.648    boundary                            WRAPPER/CL/clk_main_a0
    SLICE_X144Y348.CLK   FDRE                                         r  reconfigurable pblock_CL            WRAPPER/CL/cmd_reg_chirho_reg[65]_rep/C
  -------------------------------------------------------------------    -------------------------------------------------------
    SLICE_X144Y348.Q     FDRE (Prop_BFF2_SLICEL_C_Q)
                                                      0.080     5.728 r  reconfigurable pblock_CL            WRAPPER/CL/cmd_reg_chirho_reg[65]_rep/Q
                         net (fo=86, estimated)       0.226     5.954    reconfigurable                      WRAPPER/CL/u_engine_chirho/c$ds_app_arg_reg[9257]_i_3_0
    SLICE_X145Y348.A5                                                 r  reconfigurable pblock_CL            WRAPPER/CL/u_engine_chirho/c$ds_app_arg[9229]_i_4/I2
    SLICE_X145Y348.O6    LUT6 (Prop_B6LUT_SLICEM_I2_O)
                                                      0.052     6.006 f  reconfigurable pblock_CL            WRAPPER/CL/u_engine_chirho/c$ds_app_arg[9229]_i_4/O
                         net (fo=1, routed)           0.017     6.023    reconfigurable                      WRAPPER/CL/u_engine_chirho/c$ds_app_arg[9229]_i_4_n_0
    SLICE_X145Y348.0                                                  f  reconfigurable pblock_CL            WRAPPER/CL/u_engine_chirho/c$ds_app_arg_reg[9229]_i_3/I0
    SLICE_X145Y348.OUT   MUXF7 (Prop_F7MUX_AB_SLICEM_I0_O)
                                                      0.067     6.090 f  reconfigurable pblock_CL            WRAPPER/CL/u_engine_chirho/c$ds_app_arg_reg[9229]_i_3/O
                         net (fo=35, estimated)       0.286     6.376    reconfigurable                      WRAPPER/CL/u_engine_chirho/vecArray_0__0[13]
    SLICE_X144Y350.A6                                                 f  reconfigurable pblock_CL            WRAPPER/CL/u_engine_chirho/c$ds_app_arg[9748]_i_16/I0
    SLICE_X144Y350.O6    LUT1 (Prop_F6LUT_SLICEL_I0_O)
                                                      0.035     6.411 r  reconfigurable pblock_CL            WRAPPER/CL/u_engine_chirho/c$ds_app_arg[9748]_i_16/O
                         net (fo=1, routed)           0.011     6.422    reconfigurable                      WRAPPER/CL/u_engine_chirho/c$ds_app_arg[9748]_i_16_n_0
    SLICE_X144Y350.S5                                                 r  reconfigurable pblock_CL            WRAPPER/CL/u_engine_chirho/c$ds_app_arg_reg[9748]_i_8/S[5]
    SLICE_X144Y350.CO7   CARRY8 (Prop_CARRY8_SLICEL_S[5]_CO[7])
                                                      0.155     6.577 r  reconfigurable pblock_CL            WRAPPER/CL/u_engine_chirho/c$ds_app_arg_reg[9748]_i_8/CO[7]
                         net (fo=1, estimated)        0.026     6.603    reconfigurable                      WRAPPER/CL/u_engine_chirho/c$ds_app_arg_reg[9748]_i_8_n_0
    SLICE_X144Y351.CIN                                                r  reconfigurable pblock_CL            WRAPPER/CL/u_engine_chirho/c$ds_app_arg_reg[9756]_i_8/CI
    SLICE_X144Y351.CO7   CARRY8 (Prop_CARRY8_SLICEL_CI_CO[7])
                                                      0.015     6.618 r  reconfigurable pblock_CL            WRAPPER/CL/u_engine_chirho/c$ds_app_arg_reg[9756]_i_8/CO[7]
                         net (fo=1, estimated)        0.026     6.644    reconfigurable                      WRAPPER/CL/u_engine_chirho/c$ds_app_arg_reg[9756]_i_8_n_0
    SLICE_X144Y352.CIN                                                r  reconfigurable pblock_CL            WRAPPER/CL/u_engine_chirho/c$ds_app_arg_reg[9764]_i_8/CI
    SLICE_X144Y352.CO7   CARRY8 (Prop_CARRY8_SLICEL_CI_CO[7])
                                                      0.015     6.659 r  reconfigurable pblock_CL            WRAPPER/CL/u_engine_chirho/c$ds_app_arg_reg[9764]_i_8/CO[7]
                         net (fo=1, estimated)        0.026     6.685    reconfigurable                      WRAPPER/CL/u_engine_chirho/c$ds_app_arg_reg[9764]_i_8_n_0
    SLICE_X144Y353.CIN                                                r  reconfigurable pblock_CL            WRAPPER/CL/u_engine_chirho/c$ds_app_arg_reg[9772]_i_8/CI
    SLICE_X144Y353.CO7   CARRY8 (Prop_CARRY8_SLICEL_CI_CO[7])
                                                      0.015     6.700 r  reconfigurable pblock_CL            WRAPPER/CL/u_engine_chirho/c$ds_app_arg_reg[9772]_i_8/CO[7]
                         net (fo=1, estimated)        0.026     6.726    reconfigurable                      WRAPPER/CL/u_engine_chirho/c$ds_app_arg_reg[9772]_i_8_n_0
    SLICE_X144Y354.CIN                                                r  reconfigurable pblock_CL            WRAPPER/CL/u_engine_chirho/c$ds_app_arg_reg[9780]_i_8/CI
    SLICE_X144Y354.O4    CARRY8 (Prop_CARRY8_SLICEL_CI_O[4])
                                                      0.086     6.812 r  reconfigurable pblock_CL            WRAPPER/CL/u_engine_chirho/c$ds_app_arg_reg[9780]_i_8/O[4]
                         net (fo=9, estimated)        0.462     7.274    reconfigurable                      WRAPPER/CL/u_engine_chirho/ds40[44]
    SLICE_X142Y364.A5                                                 r  reconfigurable pblock_CL            WRAPPER/CL/u_engine_chirho/c$ds_app_arg[9585]_i_5/I0
    SLICE_X142Y364.O6    LUT6 (Prop_C6LUT_SLICEM_I0_O)
                                                      0.051     7.325 r  reconfigurable pblock_CL            WRAPPER/CL/u_engine_chirho/c$ds_app_arg[9585]_i_5/O
                         net (fo=1, routed)           0.021     7.346    reconfigurable                      WRAPPER/CL/u_engine_chirho/c$ds_app_arg[9585]_i_5_n_0
    SLICE_X142Y364.1                                                  r  reconfigurable pblock_CL            WRAPPER/CL/u_engine_chirho/c$ds_app_arg_reg[9585]_i_2/I1
    SLICE_X142Y364.OUT   MUXF7 (Prop_F7MUX_CD_SLICEM_I1_O)
                                                      0.068     7.414 r  reconfigurable pblock_CL            WRAPPER/CL/u_engine_chirho/c$ds_app_arg_reg[9585]_i_2/O
                         net (fo=2, estimated)        0.222     7.636    reconfigurable                      WRAPPER/CL/u_engine_chirho/c$ds_app_arg_reg[9585]_i_2_n_0
    SLICE_X142Y364.A6                                                 r  reconfigurable pblock_CL            WRAPPER/CL/u_engine_chirho/c$ds_app_arg[9585]_i_1/I3
    SLICE_X142Y364.O6    LUT6 (Prop_E6LUT_SLICEM_I3_O)
                                                      0.037     7.673 r  reconfigurable pblock_CL            WRAPPER/CL/u_engine_chirho/c$ds_app_arg[9585]_i_1/O
                         net (fo=5, estimated)        0.373     8.046    reconfigurable                      WRAPPER/CL/u_engine_chirho/resp_wire_chirho[300]
    SLICE_X133Y361.A4                                                 r  reconfigurable pblock_CL            WRAPPER/CL/u_engine_chirho/ocl_rdata_q_chirho[12]_i_8/I1
    SLICE_X133Y361.O6    LUT6 (Prop_G6LUT_SLICEM_I1_O)
                                                      0.090     8.136 r  reconfigurable pblock_CL            WRAPPER/CL/u_engine_chirho/ocl_rdata_q_chirho[12]_i_8/O
                         net (fo=1, estimated)        0.138     8.274    reconfigurable                      WRAPPER/CL/u_engine_chirho/ocl_rdata_q_chirho[12]_i_8_n_0
    SLICE_X134Y363.A5                                                 r  reconfigurable pblock_CL            WRAPPER/CL/u_engine_chirho/ocl_rdata_q_chirho[12]_i_4/I5
    SLICE_X134Y363.O6    LUT6 (Prop_H6LUT_SLICEL_I5_O)
                                                      0.051     8.325 r  reconfigurable pblock_CL            WRAPPER/CL/u_engine_chirho/ocl_rdata_q_chirho[12]_i_4/O
                         net (fo=1, estimated)        0.653     8.978    reconfigurable                      WRAPPER/CL/u_engine_chirho/ocl_rdata_q_chirho[12]_i_4_n_0
    SLICE_X156Y363.A5                                                 r  reconfigurable pblock_CL            WRAPPER/CL/u_engine_chirho/ocl_rdata_q_chirho[12]_i_1/I4
    SLICE_X156Y363.O6    LUT6 (Prop_D6LUT_SLICEM_I4_O)
                                                      0.051     9.029 r  reconfigurable pblock_CL            WRAPPER/CL/u_engine_chirho/ocl_rdata_q_chirho[12]_i_1/O
                         net (fo=1, routed)           0.072     9.101    reconfigurable                      WRAPPER/CL/u_engine_chirho_n_27
    SLICE_X156Y363.D     FDRE                                         r  reconfigurable pblock_CL            WRAPPER/CL/ocl_rdata_q_chirho_reg[12]/D
  -------------------------------------------------------------------    -------------------------------------------------------

                         (clock clk_main_a0 rise edge)
                                                      4.000     4.000 r                                      
    BJ4                                               0.000     4.000 r  static                              <hidden>
                         net (fo=0)                   0.079     4.079    static                              WRAPPER/IO_SHIM/IBUFDS_CLK_125/I
    HPIOBDIFFINBUF_X0Y130.DIFF_IN_P
                                                                      r  static                              WRAPPER/IO_SHIM/IBUFDS_CLK_125/DIFFINBUF_INST/DIFF_IN_P
    HPIOBDIFFINBUF_X0Y130.O
                         DIFFINBUF (Prop_DIFFINBUF_HPIOBDIFFINBUF_DIFF_IN_P_O)
                                                      0.750     4.829 r  static                              WRAPPER/IO_SHIM/IBUFDS_CLK_125/DIFFINBUF_INST/O
                         net (fo=1, routed)           0.040     4.869    static                              WRAPPER/IO_SHIM/IBUFDS_CLK_125/OUT
    BJ4.I                                                             r  static                              WRAPPER/IO_SHIM/IBUFDS_CLK_125/IBUFCTRL_INST/I
    BJ4.O                IBUFCTRL (Prop_IBUFCTRL_HPIOB_M_I_O)
                                                      0.000     4.869 r  static                              WRAPPER/IO_SHIM/IBUFDS_CLK_125/IBUFCTRL_INST/O
                         net (fo=1, routed)           0.309     5.178    static                              <hidden>
    BUFGCE_X0Y122.I                                                   r  static                              <hidden>
    BUFGCE_X0Y122.O      BUFGCE (Prop_BUFCE_BUFGCE_I_O)
                                                      0.024     5.202 r  static                              <hidden>
                         net (fo=3, routed)           1.690     6.892    static                              <hidden>
    MMCM_X0Y5.CLKIN1                                                  r  static                              <hidden>
    MMCM_X0Y5.CLKOUT0    MMCME4_ADV (Prop_MMCM_CLKIN1_CLKOUT0)
                                                      0.630     7.522 r  static                              <hidden>
                         net (fo=2, routed)           0.215     7.737    static                              <hidden>
    BUFGCE_X0Y135.I                                                   r  static                              <hidden>
    BUFGCE_X0Y135.O      BUFGCE (Prop_BUFCE_BUFGCE_I_O)
                                                      0.024     7.761 r  static                              <hidden>
    X3Y5 (CLOCK_ROOT)    net (fo=182, estimated)      2.133     9.894    boundary                            WRAPPER/CL/clk_main_a0
    SLICE_X156Y363.CLK   FDRE                                         r  reconfigurable pblock_CL            WRAPPER/CL/ocl_rdata_q_chirho_reg[12]/C
                         clock pessimism             -0.300     9.595                                            
                         clock uncertainty           -0.059     9.536                                            
    SLICE_X156Y363       FDRE (Setup_DFF_SLICEM_C_D)
                                                      0.025     9.561    reconfigurable   pblock_CL              WRAPPER/CL/ocl_rdata_q_chirho_reg[12]
  -------------------------------------------------------------------
                         required time                          9.561                                            
                         arrival time                          -9.101                                            
  -------------------------------------------------------------------
                         slack                                  0.460                                            

Slack (MET) :             0.492ns  (required time - arrival time)
  Source:                 WRAPPER/CL/cmd_reg_chirho_reg[66]_rep/C
                            (rising edge-triggered cell FDRE clocked by clk_main_a0  {rise@0.000ns fall@2.000ns period=4.000ns})
  Destination:            WRAPPER/CL/ocl_rdata_q_chirho_reg[28]/D
                            (rising edge-triggered cell FDRE clocked by clk_main_a0  {rise@0.000ns fall@2.000ns period=4.000ns})
  Path Group:             clk_main_a0
  Path Type:              Setup (Max at Slow Process Corner)
  Requirement:            4.000ns  (clk_main_a0 rise@4.000ns - clk_main_a0 rise@0.000ns)
  Data Path Delay:        3.473ns  (logic 0.662ns (19.061%)  route 2.811ns (80.939%))
  Logic Levels:           9  (CARRY8=1 LUT1=1 LUT6=5 MUXF7=2)
  Clock Path Skew:        -0.001ns (DCD - SCD + CPR)
    Destination Clock Delay (DCD):    5.847ns = ( 9.847 - 4.000 ) 
    Source Clock Delay      (SCD):    5.662ns
    Clock Pessimism Removal (CPR):    -0.187ns
  Clock Uncertainty:      0.059ns  ((TSJ^2 + DJ^2)^1/2) / 2 + PE
    Total System Jitter     (TSJ):    0.071ns
    Discrete Jitter          (DJ):    0.094ns
    Phase Error              (PE):    0.000ns
  Clock Net Delay (Source):      2.244ns (routing 0.461ns, distribution 1.783ns)
  Clock Net Delay (Destination): 2.086ns (routing 0.421ns, distribution 1.665ns)

    Location             Delay type                Incr(ns)  Path(ns)    Partition      PBlock               Netlist Resource(s)
  -------------------------------------------------------------------    -------------------------------------------------------
                         (clock clk_main_a0 rise edge)
                                                      0.000     0.000 r                                      
    BJ4                                               0.000     0.000 r  static                              <hidden>
                         net (fo=0)                   0.100     0.100    static                              WRAPPER/IO_SHIM/IBUFDS_CLK_125/I
    HPIOBDIFFINBUF_X0Y130.DIFF_IN_P
                                                                      r  static                              WRAPPER/IO_SHIM/IBUFDS_CLK_125/DIFFINBUF_INST/DIFF_IN_P
    HPIOBDIFFINBUF_X0Y130.O
                         DIFFINBUF (Prop_DIFFINBUF_HPIOBDIFFINBUF_DIFF_IN_P_O)
                                                      0.863     0.963 r  static                              WRAPPER/IO_SHIM/IBUFDS_CLK_125/DIFFINBUF_INST/O
                         net (fo=1, routed)           0.050     1.013    static                              WRAPPER/IO_SHIM/IBUFDS_CLK_125/OUT
    BJ4.I                                                             r  static                              WRAPPER/IO_SHIM/IBUFDS_CLK_125/IBUFCTRL_INST/I
    BJ4.O                IBUFCTRL (Prop_IBUFCTRL_HPIOB_M_I_O)
                                                      0.000     1.013 r  static                              WRAPPER/IO_SHIM/IBUFDS_CLK_125/IBUFCTRL_INST/O
                         net (fo=1, routed)           0.348     1.361    static                              <hidden>
    BUFGCE_X0Y122.I                                                   r  static                              <hidden>
    BUFGCE_X0Y122.O      BUFGCE (Prop_BUFCE_BUFGCE_I_O)
                                                      0.028     1.389 r  static                              <hidden>
                         net (fo=3, routed)           1.883     3.272    static                              <hidden>
    MMCM_X0Y5.CLKIN1                                                  r  static                              <hidden>
    MMCM_X0Y5.CLKOUT0    MMCME4_ADV (Prop_MMCM_CLKIN1_CLKOUT0)
                                                     -0.127     3.145 r  static                              <hidden>
                         net (fo=2, routed)           0.245     3.390    static                              <hidden>
    BUFGCE_X0Y135.I                                                   r  static                              <hidden>
    BUFGCE_X0Y135.O      BUFGCE (Prop_BUFCE_BUFGCE_I_O)
                                                      0.028     3.418 r  static                              <hidden>
    X3Y5 (CLOCK_ROOT)    net (fo=182, estimated)      2.244     5.662    boundary                            WRAPPER/CL/clk_main_a0
    SLICE_X145Y355.CLK   FDRE                                         r  reconfigurable pblock_CL            WRAPPER/CL/cmd_reg_chirho_reg[66]_rep/C
  -------------------------------------------------------------------    -------------------------------------------------------
    SLICE_X145Y355.Q     FDRE (Prop_AFF_SLICEM_C_Q)
                                                      0.077     5.739 r  reconfigurable pblock_CL            WRAPPER/CL/cmd_reg_chirho_reg[66]_rep/Q
                         net (fo=102, estimated)      0.544     6.283    reconfigurable                      WRAPPER/CL/u_engine_chirho/c$ds_app_arg[9385]_i_5_0
    SLICE_X141Y364.S0                                                 r  reconfigurable pblock_CL            WRAPPER/CL/u_engine_chirho/c$ds_app_arg_reg[9275]_i_3/S
    SLICE_X141Y364.OUT   MUXF7 (Prop_F7MUX_CD_SLICEM_S_O)
                                                      0.077     6.360 f  reconfigurable pblock_CL            WRAPPER/CL/u_engine_chirho/c$ds_app_arg_reg[9275]_i_3/O
                         net (fo=35, estimated)       0.457     6.817    reconfigurable                      WRAPPER/CL/u_engine_chirho/vecArray_0__0[59]
    SLICE_X144Y356.A6                                                 f  reconfigurable pblock_CL            WRAPPER/CL/u_engine_chirho/c$ds_app_arg[9796]_i_22/I0
    SLICE_X144Y356.O6    LUT1 (Prop_D6LUT_SLICEL_I0_O)
                                                      0.036     6.853 r  reconfigurable pblock_CL            WRAPPER/CL/u_engine_chirho/c$ds_app_arg[9796]_i_22/O
                         net (fo=1, routed)           0.009     6.862    reconfigurable                      WRAPPER/CL/u_engine_chirho/c$ds_app_arg[9796]_i_22_n_0
    SLICE_X144Y356.S3                                                 r  reconfigurable pblock_CL            WRAPPER/CL/u_engine_chirho/c$ds_app_arg_reg[9796]_i_11/S[3]
    SLICE_X144Y356.O4    CARRY8 (Prop_CARRY8_SLICEL_S[3]_O[4])
                                                      0.144     7.006 r  reconfigurable pblock_CL            WRAPPER/CL/u_engine_chirho/c$ds_app_arg_reg[9796]_i_11/O[4]
                         net (fo=9, estimated)        0.533     7.539    reconfigurable                      WRAPPER/CL/u_engine_chirho/ds40[60]
    SLICE_X136Y363.A4                                                 r  reconfigurable pblock_CL            WRAPPER/CL/u_engine_chirho/c$ds_app_arg[9665]_i_5/I0
    SLICE_X136Y363.O6    LUT6 (Prop_G6LUT_SLICEL_I0_O)
                                                      0.089     7.628 r  reconfigurable pblock_CL            WRAPPER/CL/u_engine_chirho/c$ds_app_arg[9665]_i_5/O
                         net (fo=1, routed)           0.008     7.636    reconfigurable                      WRAPPER/CL/u_engine_chirho/c$ds_app_arg[9665]_i_5_n_0
    SLICE_X136Y363.1                                                  r  reconfigurable pblock_CL            WRAPPER/CL/u_engine_chirho/c$ds_app_arg_reg[9665]_i_2/I1
    SLICE_X136Y363.OUT   MUXF7 (Prop_F7MUX_GH_SLICEL_I1_O)
                                                      0.063     7.699 r  reconfigurable pblock_CL            WRAPPER/CL/u_engine_chirho/c$ds_app_arg_reg[9665]_i_2/O
                         net (fo=2, estimated)        0.234     7.933    reconfigurable                      WRAPPER/CL/u_engine_chirho/c$ds_app_arg_reg[9665]_i_2_n_0
    SLICE_X140Y363.A6                                                 r  reconfigurable pblock_CL            WRAPPER/CL/u_engine_chirho/c$ds_app_arg[9665]_i_1/I2
    SLICE_X140Y363.O6    LUT6 (Prop_E6LUT_SLICEL_I2_O)
                                                      0.035     7.968 r  reconfigurable pblock_CL            WRAPPER/CL/u_engine_chirho/c$ds_app_arg[9665]_i_1/O
                         net (fo=5, estimated)        0.216     8.184    reconfigurable                      WRAPPER/CL/u_engine_chirho/resp_wire_chirho[380]
    SLICE_X137Y363.A5                                                 r  reconfigurable pblock_CL            WRAPPER/CL/u_engine_chirho/ocl_rdata_q_chirho[28]_i_7/I1
    SLICE_X137Y363.O6    LUT6 (Prop_E6LUT_SLICEM_I1_O)
                                                      0.052     8.236 r  reconfigurable pblock_CL            WRAPPER/CL/u_engine_chirho/ocl_rdata_q_chirho[28]_i_7/O
                         net (fo=1, estimated)        0.094     8.330    reconfigurable                      WRAPPER/CL/u_engine_chirho/ocl_rdata_q_chirho[28]_i_7_n_0
    SLICE_X137Y365.A6                                                 r  reconfigurable pblock_CL            WRAPPER/CL/u_engine_chirho/ocl_rdata_q_chirho[28]_i_4/I3
    SLICE_X137Y365.O6    LUT6 (Prop_F6LUT_SLICEM_I3_O)
                                                      0.037     8.367 r  reconfigurable pblock_CL            WRAPPER/CL/u_engine_chirho/ocl_rdata_q_chirho[28]_i_4/O
                         net (fo=1, estimated)        0.657     9.024    reconfigurable                      WRAPPER/CL/u_engine_chirho/ocl_rdata_q_chirho[28]_i_4_n_0
    SLICE_X156Y359.A5                                                 r  reconfigurable pblock_CL            WRAPPER/CL/u_engine_chirho/ocl_rdata_q_chirho[28]_i_1/I4
    SLICE_X156Y359.O6    LUT6 (Prop_B6LUT_SLICEM_I4_O)
                                                      0.052     9.076 r  reconfigurable pblock_CL            WRAPPER/CL/u_engine_chirho/ocl_rdata_q_chirho[28]_i_1/O
                         net (fo=1, routed)           0.059     9.135    reconfigurable                      WRAPPER/CL/u_engine_chirho_n_11
    SLICE_X156Y359.D     FDRE                                         r  reconfigurable pblock_CL            WRAPPER/CL/ocl_rdata_q_chirho_reg[28]/D
  -------------------------------------------------------------------    -------------------------------------------------------

                         (clock clk_main_a0 rise edge)
                                                      4.000     4.000 r                                      
    BJ4                                               0.000     4.000 r  static                              <hidden>
                         net (fo=0)                   0.079     4.079    static                              WRAPPER/IO_SHIM/IBUFDS_CLK_125/I
    HPIOBDIFFINBUF_X0Y130.DIFF_IN_P
                                                                      r  static                              WRAPPER/IO_SHIM/IBUFDS_CLK_125/DIFFINBUF_INST/DIFF_IN_P
    HPIOBDIFFINBUF_X0Y130.O
                         DIFFINBUF (Prop_DIFFINBUF_HPIOBDIFFINBUF_DIFF_IN_P_O)
                                                      0.750     4.829 r  static                              WRAPPER/IO_SHIM/IBUFDS_CLK_125/DIFFINBUF_INST/O
                         net (fo=1, routed)           0.040     4.869    static                              WRAPPER/IO_SHIM/IBUFDS_CLK_125/OUT
    BJ4.I                                                             r  static                              WRAPPER/IO_SHIM/IBUFDS_CLK_125/IBUFCTRL_INST/I
    BJ4.O                IBUFCTRL (Prop_IBUFCTRL_HPIOB_M_I_O)
                                                      0.000     4.869 r  static                              WRAPPER/IO_SHIM/IBUFDS_CLK_125/IBUFCTRL_INST/O
                         net (fo=1, routed)           0.309     5.178    static                              <hidden>
    BUFGCE_X0Y122.I                                                   r  static                              <hidden>
    BUFGCE_X0Y122.O      BUFGCE (Prop_BUFCE_BUFGCE_I_O)
                                                      0.024     5.202 r  static                              <hidden>
                         net (fo=3, routed)           1.690     6.892    static                              <hidden>
    MMCM_X0Y5.CLKIN1                                                  r  static                              <hidden>
    MMCM_X0Y5.CLKOUT0    MMCME4_ADV (Prop_MMCM_CLKIN1_CLKOUT0)
                                                      0.630     7.522 r  static                              <hidden>
                         net (fo=2, routed)           0.215     7.737    static                              <hidden>
    BUFGCE_X0Y135.I                                                   r  static                              <hidden>
    BUFGCE_X0Y135.O      BUFGCE (Prop_BUFCE_BUFGCE_I_O)
                                                      0.024     7.761 r  static                              <hidden>
    X3Y5 (CLOCK_ROOT)    net (fo=182, estimated)      2.086     9.847    boundary                            WRAPPER/CL/clk_main_a0
    SLICE_X156Y359.CLK   FDRE                                         r  reconfigurable pblock_CL            WRAPPER/CL/ocl_rdata_q_chirho_reg[28]/C
                         clock pessimism             -0.187     9.660                                            
                         clock uncertainty           -0.059     9.602                                            
    SLICE_X156Y359       FDRE (Setup_BFF_SLICEM_C_D)
                                                      0.025     9.627    reconfigurable   pblock_CL              WRAPPER/CL/ocl_rdata_q_chirho_reg[28]
  -------------------------------------------------------------------
                         required time                          9.627                                            
                         arrival time                          -9.135                                            
  -------------------------------------------------------------------
                         slack                                  0.492                                            

Slack (MET) :             0.544ns  (required time - arrival time)
  Source:                 WRAPPER/CL/cmd_reg_chirho_reg[66]_rep/C
                            (rising edge-triggered cell FDRE clocked by clk_main_a0  {rise@0.000ns fall@2.000ns period=4.000ns})
  Destination:            WRAPPER/CL/ocl_rdata_q_chirho_reg[29]/D
                            (rising edge-triggered cell FDRE clocked by clk_main_a0  {rise@0.000ns fall@2.000ns period=4.000ns})
  Path Group:             clk_main_a0
  Path Type:              Setup (Max at Slow Process Corner)
  Requirement:            4.000ns  (clk_main_a0 rise@4.000ns - clk_main_a0 rise@0.000ns)
  Data Path Delay:        3.355ns  (logic 0.777ns (23.159%)  route 2.578ns (76.841%))
  Logic Levels:           9  (CARRY8=1 LUT1=1 LUT6=4 MUXF7=3)
  Clock Path Skew:        -0.067ns (DCD - SCD + CPR)
    Destination Clock Delay (DCD):    5.894ns = ( 9.894 - 4.000 ) 
    Source Clock Delay      (SCD):    5.662ns
    Clock Pessimism Removal (CPR):    -0.300ns
  Clock Uncertainty:      0.059ns  ((TSJ^2 + DJ^2)^1/2) / 2 + PE
    Total System Jitter     (TSJ):    0.071ns
    Discrete Jitter          (DJ):    0.094ns
    Phase Error              (PE):    0.000ns
  Clock Net Delay (Source):      2.244ns (routing 0.461ns, distribution 1.783ns)
  Clock Net Delay (Destination): 2.133ns (routing 0.421ns, distribution 1.712ns)

    Location             Delay type                Incr(ns)  Path(ns)    Partition      PBlock               Netlist Resource(s)
  -------------------------------------------------------------------    -------------------------------------------------------
                         (clock clk_main_a0 rise edge)
                                                      0.000     0.000 r                                      
    BJ4                                               0.000     0.000 r  static                              <hidden>
                         net (fo=0)                   0.100     0.100    static                              WRAPPER/IO_SHIM/IBUFDS_CLK_125/I
    HPIOBDIFFINBUF_X0Y130.DIFF_IN_P
                                                                      r  static                              WRAPPER/IO_SHIM/IBUFDS_CLK_125/DIFFINBUF_INST/DIFF_IN_P
    HPIOBDIFFINBUF_X0Y130.O
                         DIFFINBUF (Prop_DIFFINBUF_HPIOBDIFFINBUF_DIFF_IN_P_O)
                                                      0.863     0.963 r  static                              WRAPPER/IO_SHIM/IBUFDS_CLK_125/DIFFINBUF_INST/O
                         net (fo=1, routed)           0.050     1.013    static                              WRAPPER/IO_SHIM/IBUFDS_CLK_125/OUT
    BJ4.I                                                             r  static                              WRAPPER/IO_SHIM/IBUFDS_CLK_125/IBUFCTRL_INST/I
    BJ4.O                IBUFCTRL (Prop_IBUFCTRL_HPIOB_M_I_O)
                                                      0.000     1.013 r  static                              WRAPPER/IO_SHIM/IBUFDS_CLK_125/IBUFCTRL_INST/O
                         net (fo=1, routed)           0.348     1.361    static                              <hidden>
    BUFGCE_X0Y122.I                                                   r  static                              <hidden>
    BUFGCE_X0Y122.O      BUFGCE (Prop_BUFCE_BUFGCE_I_O)
                                                      0.028     1.389 r  static                              <hidden>
                         net (fo=3, routed)           1.883     3.272    static                              <hidden>
    MMCM_X0Y5.CLKIN1                                                  r  static                              <hidden>
    MMCM_X0Y5.CLKOUT0    MMCME4_ADV (Prop_MMCM_CLKIN1_CLKOUT0)
                                                     -0.127     3.145 r  static                              <hidden>
                         net (fo=2, routed)           0.245     3.390    static                              <hidden>
    BUFGCE_X0Y135.I                                                   r  static                              <hidden>
    BUFGCE_X0Y135.O      BUFGCE (Prop_BUFCE_BUFGCE_I_O)
                                                      0.028     3.418 r  static                              <hidden>
    X3Y5 (CLOCK_ROOT)    net (fo=182, estimated)      2.244     5.662    boundary                            WRAPPER/CL/clk_main_a0
    SLICE_X145Y355.CLK   FDRE                                         r  reconfigurable pblock_CL            WRAPPER/CL/cmd_reg_chirho_reg[66]_rep/C
  -------------------------------------------------------------------    -------------------------------------------------------
    SLICE_X145Y355.Q     FDRE (Prop_AFF_SLICEM_C_Q)
                                                      0.077     5.739 r  reconfigurable pblock_CL            WRAPPER/CL/cmd_reg_chirho_reg[66]_rep/Q
                         net (fo=102, estimated)      0.544     6.283    reconfigurable                      WRAPPER/CL/u_engine_chirho/c$ds_app_arg[9385]_i_5_0
    SLICE_X141Y364.S0                                                 r  reconfigurable pblock_CL            WRAPPER/CL/u_engine_chirho/c$ds_app_arg_reg[9275]_i_3/S
    SLICE_X141Y364.OUT   MUXF7 (Prop_F7MUX_CD_SLICEM_S_O)
                                                      0.077     6.360 f  reconfigurable pblock_CL            WRAPPER/CL/u_engine_chirho/c$ds_app_arg_reg[9275]_i_3/O
                         net (fo=35, estimated)       0.457     6.817    reconfigurable                      WRAPPER/CL/u_engine_chirho/vecArray_0__0[59]
    SLICE_X144Y356.A6                                                 f  reconfigurable pblock_CL            WRAPPER/CL/u_engine_chirho/c$ds_app_arg[9796]_i_22/I0
    SLICE_X144Y356.O6    LUT1 (Prop_D6LUT_SLICEL_I0_O)
                                                      0.036     6.853 r  reconfigurable pblock_CL            WRAPPER/CL/u_engine_chirho/c$ds_app_arg[9796]_i_22/O
                         net (fo=1, routed)           0.009     6.862    reconfigurable                      WRAPPER/CL/u_engine_chirho/c$ds_app_arg[9796]_i_22_n_0
    SLICE_X144Y356.S3                                                 r  reconfigurable pblock_CL            WRAPPER/CL/u_engine_chirho/c$ds_app_arg_reg[9796]_i_11/S[3]
    SLICE_X144Y356.O5    CARRY8 (Prop_CARRY8_SLICEL_S[3]_O[5])
                                                      0.180     7.042 r  reconfigurable pblock_CL            WRAPPER/CL/u_engine_chirho/c$ds_app_arg_reg[9796]_i_11/O[5]
                         net (fo=9, estimated)        0.463     7.505    reconfigurable                      WRAPPER/CL/u_engine_chirho/ds40[61]
    SLICE_X137Y367.A4                                                 r  reconfigurable pblock_CL            WRAPPER/CL/u_engine_chirho/c$ds_app_arg[9730]_i_5/I0
    SLICE_X137Y367.O6    LUT6 (Prop_A6LUT_SLICEM_I0_O)
                                                      0.090     7.595 r  reconfigurable pblock_CL            WRAPPER/CL/u_engine_chirho/c$ds_app_arg[9730]_i_5/O
                         net (fo=1, routed)           0.011     7.606    reconfigurable                      WRAPPER/CL/u_engine_chirho/c$ds_app_arg[9730]_i_5_n_0
    SLICE_X137Y367.1                                                  r  reconfigurable pblock_CL            WRAPPER/CL/u_engine_chirho/c$ds_app_arg_reg[9730]_i_2/I1
    SLICE_X137Y367.OUT   MUXF7 (Prop_F7MUX_AB_SLICEM_I1_O)
                                                      0.065     7.671 r  reconfigurable pblock_CL            WRAPPER/CL/u_engine_chirho/c$ds_app_arg_reg[9730]_i_2/O
                         net (fo=2, estimated)        0.180     7.851    reconfigurable                      WRAPPER/CL/u_engine_chirho/c$ds_app_arg_reg[9730]_i_2_n_0
    SLICE_X137Y367.A6                                                 r  reconfigurable pblock_CL            WRAPPER/CL/u_engine_chirho/c$ds_app_arg[9730]_i_1/I2
    SLICE_X137Y367.O6    LUT6 (Prop_H6LUT_SLICEM_I2_O)
                                                      0.039     7.890 r  reconfigurable pblock_CL            WRAPPER/CL/u_engine_chirho/c$ds_app_arg[9730]_i_1/O
                         net (fo=5, estimated)        0.206     8.096    reconfigurable                      WRAPPER/CL/u_engine_chirho/resp_wire_chirho[445]
    SLICE_X138Y366.A3                                                 r  reconfigurable pblock_CL            WRAPPER/CL/u_engine_chirho/ocl_rdata_q_chirho[29]_i_7/I0
    SLICE_X138Y366.O6    LUT6 (Prop_B6LUT_SLICEL_I0_O)
                                                      0.098     8.194 r  reconfigurable pblock_CL            WRAPPER/CL/u_engine_chirho/ocl_rdata_q_chirho[29]_i_7/O
                         net (fo=1, routed)           0.009     8.203    reconfigurable                      WRAPPER/CL/u_engine_chirho/ocl_rdata_q_chirho[29]_i_7_n_0
    SLICE_X138Y366.0                                                  r  reconfigurable pblock_CL            WRAPPER/CL/u_engine_chirho/ocl_rdata_q_chirho_reg[29]_i_4/I0
    SLICE_X138Y366.OUT   MUXF7 (Prop_F7MUX_AB_SLICEL_I0_O)
                                                      0.063     8.266 r  reconfigurable pblock_CL            WRAPPER/CL/u_engine_chirho/ocl_rdata_q_chirho_reg[29]_i_4/O
                         net (fo=1, estimated)        0.640     8.906    reconfigurable                      WRAPPER/CL/u_engine_chirho/ocl_rdata_q_chirho_reg[29]_i_4_n_0
    SLICE_X156Y363.A5                                                 r  reconfigurable pblock_CL            WRAPPER/CL/u_engine_chirho/ocl_rdata_q_chirho[29]_i_1/I4
    SLICE_X156Y363.O6    LUT6 (Prop_B6LUT_SLICEM_I4_O)
                                                      0.052     8.958 r  reconfigurable pblock_CL            WRAPPER/CL/u_engine_chirho/ocl_rdata_q_chirho[29]_i_1/O
                         net (fo=1, routed)           0.059     9.017    reconfigurable                      WRAPPER/CL/u_engine_chirho_n_10
    SLICE_X156Y363.D     FDRE                                         r  reconfigurable pblock_CL            WRAPPER/CL/ocl_rdata_q_chirho_reg[29]/D
  -------------------------------------------------------------------    -------------------------------------------------------

                         (clock clk_main_a0 rise edge)
                                                      4.000     4.000 r                                      
    BJ4                                               0.000     4.000 r  static                              <hidden>
                         net (fo=0)                   0.079     4.079    static                              WRAPPER/IO_SHIM/IBUFDS_CLK_125/I
    HPIOBDIFFINBUF_X0Y130.DIFF_IN_P
                                                                      r  static                              WRAPPER/IO_SHIM/IBUFDS_CLK_125/DIFFINBUF_INST/DIFF_IN_P
    HPIOBDIFFINBUF_X0Y130.O
                         DIFFINBUF (Prop_DIFFINBUF_HPIOBDIFFINBUF_DIFF_IN_P_O)
                                                      0.750     4.829 r  static                              WRAPPER/IO_SHIM/IBUFDS_CLK_125/DIFFINBUF_INST/O
                         net (fo=1, routed)           0.040     4.869    static                              WRAPPER/IO_SHIM/IBUFDS_CLK_125/OUT
    BJ4.I                                                             r  static                              WRAPPER/IO_SHIM/IBUFDS_CLK_125/IBUFCTRL_INST/I
    BJ4.O                IBUFCTRL (Prop_IBUFCTRL_HPIOB_M_I_O)
                                                      0.000     4.869 r  static                              WRAPPER/IO_SHIM/IBUFDS_CLK_125/IBUFCTRL_INST/O
                         net (fo=1, routed)           0.309     5.178    static                              <hidden>
    BUFGCE_X0Y122.I                                                   r  static                              <hidden>
    BUFGCE_X0Y122.O      BUFGCE (Prop_BUFCE_BUFGCE_I_O)
                                                      0.024     5.202 r  static                              <hidden>
                         net (fo=3, routed)           1.690     6.892    static                              <hidden>
    MMCM_X0Y5.CLKIN1                                                  r  static                              <hidden>
    MMCM_X0Y5.CLKOUT0    MMCME4_ADV (Prop_MMCM_CLKIN1_CLKOUT0)
                                                      0.630     7.522 r  static                              <hidden>
                         net (fo=2, routed)           0.215     7.737    static                              <hidden>
    BUFGCE_X0Y135.I                                                   r  static                              <hidden>
    BUFGCE_X0Y135.O      BUFGCE (Prop_BUFCE_BUFGCE_I_O)
                                                      0.024     7.761 r  static                              <hidden>
    X3Y5 (CLOCK_ROOT)    net (fo=182, estimated)      2.133     9.894    boundary                            WRAPPER/CL/clk_main_a0
    SLICE_X156Y363.CLK   FDRE                                         r  reconfigurable pblock_CL            WRAPPER/CL/ocl_rdata_q_chirho_reg[29]/C
                         clock pessimism             -0.300     9.595                                            
                         clock uncertainty           -0.059     9.536                                            
    SLICE_X156Y363       FDRE (Setup_BFF_SLICEM_C_D)
                                                      0.025     9.561    reconfigurable   pblock_CL              WRAPPER/CL/ocl_rdata_q_chirho_reg[29]
  -------------------------------------------------------------------
                         required time                          9.561                                            
                         arrival time                          -9.017                                            
  -------------------------------------------------------------------
                         slack                                  0.544                                            

Slack (MET) :             0.566ns  (required time - arrival time)
  Source:                 WRAPPER/CL/cmd_reg_chirho_reg[66]_rep/C
                            (rising edge-triggered cell FDRE clocked by clk_main_a0  {rise@0.000ns fall@2.000ns period=4.000ns})
  Destination:            WRAPPER/CL/ocl_rdata_q_chirho_reg[27]/D
                            (rising edge-triggered cell FDRE clocked by clk_main_a0  {rise@0.000ns fall@2.000ns period=4.000ns})
  Path Group:             clk_main_a0
  Path Type:              Setup (Max at Slow Process Corner)
  Requirement:            4.000ns  (clk_main_a0 rise@4.000ns - clk_main_a0 rise@0.000ns)
  Data Path Delay:        3.333ns  (logic 0.568ns (17.042%)  route 2.765ns (82.958%))
  Logic Levels:           9  (CARRY8=1 LUT1=1 LUT6=5 MUXF7=2)
  Clock Path Skew:        -0.067ns (DCD - SCD + CPR)
    Destination Clock Delay (DCD):    5.894ns = ( 9.894 - 4.000 ) 
    Source Clock Delay      (SCD):    5.662ns
    Clock Pessimism Removal (CPR):    -0.300ns
  Clock Uncertainty:      0.059ns  ((TSJ^2 + DJ^2)^1/2) / 2 + PE
    Total System Jitter     (TSJ):    0.071ns
    Discrete Jitter          (DJ):    0.094ns
    Phase Error              (PE):    0.000ns
  Clock Net Delay (Source):      2.244ns (routing 0.461ns, distribution 1.783ns)
  Clock Net Delay (Destination): 2.133ns (routing 0.421ns, distribution 1.712ns)

    Location             Delay type                Incr(ns)  Path(ns)    Partition      PBlock               Netlist Resource(s)
  -------------------------------------------------------------------    -------------------------------------------------------
                         (clock clk_main_a0 rise edge)
                                                      0.000     0.000 r                                      
    BJ4                                               0.000     0.000 r  static                              <hidden>
                         net (fo=0)                   0.100     0.100    static                              WRAPPER/IO_SHIM/IBUFDS_CLK_125/I
    HPIOBDIFFINBUF_X0Y130.DIFF_IN_P
                                                                      r  static                              WRAPPER/IO_SHIM/IBUFDS_CLK_125/DIFFINBUF_INST/DIFF_IN_P
    HPIOBDIFFINBUF_X0Y130.O
                         DIFFINBUF (Prop_DIFFINBUF_HPIOBDIFFINBUF_DIFF_IN_P_O)
                                                      0.863     0.963 r  static                              WRAPPER/IO_SHIM/IBUFDS_CLK_125/DIFFINBUF_INST/O
                         net (fo=1, routed)           0.050     1.013    static                              WRAPPER/IO_SHIM/IBUFDS_CLK_125/OUT
    BJ4.I                                                             r  static                              WRAPPER/IO_SHIM/IBUFDS_CLK_125/IBUFCTRL_INST/I
    BJ4.O                IBUFCTRL (Prop_IBUFCTRL_HPIOB_M_I_O)
                                                      0.000     1.013 r  static                              WRAPPER/IO_SHIM/IBUFDS_CLK_125/IBUFCTRL_INST/O
                         net (fo=1, routed)           0.348     1.361    static                              <hidden>
    BUFGCE_X0Y122.I                                                   r  static                              <hidden>
    BUFGCE_X0Y122.O      BUFGCE (Prop_BUFCE_BUFGCE_I_O)
                                                      0.028     1.389 r  static                              <hidden>
                         net (fo=3, routed)           1.883     3.272    static                              <hidden>
    MMCM_X0Y5.CLKIN1                                                  r  static                              <hidden>
    MMCM_X0Y5.CLKOUT0    MMCME4_ADV (Prop_MMCM_CLKIN1_CLKOUT0)
                                                     -0.127     3.145 r  static                              <hidden>
                         net (fo=2, routed)           0.245     3.390    static                              <hidden>
    BUFGCE_X0Y135.I                                                   r  static                              <hidden>
    BUFGCE_X0Y135.O      BUFGCE (Prop_BUFCE_BUFGCE_I_O)
                                                      0.028     3.418 r  static                              <hidden>
    X3Y5 (CLOCK_ROOT)    net (fo=182, estimated)      2.244     5.662    boundary                            WRAPPER/CL/clk_main_a0
    SLICE_X145Y355.CLK   FDRE                                         r  reconfigurable pblock_CL            WRAPPER/CL/cmd_reg_chirho_reg[66]_rep/C
  -------------------------------------------------------------------    -------------------------------------------------------
    SLICE_X145Y355.Q     FDRE (Prop_AFF_SLICEM_C_Q)
                                                      0.077     5.739 r  reconfigurable pblock_CL            WRAPPER/CL/cmd_reg_chirho_reg[66]_rep/Q
                         net (fo=102, estimated)      0.544     6.283    reconfigurable                      WRAPPER/CL/u_engine_chirho/c$ds_app_arg[9385]_i_5_0
    SLICE_X141Y364.S0                                                 r  reconfigurable pblock_CL            WRAPPER/CL/u_engine_chirho/c$ds_app_arg_reg[9275]_i_3/S
    SLICE_X141Y364.OUT   MUXF7 (Prop_F7MUX_CD_SLICEM_S_O)
                                                      0.077     6.360 f  reconfigurable pblock_CL            WRAPPER/CL/u_engine_chirho/c$ds_app_arg_reg[9275]_i_3/O
                         net (fo=35, estimated)       0.457     6.817    reconfigurable                      WRAPPER/CL/u_engine_chirho/vecArray_0__0[59]
    SLICE_X144Y356.A6                                                 f  reconfigurable pblock_CL            WRAPPER/CL/u_engine_chirho/c$ds_app_arg[9796]_i_22/I0
    SLICE_X144Y356.O6    LUT1 (Prop_D6LUT_SLICEL_I0_O)
                                                      0.036     6.853 r  reconfigurable pblock_CL            WRAPPER/CL/u_engine_chirho/c$ds_app_arg[9796]_i_22/O
                         net (fo=1, routed)           0.009     6.862    reconfigurable                      WRAPPER/CL/u_engine_chirho/c$ds_app_arg[9796]_i_22_n_0
    SLICE_X144Y356.S3                                                 r  reconfigurable pblock_CL            WRAPPER/CL/u_engine_chirho/c$ds_app_arg_reg[9796]_i_11/S[3]
    SLICE_X144Y356.O3    CARRY8 (Prop_CARRY8_SLICEL_S[3]_O[3])
                                                      0.054     6.916 r  reconfigurable pblock_CL            WRAPPER/CL/u_engine_chirho/c$ds_app_arg_reg[9796]_i_11/O[3]
                         net (fo=9, estimated)        0.510     7.426    reconfigurable                      WRAPPER/CL/u_engine_chirho/ds40[59]
    SLICE_X138Y368.A5                                                 r  reconfigurable pblock_CL            WRAPPER/CL/u_engine_chirho/c$ds_app_arg[9728]_i_5/I0
    SLICE_X138Y368.O6    LUT6 (Prop_C6LUT_SLICEL_I0_O)
                                                      0.050     7.476 r  reconfigurable pblock_CL            WRAPPER/CL/u_engine_chirho/c$ds_app_arg[9728]_i_5/O
                         net (fo=1, routed)           0.010     7.486    reconfigurable                      WRAPPER/CL/u_engine_chirho/c$ds_app_arg[9728]_i_5_n_0
    SLICE_X138Y368.1                                                  r  reconfigurable pblock_CL            WRAPPER/CL/u_engine_chirho/c$ds_app_arg_reg[9728]_i_2/I1
    SLICE_X138Y368.OUT   MUXF7 (Prop_F7MUX_CD_SLICEL_I1_O)
                                                      0.064     7.550 r  reconfigurable pblock_CL            WRAPPER/CL/u_engine_chirho/c$ds_app_arg_reg[9728]_i_2/O
                         net (fo=2, estimated)        0.177     7.727    reconfigurable                      WRAPPER/CL/u_engine_chirho/c$ds_app_arg_reg[9728]_i_2_n_0
    SLICE_X137Y366.A6                                                 r  reconfigurable pblock_CL            WRAPPER/CL/u_engine_chirho/c$ds_app_arg[9728]_i_1/I3
    SLICE_X137Y366.O6    LUT6 (Prop_H6LUT_SLICEM_I3_O)
                                                      0.039     7.766 r  reconfigurable pblock_CL            WRAPPER/CL/u_engine_chirho/c$ds_app_arg[9728]_i_1/O
                         net (fo=5, estimated)        0.165     7.931    reconfigurable                      WRAPPER/CL/u_engine_chirho/resp_wire_chirho[443]
    SLICE_X136Y366.A3                                                 r  reconfigurable pblock_CL            WRAPPER/CL/u_engine_chirho/ocl_rdata_q_chirho[27]_i_8/I0
    SLICE_X136Y366.O6    LUT6 (Prop_G6LUT_SLICEL_I0_O)
                                                      0.097     8.028 r  reconfigurable pblock_CL            WRAPPER/CL/u_engine_chirho/ocl_rdata_q_chirho[27]_i_8/O
                         net (fo=1, estimated)        0.142     8.170    reconfigurable                      WRAPPER/CL/u_engine_chirho/ocl_rdata_q_chirho[27]_i_8_n_0
    SLICE_X137Y366.A6                                                 r  reconfigurable pblock_CL            WRAPPER/CL/u_engine_chirho/ocl_rdata_q_chirho[27]_i_4/I5
    SLICE_X137Y366.O6    LUT6 (Prop_G6LUT_SLICEM_I5_O)
                                                      0.037     8.207 r  reconfigurable pblock_CL            WRAPPER/CL/u_engine_chirho/ocl_rdata_q_chirho[27]_i_4/O
                         net (fo=1, estimated)        0.692     8.899    reconfigurable                      WRAPPER/CL/u_engine_chirho/ocl_rdata_q_chirho[27]_i_4_n_0
    SLICE_X156Y362.A6                                                 r  reconfigurable pblock_CL            WRAPPER/CL/u_engine_chirho/ocl_rdata_q_chirho[27]_i_1/I4
    SLICE_X156Y362.O6    LUT6 (Prop_B6LUT_SLICEM_I4_O)
                                                      0.037     8.936 r  reconfigurable pblock_CL            WRAPPER/CL/u_engine_chirho/ocl_rdata_q_chirho[27]_i_1/O
                         net (fo=1, routed)           0.059     8.995    reconfigurable                      WRAPPER/CL/u_engine_chirho_n_12
    SLICE_X156Y362.D     FDRE                                         r  reconfigurable pblock_CL            WRAPPER/CL/ocl_rdata_q_chirho_reg[27]/D
  -------------------------------------------------------------------    -------------------------------------------------------

                         (clock clk_main_a0 rise edge)
                                                      4.000     4.000 r                                      
    BJ4                                               0.000     4.000 r  static                              <hidden>
                         net (fo=0)                   0.079     4.079    static                              WRAPPER/IO_SHIM/IBUFDS_CLK_125/I
    HPIOBDIFFINBUF_X0Y130.DIFF_IN_P
                                                                      r  static                              WRAPPER/IO_SHIM/IBUFDS_CLK_125/DIFFINBUF_INST/DIFF_IN_P
    HPIOBDIFFINBUF_X0Y130.O
                         DIFFINBUF (Prop_DIFFINBUF_HPIOBDIFFINBUF_DIFF_IN_P_O)
                                                      0.750     4.829 r  static                              WRAPPER/IO_SHIM/IBUFDS_CLK_125/DIFFINBUF_INST/O
                         net (fo=1, routed)           0.040     4.869    static                              WRAPPER/IO_SHIM/IBUFDS_CLK_125/OUT
    BJ4.I                                                             r  static                              WRAPPER/IO_SHIM/IBUFDS_CLK_125/IBUFCTRL_INST/I
    BJ4.O                IBUFCTRL (Prop_IBUFCTRL_HPIOB_M_I_O)
                                                      0.000     4.869 r  static                              WRAPPER/IO_SHIM/IBUFDS_CLK_125/IBUFCTRL_INST/O
                         net (fo=1, routed)           0.309     5.178    static                              <hidden>
    BUFGCE_X0Y122.I                                                   r  static                              <hidden>
    BUFGCE_X0Y122.O      BUFGCE (Prop_BUFCE_BUFGCE_I_O)
                                                      0.024     5.202 r  static                              <hidden>
                         net (fo=3, routed)           1.690     6.892    static                              <hidden>
    MMCM_X0Y5.CLKIN1                                                  r  static                              <hidden>
    MMCM_X0Y5.CLKOUT0    MMCME4_ADV (Prop_MMCM_CLKIN1_CLKOUT0)
                                                      0.630     7.522 r  static                              <hidden>
                         net (fo=2, routed)           0.215     7.737    static                              <hidden>
    BUFGCE_X0Y135.I                                                   r  static                              <hidden>
    BUFGCE_X0Y135.O      BUFGCE (Prop_BUFCE_BUFGCE_I_O)
                                                      0.024     7.761 r  static                              <hidden>
    X3Y5 (CLOCK_ROOT)    net (fo=182, estimated)      2.133     9.894    boundary                            WRAPPER/CL/clk_main_a0
    SLICE_X156Y362.CLK   FDRE                                         r  reconfigurable pblock_CL            WRAPPER/CL/ocl_rdata_q_chirho_reg[27]/C
                         clock pessimism             -0.300     9.595                                            
                         clock uncertainty           -0.059     9.536                                            
    SLICE_X156Y362       FDRE (Setup_BFF_SLICEM_C_D)
                                                      0.025     9.561    reconfigurable   pblock_CL              WRAPPER/CL/ocl_rdata_q_chirho_reg[27]
  -------------------------------------------------------------------
                         required time                          9.561                                            
                         arrival time                          -8.995                                            
  -------------------------------------------------------------------
                         slack                                  0.566                                            

Slack (MET) :             0.577ns  (required time - arrival time)
  Source:                 WRAPPER/CL/cmd_reg_chirho_reg[65]_rep/C
                            (rising edge-triggered cell FDRE clocked by clk_main_a0  {rise@0.000ns fall@2.000ns period=4.000ns})
  Destination:            WRAPPER/CL/ocl_rdata_q_chirho_reg[24]/D
                            (rising edge-triggered cell FDRE clocked by clk_main_a0  {rise@0.000ns fall@2.000ns period=4.000ns})
  Path Group:             clk_main_a0
  Path Type:              Setup (Max at Slow Process Corner)
  Requirement:            4.000ns  (clk_main_a0 rise@4.000ns - clk_main_a0 rise@0.000ns)
  Data Path Delay:        3.336ns  (logic 0.924ns (27.698%)  route 2.412ns (72.302%))
  Logic Levels:           16  (CARRY8=7 LUT1=1 LUT6=5 MUXF7=3)
  Clock Path Skew:        -0.053ns (DCD - SCD + CPR)
    Destination Clock Delay (DCD):    5.894ns = ( 9.894 - 4.000 ) 
    Source Clock Delay      (SCD):    5.648ns
    Clock Pessimism Removal (CPR):    -0.300ns
  Clock Uncertainty:      0.059ns  ((TSJ^2 + DJ^2)^1/2) / 2 + PE
    Total System Jitter     (TSJ):    0.071ns
    Discrete Jitter          (DJ):    0.094ns
    Phase Error              (PE):    0.000ns
  Clock Net Delay (Source):      2.230ns (routing 0.461ns, distribution 1.769ns)
  Clock Net Delay (Destination): 2.133ns (routing 0.421ns, distribution 1.712ns)

    Location             Delay type                Incr(ns)  Path(ns)    Partition      PBlock               Netlist Resource(s)
  -------------------------------------------------------------------    -------------------------------------------------------
                         (clock clk_main_a0 rise edge)
                                                      0.000     0.000 r                                      
    BJ4                                               0.000     0.000 r  static                              <hidden>
                         net (fo=0)                   0.100     0.100    static                              WRAPPER/IO_SHIM/IBUFDS_CLK_125/I
    HPIOBDIFFINBUF_X0Y130.DIFF_IN_P
                                                                      r  static                              WRAPPER/IO_SHIM/IBUFDS_CLK_125/DIFFINBUF_INST/DIFF_IN_P
    HPIOBDIFFINBUF_X0Y130.O
                         DIFFINBUF (Prop_DIFFINBUF_HPIOBDIFFINBUF_DIFF_IN_P_O)
                                                      0.863     0.963 r  static                              WRAPPER/IO_SHIM/IBUFDS_CLK_125/DIFFINBUF_INST/O
                         net (fo=1, routed)           0.050     1.013    static                              WRAPPER/IO_SHIM/IBUFDS_CLK_125/OUT
    BJ4.I                                                             r  static                              WRAPPER/IO_SHIM/IBUFDS_CLK_125/IBUFCTRL_INST/I
    BJ4.O                IBUFCTRL (Prop_IBUFCTRL_HPIOB_M_I_O)
                                                      0.000     1.013 r  static                              WRAPPER/IO_SHIM/IBUFDS_CLK_125/IBUFCTRL_INST/O
                         net (fo=1, routed)           0.348     1.361    static                              <hidden>
    BUFGCE_X0Y122.I                                                   r  static                              <hidden>
    BUFGCE_X0Y122.O      BUFGCE (Prop_BUFCE_BUFGCE_I_O)
                                                      0.028     1.389 r  static                              <hidden>
                         net (fo=3, routed)           1.883     3.272    static                              <hidden>
    MMCM_X0Y5.CLKIN1                                                  r  static                              <hidden>
    MMCM_X0Y5.CLKOUT0    MMCME4_ADV (Prop_MMCM_CLKIN1_CLKOUT0)
                                                     -0.127     3.145 r  static                              <hidden>
                         net (fo=2, routed)           0.245     3.390    static                              <hidden>
    BUFGCE_X0Y135.I                                                   r  static                              <hidden>
    BUFGCE_X0Y135.O      BUFGCE (Prop_BUFCE_BUFGCE_I_O)
                                                      0.028     3.418 r  static                              <hidden>
    X3Y5 (CLOCK_ROOT)    net (fo=182, estimated)      2.230     5.648    boundary                            WRAPPER/CL/clk_main_a0
    SLICE_X144Y348.CLK   FDRE                                         r  reconfigurable pblock_CL            WRAPPER/CL/cmd_reg_chirho_reg[65]_rep/C
  -------------------------------------------------------------------    -------------------------------------------------------
    SLICE_X144Y348.Q     FDRE (Prop_BFF2_SLICEL_C_Q)
                                                      0.080     5.728 r  reconfigurable pblock_CL            WRAPPER/CL/cmd_reg_chirho_reg[65]_rep/Q
                         net (fo=86, estimated)       0.226     5.954    reconfigurable                      WRAPPER/CL/u_engine_chirho/c$ds_app_arg_reg[9257]_i_3_0
    SLICE_X145Y348.A5                                                 r  reconfigurable pblock_CL            WRAPPER/CL/u_engine_chirho/c$ds_app_arg[9229]_i_4/I2
    SLICE_X145Y348.O6    LUT6 (Prop_B6LUT_SLICEM_I2_O)
                                                      0.052     6.006 f  reconfigurable pblock_CL            WRAPPER/CL/u_engine_chirho/c$ds_app_arg[9229]_i_4/O
                         net (fo=1, routed)           0.017     6.023    reconfigurable                      WRAPPER/CL/u_engine_chirho/c$ds_app_arg[9229]_i_4_n_0
    SLICE_X145Y348.0                                                  f  reconfigurable pblock_CL            WRAPPER/CL/u_engine_chirho/c$ds_app_arg_reg[9229]_i_3/I0
    SLICE_X145Y348.OUT   MUXF7 (Prop_F7MUX_AB_SLICEM_I0_O)
                                                      0.067     6.090 f  reconfigurable pblock_CL            WRAPPER/CL/u_engine_chirho/c$ds_app_arg_reg[9229]_i_3/O
                         net (fo=35, estimated)       0.286     6.376    reconfigurable                      WRAPPER/CL/u_engine_chirho/vecArray_0__0[13]
    SLICE_X144Y350.A6                                                 f  reconfigurable pblock_CL            WRAPPER/CL/u_engine_chirho/c$ds_app_arg[9748]_i_16/I0
    SLICE_X144Y350.O6    LUT1 (Prop_F6LUT_SLICEL_I0_O)
                                                      0.035     6.411 r  reconfigurable pblock_CL            WRAPPER/CL/u_engine_chirho/c$ds_app_arg[9748]_i_16/O
                         net (fo=1, routed)           0.011     6.422    reconfigurable                      WRAPPER/CL/u_engine_chirho/c$ds_app_arg[9748]_i_16_n_0
    SLICE_X144Y350.S5                                                 r  reconfigurable pblock_CL            WRAPPER/CL/u_engine_chirho/c$ds_app_arg_reg[9748]_i_8/S[5]
    SLICE_X144Y350.CO7   CARRY8 (Prop_CARRY8_SLICEL_S[5]_CO[7])
                                                      0.155     6.577 r  reconfigurable pblock_CL            WRAPPER/CL/u_engine_chirho/c$ds_app_arg_reg[9748]_i_8/CO[7]
                         net (fo=1, estimated)        0.026     6.603    reconfigurable                      WRAPPER/CL/u_engine_chirho/c$ds_app_arg_reg[9748]_i_8_n_0
    SLICE_X144Y351.CIN                                                r  reconfigurable pblock_CL            WRAPPER/CL/u_engine_chirho/c$ds_app_arg_reg[9756]_i_8/CI
    SLICE_X144Y351.CO7   CARRY8 (Prop_CARRY8_SLICEL_CI_CO[7])
                                                      0.015     6.618 r  reconfigurable pblock_CL            WRAPPER/CL/u_engine_chirho/c$ds_app_arg_reg[9756]_i_8/CO[7]
                         net (fo=1, estimated)        0.026     6.644    reconfigurable                      WRAPPER/CL/u_engine_chirho/c$ds_app_arg_reg[9756]_i_8_n_0
    SLICE_X144Y352.CIN                                                r  reconfigurable pblock_CL            WRAPPER/CL/u_engine_chirho/c$ds_app_arg_reg[9764]_i_8/CI
    SLICE_X144Y352.CO7   CARRY8 (Prop_CARRY8_SLICEL_CI_CO[7])
                                                      0.015     6.659 r  reconfigurable pblock_CL            WRAPPER/CL/u_engine_chirho/c$ds_app_arg_reg[9764]_i_8/CO[7]
                         net (fo=1, estimated)        0.026     6.685    reconfigurable                      WRAPPER/CL/u_engine_chirho/c$ds_app_arg_reg[9764]_i_8_n_0
    SLICE_X144Y353.CIN                                                r  reconfigurable pblock_CL            WRAPPER/CL/u_engine_chirho/c$ds_app_arg_reg[9772]_i_8/CI
    SLICE_X144Y353.CO7   CARRY8 (Prop_CARRY8_SLICEL_CI_CO[7])
                                                      0.015     6.700 r  reconfigurable pblock_CL            WRAPPER/CL/u_engine_chirho/c$ds_app_arg_reg[9772]_i_8/CO[7]
                         net (fo=1, estimated)        0.026     6.726    reconfigurable                      WRAPPER/CL/u_engine_chirho/c$ds_app_arg_reg[9772]_i_8_n_0
    SLICE_X144Y354.CIN                                                r  reconfigurable pblock_CL            WRAPPER/CL/u_engine_chirho/c$ds_app_arg_reg[9780]_i_8/CI
    SLICE_X144Y354.CO7   CARRY8 (Prop_CARRY8_SLICEL_CI_CO[7])
                                                      0.015     6.741 r  reconfigurable pblock_CL            WRAPPER/CL/u_engine_chirho/c$ds_app_arg_reg[9780]_i_8/CO[7]
                         net (fo=1, estimated)        0.026     6.767    reconfigurable                      WRAPPER/CL/u_engine_chirho/c$ds_app_arg_reg[9780]_i_8_n_0
    SLICE_X144Y355.CIN                                                r  reconfigurable pblock_CL            WRAPPER/CL/u_engine_chirho/c$ds_app_arg_reg[9788]_i_8/CI
    SLICE_X144Y355.CO7   CARRY8 (Prop_CARRY8_SLICEL_CI_CO[7])
                                                      0.015     6.782 r  reconfigurable pblock_CL            WRAPPER/CL/u_engine_chirho/c$ds_app_arg_reg[9788]_i_8/CO[7]
                         net (fo=1, estimated)        0.026     6.808    reconfigurable                      WRAPPER/CL/u_engine_chirho/c$ds_app_arg_reg[9788]_i_8_n_0
    SLICE_X144Y356.CIN                                                r  reconfigurable pblock_CL            WRAPPER/CL/u_engine_chirho/c$ds_app_arg_reg[9796]_i_11/CI
    SLICE_X144Y356.O0    CARRY8 (Prop_CARRY8_SLICEL_CI_O[0])
                                                      0.056     6.864 r  reconfigurable pblock_CL            WRAPPER/CL/u_engine_chirho/c$ds_app_arg_reg[9796]_i_11/O[0]
                         net (fo=9, estimated)        0.559     7.423    reconfigurable                      WRAPPER/CL/u_engine_chirho/ds40[56]
    SLICE_X136Y365.A4                                                 r  reconfigurable pblock_CL            WRAPPER/CL/u_engine_chirho/c$ds_app_arg[9725]_i_5/I0
    SLICE_X136Y365.O6    LUT6 (Prop_A6LUT_SLICEL_I0_O)
                                                      0.090     7.513 r  reconfigurable pblock_CL            WRAPPER/CL/u_engine_chirho/c$ds_app_arg[9725]_i_5/O
                         net (fo=1, routed)           0.009     7.522    reconfigurable                      WRAPPER/CL/u_engine_chirho/c$ds_app_arg[9725]_i_5_n_0
    SLICE_X136Y365.1                                                  r  reconfigurable pblock_CL            WRAPPER/CL/u_engine_chirho/c$ds_app_arg_reg[9725]_i_2/I1
    SLICE_X136Y365.OUT   MUXF7 (Prop_F7MUX_AB_SLICEL_I1_O)
                                                      0.064     7.586 r  reconfigurable pblock_CL            WRAPPER/CL/u_engine_chirho/c$ds_app_arg_reg[9725]_i_2/O
                         net (fo=2, estimated)        0.229     7.815    reconfigurable                      WRAPPER/CL/u_engine_chirho/c$ds_app_arg_reg[9725]_i_2_n_0
    SLICE_X136Y361.A6                                                 r  reconfigurable pblock_CL            WRAPPER/CL/u_engine_chirho/c$ds_app_arg[9725]_i_1/I3
    SLICE_X136Y361.O6    LUT6 (Prop_G6LUT_SLICEL_I3_O)
                                                      0.035     7.850 r  reconfigurable pblock_CL            WRAPPER/CL/u_engine_chirho/c$ds_app_arg[9725]_i_1/O
                         net (fo=5, estimated)        0.370     8.220    reconfigurable                      WRAPPER/CL/u_engine_chirho/resp_wire_chirho[440]
    SLICE_X144Y361.A3                                                 r  reconfigurable pblock_CL            WRAPPER/CL/u_engine_chirho/ocl_rdata_q_chirho[24]_i_7/I0
    SLICE_X144Y361.O6    LUT6 (Prop_H6LUT_SLICEL_I0_O)
                                                      0.099     8.319 r  reconfigurable pblock_CL            WRAPPER/CL/u_engine_chirho/ocl_rdata_q_chirho[24]_i_7/O
                         net (fo=1, routed)           0.010     8.329    reconfigurable                      WRAPPER/CL/u_engine_chirho/ocl_rdata_q_chirho[24]_i_7_n_0
    SLICE_X144Y361.0                                                  r  reconfigurable pblock_CL            WRAPPER/CL/u_engine_chirho/ocl_rdata_q_chirho_reg[24]_i_4/I0
    SLICE_X144Y361.OUT   MUXF7 (Prop_F7MUX_GH_SLICEL_I0_O)
                                                      0.064     8.393 r  reconfigurable pblock_CL            WRAPPER/CL/u_engine_chirho/ocl_rdata_q_chirho_reg[24]_i_4/O
                         net (fo=1, estimated)        0.480     8.873    reconfigurable                      WRAPPER/CL/u_engine_chirho/ocl_rdata_q_chirho_reg[24]_i_4_n_0
    SLICE_X156Y361.A5                                                 r  reconfigurable pblock_CL            WRAPPER/CL/u_engine_chirho/ocl_rdata_q_chirho[24]_i_1/I4
    SLICE_X156Y361.O6    LUT6 (Prop_B6LUT_SLICEM_I4_O)
                                                      0.052     8.925 r  reconfigurable pblock_CL            WRAPPER/CL/u_engine_chirho/ocl_rdata_q_chirho[24]_i_1/O
                         net (fo=1, routed)           0.059     8.984    reconfigurable                      WRAPPER/CL/u_engine_chirho_n_15
    SLICE_X156Y361.D     FDRE                                         r  reconfigurable pblock_CL            WRAPPER/CL/ocl_rdata_q_chirho_reg[24]/D
  -------------------------------------------------------------------    -------------------------------------------------------

                         (clock clk_main_a0 rise edge)
                                                      4.000     4.000 r                                      
    BJ4                                               0.000     4.000 r  static                              <hidden>
                         net (fo=0)                   0.079     4.079    static                              WRAPPER/IO_SHIM/IBUFDS_CLK_125/I
    HPIOBDIFFINBUF_X0Y130.DIFF_IN_P
                                                                      r  static                              WRAPPER/IO_SHIM/IBUFDS_CLK_125/DIFFINBUF_INST/DIFF_IN_P
    HPIOBDIFFINBUF_X0Y130.O
                         DIFFINBUF (Prop_DIFFINBUF_HPIOBDIFFINBUF_DIFF_IN_P_O)
                                                      0.750     4.829 r  static                              WRAPPER/IO_SHIM/IBUFDS_CLK_125/DIFFINBUF_INST/O
                         net (fo=1, routed)           0.040     4.869    static                              WRAPPER/IO_SHIM/IBUFDS_CLK_125/OUT
    BJ4.I                                                             r  static                              WRAPPER/IO_SHIM/IBUFDS_CLK_125/IBUFCTRL_INST/I
    BJ4.O                IBUFCTRL (Prop_IBUFCTRL_HPIOB_M_I_O)
                                                      0.000     4.869 r  static                              WRAPPER/IO_SHIM/IBUFDS_CLK_125/IBUFCTRL_INST/O
                         net (fo=1, routed)           0.309     5.178    static                              <hidden>
    BUFGCE_X0Y122.I                                                   r  static                              <hidden>
    BUFGCE_X0Y122.O      BUFGCE (Prop_BUFCE_BUFGCE_I_O)
                                                      0.024     5.202 r  static                              <hidden>
                         net (fo=3, routed)           1.690     6.892    static                              <hidden>
    MMCM_X0Y5.CLKIN1                                                  r  static                              <hidden>
    MMCM_X0Y5.CLKOUT0    MMCME4_ADV (Prop_MMCM_CLKIN1_CLKOUT0)
                                                      0.630     7.522 r  static                              <hidden>
                         net (fo=2, routed)           0.215     7.737    static                              <hidden>
    BUFGCE_X0Y135.I                                                   r  static                              <hidden>
    BUFGCE_X0Y135.O      BUFGCE (Prop_BUFCE_BUFGCE_I_O)
                                                      0.024     7.761 r  static                              <hidden>
    X3Y5 (CLOCK_ROOT)    net (fo=182, estimated)      2.133     9.894    boundary                            WRAPPER/CL/clk_main_a0
    SLICE_X156Y361.CLK   FDRE                                         r  reconfigurable pblock_CL            WRAPPER/CL/ocl_rdata_q_chirho_reg[24]/C
                         clock pessimism             -0.300     9.595                                            
                         clock uncertainty           -0.059     9.536                                            
    SLICE_X156Y361       FDRE (Setup_BFF_SLICEM_C_D)
                                                      0.025     9.561    reconfigurable   pblock_CL              WRAPPER/CL/ocl_rdata_q_chirho_reg[24]
  -------------------------------------------------------------------
                         required time                          9.561                                            
                         arrival time                          -8.984                                            
  -------------------------------------------------------------------
                         slack                                  0.577                                            

Slack (MET) :             0.580ns  (required time - arrival time)
  Source:                 WRAPPER/CL/cmd_reg_chirho_reg[65]_rep/C
                            (rising edge-triggered cell FDRE clocked by clk_main_a0  {rise@0.000ns fall@2.000ns period=4.000ns})
  Destination:            WRAPPER/CL/ocl_rdata_q_chirho_reg[18]/D
                            (rising edge-triggered cell FDRE clocked by clk_main_a0  {rise@0.000ns fall@2.000ns period=4.000ns})
  Path Group:             clk_main_a0
  Path Type:              Setup (Max at Slow Process Corner)
  Requirement:            4.000ns  (clk_main_a0 rise@4.000ns - clk_main_a0 rise@0.000ns)
  Data Path Delay:        3.333ns  (logic 0.822ns (24.662%)  route 2.511ns (75.338%))
  Logic Levels:           11  (CARRY8=2 LUT1=1 LUT6=6 MUXF7=2)
  Clock Path Skew:        -0.053ns (DCD - SCD + CPR)
    Destination Clock Delay (DCD):    5.894ns = ( 9.894 - 4.000 ) 
    Source Clock Delay      (SCD):    5.648ns
    Clock Pessimism Removal (CPR):    -0.300ns
  Clock Uncertainty:      0.059ns  ((TSJ^2 + DJ^2)^1/2) / 2 + PE
    Total System Jitter     (TSJ):    0.071ns
    Discrete Jitter          (DJ):    0.094ns
    Phase Error              (PE):    0.000ns
  Clock Net Delay (Source):      2.230ns (routing 0.461ns, distribution 1.769ns)
  Clock Net Delay (Destination): 2.133ns (routing 0.421ns, distribution 1.712ns)

    Location             Delay type                Incr(ns)  Path(ns)    Partition      PBlock               Netlist Resource(s)
  -------------------------------------------------------------------    -------------------------------------------------------
                         (clock clk_main_a0 rise edge)
                                                      0.000     0.000 r                                      
    BJ4                                               0.000     0.000 r  static                              <hidden>
                         net (fo=0)                   0.100     0.100    static                              WRAPPER/IO_SHIM/IBUFDS_CLK_125/I
    HPIOBDIFFINBUF_X0Y130.DIFF_IN_P
                                                                      r  static                              WRAPPER/IO_SHIM/IBUFDS_CLK_125/DIFFINBUF_INST/DIFF_IN_P
    HPIOBDIFFINBUF_X0Y130.O
                         DIFFINBUF (Prop_DIFFINBUF_HPIOBDIFFINBUF_DIFF_IN_P_O)
                                                      0.863     0.963 r  static                              WRAPPER/IO_SHIM/IBUFDS_CLK_125/DIFFINBUF_INST/O
                         net (fo=1, routed)           0.050     1.013    static                              WRAPPER/IO_SHIM/IBUFDS_CLK_125/OUT
    BJ4.I                                                             r  static                              WRAPPER/IO_SHIM/IBUFDS_CLK_125/IBUFCTRL_INST/I
    BJ4.O                IBUFCTRL (Prop_IBUFCTRL_HPIOB_M_I_O)
                                                      0.000     1.013 r  static                              WRAPPER/IO_SHIM/IBUFDS_CLK_125/IBUFCTRL_INST/O
                         net (fo=1, routed)           0.348     1.361    static                              <hidden>
    BUFGCE_X0Y122.I                                                   r  static                              <hidden>
    BUFGCE_X0Y122.O      BUFGCE (Prop_BUFCE_BUFGCE_I_O)
                                                      0.028     1.389 r  static                              <hidden>
                         net (fo=3, routed)           1.883     3.272    static                              <hidden>
    MMCM_X0Y5.CLKIN1                                                  r  static                              <hidden>
    MMCM_X0Y5.CLKOUT0    MMCME4_ADV (Prop_MMCM_CLKIN1_CLKOUT0)
                                                     -0.127     3.145 r  static                              <hidden>
                         net (fo=2, routed)           0.245     3.390    static                              <hidden>
    BUFGCE_X0Y135.I                                                   r  static                              <hidden>
    BUFGCE_X0Y135.O      BUFGCE (Prop_BUFCE_BUFGCE_I_O)
                                                      0.028     3.418 r  static                              <hidden>
    X3Y5 (CLOCK_ROOT)    net (fo=182, estimated)      2.230     5.648    boundary                            WRAPPER/CL/clk_main_a0
    SLICE_X144Y348.CLK   FDRE                                         r  reconfigurable pblock_CL            WRAPPER/CL/cmd_reg_chirho_reg[65]_rep/C
  -------------------------------------------------------------------    -------------------------------------------------------
    SLICE_X144Y348.Q     FDRE (Prop_BFF2_SLICEL_C_Q)
                                                      0.080     5.728 r  reconfigurable pblock_CL            WRAPPER/CL/cmd_reg_chirho_reg[65]_rep/Q
                         net (fo=86, estimated)       0.226     5.954    reconfigurable                      WRAPPER/CL/u_engine_chirho/c$ds_app_arg_reg[9257]_i_3_0
    SLICE_X145Y348.A5                                                 r  reconfigurable pblock_CL            WRAPPER/CL/u_engine_chirho/c$ds_app_arg[9229]_i_4/I2
    SLICE_X145Y348.O6    LUT6 (Prop_B6LUT_SLICEM_I2_O)
                                                      0.052     6.006 f  reconfigurable pblock_CL            WRAPPER/CL/u_engine_chirho/c$ds_app_arg[9229]_i_4/O
                         net (fo=1, routed)           0.017     6.023    reconfigurable                      WRAPPER/CL/u_engine_chirho/c$ds_app_arg[9229]_i_4_n_0
    SLICE_X145Y348.0                                                  f  reconfigurable pblock_CL            WRAPPER/CL/u_engine_chirho/c$ds_app_arg_reg[9229]_i_3/I0
    SLICE_X145Y348.OUT   MUXF7 (Prop_F7MUX_AB_SLICEM_I0_O)
                                                      0.067     6.090 f  reconfigurable pblock_CL            WRAPPER/CL/u_engine_chirho/c$ds_app_arg_reg[9229]_i_3/O
                         net (fo=35, estimated)       0.286     6.376    reconfigurable                      WRAPPER/CL/u_engine_chirho/vecArray_0__0[13]
    SLICE_X144Y350.A6                                                 f  reconfigurable pblock_CL            WRAPPER/CL/u_engine_chirho/c$ds_app_arg[9748]_i_16/I0
    SLICE_X144Y350.O6    LUT1 (Prop_F6LUT_SLICEL_I0_O)
                                                      0.035     6.411 r  reconfigurable pblock_CL            WRAPPER/CL/u_engine_chirho/c$ds_app_arg[9748]_i_16/O
                         net (fo=1, routed)           0.011     6.422    reconfigurable                      WRAPPER/CL/u_engine_chirho/c$ds_app_arg[9748]_i_16_n_0
    SLICE_X144Y350.S5                                                 r  reconfigurable pblock_CL            WRAPPER/CL/u_engine_chirho/c$ds_app_arg_reg[9748]_i_8/S[5]
    SLICE_X144Y350.CO7   CARRY8 (Prop_CARRY8_SLICEL_S[5]_CO[7])
                                                      0.155     6.577 r  reconfigurable pblock_CL            WRAPPER/CL/u_engine_chirho/c$ds_app_arg_reg[9748]_i_8/CO[7]
                         net (fo=1, estimated)        0.026     6.603    reconfigurable                      WRAPPER/CL/u_engine_chirho/c$ds_app_arg_reg[9748]_i_8_n_0
    SLICE_X144Y351.CIN                                                r  reconfigurable pblock_CL            WRAPPER/CL/u_engine_chirho/c$ds_app_arg_reg[9756]_i_8/CI
    SLICE_X144Y351.O2    CARRY8 (Prop_CARRY8_SLICEL_CI_O[2])
                                                      0.067     6.670 r  reconfigurable pblock_CL            WRAPPER/CL/u_engine_chirho/c$ds_app_arg_reg[9756]_i_8/O[2]
                         net (fo=9, estimated)        0.436     7.106    reconfigurable                      WRAPPER/CL/u_engine_chirho/ds40[18]
    SLICE_X137Y351.A4                                                 r  reconfigurable pblock_CL            WRAPPER/CL/u_engine_chirho/c$ds_app_arg[9687]_i_5/I0
    SLICE_X137Y351.O6    LUT6 (Prop_C6LUT_SLICEM_I0_O)
                                                      0.088     7.194 r  reconfigurable pblock_CL            WRAPPER/CL/u_engine_chirho/c$ds_app_arg[9687]_i_5/O
                         net (fo=1, routed)           0.021     7.215    reconfigurable                      WRAPPER/CL/u_engine_chirho/c$ds_app_arg[9687]_i_5_n_0
    SLICE_X137Y351.1                                                  r  reconfigurable pblock_CL            WRAPPER/CL/u_engine_chirho/c$ds_app_arg_reg[9687]_i_2/I1
    SLICE_X137Y351.OUT   MUXF7 (Prop_F7MUX_CD_SLICEM_I1_O)
                                                      0.068     7.283 r  reconfigurable pblock_CL            WRAPPER/CL/u_engine_chirho/c$ds_app_arg_reg[9687]_i_2/O
                         net (fo=2, estimated)        0.303     7.586    reconfigurable                      WRAPPER/CL/u_engine_chirho/c$ds_app_arg_reg[9687]_i_2_n_0
    SLICE_X135Y356.A6                                                 r  reconfigurable pblock_CL            WRAPPER/CL/u_engine_chirho/c$ds_app_arg[9687]_i_1/I3
    SLICE_X135Y356.O6    LUT6 (Prop_F6LUT_SLICEL_I3_O)
                                                      0.035     7.621 r  reconfigurable pblock_CL            WRAPPER/CL/u_engine_chirho/c$ds_app_arg[9687]_i_1/O
                         net (fo=5, estimated)        0.240     7.861    reconfigurable                      WRAPPER/CL/u_engine_chirho/resp_wire_chirho[402]
    SLICE_X136Y364.A4                                                 r  reconfigurable pblock_CL            WRAPPER/CL/u_engine_chirho/ocl_rdata_q_chirho[18]_i_8/I3
    SLICE_X136Y364.O6    LUT6 (Prop_G6LUT_SLICEL_I3_O)
                                                      0.089     7.950 r  reconfigurable pblock_CL            WRAPPER/CL/u_engine_chirho/ocl_rdata_q_chirho[18]_i_8/O
                         net (fo=1, estimated)        0.252     8.202    reconfigurable                      WRAPPER/CL/u_engine_chirho/ocl_rdata_q_chirho[18]_i_8_n_0
    SLICE_X138Y367.A6                                                 r  reconfigurable pblock_CL            WRAPPER/CL/u_engine_chirho/ocl_rdata_q_chirho[18]_i_4/I5
    SLICE_X138Y367.O6    LUT6 (Prop_C6LUT_SLICEL_I5_O)
                                                      0.035     8.237 r  reconfigurable pblock_CL            WRAPPER/CL/u_engine_chirho/ocl_rdata_q_chirho[18]_i_4/O
                         net (fo=1, estimated)        0.627     8.864    reconfigurable                      WRAPPER/CL/u_engine_chirho/ocl_rdata_q_chirho[18]_i_4_n_0
    SLICE_X156Y363.A5                                                 r  reconfigurable pblock_CL            WRAPPER/CL/u_engine_chirho/ocl_rdata_q_chirho[18]_i_1/I4
    SLICE_X156Y363.O6    LUT6 (Prop_C6LUT_SLICEM_I4_O)
                                                      0.051     8.915 r  reconfigurable pblock_CL            WRAPPER/CL/u_engine_chirho/ocl_rdata_q_chirho[18]_i_1/O
                         net (fo=1, routed)           0.066     8.981    reconfigurable                      WRAPPER/CL/u_engine_chirho_n_21
    SLICE_X156Y363.D     FDRE                                         r  reconfigurable pblock_CL            WRAPPER/CL/ocl_rdata_q_chirho_reg[18]/D
  -------------------------------------------------------------------    -------------------------------------------------------

                         (clock clk_main_a0 rise edge)
                                                      4.000     4.000 r                                      
    BJ4                                               0.000     4.000 r  static                              <hidden>
                         net (fo=0)                   0.079     4.079    static                              WRAPPER/IO_SHIM/IBUFDS_CLK_125/I
    HPIOBDIFFINBUF_X0Y130.DIFF_IN_P
                                                                      r  static                              WRAPPER/IO_SHIM/IBUFDS_CLK_125/DIFFINBUF_INST/DIFF_IN_P
    HPIOBDIFFINBUF_X0Y130.O
                         DIFFINBUF (Prop_DIFFINBUF_HPIOBDIFFINBUF_DIFF_IN_P_O)
                                                      0.750     4.829 r  static                              WRAPPER/IO_SHIM/IBUFDS_CLK_125/DIFFINBUF_INST/O
                         net (fo=1, routed)           0.040     4.869    static                              WRAPPER/IO_SHIM/IBUFDS_CLK_125/OUT
    BJ4.I                                                             r  static                              WRAPPER/IO_SHIM/IBUFDS_CLK_125/IBUFCTRL_INST/I
    BJ4.O                IBUFCTRL (Prop_IBUFCTRL_HPIOB_M_I_O)
                                                      0.000     4.869 r  static                              WRAPPER/IO_SHIM/IBUFDS_CLK_125/IBUFCTRL_INST/O
                         net (fo=1, routed)           0.309     5.178    static                              <hidden>
    BUFGCE_X0Y122.I                                                   r  static                              <hidden>
    BUFGCE_X0Y122.O      BUFGCE (Prop_BUFCE_BUFGCE_I_O)
                                                      0.024     5.202 r  static                              <hidden>
                         net (fo=3, routed)           1.690     6.892    static                              <hidden>
    MMCM_X0Y5.CLKIN1                                                  r  static                              <hidden>
    MMCM_X0Y5.CLKOUT0    MMCME4_ADV (Prop_MMCM_CLKIN1_CLKOUT0)
                                                      0.630     7.522 r  static                              <hidden>
                         net (fo=2, routed)           0.215     7.737    static                              <hidden>
    BUFGCE_X0Y135.I                                                   r  static                              <hidden>
    BUFGCE_X0Y135.O      BUFGCE (Prop_BUFCE_BUFGCE_I_O)
                                                      0.024     7.761 r  static                              <hidden>
    X3Y5 (CLOCK_ROOT)    net (fo=182, estimated)      2.133     9.894    boundary                            WRAPPER/CL/clk_main_a0
    SLICE_X156Y363.CLK   FDRE                                         r  reconfigurable pblock_CL            WRAPPER/CL/ocl_rdata_q_chirho_reg[18]/C
                         clock pessimism             -0.300     9.595                                            
                         clock uncertainty           -0.059     9.536                                            
    SLICE_X156Y363       FDRE (Setup_CFF_SLICEM_C_D)
                                                      0.025     9.561    reconfigurable   pblock_CL              WRAPPER/CL/ocl_rdata_q_chirho_reg[18]
  -------------------------------------------------------------------
                         required time                          9.561                                            
                         arrival time                          -8.981                                            
  -------------------------------------------------------------------
                         slack                                  0.580                                            

Slack (MET) :             0.583ns  (required time - arrival time)
  Source:                 WRAPPER/CL/cmd_reg_chirho_reg[66]_rep/C
                            (rising edge-triggered cell FDRE clocked by clk_main_a0  {rise@0.000ns fall@2.000ns period=4.000ns})
  Destination:            WRAPPER/CL/ocl_rdata_q_chirho_reg[30]/D
                            (rising edge-triggered cell FDRE clocked by clk_main_a0  {rise@0.000ns fall@2.000ns period=4.000ns})
  Path Group:             clk_main_a0
  Path Type:              Setup (Max at Slow Process Corner)
  Requirement:            4.000ns  (clk_main_a0 rise@4.000ns - clk_main_a0 rise@0.000ns)
  Data Path Delay:        3.278ns  (logic 0.643ns (19.616%)  route 2.635ns (80.384%))
  Logic Levels:           9  (CARRY8=1 LUT1=1 LUT6=5 MUXF7=2)
  Clock Path Skew:        -0.105ns (DCD - SCD + CPR)
    Destination Clock Delay (DCD):    5.856ns = ( 9.856 - 4.000 ) 
    Source Clock Delay      (SCD):    5.662ns
    Clock Pessimism Removal (CPR):    -0.300ns
  Clock Uncertainty:      0.059ns  ((TSJ^2 + DJ^2)^1/2) / 2 + PE
    Total System Jitter     (TSJ):    0.071ns
    Discrete Jitter          (DJ):    0.094ns
    Phase Error              (PE):    0.000ns
  Clock Net Delay (Source):      2.244ns (routing 0.461ns, distribution 1.783ns)
  Clock Net Delay (Destination): 2.095ns (routing 0.421ns, distribution 1.674ns)

    Location             Delay type                Incr(ns)  Path(ns)    Partition      PBlock               Netlist Resource(s)
  -------------------------------------------------------------------    -------------------------------------------------------
                         (clock clk_main_a0 rise edge)
                                                      0.000     0.000 r                                      
    BJ4                                               0.000     0.000 r  static                              <hidden>
                         net (fo=0)                   0.100     0.100    static                              WRAPPER/IO_SHIM/IBUFDS_CLK_125/I
    HPIOBDIFFINBUF_X0Y130.DIFF_IN_P
                                                                      r  static                              WRAPPER/IO_SHIM/IBUFDS_CLK_125/DIFFINBUF_INST/DIFF_IN_P
    HPIOBDIFFINBUF_X0Y130.O
                         DIFFINBUF (Prop_DIFFINBUF_HPIOBDIFFINBUF_DIFF_IN_P_O)
                                                      0.863     0.963 r  static                              WRAPPER/IO_SHIM/IBUFDS_CLK_125/DIFFINBUF_INST/O
                         net (fo=1, routed)           0.050     1.013    static                              WRAPPER/IO_SHIM/IBUFDS_CLK_125/OUT
    BJ4.I                                                             r  static                              WRAPPER/IO_SHIM/IBUFDS_CLK_125/IBUFCTRL_INST/I
    BJ4.O                IBUFCTRL (Prop_IBUFCTRL_HPIOB_M_I_O)
                                                      0.000     1.013 r  static                              WRAPPER/IO_SHIM/IBUFDS_CLK_125/IBUFCTRL_INST/O
                         net (fo=1, routed)           0.348     1.361    static                              <hidden>
    BUFGCE_X0Y122.I                                                   r  static                              <hidden>
    BUFGCE_X0Y122.O      BUFGCE (Prop_BUFCE_BUFGCE_I_O)
                                                      0.028     1.389 r  static                              <hidden>
                         net (fo=3, routed)           1.883     3.272    static                              <hidden>
    MMCM_X0Y5.CLKIN1                                                  r  static                              <hidden>
    MMCM_X0Y5.CLKOUT0    MMCME4_ADV (Prop_MMCM_CLKIN1_CLKOUT0)
                                                     -0.127     3.145 r  static                              <hidden>
                         net (fo=2, routed)           0.245     3.390    static                              <hidden>
    BUFGCE_X0Y135.I                                                   r  static                              <hidden>
    BUFGCE_X0Y135.O      BUFGCE (Prop_BUFCE_BUFGCE_I_O)
                                                      0.028     3.418 r  static                              <hidden>
    X3Y5 (CLOCK_ROOT)    net (fo=182, estimated)      2.244     5.662    boundary                            WRAPPER/CL/clk_main_a0
    SLICE_X145Y355.CLK   FDRE                                         r  reconfigurable pblock_CL            WRAPPER/CL/cmd_reg_chirho_reg[66]_rep/C
  -------------------------------------------------------------------    -------------------------------------------------------
    SLICE_X145Y355.Q     FDRE (Prop_AFF_SLICEM_C_Q)
                                                      0.077     5.739 r  reconfigurable pblock_CL            WRAPPER/CL/cmd_reg_chirho_reg[66]_rep/Q
                         net (fo=102, estimated)      0.544     6.283    reconfigurable                      WRAPPER/CL/u_engine_chirho/c$ds_app_arg[9385]_i_5_0
    SLICE_X141Y364.S0                                                 r  reconfigurable pblock_CL            WRAPPER/CL/u_engine_chirho/c$ds_app_arg_reg[9275]_i_3/S
    SLICE_X141Y364.OUT   MUXF7 (Prop_F7MUX_CD_SLICEM_S_O)
                                                      0.077     6.360 f  reconfigurable pblock_CL            WRAPPER/CL/u_engine_chirho/c$ds_app_arg_reg[9275]_i_3/O
                         net (fo=35, estimated)       0.457     6.817    reconfigurable                      WRAPPER/CL/u_engine_chirho/vecArray_0__0[59]
    SLICE_X144Y356.A6                                                 f  reconfigurable pblock_CL            WRAPPER/CL/u_engine_chirho/c$ds_app_arg[9796]_i_22/I0
    SLICE_X144Y356.O6    LUT1 (Prop_D6LUT_SLICEL_I0_O)
                                                      0.036     6.853 r  reconfigurable pblock_CL            WRAPPER/CL/u_engine_chirho/c$ds_app_arg[9796]_i_22/O
                         net (fo=1, routed)           0.009     6.862    reconfigurable                      WRAPPER/CL/u_engine_chirho/c$ds_app_arg[9796]_i_22_n_0
    SLICE_X144Y356.S3                                                 r  reconfigurable pblock_CL            WRAPPER/CL/u_engine_chirho/c$ds_app_arg_reg[9796]_i_11/S[3]
    SLICE_X144Y356.O6    CARRY8 (Prop_CARRY8_SLICEL_S[3]_O[6])
                                                      0.168     7.030 r  reconfigurable pblock_CL            WRAPPER/CL/u_engine_chirho/c$ds_app_arg_reg[9796]_i_11/O[6]
                         net (fo=9, estimated)        0.451     7.481    reconfigurable                      WRAPPER/CL/u_engine_chirho/ds40[62]
    SLICE_X143Y369.A5                                                 r  reconfigurable pblock_CL            WRAPPER/CL/u_engine_chirho/c$ds_app_arg[9603]_i_5/I0
    SLICE_X143Y369.O6    LUT6 (Prop_A6LUT_SLICEL_I0_O)
                                                      0.050     7.531 r  reconfigurable pblock_CL            WRAPPER/CL/u_engine_chirho/c$ds_app_arg[9603]_i_5/O
                         net (fo=1, routed)           0.009     7.540    reconfigurable                      WRAPPER/CL/u_engine_chirho/c$ds_app_arg[9603]_i_5_n_0
    SLICE_X143Y369.1                                                  r  reconfigurable pblock_CL            WRAPPER/CL/u_engine_chirho/c$ds_app_arg_reg[9603]_i_2/I1
    SLICE_X143Y369.OUT   MUXF7 (Prop_F7MUX_AB_SLICEL_I1_O)
                                                      0.064     7.604 r  reconfigurable pblock_CL            WRAPPER/CL/u_engine_chirho/c$ds_app_arg_reg[9603]_i_2/O
                         net (fo=2, estimated)        0.179     7.783    reconfigurable                      WRAPPER/CL/u_engine_chirho/c$ds_app_arg_reg[9603]_i_2_n_0
    SLICE_X143Y367.A6                                                 r  reconfigurable pblock_CL            WRAPPER/CL/u_engine_chirho/c$ds_app_arg[9603]_i_1/I2
    SLICE_X143Y367.O6    LUT6 (Prop_F6LUT_SLICEL_I2_O)
                                                      0.035     7.818 r  reconfigurable pblock_CL            WRAPPER/CL/u_engine_chirho/c$ds_app_arg[9603]_i_1/O
                         net (fo=5, estimated)        0.317     8.135    reconfigurable                      WRAPPER/CL/u_engine_chirho/resp_wire_chirho[318]
    SLICE_X136Y364.A6                                                 r  reconfigurable pblock_CL            WRAPPER/CL/u_engine_chirho/ocl_rdata_q_chirho[30]_i_8/I1
    SLICE_X136Y364.O6    LUT6 (Prop_E6LUT_SLICEL_I1_O)
                                                      0.035     8.170 r  reconfigurable pblock_CL            WRAPPER/CL/u_engine_chirho/ocl_rdata_q_chirho[30]_i_8/O
                         net (fo=1, estimated)        0.136     8.306    reconfigurable                      WRAPPER/CL/u_engine_chirho/ocl_rdata_q_chirho[30]_i_8_n_0
    SLICE_X135Y363.A5                                                 r  reconfigurable pblock_CL            WRAPPER/CL/u_engine_chirho/ocl_rdata_q_chirho[30]_i_4/I5
    SLICE_X135Y363.O6    LUT6 (Prop_E6LUT_SLICEL_I5_O)
                                                      0.051     8.357 r  reconfigurable pblock_CL            WRAPPER/CL/u_engine_chirho/ocl_rdata_q_chirho[30]_i_4/O
                         net (fo=1, estimated)        0.484     8.841    reconfigurable                      WRAPPER/CL/u_engine_chirho/ocl_rdata_q_chirho[30]_i_4_n_0
    SLICE_X153Y366.A5                                                 r  reconfigurable pblock_CL            WRAPPER/CL/u_engine_chirho/ocl_rdata_q_chirho[30]_i_1/I4
    SLICE_X153Y366.O6    LUT6 (Prop_D6LUT_SLICEL_I4_O)
                                                      0.050     8.891 r  reconfigurable pblock_CL            WRAPPER/CL/u_engine_chirho/ocl_rdata_q_chirho[30]_i_1/O
                         net (fo=1, routed)           0.049     8.940    reconfigurable                      WRAPPER/CL/u_engine_chirho_n_9
    SLICE_X153Y366.D     FDRE                                         r  reconfigurable pblock_CL            WRAPPER/CL/ocl_rdata_q_chirho_reg[30]/D
  -------------------------------------------------------------------    -------------------------------------------------------

                         (clock clk_main_a0 rise edge)
                                                      4.000     4.000 r                                      
    BJ4                                               0.000     4.000 r  static                              <hidden>
                         net (fo=0)                   0.079     4.079    static                              WRAPPER/IO_SHIM/IBUFDS_CLK_125/I
    HPIOBDIFFINBUF_X0Y130.DIFF_IN_P
                                                                      r  static                              WRAPPER/IO_SHIM/IBUFDS_CLK_125/DIFFINBUF_INST/DIFF_IN_P
    HPIOBDIFFINBUF_X0Y130.O
                         DIFFINBUF (Prop_DIFFINBUF_HPIOBDIFFINBUF_DIFF_IN_P_O)
                                                      0.750     4.829 r  static                              WRAPPER/IO_SHIM/IBUFDS_CLK_125/DIFFINBUF_INST/O
                         net (fo=1, routed)           0.040     4.869    static                              WRAPPER/IO_SHIM/IBUFDS_CLK_125/OUT
    BJ4.I                                                             r  static                              WRAPPER/IO_SHIM/IBUFDS_CLK_125/IBUFCTRL_INST/I
    BJ4.O                IBUFCTRL (Prop_IBUFCTRL_HPIOB_M_I_O)
                                                      0.000     4.869 r  static                              WRAPPER/IO_SHIM/IBUFDS_CLK_125/IBUFCTRL_INST/O
                         net (fo=1, routed)           0.309     5.178    static                              <hidden>
    BUFGCE_X0Y122.I                                                   r  static                              <hidden>
    BUFGCE_X0Y122.O      BUFGCE (Prop_BUFCE_BUFGCE_I_O)
                                                      0.024     5.202 r  static                              <hidden>
                         net (fo=3, routed)           1.690     6.892    static                              <hidden>
    MMCM_X0Y5.CLKIN1                                                  r  static                              <hidden>
    MMCM_X0Y5.CLKOUT0    MMCME4_ADV (Prop_MMCM_CLKIN1_CLKOUT0)
                                                      0.630     7.522 r  static                              <hidden>
                         net (fo=2, routed)           0.215     7.737    static                              <hidden>
    BUFGCE_X0Y135.I                                                   r  static                              <hidden>
    BUFGCE_X0Y135.O      BUFGCE (Prop_BUFCE_BUFGCE_I_O)
                                                      0.024     7.761 r  static                              <hidden>
    X3Y5 (CLOCK_ROOT)    net (fo=182, estimated)      2.095     9.856    boundary                            WRAPPER/CL/clk_main_a0
    SLICE_X153Y366.CLK   FDRE                                         r  reconfigurable pblock_CL            WRAPPER/CL/ocl_rdata_q_chirho_reg[30]/C
                         clock pessimism             -0.300     9.557                                            
                         clock uncertainty           -0.059     9.498                                            
    SLICE_X153Y366       FDRE (Setup_DFF_SLICEL_C_D)
                                                      0.025     9.523    reconfigurable   pblock_CL              WRAPPER/CL/ocl_rdata_q_chirho_reg[30]
  -------------------------------------------------------------------
                         required time                          9.523                                            
                         arrival time                          -8.940                                            
  -------------------------------------------------------------------
                         slack                                  0.583                                            

Slack (MET) :             0.605ns  (required time - arrival time)
  Source:                 WRAPPER/CL/cmd_reg_chirho_reg[65]_rep/C
                            (rising edge-triggered cell FDRE clocked by clk_main_a0  {rise@0.000ns fall@2.000ns period=4.000ns})
  Destination:            WRAPPER/CL/ocl_rdata_q_chirho_reg[19]/D
                            (rising edge-triggered cell FDRE clocked by clk_main_a0  {rise@0.000ns fall@2.000ns period=4.000ns})
  Path Group:             clk_main_a0
  Path Type:              Setup (Max at Slow Process Corner)
  Requirement:            4.000ns  (clk_main_a0 rise@4.000ns - clk_main_a0 rise@0.000ns)
  Data Path Delay:        3.297ns  (logic 0.865ns (26.236%)  route 2.432ns (73.764%))
  Logic Levels:           15  (CARRY8=6 LUT1=1 LUT6=6 MUXF7=2)
  Clock Path Skew:        -0.064ns (DCD - SCD + CPR)
    Destination Clock Delay (DCD):    5.883ns = ( 9.883 - 4.000 ) 
    Source Clock Delay      (SCD):    5.648ns
    Clock Pessimism Removal (CPR):    -0.300ns
  Clock Uncertainty:      0.059ns  ((TSJ^2 + DJ^2)^1/2) / 2 + PE
    Total System Jitter     (TSJ):    0.071ns
    Discrete Jitter          (DJ):    0.094ns
    Phase Error              (PE):    0.000ns
  Clock Net Delay (Source):      2.230ns (routing 0.461ns, distribution 1.769ns)
  Clock Net Delay (Destination): 2.122ns (routing 0.421ns, distribution 1.701ns)

    Location             Delay type                Incr(ns)  Path(ns)    Partition      PBlock               Netlist Resource(s)
  -------------------------------------------------------------------    -------------------------------------------------------
                         (clock clk_main_a0 rise edge)
                                                      0.000     0.000 r                                      
    BJ4                                               0.000     0.000 r  static                              <hidden>
                         net (fo=0)                   0.100     0.100    static                              WRAPPER/IO_SHIM/IBUFDS_CLK_125/I
    HPIOBDIFFINBUF_X0Y130.DIFF_IN_P
                                                                      r  static                              WRAPPER/IO_SHIM/IBUFDS_CLK_125/DIFFINBUF_INST/DIFF_IN_P
    HPIOBDIFFINBUF_X0Y130.O
                         DIFFINBUF (Prop_DIFFINBUF_HPIOBDIFFINBUF_DIFF_IN_P_O)
                                                      0.863     0.963 r  static                              WRAPPER/IO_SHIM/IBUFDS_CLK_125/DIFFINBUF_INST/O
                         net (fo=1, routed)           0.050     1.013    static                              WRAPPER/IO_SHIM/IBUFDS_CLK_125/OUT
    BJ4.I                                                             r  static                              WRAPPER/IO_SHIM/IBUFDS_CLK_125/IBUFCTRL_INST/I
    BJ4.O                IBUFCTRL (Prop_IBUFCTRL_HPIOB_M_I_O)
                                                      0.000     1.013 r  static                              WRAPPER/IO_SHIM/IBUFDS_CLK_125/IBUFCTRL_INST/O
                         net (fo=1, routed)           0.348     1.361    static                              <hidden>
    BUFGCE_X0Y122.I                                                   r  static                              <hidden>
    BUFGCE_X0Y122.O      BUFGCE (Prop_BUFCE_BUFGCE_I_O)
                                                      0.028     1.389 r  static                              <hidden>
                         net (fo=3, routed)           1.883     3.272    static                              <hidden>
    MMCM_X0Y5.CLKIN1                                                  r  static                              <hidden>
    MMCM_X0Y5.CLKOUT0    MMCME4_ADV (Prop_MMCM_CLKIN1_CLKOUT0)
                                                     -0.127     3.145 r  static                              <hidden>
                         net (fo=2, routed)           0.245     3.390    static                              <hidden>
    BUFGCE_X0Y135.I                                                   r  static                              <hidden>
    BUFGCE_X0Y135.O      BUFGCE (Prop_BUFCE_BUFGCE_I_O)
                                                      0.028     3.418 r  static                              <hidden>
    X3Y5 (CLOCK_ROOT)    net (fo=182, estimated)      2.230     5.648    boundary                            WRAPPER/CL/clk_main_a0
    SLICE_X144Y348.CLK   FDRE                                         r  reconfigurable pblock_CL            WRAPPER/CL/cmd_reg_chirho_reg[65]_rep/C
  -------------------------------------------------------------------    -------------------------------------------------------
    SLICE_X144Y348.Q     FDRE (Prop_BFF2_SLICEL_C_Q)
                                                      0.080     5.728 r  reconfigurable pblock_CL            WRAPPER/CL/cmd_reg_chirho_reg[65]_rep/Q
                         net (fo=86, estimated)       0.226     5.954    reconfigurable                      WRAPPER/CL/u_engine_chirho/c$ds_app_arg_reg[9257]_i_3_0
    SLICE_X145Y348.A5                                                 r  reconfigurable pblock_CL            WRAPPER/CL/u_engine_chirho/c$ds_app_arg[9229]_i_4/I2
    SLICE_X145Y348.O6    LUT6 (Prop_B6LUT_SLICEM_I2_O)
                                                      0.052     6.006 f  reconfigurable pblock_CL            WRAPPER/CL/u_engine_chirho/c$ds_app_arg[9229]_i_4/O
                         net (fo=1, routed)           0.017     6.023    reconfigurable                      WRAPPER/CL/u_engine_chirho/c$ds_app_arg[9229]_i_4_n_0
    SLICE_X145Y348.0                                                  f  reconfigurable pblock_CL            WRAPPER/CL/u_engine_chirho/c$ds_app_arg_reg[9229]_i_3/I0
    SLICE_X145Y348.OUT   MUXF7 (Prop_F7MUX_AB_SLICEM_I0_O)
                                                      0.067     6.090 f  reconfigurable pblock_CL            WRAPPER/CL/u_engine_chirho/c$ds_app_arg_reg[9229]_i_3/O
                         net (fo=35, estimated)       0.286     6.376    reconfigurable                      WRAPPER/CL/u_engine_chirho/vecArray_0__0[13]
    SLICE_X144Y350.A6                                                 f  reconfigurable pblock_CL            WRAPPER/CL/u_engine_chirho/c$ds_app_arg[9748]_i_16/I0
    SLICE_X144Y350.O6    LUT1 (Prop_F6LUT_SLICEL_I0_O)
                                                      0.035     6.411 r  reconfigurable pblock_CL            WRAPPER/CL/u_engine_chirho/c$ds_app_arg[9748]_i_16/O
                         net (fo=1, routed)           0.011     6.422    reconfigurable                      WRAPPER/CL/u_engine_chirho/c$ds_app_arg[9748]_i_16_n_0
    SLICE_X144Y350.S5                                                 r  reconfigurable pblock_CL            WRAPPER/CL/u_engine_chirho/c$ds_app_arg_reg[9748]_i_8/S[5]
    SLICE_X144Y350.CO7   CARRY8 (Prop_CARRY8_SLICEL_S[5]_CO[7])
                                                      0.155     6.577 r  reconfigurable pblock_CL            WRAPPER/CL/u_engine_chirho/c$ds_app_arg_reg[9748]_i_8/CO[7]
                         net (fo=1, estimated)        0.026     6.603    reconfigurable                      WRAPPER/CL/u_engine_chirho/c$ds_app_arg_reg[9748]_i_8_n_0
    SLICE_X144Y351.CIN                                                r  reconfigurable pblock_CL            WRAPPER/CL/u_engine_chirho/c$ds_app_arg_reg[9756]_i_8/CI
    SLICE_X144Y351.CO7   CARRY8 (Prop_CARRY8_SLICEL_CI_CO[7])
                                                      0.015     6.618 r  reconfigurable pblock_CL            WRAPPER/CL/u_engine_chirho/c$ds_app_arg_reg[9756]_i_8/CO[7]
                         net (fo=1, estimated)        0.026     6.644    reconfigurable                      WRAPPER/CL/u_engine_chirho/c$ds_app_arg_reg[9756]_i_8_n_0
    SLICE_X144Y352.CIN                                                r  reconfigurable pblock_CL            WRAPPER/CL/u_engine_chirho/c$ds_app_arg_reg[9764]_i_8/CI
    SLICE_X144Y352.CO7   CARRY8 (Prop_CARRY8_SLICEL_CI_CO[7])
                                                      0.015     6.659 r  reconfigurable pblock_CL            WRAPPER/CL/u_engine_chirho/c$ds_app_arg_reg[9764]_i_8/CO[7]
                         net (fo=1, estimated)        0.026     6.685    reconfigurable                      WRAPPER/CL/u_engine_chirho/c$ds_app_arg_reg[9764]_i_8_n_0
    SLICE_X144Y353.CIN                                                r  reconfigurable pblock_CL            WRAPPER/CL/u_engine_chirho/c$ds_app_arg_reg[9772]_i_8/CI
    SLICE_X144Y353.CO7   CARRY8 (Prop_CARRY8_SLICEL_CI_CO[7])
                                                      0.015     6.700 r  reconfigurable pblock_CL            WRAPPER/CL/u_engine_chirho/c$ds_app_arg_reg[9772]_i_8/CO[7]
                         net (fo=1, estimated)        0.026     6.726    reconfigurable                      WRAPPER/CL/u_engine_chirho/c$ds_app_arg_reg[9772]_i_8_n_0
    SLICE_X144Y354.CIN                                                r  reconfigurable pblock_CL            WRAPPER/CL/u_engine_chirho/c$ds_app_arg_reg[9780]_i_8/CI
    SLICE_X144Y354.CO7   CARRY8 (Prop_CARRY8_SLICEL_CI_CO[7])
                                                      0.015     6.741 r  reconfigurable pblock_CL            WRAPPER/CL/u_engine_chirho/c$ds_app_arg_reg[9780]_i_8/CO[7]
                         net (fo=1, estimated)        0.026     6.767    reconfigurable                      WRAPPER/CL/u_engine_chirho/c$ds_app_arg_reg[9780]_i_8_n_0
    SLICE_X144Y355.CIN                                                r  reconfigurable pblock_CL            WRAPPER/CL/u_engine_chirho/c$ds_app_arg_reg[9788]_i_8/CI
    SLICE_X144Y355.O3    CARRY8 (Prop_CARRY8_SLICEL_CI_O[3])
                                                      0.082     6.849 r  reconfigurable pblock_CL            WRAPPER/CL/u_engine_chirho/c$ds_app_arg_reg[9788]_i_8/O[3]
                         net (fo=9, estimated)        0.466     7.315    reconfigurable                      WRAPPER/CL/u_engine_chirho/ds40[51]
    SLICE_X141Y366.A5                                                 r  reconfigurable pblock_CL            WRAPPER/CL/u_engine_chirho/c$ds_app_arg[9656]_i_5/I0
    SLICE_X141Y366.O6    LUT6 (Prop_C6LUT_SLICEM_I0_O)
                                                      0.051     7.366 r  reconfigurable pblock_CL            WRAPPER/CL/u_engine_chirho/c$ds_app_arg[9656]_i_5/O
                         net (fo=1, routed)           0.021     7.387    reconfigurable                      WRAPPER/CL/u_engine_chirho/c$ds_app_arg[9656]_i_5_n_0
    SLICE_X141Y366.1                                                  r  reconfigurable pblock_CL            WRAPPER/CL/u_engine_chirho/c$ds_app_arg_reg[9656]_i_2/I1
    SLICE_X141Y366.OUT   MUXF7 (Prop_F7MUX_CD_SLICEM_I1_O)
                                                      0.068     7.455 r  reconfigurable pblock_CL            WRAPPER/CL/u_engine_chirho/c$ds_app_arg_reg[9656]_i_2/O
                         net (fo=2, estimated)        0.205     7.660    reconfigurable                      WRAPPER/CL/u_engine_chirho/c$ds_app_arg_reg[9656]_i_2_n_0
    SLICE_X141Y360.A6                                                 r  reconfigurable pblock_CL            WRAPPER/CL/u_engine_chirho/c$ds_app_arg[9656]_i_1/I3
    SLICE_X141Y360.O6    LUT6 (Prop_A6LUT_SLICEM_I3_O)
                                                      0.038     7.698 r  reconfigurable pblock_CL            WRAPPER/CL/u_engine_chirho/c$ds_app_arg[9656]_i_1/O
                         net (fo=5, estimated)        0.284     7.982    reconfigurable                      WRAPPER/CL/u_engine_chirho/resp_wire_chirho[371]
    SLICE_X137Y363.A4                                                 r  reconfigurable pblock_CL            WRAPPER/CL/u_engine_chirho/ocl_rdata_q_chirho[19]_i_7/I1
    SLICE_X137Y363.O6    LUT6 (Prop_F6LUT_SLICEM_I1_O)
                                                      0.088     8.070 r  reconfigurable pblock_CL            WRAPPER/CL/u_engine_chirho/ocl_rdata_q_chirho[19]_i_7/O
                         net (fo=1, estimated)        0.087     8.157    reconfigurable                      WRAPPER/CL/u_engine_chirho/ocl_rdata_q_chirho[19]_i_7_n_0
    SLICE_X137Y364.A6                                                 r  reconfigurable pblock_CL            WRAPPER/CL/u_engine_chirho/ocl_rdata_q_chirho[19]_i_4/I3
    SLICE_X137Y364.O6    LUT6 (Prop_H6LUT_SLICEM_I3_O)
                                                      0.039     8.196 r  reconfigurable pblock_CL            WRAPPER/CL/u_engine_chirho/ocl_rdata_q_chirho[19]_i_4/O
                         net (fo=1, estimated)        0.650     8.846    reconfigurable                      WRAPPER/CL/u_engine_chirho/ocl_rdata_q_chirho[19]_i_4_n_0
    SLICE_X155Y364.A5                                                 r  reconfigurable pblock_CL            WRAPPER/CL/u_engine_chirho/ocl_rdata_q_chirho[19]_i_1/I4
    SLICE_X155Y364.O6    LUT6 (Prop_D6LUT_SLICEL_I4_O)
                                                      0.050     8.896 r  reconfigurable pblock_CL            WRAPPER/CL/u_engine_chirho/ocl_rdata_q_chirho[19]_i_1/O
                         net (fo=1, routed)           0.049     8.945    reconfigurable                      WRAPPER/CL/u_engine_chirho_n_20
    SLICE_X155Y364.D     FDRE                                         r  reconfigurable pblock_CL            WRAPPER/CL/ocl_rdata_q_chirho_reg[19]/D
  -------------------------------------------------------------------    -------------------------------------------------------

                         (clock clk_main_a0 rise edge)
                                                      4.000     4.000 r                                      
    BJ4                                               0.000     4.000 r  static                              <hidden>
                         net (fo=0)                   0.079     4.079    static                              WRAPPER/IO_SHIM/IBUFDS_CLK_125/I
    HPIOBDIFFINBUF_X0Y130.DIFF_IN_P
                                                                      r  static                              WRAPPER/IO_SHIM/IBUFDS_CLK_125/DIFFINBUF_INST/DIFF_IN_P
    HPIOBDIFFINBUF_X0Y130.O
                         DIFFINBUF (Prop_DIFFINBUF_HPIOBDIFFINBUF_DIFF_IN_P_O)
                                                      0.750     4.829 r  static                              WRAPPER/IO_SHIM/IBUFDS_CLK_125/DIFFINBUF_INST/O
                         net (fo=1, routed)           0.040     4.869    static                              WRAPPER/IO_SHIM/IBUFDS_CLK_125/OUT
    BJ4.I                                                             r  static                              WRAPPER/IO_SHIM/IBUFDS_CLK_125/IBUFCTRL_INST/I
    BJ4.O                IBUFCTRL (Prop_IBUFCTRL_HPIOB_M_I_O)
                                                      0.000     4.869 r  static                              WRAPPER/IO_SHIM/IBUFDS_CLK_125/IBUFCTRL_INST/O
                         net (fo=1, routed)           0.309     5.178    static                              <hidden>
    BUFGCE_X0Y122.I                                                   r  static                              <hidden>
    BUFGCE_X0Y122.O      BUFGCE (Prop_BUFCE_BUFGCE_I_O)
                                                      0.024     5.202 r  static                              <hidden>
                         net (fo=3, routed)           1.690     6.892    static                              <hidden>
    MMCM_X0Y5.CLKIN1                                                  r  static                              <hidden>
    MMCM_X0Y5.CLKOUT0    MMCME4_ADV (Prop_MMCM_CLKIN1_CLKOUT0)
                                                      0.630     7.522 r  static                              <hidden>
                         net (fo=2, routed)           0.215     7.737    static                              <hidden>
    BUFGCE_X0Y135.I                                                   r  static                              <hidden>
    BUFGCE_X0Y135.O      BUFGCE (Prop_BUFCE_BUFGCE_I_O)
                                                      0.024     7.761 r  static                              <hidden>
    X3Y5 (CLOCK_ROOT)    net (fo=182, estimated)      2.122     9.883    boundary                            WRAPPER/CL/clk_main_a0
    SLICE_X155Y364.CLK   FDRE                                         r  reconfigurable pblock_CL            WRAPPER/CL/ocl_rdata_q_chirho_reg[19]/C
                         clock pessimism             -0.300     9.584                                            
                         clock uncertainty           -0.059     9.525                                            
    SLICE_X155Y364       FDRE (Setup_DFF_SLICEL_C_D)
                                                      0.025     9.550    reconfigurable   pblock_CL              WRAPPER/CL/ocl_rdata_q_chirho_reg[19]
  -------------------------------------------------------------------
                         required time                          9.550                                            
                         arrival time                          -8.945                                            
  -------------------------------------------------------------------
                         slack                                  0.605                                            

Slack (MET) :             0.700ns  (required time - arrival time)
  Source:                 WRAPPER/CL/rst_pipe_chirho/pipe_reg[3][0]/C
                            (rising edge-triggered cell FDRE clocked by clk_main_a0  {rise@0.000ns fall@2.000ns period=4.000ns})
  Destination:            WRAPPER/CL/clk_div_chirho_reg[0]/CLR
                            (recovery check against rising-edge clock clk_main_a0  {rise@0.000ns fall@2.000ns period=4.000ns})
  Path Group:             **async_default**
  Path Type:              Recovery (Max at Slow Process Corner)
  Requirement:            4.000ns  (clk_main_a0 rise@4.000ns - clk_main_a0 rise@0.000ns)
  Data Path Delay:        2.600ns  (logic 0.076ns (2.923%)  route 2.524ns (97.077%))
  Logic Levels:           0  
  Clock Path Skew:        -0.350ns (DCD - SCD + CPR)
    Destination Clock Delay (DCD):    5.729ns = ( 9.729 - 4.000 ) 
    Source Clock Delay      (SCD):    5.780ns
    Clock Pessimism Removal (CPR):    -0.300ns
  Clock Uncertainty:      0.059ns  ((TSJ^2 + DJ^2)^1/2) / 2 + PE
    Total System Jitter     (TSJ):    0.071ns
    Discrete Jitter          (DJ):    0.094ns
    Phase Error              (PE):    0.000ns
  Inter-SLR Compensation: 0.225ns  ((DCD - CCD) * PF)
    Destination Clock Delay (DCD):    5.729ns
    Common Clock Delay      (CCD):    4.227ns
    Prorating Factor         (PF):    0.150
  Clock Net Delay (Source):      2.362ns (routing 0.461ns, distribution 1.901ns)
  Clock Net Delay (Destination): 1.968ns (routing 0.421ns, distribution 1.547ns)

    Location             Delay type                Incr(ns)  Path(ns)    Partition      PBlock               Netlist Resource(s)
  -------------------------------------------------------------------    -------------------------------------------------------
                         (clock clk_main_a0 rise edge)
                                                      0.000     0.000 r                                      
    BJ4                                               0.000     0.000 r  static                              <hidden>
                         net (fo=0)                   0.100     0.100    static                              WRAPPER/IO_SHIM/IBUFDS_CLK_125/I
    HPIOBDIFFINBUF_X0Y130.DIFF_IN_P
                                                                      r  static                              WRAPPER/IO_SHIM/IBUFDS_CLK_125/DIFFINBUF_INST/DIFF_IN_P
    HPIOBDIFFINBUF_X0Y130.O
                         DIFFINBUF (Prop_DIFFINBUF_HPIOBDIFFINBUF_DIFF_IN_P_O)
                                                      0.863     0.963 r  static                              WRAPPER/IO_SHIM/IBUFDS_CLK_125/DIFFINBUF_INST/O
                         net (fo=1, routed)           0.050     1.013    static                              WRAPPER/IO_SHIM/IBUFDS_CLK_125/OUT
    BJ4.I                                                             r  static                              WRAPPER/IO_SHIM/IBUFDS_CLK_125/IBUFCTRL_INST/I
    BJ4.O                IBUFCTRL (Prop_IBUFCTRL_HPIOB_M_I_O)
                                                      0.000     1.013 r  static                              WRAPPER/IO_SHIM/IBUFDS_CLK_125/IBUFCTRL_INST/O
                         net (fo=1, routed)           0.348     1.361    static                              <hidden>
    BUFGCE_X0Y122.I                                                   r  static                              <hidden>
    BUFGCE_X0Y122.O      BUFGCE (Prop_BUFCE_BUFGCE_I_O)
                                                      0.028     1.389 r  static                              <hidden>
                         net (fo=3, routed)           1.883     3.272    static                              <hidden>
    MMCM_X0Y5.CLKIN1                                                  r  static                              <hidden>
    MMCM_X0Y5.CLKOUT0    MMCME4_ADV (Prop_MMCM_CLKIN1_CLKOUT0)
                                                     -0.127     3.145 r  static                              <hidden>
                         net (fo=2, routed)           0.245     3.390    static                              <hidden>
    BUFGCE_X0Y135.I                                                   r  static                              <hidden>
    BUFGCE_X0Y135.O      BUFGCE (Prop_BUFCE_BUFGCE_I_O)
                                                      0.028     3.418 r  static                              <hidden>
    X3Y5 (CLOCK_ROOT)    net (fo=182, estimated)      2.362     5.780    boundary                            WRAPPER/CL/rst_pipe_chirho/clk_main_a0
    SLICE_X166Y345.CLK   FDRE                                         r  reconfigurable pblock_CL            WRAPPER/CL/rst_pipe_chirho/pipe_reg[3][0]/C
  -------------------------------------------------------------------    -------------------------------------------------------
    SLICE_X166Y345.Q     FDRE (Prop_EFF_SLICEM_C_Q)
                                                      0.076     5.856 r  reconfigurable pblock_CL            WRAPPER/CL/rst_pipe_chirho/pipe_reg[3][0]/Q
                         net (fo=131, estimated)      2.524     8.380    reconfigurable                      WRAPPER/CL/rst_pipe_chirho_n_3
    SLR Crossing[1->0]   
    SLICE_X123Y211.SR    FDCE                                         f  reconfigurable pblock_CL            WRAPPER/CL/clk_div_chirho_reg[0]/CLR  (IS_INVERTED)
  -------------------------------------------------------------------    -------------------------------------------------------

                         (clock clk_main_a0 rise edge)
                                                      4.000     4.000 r                                      
    BJ4                                               0.000     4.000 r  static                              <hidden>
                         net (fo=0)                   0.079     4.079    static                              WRAPPER/IO_SHIM/IBUFDS_CLK_125/I
    HPIOBDIFFINBUF_X0Y130.DIFF_IN_P
                                                                      r  static                              WRAPPER/IO_SHIM/IBUFDS_CLK_125/DIFFINBUF_INST/DIFF_IN_P
    HPIOBDIFFINBUF_X0Y130.O
                         DIFFINBUF (Prop_DIFFINBUF_HPIOBDIFFINBUF_DIFF_IN_P_O)
                                                      0.750     4.829 r  static                              WRAPPER/IO_SHIM/IBUFDS_CLK_125/DIFFINBUF_INST/O
                         net (fo=1, routed)           0.040     4.869    static                              WRAPPER/IO_SHIM/IBUFDS_CLK_125/OUT
    BJ4.I                                                             r  static                              WRAPPER/IO_SHIM/IBUFDS_CLK_125/IBUFCTRL_INST/I
    BJ4.O                IBUFCTRL (Prop_IBUFCTRL_HPIOB_M_I_O)
                                                      0.000     4.869 r  static                              WRAPPER/IO_SHIM/IBUFDS_CLK_125/IBUFCTRL_INST/O
                         net (fo=1, routed)           0.309     5.178    static                              <hidden>
    BUFGCE_X0Y122.I                                                   r  static                              <hidden>
    BUFGCE_X0Y122.O      BUFGCE (Prop_BUFCE_BUFGCE_I_O)
                                                      0.024     5.202 r  static                              <hidden>
                         net (fo=3, routed)           1.690     6.892    static                              <hidden>
    MMCM_X0Y5.CLKIN1                                                  r  static                              <hidden>
    MMCM_X0Y5.CLKOUT0    MMCME4_ADV (Prop_MMCM_CLKIN1_CLKOUT0)
                                                      0.630     7.522 r  static                              <hidden>
                         net (fo=2, routed)           0.215     7.737    static                              <hidden>
    BUFGCE_X0Y135.I                                                   r  static                              <hidden>
    BUFGCE_X0Y135.O      BUFGCE (Prop_BUFCE_BUFGCE_I_O)
                                                      0.024     7.761 r  static                              <hidden>
    X3Y5 (CLOCK_ROOT)    net (fo=182, estimated)      1.968     9.729    boundary                            WRAPPER/CL/clk_main_a0
    SLR Crossing[1->0]   
    SLICE_X123Y211.CLK   FDCE                                         r  reconfigurable pblock_CL            WRAPPER/CL/clk_div_chirho_reg[0]/C
                         clock pessimism             -0.300     9.430                                            
                         inter-SLR compensation      -0.225     9.204                                            
                         clock uncertainty           -0.059     9.146                                            
    SLICE_X123Y211       FDCE (Recov_DFF_SLICEL_C_CLR)
                                                     -0.066     9.080    reconfigurable   pblock_CL              WRAPPER/CL/clk_div_chirho_reg[0]
  -------------------------------------------------------------------
                         required time                          9.080                                            
                         arrival time                          -8.380                                            
  -------------------------------------------------------------------
                         slack                                  0.700                                            

Slack (MET) :             0.700ns  (required time - arrival time)
  Source:                 WRAPPER/CL/rst_pipe_chirho/pipe_reg[3][0]/C
                            (rising edge-triggered cell FDRE clocked by clk_main_a0  {rise@0.000ns fall@2.000ns period=4.000ns})
  Destination:            WRAPPER/CL/clk_div_chirho_reg[1]/CLR
                            (recovery check against rising-edge clock clk_main_a0  {rise@0.000ns fall@2.000ns period=4.000ns})
  Path Group:             **async_default**
  Path Type:              Recovery (Max at Slow Process Corner)
  Requirement:            4.000ns  (clk_main_a0 rise@4.000ns - clk_main_a0 rise@0.000ns)
  Data Path Delay:        2.600ns  (logic 0.076ns (2.923%)  route 2.524ns (97.077%))
  Logic Levels:           0  
  Clock Path Skew:        -0.350ns (DCD - SCD + CPR)
    Destination Clock Delay (DCD):    5.729ns = ( 9.729 - 4.000 ) 
    Source Clock Delay      (SCD):    5.780ns
    Clock Pessimism Removal (CPR):    -0.300ns
  Clock Uncertainty:      0.059ns  ((TSJ^2 + DJ^2)^1/2) / 2 + PE
    Total System Jitter     (TSJ):    0.071ns
    Discrete Jitter          (DJ):    0.094ns
    Phase Error              (PE):    0.000ns
  Inter-SLR Compensation: 0.225ns  ((DCD - CCD) * PF)
    Destination Clock Delay (DCD):    5.729ns
    Common Clock Delay      (CCD):    4.227ns
    Prorating Factor         (PF):    0.150
  Clock Net Delay (Source):      2.362ns (routing 0.461ns, distribution 1.901ns)
  Clock Net Delay (Destination): 1.968ns (routing 0.421ns, distribution 1.547ns)

    Location             Delay type                Incr(ns)  Path(ns)    Partition      PBlock               Netlist Resource(s)
  -------------------------------------------------------------------    -------------------------------------------------------
                         (clock clk_main_a0 rise edge)
                                                      0.000     0.000 r                                      
    BJ4                                               0.000     0.000 r  static                              <hidden>
                         net (fo=0)                   0.100     0.100    static                              WRAPPER/IO_SHIM/IBUFDS_CLK_125/I
    HPIOBDIFFINBUF_X0Y130.DIFF_IN_P
                                                                      r  static                              WRAPPER/IO_SHIM/IBUFDS_CLK_125/DIFFINBUF_INST/DIFF_IN_P
    HPIOBDIFFINBUF_X0Y130.O
                         DIFFINBUF (Prop_DIFFINBUF_HPIOBDIFFINBUF_DIFF_IN_P_O)
                                                      0.863     0.963 r  static                              WRAPPER/IO_SHIM/IBUFDS_CLK_125/DIFFINBUF_INST/O
                         net (fo=1, routed)           0.050     1.013    static                              WRAPPER/IO_SHIM/IBUFDS_CLK_125/OUT
    BJ4.I                                                             r  static                              WRAPPER/IO_SHIM/IBUFDS_CLK_125/IBUFCTRL_INST/I
    BJ4.O                IBUFCTRL (Prop_IBUFCTRL_HPIOB_M_I_O)
                                                      0.000     1.013 r  static                              WRAPPER/IO_SHIM/IBUFDS_CLK_125/IBUFCTRL_INST/O
                         net (fo=1, routed)           0.348     1.361    static                              <hidden>
    BUFGCE_X0Y122.I                                                   r  static                              <hidden>
    BUFGCE_X0Y122.O      BUFGCE (Prop_BUFCE_BUFGCE_I_O)
                                                      0.028     1.389 r  static                              <hidden>
                         net (fo=3, routed)           1.883     3.272    static                              <hidden>
    MMCM_X0Y5.CLKIN1                                                  r  static                              <hidden>
    MMCM_X0Y5.CLKOUT0    MMCME4_ADV (Prop_MMCM_CLKIN1_CLKOUT0)
                                                     -0.127     3.145 r  static                              <hidden>
                         net (fo=2, routed)           0.245     3.390    static                              <hidden>
    BUFGCE_X0Y135.I                                                   r  static                              <hidden>
    BUFGCE_X0Y135.O      BUFGCE (Prop_BUFCE_BUFGCE_I_O)
                                                      0.028     3.418 r  static                              <hidden>
    X3Y5 (CLOCK_ROOT)    net (fo=182, estimated)      2.362     5.780    boundary                            WRAPPER/CL/rst_pipe_chirho/clk_main_a0
    SLICE_X166Y345.CLK   FDRE                                         r  reconfigurable pblock_CL            WRAPPER/CL/rst_pipe_chirho/pipe_reg[3][0]/C
  -------------------------------------------------------------------    -------------------------------------------------------
    SLICE_X166Y345.Q     FDRE (Prop_EFF_SLICEM_C_Q)
                                                      0.076     5.856 r  reconfigurable pblock_CL            WRAPPER/CL/rst_pipe_chirho/pipe_reg[3][0]/Q
                         net (fo=131, estimated)      2.524     8.380    reconfigurable                      WRAPPER/CL/rst_pipe_chirho_n_3
    SLR Crossing[1->0]   
    SLICE_X123Y211.SR    FDCE                                         f  reconfigurable pblock_CL            WRAPPER/CL/clk_div_chirho_reg[1]/CLR  (IS_INVERTED)
  -------------------------------------------------------------------    -------------------------------------------------------

                         (clock clk_main_a0 rise edge)
                                                      4.000     4.000 r                                      
    BJ4                                               0.000     4.000 r  static                              <hidden>
                         net (fo=0)                   0.079     4.079    static                              WRAPPER/IO_SHIM/IBUFDS_CLK_125/I
    HPIOBDIFFINBUF_X0Y130.DIFF_IN_P
                                                                      r  static                              WRAPPER/IO_SHIM/IBUFDS_CLK_125/DIFFINBUF_INST/DIFF_IN_P
    HPIOBDIFFINBUF_X0Y130.O
                         DIFFINBUF (Prop_DIFFINBUF_HPIOBDIFFINBUF_DIFF_IN_P_O)
                                                      0.750     4.829 r  static                              WRAPPER/IO_SHIM/IBUFDS_CLK_125/DIFFINBUF_INST/O
                         net (fo=1, routed)           0.040     4.869    static                              WRAPPER/IO_SHIM/IBUFDS_CLK_125/OUT
    BJ4.I                                                             r  static                              WRAPPER/IO_SHIM/IBUFDS_CLK_125/IBUFCTRL_INST/I
    BJ4.O                IBUFCTRL (Prop_IBUFCTRL_HPIOB_M_I_O)
                                                      0.000     4.869 r  static                              WRAPPER/IO_SHIM/IBUFDS_CLK_125/IBUFCTRL_INST/O
                         net (fo=1, routed)           0.309     5.178    static                              <hidden>
    BUFGCE_X0Y122.I                                                   r  static                              <hidden>
    BUFGCE_X0Y122.O      BUFGCE (Prop_BUFCE_BUFGCE_I_O)
                                                      0.024     5.202 r  static                              <hidden>
                         net (fo=3, routed)           1.690     6.892    static                              <hidden>
    MMCM_X0Y5.CLKIN1                                                  r  static                              <hidden>
    MMCM_X0Y5.CLKOUT0    MMCME4_ADV (Prop_MMCM_CLKIN1_CLKOUT0)
                                                      0.630     7.522 r  static                              <hidden>
                         net (fo=2, routed)           0.215     7.737    static                              <hidden>
    BUFGCE_X0Y135.I                                                   r  static                              <hidden>
    BUFGCE_X0Y135.O      BUFGCE (Prop_BUFCE_BUFGCE_I_O)
                                                      0.024     7.761 r  static                              <hidden>
    X3Y5 (CLOCK_ROOT)    net (fo=182, estimated)      1.968     9.729    boundary                            WRAPPER/CL/clk_main_a0
    SLR Crossing[1->0]   
    SLICE_X123Y211.CLK   FDCE                                         r  reconfigurable pblock_CL            WRAPPER/CL/clk_div_chirho_reg[1]/C
                         clock pessimism             -0.300     9.430                                            
                         inter-SLR compensation      -0.225     9.204                                            
                         clock uncertainty           -0.059     9.146                                            
    SLICE_X123Y211       FDCE (Recov_DFF2_SLICEL_C_CLR)
                                                     -0.066     9.080    reconfigurable   pblock_CL              WRAPPER/CL/clk_div_chirho_reg[1]
  -------------------------------------------------------------------
                         required time                          9.080                                            
                         arrival time                          -8.380                                            
  -------------------------------------------------------------------
                         slack                                  0.700                                            

Slack (MET) :             8.779ns  (required time - arrival time)
  Source:                 <hidden>
                            (rising edge-triggered cell FDCE clocked by clk_hbm_ref  {rise@0.000ns fall@5.000ns period=10.000ns})
  Destination:            <hidden>
                            (rising edge-triggered cell FDRE clocked by clk_hbm_ref  {rise@0.000ns fall@5.000ns period=10.000ns})
  Path Group:             clk_hbm_ref
  Path Type:              Setup (Max at Slow Process Corner)
  Requirement:            10.000ns  (clk_hbm_ref rise@10.000ns - clk_hbm_ref rise@0.000ns)
  Data Path Delay:        1.084ns  (logic 0.079ns (7.289%)  route 1.005ns (92.711%))
  Logic Levels:           0  
  Clock Path Skew:        -0.068ns (DCD - SCD + CPR)
    Destination Clock Delay (DCD):    6.509ns = ( 16.509 - 10.000 ) 
    Source Clock Delay      (SCD):    6.462ns
    Clock Pessimism Removal (CPR):    -0.115ns
  Clock Uncertainty:      0.094ns  ((TSJ^2 + DJ^2)^1/2) / 2 + PE
    Total System Jitter     (TSJ):    0.071ns
    Discrete Jitter          (DJ):    0.175ns
    Phase Error              (PE):    0.000ns
  Clock Net Delay (Source):      3.116ns (routing 1.109ns, distribution 2.007ns)
  Clock Net Delay (Destination): 2.813ns (routing 1.008ns, distribution 1.805ns)

    Location             Delay type                Incr(ns)  Path(ns)    Partition      Netlist Resource(s)
  -------------------------------------------------------------------    ----------------------------------
                         (clock clk_hbm_ref rise edge)
                                                      0.000     0.000 r                 
    BJ4                                               0.000     0.000 r  static         <hidden>
                         net (fo=0)                   0.100     0.100    static         WRAPPER/IO_SHIM/IBUFDS_CLK_125/I
    HPIOBDIFFINBUF_X0Y130.DIFF_IN_P
                                                                      r  static         WRAPPER/IO_SHIM/IBUFDS_CLK_125/DIFFINBUF_INST/DIFF_IN_P
    HPIOBDIFFINBUF_X0Y130.O
                         DIFFINBUF (Prop_DIFFINBUF_HPIOBDIFFINBUF_DIFF_IN_P_O)
                                                      0.863     0.963 r  static         WRAPPER/IO_SHIM/IBUFDS_CLK_125/DIFFINBUF_INST/O
                         net (fo=1, routed)           0.050     1.013    static         WRAPPER/IO_SHIM/IBUFDS_CLK_125/OUT
    BJ4.I                                                             r  static         WRAPPER/IO_SHIM/IBUFDS_CLK_125/IBUFCTRL_INST/I
    BJ4.O                IBUFCTRL (Prop_IBUFCTRL_HPIOB_M_I_O)
                                                      0.000     1.013 r  static         WRAPPER/IO_SHIM/IBUFDS_CLK_125/IBUFCTRL_INST/O
                         net (fo=1, routed)           0.348     1.361    static         <hidden>
    BUFGCE_X0Y122.I                                                   r  static         <hidden>
    BUFGCE_X0Y122.O      BUFGCE (Prop_BUFCE_BUFGCE_I_O)
                                                      0.028     1.389 r  static         <hidden>
                         net (fo=3, routed)           1.811     3.200    static         <hidden>
    SLR Crossing[1->0]   
    MMCM_X0Y2.CLKIN1                                                  r  static         <hidden>
    MMCM_X0Y2.CLKOUT0    MMCME4_ADV (Prop_MMCM_CLKIN1_CLKOUT0)
                                                     -0.127     3.073 r  static         <hidden>
                         net (fo=2, routed)           0.245     3.318    static         <hidden>
    BUFGCE_X0Y65.I                                                    r  static         <hidden>
    BUFGCE_X0Y65.O       BUFGCE (Prop_BUFCE_BUFGCE_I_O)
                                                      0.028     3.346 r  static         <hidden>
    X3Y5 (CLOCK_ROOT)    net (fo=232, routed)         3.116     6.462    static         <hidden>
    SLICE_X176Y171.CLK   FDCE                                         r  static         <hidden>
  -------------------------------------------------------------------    ----------------------------------
    SLICE_X176Y171.Q     FDCE (Prop_FFF2_SLICEM_C_Q)
                                                      0.079     6.541 r  static         <hidden>
                         net (fo=1, routed)           1.005     7.545    static         <hidden>
    SLICE_X180Y168.D     FDRE                                         r  static         <hidden>
  -------------------------------------------------------------------    ----------------------------------

                         (clock clk_hbm_ref rise edge)
                                                     10.000    10.000 r                 
    BJ4                                               0.000    10.000 r  static         <hidden>
                         net (fo=0)                   0.079    10.079    static         WRAPPER/IO_SHIM/IBUFDS_CLK_125/I
    HPIOBDIFFINBUF_X0Y130.DIFF_IN_P
                                                                      r  static         WRAPPER/IO_SHIM/IBUFDS_CLK_125/DIFFINBUF_INST/DIFF_IN_P
    HPIOBDIFFINBUF_X0Y130.O
                         DIFFINBUF (Prop_DIFFINBUF_HPIOBDIFFINBUF_DIFF_IN_P_O)
                                                      0.750    10.829 r  static         WRAPPER/IO_SHIM/IBUFDS_CLK_125/DIFFINBUF_INST/O
                         net (fo=1, routed)           0.040    10.869    static         WRAPPER/IO_SHIM/IBUFDS_CLK_125/OUT
    BJ4.I                                                             r  static         WRAPPER/IO_SHIM/IBUFDS_CLK_125/IBUFCTRL_INST/I
    BJ4.O                IBUFCTRL (Prop_IBUFCTRL_HPIOB_M_I_O)
                                                      0.000    10.869 r  static         WRAPPER/IO_SHIM/IBUFDS_CLK_125/IBUFCTRL_INST/O
                         net (fo=1, routed)           0.309    11.178    static         <hidden>
    BUFGCE_X0Y122.I                                                   r  static         <hidden>
    BUFGCE_X0Y122.O      BUFGCE (Prop_BUFCE_BUFGCE_I_O)
                                                      0.024    11.202 r  static         <hidden>
                         net (fo=3, routed)           1.624    12.826    static         <hidden>
    SLR Crossing[1->0]   
    MMCM_X0Y2.CLKIN1                                                  r  static         <hidden>
    MMCM_X0Y2.CLKOUT0    MMCME4_ADV (Prop_MMCM_CLKIN1_CLKOUT0)
                                                      0.630    13.456 r  static         <hidden>
                         net (fo=2, routed)           0.216    13.672    static         <hidden>
    BUFGCE_X0Y65.I                                                    r  static         <hidden>
    BUFGCE_X0Y65.O       BUFGCE (Prop_BUFCE_BUFGCE_I_O)
                                                      0.024    13.696 r  static         <hidden>
    X3Y5 (CLOCK_ROOT)    net (fo=232, routed)         2.813    16.509    static         <hidden>
    SLICE_X180Y168.CLK   FDRE                                         r  static         <hidden>
                         clock pessimism             -0.115    16.394                     
                         clock uncertainty           -0.094    16.300                     
    SLICE_X180Y168       FDRE (Setup_GFF2_SLICEM_C_D)
                                                      0.025    16.325    static           <hidden>
  -------------------------------------------------------------------
                         required time                         16.325                     
                         arrival time                          -7.545                     
  -------------------------------------------------------------------
                         slack                                  8.779                     

Slack (MET) :             9.029ns  (required time - arrival time)
  Source:                 <hidden>
                            (rising edge-triggered cell FDCE clocked by clk_hbm_ref  {rise@0.000ns fall@5.000ns period=10.000ns})
  Destination:            <hidden>
                            (rising edge-triggered cell FDRE clocked by clk_hbm_ref  {rise@0.000ns fall@5.000ns period=10.000ns})
  Path Group:             clk_hbm_ref
  Path Type:              Setup (Max at Slow Process Corner)
  Requirement:            10.000ns  (clk_hbm_ref rise@10.000ns - clk_hbm_ref rise@0.000ns)
  Data Path Delay:        0.832ns  (logic 0.078ns (9.370%)  route 0.754ns (90.630%))
  Logic Levels:           0  
  Clock Path Skew:        -0.070ns (DCD - SCD + CPR)
    Destination Clock Delay (DCD):    6.509ns = ( 16.509 - 10.000 ) 
    Source Clock Delay      (SCD):    6.464ns
    Clock Pessimism Removal (CPR):    -0.115ns
  Clock Uncertainty:      0.094ns  ((TSJ^2 + DJ^2)^1/2) / 2 + PE
    Total System Jitter     (TSJ):    0.071ns
    Discrete Jitter          (DJ):    0.175ns
    Phase Error              (PE):    0.000ns
  Clock Net Delay (Source):      3.118ns (routing 1.109ns, distribution 2.009ns)
  Clock Net Delay (Destination): 2.813ns (routing 1.008ns, distribution 1.805ns)

    Location             Delay type                Incr(ns)  Path(ns)    Partition      Netlist Resource(s)
  -------------------------------------------------------------------    ----------------------------------
                         (clock clk_hbm_ref rise edge)
                                                      0.000     0.000 r                 
    BJ4                                               0.000     0.000 r  static         <hidden>
                         net (fo=0)                   0.100     0.100    static         WRAPPER/IO_SHIM/IBUFDS_CLK_125/I
    HPIOBDIFFINBUF_X0Y130.DIFF_IN_P
                                                                      r  static         WRAPPER/IO_SHIM/IBUFDS_CLK_125/DIFFINBUF_INST/DIFF_IN_P
    HPIOBDIFFINBUF_X0Y130.O
                         DIFFINBUF (Prop_DIFFINBUF_HPIOBDIFFINBUF_DIFF_IN_P_O)
                                                      0.863     0.963 r  static         WRAPPER/IO_SHIM/IBUFDS_CLK_125/DIFFINBUF_INST/O
                         net (fo=1, routed)           0.050     1.013    static         WRAPPER/IO_SHIM/IBUFDS_CLK_125/OUT
    BJ4.I                                                             r  static         WRAPPER/IO_SHIM/IBUFDS_CLK_125/IBUFCTRL_INST/I
    BJ4.O                IBUFCTRL (Prop_IBUFCTRL_HPIOB_M_I_O)
                                                      0.000     1.013 r  static         WRAPPER/IO_SHIM/IBUFDS_CLK_125/IBUFCTRL_INST/O
                         net (fo=1, routed)           0.348     1.361    static         <hidden>
    BUFGCE_X0Y122.I                                                   r  static         <hidden>
    BUFGCE_X0Y122.O      BUFGCE (Prop_BUFCE_BUFGCE_I_O)
                                                      0.028     1.389 r  static         <hidden>
                         net (fo=3, routed)           1.811     3.200    static         <hidden>
    SLR Crossing[1->0]   
    MMCM_X0Y2.CLKIN1                                                  r  static         <hidden>
    MMCM_X0Y2.CLKOUT0    MMCME4_ADV (Prop_MMCM_CLKIN1_CLKOUT0)
                                                     -0.127     3.073 r  static         <hidden>
                         net (fo=2, routed)           0.245     3.318    static         <hidden>
    BUFGCE_X0Y65.I                                                    r  static         <hidden>
    BUFGCE_X0Y65.O       BUFGCE (Prop_BUFCE_BUFGCE_I_O)
                                                      0.028     3.346 r  static         <hidden>
    X3Y5 (CLOCK_ROOT)    net (fo=232, routed)         3.118     6.464    static         <hidden>
    SLICE_X176Y171.CLK   FDCE                                         r  static         <hidden>
  -------------------------------------------------------------------    ----------------------------------
    SLICE_X176Y171.Q     FDCE (Prop_DFF_SLICEM_C_Q)
                                                      0.078     6.542 r  static         <hidden>
                         net (fo=1, routed)           0.754     7.296    static         <hidden>
    SLICE_X180Y168.D     FDRE                                         r  static         <hidden>
  -------------------------------------------------------------------    ----------------------------------

                         (clock clk_hbm_ref rise edge)
                                                     10.000    10.000 r                 
    BJ4                                               0.000    10.000 r  static         <hidden>
                         net (fo=0)                   0.079    10.079    static         WRAPPER/IO_SHIM/IBUFDS_CLK_125/I
    HPIOBDIFFINBUF_X0Y130.DIFF_IN_P
                                                                      r  static         WRAPPER/IO_SHIM/IBUFDS_CLK_125/DIFFINBUF_INST/DIFF_IN_P
    HPIOBDIFFINBUF_X0Y130.O
                         DIFFINBUF (Prop_DIFFINBUF_HPIOBDIFFINBUF_DIFF_IN_P_O)
                                                      0.750    10.829 r  static         WRAPPER/IO_SHIM/IBUFDS_CLK_125/DIFFINBUF_INST/O
                         net (fo=1, routed)           0.040    10.869    static         WRAPPER/IO_SHIM/IBUFDS_CLK_125/OUT
    BJ4.I                                                             r  static         WRAPPER/IO_SHIM/IBUFDS_CLK_125/IBUFCTRL_INST/I
    BJ4.O                IBUFCTRL (Prop_IBUFCTRL_HPIOB_M_I_O)
                                                      0.000    10.869 r  static         WRAPPER/IO_SHIM/IBUFDS_CLK_125/IBUFCTRL_INST/O
                         net (fo=1, routed)           0.309    11.178    static         <hidden>
    BUFGCE_X0Y122.I                                                   r  static         <hidden>
    BUFGCE_X0Y122.O      BUFGCE (Prop_BUFCE_BUFGCE_I_O)
                                                      0.024    11.202 r  static         <hidden>
                         net (fo=3, routed)           1.624    12.826    static         <hidden>
    SLR Crossing[1->0]   
    MMCM_X0Y2.CLKIN1                                                  r  static         <hidden>
    MMCM_X0Y2.CLKOUT0    MMCME4_ADV (Prop_MMCM_CLKIN1_CLKOUT0)
                                                      0.630    13.456 r  static         <hidden>
                         net (fo=2, routed)           0.216    13.672    static         <hidden>
    BUFGCE_X0Y65.I                                                    r  static         <hidden>
    BUFGCE_X0Y65.O       BUFGCE (Prop_BUFCE_BUFGCE_I_O)
                                                      0.024    13.696 r  static         <hidden>
    X3Y5 (CLOCK_ROOT)    net (fo=232, routed)         2.813    16.509    static         <hidden>
    SLICE_X180Y168.CLK   FDRE                                         r  static         <hidden>
                         clock pessimism             -0.115    16.394                     
                         clock uncertainty           -0.094    16.300                     
    SLICE_X180Y168       FDRE (Setup_EFF2_SLICEM_C_D)
                                                      0.025    16.325    static           <hidden>
  -------------------------------------------------------------------
                         required time                         16.325                     
                         arrival time                          -7.296                     
  -------------------------------------------------------------------
                         slack                                  9.029                     

Slack (MET) :             9.053ns  (required time - arrival time)
  Source:                 <hidden>
                            (rising edge-triggered cell FDCE clocked by clk_hbm_ref  {rise@0.000ns fall@5.000ns period=10.000ns})
  Destination:            <hidden>
                            (rising edge-triggered cell FDRE clocked by clk_hbm_ref  {rise@0.000ns fall@5.000ns period=10.000ns})
  Path Group:             clk_hbm_ref
  Path Type:              Setup (Max at Slow Process Corner)
  Requirement:            10.000ns  (clk_hbm_ref rise@10.000ns - clk_hbm_ref rise@0.000ns)
  Data Path Delay:        0.812ns  (logic 0.079ns (9.730%)  route 0.733ns (90.270%))
  Logic Levels:           0  
  Clock Path Skew:        -0.066ns (DCD - SCD + CPR)
    Destination Clock Delay (DCD):    6.492ns = ( 16.492 - 10.000 ) 
    Source Clock Delay      (SCD):    6.443ns
    Clock Pessimism Removal (CPR):    -0.115ns
  Clock Uncertainty:      0.094ns  ((TSJ^2 + DJ^2)^1/2) / 2 + PE
    Total System Jitter     (TSJ):    0.071ns
    Discrete Jitter          (DJ):    0.175ns
    Phase Error              (PE):    0.000ns
  Clock Net Delay (Source):      3.097ns (routing 1.109ns, distribution 1.988ns)
  Clock Net Delay (Destination): 2.796ns (routing 1.008ns, distribution 1.788ns)

    Location             Delay type                Incr(ns)  Path(ns)    Partition      Netlist Resource(s)
  -------------------------------------------------------------------    ----------------------------------
                         (clock clk_hbm_ref rise edge)
                                                      0.000     0.000 r                 
    BJ4                                               0.000     0.000 r  static         <hidden>
                         net (fo=0)                   0.100     0.100    static         WRAPPER/IO_SHIM/IBUFDS_CLK_125/I
    HPIOBDIFFINBUF_X0Y130.DIFF_IN_P
                                                                      r  static         WRAPPER/IO_SHIM/IBUFDS_CLK_125/DIFFINBUF_INST/DIFF_IN_P
    HPIOBDIFFINBUF_X0Y130.O
                         DIFFINBUF (Prop_DIFFINBUF_HPIOBDIFFINBUF_DIFF_IN_P_O)
                                                      0.863     0.963 r  static         WRAPPER/IO_SHIM/IBUFDS_CLK_125/DIFFINBUF_INST/O
                         net (fo=1, routed)           0.050     1.013    static         WRAPPER/IO_SHIM/IBUFDS_CLK_125/OUT
    BJ4.I                                                             r  static         WRAPPER/IO_SHIM/IBUFDS_CLK_125/IBUFCTRL_INST/I
    BJ4.O                IBUFCTRL (Prop_IBUFCTRL_HPIOB_M_I_O)
                                                      0.000     1.013 r  static         WRAPPER/IO_SHIM/IBUFDS_CLK_125/IBUFCTRL_INST/O
                         net (fo=1, routed)           0.348     1.361    static         <hidden>
    BUFGCE_X0Y122.I                                                   r  static         <hidden>
    BUFGCE_X0Y122.O      BUFGCE (Prop_BUFCE_BUFGCE_I_O)
                                                      0.028     1.389 r  static         <hidden>
                         net (fo=3, routed)           1.811     3.200    static         <hidden>
    SLR Crossing[1->0]   
    MMCM_X0Y2.CLKIN1                                                  r  static         <hidden>
    MMCM_X0Y2.CLKOUT0    MMCME4_ADV (Prop_MMCM_CLKIN1_CLKOUT0)
                                                     -0.127     3.073 r  static         <hidden>
                         net (fo=2, routed)           0.245     3.318    static         <hidden>
    BUFGCE_X0Y65.I                                                    r  static         <hidden>
    BUFGCE_X0Y65.O       BUFGCE (Prop_BUFCE_BUFGCE_I_O)
                                                      0.028     3.346 r  static         <hidden>
    X3Y5 (CLOCK_ROOT)    net (fo=232, routed)         3.097     6.443    static         <hidden>
    SLICE_X176Y152.CLK   FDCE                                         r  static         <hidden>
  -------------------------------------------------------------------    ----------------------------------
    SLICE_X176Y152.Q     FDCE (Prop_FFF2_SLICEM_C_Q)
                                                      0.079     6.522 r  static         <hidden>
                         net (fo=1, routed)           0.733     7.254    static         <hidden>
    SLICE_X178Y145.D     FDRE                                         r  static         <hidden>
  -------------------------------------------------------------------    ----------------------------------

                         (clock clk_hbm_ref rise edge)
                                                     10.000    10.000 r                 
    BJ4                                               0.000    10.000 r  static         <hidden>
                         net (fo=0)                   0.079    10.079    static         WRAPPER/IO_SHIM/IBUFDS_CLK_125/I
    HPIOBDIFFINBUF_X0Y130.DIFF_IN_P
                                                                      r  static         WRAPPER/IO_SHIM/IBUFDS_CLK_125/DIFFINBUF_INST/DIFF_IN_P
    HPIOBDIFFINBUF_X0Y130.O
                         DIFFINBUF (Prop_DIFFINBUF_HPIOBDIFFINBUF_DIFF_IN_P_O)
                                                      0.750    10.829 r  static         WRAPPER/IO_SHIM/IBUFDS_CLK_125/DIFFINBUF_INST/O
                         net (fo=1, routed)           0.040    10.869    static         WRAPPER/IO_SHIM/IBUFDS_CLK_125/OUT
    BJ4.I                                                             r  static         WRAPPER/IO_SHIM/IBUFDS_CLK_125/IBUFCTRL_INST/I
    BJ4.O                IBUFCTRL (Prop_IBUFCTRL_HPIOB_M_I_O)
                                                      0.000    10.869 r  static         WRAPPER/IO_SHIM/IBUFDS_CLK_125/IBUFCTRL_INST/O
                         net (fo=1, routed)           0.309    11.178    static         <hidden>
    BUFGCE_X0Y122.I                                                   r  static         <hidden>
    BUFGCE_X0Y122.O      BUFGCE (Prop_BUFCE_BUFGCE_I_O)
                                                      0.024    11.202 r  static         <hidden>
                         net (fo=3, routed)           1.624    12.826    static         <hidden>
    SLR Crossing[1->0]   
    MMCM_X0Y2.CLKIN1                                                  r  static         <hidden>
    MMCM_X0Y2.CLKOUT0    MMCME4_ADV (Prop_MMCM_CLKIN1_CLKOUT0)
                                                      0.630    13.456 r  static         <hidden>
                         net (fo=2, routed)           0.216    13.672    static         <hidden>
    BUFGCE_X0Y65.I                                                    r  static         <hidden>
    BUFGCE_X0Y65.O       BUFGCE (Prop_BUFCE_BUFGCE_I_O)
                                                      0.024    13.696 r  static         <hidden>
    X3Y5 (CLOCK_ROOT)    net (fo=232, routed)         2.796    16.492    static         <hidden>
    SLICE_X178Y145.CLK   FDRE                                         r  static         <hidden>
                         clock pessimism             -0.115    16.377                     
                         clock uncertainty           -0.094    16.283                     
    SLICE_X178Y145       FDRE (Setup_EFF_SLICEL_C_D)
                                                      0.025    16.308    static           <hidden>
  -------------------------------------------------------------------
                         required time                         16.308                     
                         arrival time                          -7.254                     
  -------------------------------------------------------------------
                         slack                                  9.053                     

Slack (MET) :             9.056ns  (required time - arrival time)
  Source:                 <hidden>
                            (rising edge-triggered cell FDCE clocked by clk_hbm_ref  {rise@0.000ns fall@5.000ns period=10.000ns})
  Destination:            <hidden>
                            (rising edge-triggered cell FDRE clocked by clk_hbm_ref  {rise@0.000ns fall@5.000ns period=10.000ns})
  Path Group:             clk_hbm_ref
  Path Type:              Setup (Max at Slow Process Corner)
  Requirement:            10.000ns  (clk_hbm_ref rise@10.000ns - clk_hbm_ref rise@0.000ns)
  Data Path Delay:        0.813ns  (logic 0.079ns (9.712%)  route 0.734ns (90.288%))
  Logic Levels:           0  
  Clock Path Skew:        -0.061ns (DCD - SCD + CPR)
    Destination Clock Delay (DCD):    6.515ns = ( 16.515 - 10.000 ) 
    Source Clock Delay      (SCD):    6.461ns
    Clock Pessimism Removal (CPR):    -0.115ns
  Clock Uncertainty:      0.094ns  ((TSJ^2 + DJ^2)^1/2) / 2 + PE
    Total System Jitter     (TSJ):    0.071ns
    Discrete Jitter          (DJ):    0.175ns
    Phase Error              (PE):    0.000ns
  Clock Net Delay (Source):      3.115ns (routing 1.109ns, distribution 2.006ns)
  Clock Net Delay (Destination): 2.819ns (routing 1.008ns, distribution 1.811ns)

    Location             Delay type                Incr(ns)  Path(ns)    Partition      Netlist Resource(s)
  -------------------------------------------------------------------    ----------------------------------
                         (clock clk_hbm_ref rise edge)
                                                      0.000     0.000 r                 
    BJ4                                               0.000     0.000 r  static         <hidden>
                         net (fo=0)                   0.100     0.100    static         WRAPPER/IO_SHIM/IBUFDS_CLK_125/I
    HPIOBDIFFINBUF_X0Y130.DIFF_IN_P
                                                                      r  static         WRAPPER/IO_SHIM/IBUFDS_CLK_125/DIFFINBUF_INST/DIFF_IN_P
    HPIOBDIFFINBUF_X0Y130.O
                         DIFFINBUF (Prop_DIFFINBUF_HPIOBDIFFINBUF_DIFF_IN_P_O)
                                                      0.863     0.963 r  static         WRAPPER/IO_SHIM/IBUFDS_CLK_125/DIFFINBUF_INST/O
                         net (fo=1, routed)           0.050     1.013    static         WRAPPER/IO_SHIM/IBUFDS_CLK_125/OUT
    BJ4.I                                                             r  static         WRAPPER/IO_SHIM/IBUFDS_CLK_125/IBUFCTRL_INST/I
    BJ4.O                IBUFCTRL (Prop_IBUFCTRL_HPIOB_M_I_O)
                                                      0.000     1.013 r  static         WRAPPER/IO_SHIM/IBUFDS_CLK_125/IBUFCTRL_INST/O
                         net (fo=1, routed)           0.348     1.361    static         <hidden>
    BUFGCE_X0Y122.I                                                   r  static         <hidden>
    BUFGCE_X0Y122.O      BUFGCE (Prop_BUFCE_BUFGCE_I_O)
                                                      0.028     1.389 r  static         <hidden>
                         net (fo=3, routed)           1.811     3.200    static         <hidden>
    SLR Crossing[1->0]   
    MMCM_X0Y2.CLKIN1                                                  r  static         <hidden>
    MMCM_X0Y2.CLKOUT0    MMCME4_ADV (Prop_MMCM_CLKIN1_CLKOUT0)
                                                     -0.127     3.073 r  static         <hidden>
                         net (fo=2, routed)           0.245     3.318    static         <hidden>
    BUFGCE_X0Y65.I                                                    r  static         <hidden>
    BUFGCE_X0Y65.O       BUFGCE (Prop_BUFCE_BUFGCE_I_O)
                                                      0.028     3.346 r  static         <hidden>
    X3Y5 (CLOCK_ROOT)    net (fo=232, routed)         3.115     6.461    static         <hidden>
    SLICE_X176Y169.CLK   FDCE                                         r  static         <hidden>
  -------------------------------------------------------------------    ----------------------------------
    SLICE_X176Y169.Q     FDCE (Prop_EFF2_SLICEM_C_Q)
                                                      0.079     6.540 r  static         <hidden>
                         net (fo=1, routed)           0.734     7.274    static         <hidden>
    SLICE_X180Y169.D     FDRE                                         r  static         <hidden>
  -------------------------------------------------------------------    ----------------------------------

                         (clock clk_hbm_ref rise edge)
                                                     10.000    10.000 r                 
    BJ4                                               0.000    10.000 r  static         <hidden>
                         net (fo=0)                   0.079    10.079    static         WRAPPER/IO_SHIM/IBUFDS_CLK_125/I
    HPIOBDIFFINBUF_X0Y130.DIFF_IN_P
                                                                      r  static         WRAPPER/IO_SHIM/IBUFDS_CLK_125/DIFFINBUF_INST/DIFF_IN_P
    HPIOBDIFFINBUF_X0Y130.O
                         DIFFINBUF (Prop_DIFFINBUF_HPIOBDIFFINBUF_DIFF_IN_P_O)
                                                      0.750    10.829 r  static         WRAPPER/IO_SHIM/IBUFDS_CLK_125/DIFFINBUF_INST/O
                         net (fo=1, routed)           0.040    10.869    static         WRAPPER/IO_SHIM/IBUFDS_CLK_125/OUT
    BJ4.I                                                             r  static         WRAPPER/IO_SHIM/IBUFDS_CLK_125/IBUFCTRL_INST/I
    BJ4.O                IBUFCTRL (Prop_IBUFCTRL_HPIOB_M_I_O)
                                                      0.000    10.869 r  static         WRAPPER/IO_SHIM/IBUFDS_CLK_125/IBUFCTRL_INST/O
                         net (fo=1, routed)           0.309    11.178    static         <hidden>
    BUFGCE_X0Y122.I                                                   r  static         <hidden>
    BUFGCE_X0Y122.O      BUFGCE (Prop_BUFCE_BUFGCE_I_O)
                                                      0.024    11.202 r  static         <hidden>
                         net (fo=3, routed)           1.624    12.826    static         <hidden>
    SLR Crossing[1->0]   
    MMCM_X0Y2.CLKIN1                                                  r  static         <hidden>
    MMCM_X0Y2.CLKOUT0    MMCME4_ADV (Prop_MMCM_CLKIN1_CLKOUT0)
                                                      0.630    13.456 r  static         <hidden>
                         net (fo=2, routed)           0.216    13.672    static         <hidden>
    BUFGCE_X0Y65.I                                                    r  static         <hidden>
    BUFGCE_X0Y65.O       BUFGCE (Prop_BUFCE_BUFGCE_I_O)
                                                      0.024    13.696 r  static         <hidden>
    X3Y5 (CLOCK_ROOT)    net (fo=232, routed)         2.819    16.515    static         <hidden>
    SLICE_X180Y169.CLK   FDRE                                         r  static         <hidden>
                         clock pessimism             -0.115    16.400                     
                         clock uncertainty           -0.094    16.305                     
    SLICE_X180Y169       FDRE (Setup_FFF2_SLICEM_C_D)
                                                      0.025    16.330    static           <hidden>
  -------------------------------------------------------------------
                         required time                         16.330                     
                         arrival time                          -7.274                     
  -------------------------------------------------------------------
                         slack                                  9.056                     

Slack (MET) :             9.075ns  (required time - arrival time)
  Source:                 <hidden>
                            (rising edge-triggered cell FDCE clocked by clk_hbm_ref  {rise@0.000ns fall@5.000ns period=10.000ns})
  Destination:            <hidden>
                            (rising edge-triggered cell FDRE clocked by clk_hbm_ref  {rise@0.000ns fall@5.000ns period=10.000ns})
  Path Group:             clk_hbm_ref
  Path Type:              Setup (Max at Slow Process Corner)
  Requirement:            10.000ns  (clk_hbm_ref rise@10.000ns - clk_hbm_ref rise@0.000ns)
  Data Path Delay:        0.788ns  (logic 0.076ns (9.644%)  route 0.712ns (90.356%))
  Logic Levels:           0  
  Clock Path Skew:        -0.068ns (DCD - SCD + CPR)
    Destination Clock Delay (DCD):    6.492ns = ( 16.492 - 10.000 ) 
    Source Clock Delay      (SCD):    6.445ns
    Clock Pessimism Removal (CPR):    -0.115ns
  Clock Uncertainty:      0.094ns  ((TSJ^2 + DJ^2)^1/2) / 2 + PE
    Total System Jitter     (TSJ):    0.071ns
    Discrete Jitter          (DJ):    0.175ns
    Phase Error              (PE):    0.000ns
  Clock Net Delay (Source):      3.099ns (routing 1.109ns, distribution 1.990ns)
  Clock Net Delay (Destination): 2.796ns (routing 1.008ns, distribution 1.788ns)

    Location             Delay type                Incr(ns)  Path(ns)    Partition      Netlist Resource(s)
  -------------------------------------------------------------------    ----------------------------------
                         (clock clk_hbm_ref rise edge)
                                                      0.000     0.000 r                 
    BJ4                                               0.000     0.000 r  static         <hidden>
                         net (fo=0)                   0.100     0.100    static         WRAPPER/IO_SHIM/IBUFDS_CLK_125/I
    HPIOBDIFFINBUF_X0Y130.DIFF_IN_P
                                                                      r  static         WRAPPER/IO_SHIM/IBUFDS_CLK_125/DIFFINBUF_INST/DIFF_IN_P
    HPIOBDIFFINBUF_X0Y130.O
                         DIFFINBUF (Prop_DIFFINBUF_HPIOBDIFFINBUF_DIFF_IN_P_O)
                                                      0.863     0.963 r  static         WRAPPER/IO_SHIM/IBUFDS_CLK_125/DIFFINBUF_INST/O
                         net (fo=1, routed)           0.050     1.013    static         WRAPPER/IO_SHIM/IBUFDS_CLK_125/OUT
    BJ4.I                                                             r  static         WRAPPER/IO_SHIM/IBUFDS_CLK_125/IBUFCTRL_INST/I
    BJ4.O                IBUFCTRL (Prop_IBUFCTRL_HPIOB_M_I_O)
                                                      0.000     1.013 r  static         WRAPPER/IO_SHIM/IBUFDS_CLK_125/IBUFCTRL_INST/O
                         net (fo=1, routed)           0.348     1.361    static         <hidden>
    BUFGCE_X0Y122.I                                                   r  static         <hidden>
    BUFGCE_X0Y122.O      BUFGCE (Prop_BUFCE_BUFGCE_I_O)
                                                      0.028     1.389 r  static         <hidden>
                         net (fo=3, routed)           1.811     3.200    static         <hidden>
    SLR Crossing[1->0]   
    MMCM_X0Y2.CLKIN1                                                  r  static         <hidden>
    MMCM_X0Y2.CLKOUT0    MMCME4_ADV (Prop_MMCM_CLKIN1_CLKOUT0)
                                                     -0.127     3.073 r  static         <hidden>
                         net (fo=2, routed)           0.245     3.318    static         <hidden>
    BUFGCE_X0Y65.I                                                    r  static         <hidden>
    BUFGCE_X0Y65.O       BUFGCE (Prop_BUFCE_BUFGCE_I_O)
                                                      0.028     3.346 r  static         <hidden>
    X3Y5 (CLOCK_ROOT)    net (fo=232, routed)         3.099     6.445    static         <hidden>
    SLICE_X176Y145.CLK   FDCE                                         r  static         <hidden>
  -------------------------------------------------------------------    ----------------------------------
    SLICE_X176Y145.Q     FDCE (Prop_EFF_SLICEM_C_Q)
                                                      0.076     6.521 r  static         <hidden>
                         net (fo=1, routed)           0.712     7.233    static         <hidden>
    SLICE_X178Y145.D     FDRE                                         r  static         <hidden>
  -------------------------------------------------------------------    ----------------------------------

                         (clock clk_hbm_ref rise edge)
                                                     10.000    10.000 r                 
    BJ4                                               0.000    10.000 r  static         <hidden>
                         net (fo=0)                   0.079    10.079    static         WRAPPER/IO_SHIM/IBUFDS_CLK_125/I
    HPIOBDIFFINBUF_X0Y130.DIFF_IN_P
                                                                      r  static         WRAPPER/IO_SHIM/IBUFDS_CLK_125/DIFFINBUF_INST/DIFF_IN_P
    HPIOBDIFFINBUF_X0Y130.O
                         DIFFINBUF (Prop_DIFFINBUF_HPIOBDIFFINBUF_DIFF_IN_P_O)
                                                      0.750    10.829 r  static         WRAPPER/IO_SHIM/IBUFDS_CLK_125/DIFFINBUF_INST/O
                         net (fo=1, routed)           0.040    10.869    static         WRAPPER/IO_SHIM/IBUFDS_CLK_125/OUT
    BJ4.I                                                             r  static         WRAPPER/IO_SHIM/IBUFDS_CLK_125/IBUFCTRL_INST/I
    BJ4.O                IBUFCTRL (Prop_IBUFCTRL_HPIOB_M_I_O)
                                                      0.000    10.869 r  static         WRAPPER/IO_SHIM/IBUFDS_CLK_125/IBUFCTRL_INST/O
                         net (fo=1, routed)           0.309    11.178    static         <hidden>
    BUFGCE_X0Y122.I                                                   r  static         <hidden>
    BUFGCE_X0Y122.O      BUFGCE (Prop_BUFCE_BUFGCE_I_O)
                                                      0.024    11.202 r  static         <hidden>
                         net (fo=3, routed)           1.624    12.826    static         <hidden>
    SLR Crossing[1->0]   
    MMCM_X0Y2.CLKIN1                                                  r  static         <hidden>
    MMCM_X0Y2.CLKOUT0    MMCME4_ADV (Prop_MMCM_CLKIN1_CLKOUT0)
                                                      0.630    13.456 r  static         <hidden>
                         net (fo=2, routed)           0.216    13.672    static         <hidden>
    BUFGCE_X0Y65.I                                                    r  static         <hidden>
    BUFGCE_X0Y65.O       BUFGCE (Prop_BUFCE_BUFGCE_I_O)
                                                      0.024    13.696 r  static         <hidden>
    X3Y5 (CLOCK_ROOT)    net (fo=232, routed)         2.796    16.492    static         <hidden>
    SLICE_X178Y145.CLK   FDRE                                         r  static         <hidden>
                         clock pessimism             -0.115    16.377                     
                         clock uncertainty           -0.094    16.283                     
    SLICE_X178Y145       FDRE (Setup_FFF2_SLICEL_C_D)
                                                      0.025    16.308    static           <hidden>
  -------------------------------------------------------------------
                         required time                         16.308                     
                         arrival time                          -7.233                     
  -------------------------------------------------------------------
                         slack                                  9.075                     

Slack (MET) :             9.089ns  (required time - arrival time)
  Source:                 <hidden>
                            (rising edge-triggered cell FDCE clocked by clk_hbm_ref  {rise@0.000ns fall@5.000ns period=10.000ns})
  Destination:            <hidden>
                            (rising edge-triggered cell FDRE clocked by clk_hbm_ref  {rise@0.000ns fall@5.000ns period=10.000ns})
  Path Group:             clk_hbm_ref
  Path Type:              Setup (Max at Slow Process Corner)
  Requirement:            10.000ns  (clk_hbm_ref rise@10.000ns - clk_hbm_ref rise@0.000ns)
  Data Path Delay:        0.758ns  (logic 0.076ns (10.023%)  route 0.682ns (89.977%))
  Logic Levels:           0  
  Clock Path Skew:        -0.084ns (DCD - SCD + CPR)
    Destination Clock Delay (DCD):    6.490ns = ( 16.490 - 10.000 ) 
    Source Clock Delay      (SCD):    6.459ns
    Clock Pessimism Removal (CPR):    -0.115ns
  Clock Uncertainty:      0.094ns  ((TSJ^2 + DJ^2)^1/2) / 2 + PE
    Total System Jitter     (TSJ):    0.071ns
    Discrete Jitter          (DJ):    0.175ns
    Phase Error              (PE):    0.000ns
  Clock Net Delay (Source):      3.113ns (routing 1.109ns, distribution 2.004ns)
  Clock Net Delay (Destination): 2.794ns (routing 1.008ns, distribution 1.786ns)

    Location             Delay type                Incr(ns)  Path(ns)    Partition      Netlist Resource(s)
  -------------------------------------------------------------------    ----------------------------------
                         (clock clk_hbm_ref rise edge)
                                                      0.000     0.000 r                 
    BJ4                                               0.000     0.000 r  static         <hidden>
                         net (fo=0)                   0.100     0.100    static         WRAPPER/IO_SHIM/IBUFDS_CLK_125/I
    HPIOBDIFFINBUF_X0Y130.DIFF_IN_P
                                                                      r  static         WRAPPER/IO_SHIM/IBUFDS_CLK_125/DIFFINBUF_INST/DIFF_IN_P
    HPIOBDIFFINBUF_X0Y130.O
                         DIFFINBUF (Prop_DIFFINBUF_HPIOBDIFFINBUF_DIFF_IN_P_O)
                                                      0.863     0.963 r  static         WRAPPER/IO_SHIM/IBUFDS_CLK_125/DIFFINBUF_INST/O
                         net (fo=1, routed)           0.050     1.013    static         WRAPPER/IO_SHIM/IBUFDS_CLK_125/OUT
    BJ4.I                                                             r  static         WRAPPER/IO_SHIM/IBUFDS_CLK_125/IBUFCTRL_INST/I
    BJ4.O                IBUFCTRL (Prop_IBUFCTRL_HPIOB_M_I_O)
                                                      0.000     1.013 r  static         WRAPPER/IO_SHIM/IBUFDS_CLK_125/IBUFCTRL_INST/O
                         net (fo=1, routed)           0.348     1.361    static         <hidden>
    BUFGCE_X0Y122.I                                                   r  static         <hidden>
    BUFGCE_X0Y122.O      BUFGCE (Prop_BUFCE_BUFGCE_I_O)
                                                      0.028     1.389 r  static         <hidden>
                         net (fo=3, routed)           1.811     3.200    static         <hidden>
    SLR Crossing[1->0]   
    MMCM_X0Y2.CLKIN1                                                  r  static         <hidden>
    MMCM_X0Y2.CLKOUT0    MMCME4_ADV (Prop_MMCM_CLKIN1_CLKOUT0)
                                                     -0.127     3.073 r  static         <hidden>
                         net (fo=2, routed)           0.245     3.318    static         <hidden>
    BUFGCE_X0Y65.I                                                    r  static         <hidden>
    BUFGCE_X0Y65.O       BUFGCE (Prop_BUFCE_BUFGCE_I_O)
                                                      0.028     3.346 r  static         <hidden>
    X3Y5 (CLOCK_ROOT)    net (fo=232, routed)         3.113     6.459    static         <hidden>
    SLICE_X176Y143.CLK   FDCE                                         r  static         <hidden>
  -------------------------------------------------------------------    ----------------------------------
    SLICE_X176Y143.Q     FDCE (Prop_FFF_SLICEM_C_Q)
                                                      0.076     6.535 r  static         <hidden>
                         net (fo=1, routed)           0.682     7.217    static         <hidden>
    SLICE_X178Y145.D     FDRE                                         r  static         <hidden>
  -------------------------------------------------------------------    ----------------------------------

                         (clock clk_hbm_ref rise edge)
                                                     10.000    10.000 r                 
    BJ4                                               0.000    10.000 r  static         <hidden>
                         net (fo=0)                   0.079    10.079    static         WRAPPER/IO_SHIM/IBUFDS_CLK_125/I
    HPIOBDIFFINBUF_X0Y130.DIFF_IN_P
                                                                      r  static         WRAPPER/IO_SHIM/IBUFDS_CLK_125/DIFFINBUF_INST/DIFF_IN_P
    HPIOBDIFFINBUF_X0Y130.O
                         DIFFINBUF (Prop_DIFFINBUF_HPIOBDIFFINBUF_DIFF_IN_P_O)
                                                      0.750    10.829 r  static         WRAPPER/IO_SHIM/IBUFDS_CLK_125/DIFFINBUF_INST/O
                         net (fo=1, routed)           0.040    10.869    static         WRAPPER/IO_SHIM/IBUFDS_CLK_125/OUT
    BJ4.I                                                             r  static         WRAPPER/IO_SHIM/IBUFDS_CLK_125/IBUFCTRL_INST/I
    BJ4.O                IBUFCTRL (Prop_IBUFCTRL_HPIOB_M_I_O)
                                                      0.000    10.869 r  static         WRAPPER/IO_SHIM/IBUFDS_CLK_125/IBUFCTRL_INST/O
                         net (fo=1, routed)           0.309    11.178    static         <hidden>
    BUFGCE_X0Y122.I                                                   r  static         <hidden>
    BUFGCE_X0Y122.O      BUFGCE (Prop_BUFCE_BUFGCE_I_O)
                                                      0.024    11.202 r  static         <hidden>
                         net (fo=3, routed)           1.624    12.826    static         <hidden>
    SLR Crossing[1->0]   
    MMCM_X0Y2.CLKIN1                                                  r  static         <hidden>
    MMCM_X0Y2.CLKOUT0    MMCME4_ADV (Prop_MMCM_CLKIN1_CLKOUT0)
                                                      0.630    13.456 r  static         <hidden>
                         net (fo=2, routed)           0.216    13.672    static         <hidden>
    BUFGCE_X0Y65.I                                                    r  static         <hidden>
    BUFGCE_X0Y65.O       BUFGCE (Prop_BUFCE_BUFGCE_I_O)
                                                      0.024    13.696 r  static         <hidden>
    X3Y5 (CLOCK_ROOT)    net (fo=232, routed)         2.794    16.490    static         <hidden>
    SLICE_X178Y145.CLK   FDRE                                         r  static         <hidden>
                         clock pessimism             -0.115    16.375                     
                         clock uncertainty           -0.094    16.281                     
    SLICE_X178Y145       FDRE (Setup_CFF2_SLICEL_C_D)
                                                      0.025    16.306    static           <hidden>
  -------------------------------------------------------------------
                         required time                         16.306                     
                         arrival time                          -7.217                     
  -------------------------------------------------------------------
                         slack                                  9.089                     

Slack (MET) :             9.101ns  (required time - arrival time)
  Source:                 <hidden>
                            (rising edge-triggered cell FDCE clocked by clk_hbm_ref  {rise@0.000ns fall@5.000ns period=10.000ns})
  Destination:            <hidden>
                            (rising edge-triggered cell FDRE clocked by clk_hbm_ref  {rise@0.000ns fall@5.000ns period=10.000ns})
  Path Group:             clk_hbm_ref
  Path Type:              Setup (Max at Slow Process Corner)
  Requirement:            10.000ns  (clk_hbm_ref rise@10.000ns - clk_hbm_ref rise@0.000ns)
  Data Path Delay:        0.758ns  (logic 0.079ns (10.429%)  route 0.679ns (89.571%))
  Logic Levels:           0  
  Clock Path Skew:        -0.072ns (DCD - SCD + CPR)
    Destination Clock Delay (DCD):    6.515ns = ( 16.515 - 10.000 ) 
    Source Clock Delay      (SCD):    6.472ns
    Clock Pessimism Removal (CPR):    -0.115ns
  Clock Uncertainty:      0.094ns  ((TSJ^2 + DJ^2)^1/2) / 2 + PE
    Total System Jitter     (TSJ):    0.071ns
    Discrete Jitter          (DJ):    0.175ns
    Phase Error              (PE):    0.000ns
  Clock Net Delay (Source):      3.126ns (routing 1.109ns, distribution 2.017ns)
  Clock Net Delay (Destination): 2.819ns (routing 1.008ns, distribution 1.811ns)

    Location             Delay type                Incr(ns)  Path(ns)    Partition      Netlist Resource(s)
  -------------------------------------------------------------------    ----------------------------------
                         (clock clk_hbm_ref rise edge)
                                                      0.000     0.000 r                 
    BJ4                                               0.000     0.000 r  static         <hidden>
                         net (fo=0)                   0.100     0.100    static         WRAPPER/IO_SHIM/IBUFDS_CLK_125/I
    HPIOBDIFFINBUF_X0Y130.DIFF_IN_P
                                                                      r  static         WRAPPER/IO_SHIM/IBUFDS_CLK_125/DIFFINBUF_INST/DIFF_IN_P
    HPIOBDIFFINBUF_X0Y130.O
                         DIFFINBUF (Prop_DIFFINBUF_HPIOBDIFFINBUF_DIFF_IN_P_O)
                                                      0.863     0.963 r  static         WRAPPER/IO_SHIM/IBUFDS_CLK_125/DIFFINBUF_INST/O
                         net (fo=1, routed)           0.050     1.013    static         WRAPPER/IO_SHIM/IBUFDS_CLK_125/OUT
    BJ4.I                                                             r  static         WRAPPER/IO_SHIM/IBUFDS_CLK_125/IBUFCTRL_INST/I
    BJ4.O                IBUFCTRL (Prop_IBUFCTRL_HPIOB_M_I_O)
                                                      0.000     1.013 r  static         WRAPPER/IO_SHIM/IBUFDS_CLK_125/IBUFCTRL_INST/O
                         net (fo=1, routed)           0.348     1.361    static         <hidden>
    BUFGCE_X0Y122.I                                                   r  static         <hidden>
    BUFGCE_X0Y122.O      BUFGCE (Prop_BUFCE_BUFGCE_I_O)
                                                      0.028     1.389 r  static         <hidden>
                         net (fo=3, routed)           1.811     3.200    static         <hidden>
    SLR Crossing[1->0]   
    MMCM_X0Y2.CLKIN1                                                  r  static         <hidden>
    MMCM_X0Y2.CLKOUT0    MMCME4_ADV (Prop_MMCM_CLKIN1_CLKOUT0)
                                                     -0.127     3.073 r  static         <hidden>
                         net (fo=2, routed)           0.245     3.318    static         <hidden>
    BUFGCE_X0Y65.I                                                    r  static         <hidden>
    BUFGCE_X0Y65.O       BUFGCE (Prop_BUFCE_BUFGCE_I_O)
                                                      0.028     3.346 r  static         <hidden>
    X3Y5 (CLOCK_ROOT)    net (fo=232, routed)         3.126     6.472    static         <hidden>
    SLICE_X176Y168.CLK   FDCE                                         r  static         <hidden>
  -------------------------------------------------------------------    ----------------------------------
    SLICE_X176Y168.Q     FDCE (Prop_EFF2_SLICEM_C_Q)
                                                      0.079     6.551 r  static         <hidden>
                         net (fo=1, routed)           0.679     7.229    static         <hidden>
    SLICE_X180Y169.D     FDRE                                         r  static         <hidden>
  -------------------------------------------------------------------    ----------------------------------

                         (clock clk_hbm_ref rise edge)
                                                     10.000    10.000 r                 
    BJ4                                               0.000    10.000 r  static         <hidden>
                         net (fo=0)                   0.079    10.079    static         WRAPPER/IO_SHIM/IBUFDS_CLK_125/I
    HPIOBDIFFINBUF_X0Y130.DIFF_IN_P
                                                                      r  static         WRAPPER/IO_SHIM/IBUFDS_CLK_125/DIFFINBUF_INST/DIFF_IN_P
    HPIOBDIFFINBUF_X0Y130.O
                         DIFFINBUF (Prop_DIFFINBUF_HPIOBDIFFINBUF_DIFF_IN_P_O)
                                                      0.750    10.829 r  static         WRAPPER/IO_SHIM/IBUFDS_CLK_125/DIFFINBUF_INST/O
                         net (fo=1, routed)           0.040    10.869    static         WRAPPER/IO_SHIM/IBUFDS_CLK_125/OUT
    BJ4.I                                                             r  static         WRAPPER/IO_SHIM/IBUFDS_CLK_125/IBUFCTRL_INST/I
    BJ4.O                IBUFCTRL (Prop_IBUFCTRL_HPIOB_M_I_O)
                                                      0.000    10.869 r  static         WRAPPER/IO_SHIM/IBUFDS_CLK_125/IBUFCTRL_INST/O
                         net (fo=1, routed)           0.309    11.178    static         <hidden>
    BUFGCE_X0Y122.I                                                   r  static         <hidden>
    BUFGCE_X0Y122.O      BUFGCE (Prop_BUFCE_BUFGCE_I_O)
                                                      0.024    11.202 r  static         <hidden>
                         net (fo=3, routed)           1.624    12.826    static         <hidden>
    SLR Crossing[1->0]   
    MMCM_X0Y2.CLKIN1                                                  r  static         <hidden>
    MMCM_X0Y2.CLKOUT0    MMCME4_ADV (Prop_MMCM_CLKIN1_CLKOUT0)
                                                      0.630    13.456 r  static         <hidden>
                         net (fo=2, routed)           0.216    13.672    static         <hidden>
    BUFGCE_X0Y65.I                                                    r  static         <hidden>
    BUFGCE_X0Y65.O       BUFGCE (Prop_BUFCE_BUFGCE_I_O)
                                                      0.024    13.696 r  static         <hidden>
    X3Y5 (CLOCK_ROOT)    net (fo=232, routed)         2.819    16.515    static         <hidden>
    SLICE_X180Y169.CLK   FDRE                                         r  static         <hidden>
                         clock pessimism             -0.115    16.400                     
                         clock uncertainty           -0.094    16.305                     
    SLICE_X180Y169       FDRE (Setup_FFF_SLICEM_C_D)
                                                      0.025    16.330    static           <hidden>
  -------------------------------------------------------------------
                         required time                         16.330                     
                         arrival time                          -7.229                     
  -------------------------------------------------------------------
                         slack                                  9.101                     

Slack (MET) :             9.228ns  (required time - arrival time)
  Source:                 <hidden>
                            (rising edge-triggered cell FDCE clocked by clk_hbm_ref  {rise@0.000ns fall@5.000ns period=10.000ns})
  Destination:            <hidden>
                            (rising edge-triggered cell FDRE clocked by clk_hbm_ref  {rise@0.000ns fall@5.000ns period=10.000ns})
  Path Group:             clk_hbm_ref
  Path Type:              Setup (Max at Slow Process Corner)
  Requirement:            10.000ns  (clk_hbm_ref rise@10.000ns - clk_hbm_ref rise@0.000ns)
  Data Path Delay:        0.653ns  (logic 0.076ns (11.639%)  route 0.577ns (88.361%))
  Logic Levels:           0  
  Clock Path Skew:        -0.049ns (DCD - SCD + CPR)
    Destination Clock Delay (DCD):    6.499ns = ( 16.499 - 10.000 ) 
    Source Clock Delay      (SCD):    6.434ns
    Clock Pessimism Removal (CPR):    -0.115ns
  Clock Uncertainty:      0.094ns  ((TSJ^2 + DJ^2)^1/2) / 2 + PE
    Total System Jitter     (TSJ):    0.071ns
    Discrete Jitter          (DJ):    0.175ns
    Phase Error              (PE):    0.000ns
  Clock Net Delay (Source):      3.088ns (routing 1.109ns, distribution 1.979ns)
  Clock Net Delay (Destination): 2.803ns (routing 1.008ns, distribution 1.795ns)

    Location             Delay type                Incr(ns)  Path(ns)    Partition      Netlist Resource(s)
  -------------------------------------------------------------------    ----------------------------------
                         (clock clk_hbm_ref rise edge)
                                                      0.000     0.000 r                 
    BJ4                                               0.000     0.000 r  static         <hidden>
                         net (fo=0)                   0.100     0.100    static         WRAPPER/IO_SHIM/IBUFDS_CLK_125/I
    HPIOBDIFFINBUF_X0Y130.DIFF_IN_P
                                                                      r  static         WRAPPER/IO_SHIM/IBUFDS_CLK_125/DIFFINBUF_INST/DIFF_IN_P
    HPIOBDIFFINBUF_X0Y130.O
                         DIFFINBUF (Prop_DIFFINBUF_HPIOBDIFFINBUF_DIFF_IN_P_O)
                                                      0.863     0.963 r  static         WRAPPER/IO_SHIM/IBUFDS_CLK_125/DIFFINBUF_INST/O
                         net (fo=1, routed)           0.050     1.013    static         WRAPPER/IO_SHIM/IBUFDS_CLK_125/OUT
    BJ4.I                                                             r  static         WRAPPER/IO_SHIM/IBUFDS_CLK_125/IBUFCTRL_INST/I
    BJ4.O                IBUFCTRL (Prop_IBUFCTRL_HPIOB_M_I_O)
                                                      0.000     1.013 r  static         WRAPPER/IO_SHIM/IBUFDS_CLK_125/IBUFCTRL_INST/O
                         net (fo=1, routed)           0.348     1.361    static         <hidden>
    BUFGCE_X0Y122.I                                                   r  static         <hidden>
    BUFGCE_X0Y122.O      BUFGCE (Prop_BUFCE_BUFGCE_I_O)
                                                      0.028     1.389 r  static         <hidden>
                         net (fo=3, routed)           1.811     3.200    static         <hidden>
    SLR Crossing[1->0]   
    MMCM_X0Y2.CLKIN1                                                  r  static         <hidden>
    MMCM_X0Y2.CLKOUT0    MMCME4_ADV (Prop_MMCM_CLKIN1_CLKOUT0)
                                                     -0.127     3.073 r  static         <hidden>
                         net (fo=2, routed)           0.245     3.318    static         <hidden>
    BUFGCE_X0Y65.I                                                    r  static         <hidden>
    BUFGCE_X0Y65.O       BUFGCE (Prop_BUFCE_BUFGCE_I_O)
                                                      0.028     3.346 r  static         <hidden>
    X3Y5 (CLOCK_ROOT)    net (fo=232, routed)         3.088     6.434    static         <hidden>
    SLICE_X176Y153.CLK   FDCE                                         r  static         <hidden>
  -------------------------------------------------------------------    ----------------------------------
    SLICE_X176Y153.Q     FDCE (Prop_EFF_SLICEM_C_Q)
                                                      0.076     6.510 r  static         <hidden>
                         net (fo=1, routed)           0.577     7.087    static         <hidden>
    SLICE_X179Y143.D     FDRE                                         r  static         <hidden>
  -------------------------------------------------------------------    ----------------------------------

                         (clock clk_hbm_ref rise edge)
                                                     10.000    10.000 r                 
    BJ4                                               0.000    10.000 r  static         <hidden>
                         net (fo=0)                   0.079    10.079    static         WRAPPER/IO_SHIM/IBUFDS_CLK_125/I
    HPIOBDIFFINBUF_X0Y130.DIFF_IN_P
                                                                      r  static         WRAPPER/IO_SHIM/IBUFDS_CLK_125/DIFFINBUF_INST/DIFF_IN_P
    HPIOBDIFFINBUF_X0Y130.O
                         DIFFINBUF (Prop_DIFFINBUF_HPIOBDIFFINBUF_DIFF_IN_P_O)
                                                      0.750    10.829 r  static         WRAPPER/IO_SHIM/IBUFDS_CLK_125/DIFFINBUF_INST/O
                         net (fo=1, routed)           0.040    10.869    static         WRAPPER/IO_SHIM/IBUFDS_CLK_125/OUT
    BJ4.I                                                             r  static         WRAPPER/IO_SHIM/IBUFDS_CLK_125/IBUFCTRL_INST/I
    BJ4.O                IBUFCTRL (Prop_IBUFCTRL_HPIOB_M_I_O)
                                                      0.000    10.869 r  static         WRAPPER/IO_SHIM/IBUFDS_CLK_125/IBUFCTRL_INST/O
                         net (fo=1, routed)           0.309    11.178    static         <hidden>
    BUFGCE_X0Y122.I                                                   r  static         <hidden>
    BUFGCE_X0Y122.O      BUFGCE (Prop_BUFCE_BUFGCE_I_O)
                                                      0.024    11.202 r  static         <hidden>
                         net (fo=3, routed)           1.624    12.826    static         <hidden>
    SLR Crossing[1->0]   
    MMCM_X0Y2.CLKIN1                                                  r  static         <hidden>
    MMCM_X0Y2.CLKOUT0    MMCME4_ADV (Prop_MMCM_CLKIN1_CLKOUT0)
                                                      0.630    13.456 r  static         <hidden>
                         net (fo=2, routed)           0.216    13.672    static         <hidden>
    BUFGCE_X0Y65.I                                                    r  static         <hidden>
    BUFGCE_X0Y65.O       BUFGCE (Prop_BUFCE_BUFGCE_I_O)
                                                      0.024    13.696 r  static         <hidden>
    X3Y5 (CLOCK_ROOT)    net (fo=232, routed)         2.803    16.499    static         <hidden>
    SLICE_X179Y143.CLK   FDRE                                         r  static         <hidden>
                         clock pessimism             -0.115    16.384                     
                         clock uncertainty           -0.094    16.290                     
    SLICE_X179Y143       FDRE (Setup_EFF_SLICEM_C_D)
                                                      0.025    16.315    static           <hidden>
  -------------------------------------------------------------------
                         required time                         16.315                     
                         arrival time                          -7.087                     
  -------------------------------------------------------------------
                         slack                                  9.228                     

Slack (MET) :             9.277ns  (required time - arrival time)
  Source:                 <hidden>
                            (rising edge-triggered cell FDCE clocked by clk_hbm_ref  {rise@0.000ns fall@5.000ns period=10.000ns})
  Destination:            <hidden>
                            (rising edge-triggered cell FDRE clocked by clk_hbm_ref  {rise@0.000ns fall@5.000ns period=10.000ns})
  Path Group:             clk_hbm_ref
  Path Type:              Setup (Max at Slow Process Corner)
  Requirement:            10.000ns  (clk_hbm_ref rise@10.000ns - clk_hbm_ref rise@0.000ns)
  Data Path Delay:        0.599ns  (logic 0.079ns (13.190%)  route 0.520ns (86.810%))
  Logic Levels:           0  
  Clock Path Skew:        -0.054ns (DCD - SCD + CPR)
    Destination Clock Delay (DCD):    6.509ns = ( 16.509 - 10.000 ) 
    Source Clock Delay      (SCD):    6.449ns
    Clock Pessimism Removal (CPR):    -0.115ns
  Clock Uncertainty:      0.094ns  ((TSJ^2 + DJ^2)^1/2) / 2 + PE
    Total System Jitter     (TSJ):    0.071ns
    Discrete Jitter          (DJ):    0.175ns
    Phase Error              (PE):    0.000ns
  Clock Net Delay (Source):      3.103ns (routing 1.109ns, distribution 1.994ns)
  Clock Net Delay (Destination): 2.813ns (routing 1.008ns, distribution 1.805ns)

    Location             Delay type                Incr(ns)  Path(ns)    Partition      Netlist Resource(s)
  -------------------------------------------------------------------    ----------------------------------
                         (clock clk_hbm_ref rise edge)
                                                      0.000     0.000 r                 
    BJ4                                               0.000     0.000 r  static         <hidden>
                         net (fo=0)                   0.100     0.100    static         WRAPPER/IO_SHIM/IBUFDS_CLK_125/I
    HPIOBDIFFINBUF_X0Y130.DIFF_IN_P
                                                                      r  static         WRAPPER/IO_SHIM/IBUFDS_CLK_125/DIFFINBUF_INST/DIFF_IN_P
    HPIOBDIFFINBUF_X0Y130.O
                         DIFFINBUF (Prop_DIFFINBUF_HPIOBDIFFINBUF_DIFF_IN_P_O)
                                                      0.863     0.963 r  static         WRAPPER/IO_SHIM/IBUFDS_CLK_125/DIFFINBUF_INST/O
                         net (fo=1, routed)           0.050     1.013    static         WRAPPER/IO_SHIM/IBUFDS_CLK_125/OUT
    BJ4.I                                                             r  static         WRAPPER/IO_SHIM/IBUFDS_CLK_125/IBUFCTRL_INST/I
    BJ4.O                IBUFCTRL (Prop_IBUFCTRL_HPIOB_M_I_O)
                                                      0.000     1.013 r  static         WRAPPER/IO_SHIM/IBUFDS_CLK_125/IBUFCTRL_INST/O
                         net (fo=1, routed)           0.348     1.361    static         <hidden>
    BUFGCE_X0Y122.I                                                   r  static         <hidden>
    BUFGCE_X0Y122.O      BUFGCE (Prop_BUFCE_BUFGCE_I_O)
                                                      0.028     1.389 r  static         <hidden>
                         net (fo=3, routed)           1.811     3.200    static         <hidden>
    SLR Crossing[1->0]   
    MMCM_X0Y2.CLKIN1                                                  r  static         <hidden>
    MMCM_X0Y2.CLKOUT0    MMCME4_ADV (Prop_MMCM_CLKIN1_CLKOUT0)
                                                     -0.127     3.073 r  static         <hidden>
                         net (fo=2, routed)           0.245     3.318    static         <hidden>
    BUFGCE_X0Y65.I                                                    r  static         <hidden>
    BUFGCE_X0Y65.O       BUFGCE (Prop_BUFCE_BUFGCE_I_O)
                                                      0.028     3.346 r  static         <hidden>
    X3Y5 (CLOCK_ROOT)    net (fo=232, routed)         3.103     6.449    static         <hidden>
    SLICE_X177Y167.CLK   FDCE                                         r  static         <hidden>
  -------------------------------------------------------------------    ----------------------------------
    SLICE_X177Y167.Q     FDCE (Prop_EFF_SLICEL_C_Q)
                                                      0.079     6.528 r  static         <hidden>
                         net (fo=1, routed)           0.520     7.048    static         <hidden>
    SLICE_X180Y168.D     FDRE                                         r  static         <hidden>
  -------------------------------------------------------------------    ----------------------------------

                         (clock clk_hbm_ref rise edge)
                                                     10.000    10.000 r                 
    BJ4                                               0.000    10.000 r  static         <hidden>
                         net (fo=0)                   0.079    10.079    static         WRAPPER/IO_SHIM/IBUFDS_CLK_125/I
    HPIOBDIFFINBUF_X0Y130.DIFF_IN_P
                                                                      r  static         WRAPPER/IO_SHIM/IBUFDS_CLK_125/DIFFINBUF_INST/DIFF_IN_P
    HPIOBDIFFINBUF_X0Y130.O
                         DIFFINBUF (Prop_DIFFINBUF_HPIOBDIFFINBUF_DIFF_IN_P_O)
                                                      0.750    10.829 r  static         WRAPPER/IO_SHIM/IBUFDS_CLK_125/DIFFINBUF_INST/O
                         net (fo=1, routed)           0.040    10.869    static         WRAPPER/IO_SHIM/IBUFDS_CLK_125/OUT
    BJ4.I                                                             r  static         WRAPPER/IO_SHIM/IBUFDS_CLK_125/IBUFCTRL_INST/I
    BJ4.O                IBUFCTRL (Prop_IBUFCTRL_HPIOB_M_I_O)
                                                      0.000    10.869 r  static         WRAPPER/IO_SHIM/IBUFDS_CLK_125/IBUFCTRL_INST/O
                         net (fo=1, routed)           0.309    11.178    static         <hidden>
    BUFGCE_X0Y122.I                                                   r  static         <hidden>
    BUFGCE_X0Y122.O      BUFGCE (Prop_BUFCE_BUFGCE_I_O)
                                                      0.024    11.202 r  static         <hidden>
                         net (fo=3, routed)           1.624    12.826    static         <hidden>
    SLR Crossing[1->0]   
    MMCM_X0Y2.CLKIN1                                                  r  static         <hidden>
    MMCM_X0Y2.CLKOUT0    MMCME4_ADV (Prop_MMCM_CLKIN1_CLKOUT0)
                                                      0.630    13.456 r  static         <hidden>
                         net (fo=2, routed)           0.216    13.672    static         <hidden>
    BUFGCE_X0Y65.I                                                    r  static         <hidden>
    BUFGCE_X0Y65.O       BUFGCE (Prop_BUFCE_BUFGCE_I_O)
                                                      0.024    13.696 r  static         <hidden>
    X3Y5 (CLOCK_ROOT)    net (fo=232, routed)         2.813    16.509    static         <hidden>
    SLICE_X180Y168.CLK   FDRE                                         r  static         <hidden>
                         clock pessimism             -0.115    16.394                     
                         clock uncertainty           -0.094    16.300                     
    SLICE_X180Y168       FDRE (Setup_EFF_SLICEM_C_D)
                                                      0.025    16.325    static           <hidden>
  -------------------------------------------------------------------
                         required time                         16.325                     
                         arrival time                          -7.048                     
  -------------------------------------------------------------------
                         slack                                  9.277                     

Slack (MET) :             9.282ns  (required time - arrival time)
  Source:                 <hidden>
                            (rising edge-triggered cell FDCE clocked by clk_hbm_ref  {rise@0.000ns fall@5.000ns period=10.000ns})
  Destination:            <hidden>
                            (rising edge-triggered cell FDRE clocked by clk_hbm_ref  {rise@0.000ns fall@5.000ns period=10.000ns})
  Path Group:             clk_hbm_ref
  Path Type:              Setup (Max at Slow Process Corner)
  Requirement:            10.000ns  (clk_hbm_ref rise@10.000ns - clk_hbm_ref rise@0.000ns)
  Data Path Delay:        0.582ns  (logic 0.078ns (13.392%)  route 0.504ns (86.608%))
  Logic Levels:           0  
  Clock Path Skew:        -0.067ns (DCD - SCD + CPR)
    Destination Clock Delay (DCD):    6.509ns = ( 16.509 - 10.000 ) 
    Source Clock Delay      (SCD):    6.461ns
    Clock Pessimism Removal (CPR):    -0.115ns
  Clock Uncertainty:      0.094ns  ((TSJ^2 + DJ^2)^1/2) / 2 + PE
    Total System Jitter     (TSJ):    0.071ns
    Discrete Jitter          (DJ):    0.175ns
    Phase Error              (PE):    0.000ns
  Clock Net Delay (Source):      3.115ns (routing 1.109ns, distribution 2.006ns)
  Clock Net Delay (Destination): 2.813ns (routing 1.008ns, distribution 1.805ns)

    Location             Delay type                Incr(ns)  Path(ns)    Partition      Netlist Resource(s)
  -------------------------------------------------------------------    ----------------------------------
                         (clock clk_hbm_ref rise edge)
                                                      0.000     0.000 r                 
    BJ4                                               0.000     0.000 r  static         <hidden>
                         net (fo=0)                   0.100     0.100    static         WRAPPER/IO_SHIM/IBUFDS_CLK_125/I
    HPIOBDIFFINBUF_X0Y130.DIFF_IN_P
                                                                      r  static         WRAPPER/IO_SHIM/IBUFDS_CLK_125/DIFFINBUF_INST/DIFF_IN_P
    HPIOBDIFFINBUF_X0Y130.O
                         DIFFINBUF (Prop_DIFFINBUF_HPIOBDIFFINBUF_DIFF_IN_P_O)
                                                      0.863     0.963 r  static         WRAPPER/IO_SHIM/IBUFDS_CLK_125/DIFFINBUF_INST/O
                         net (fo=1, routed)           0.050     1.013    static         WRAPPER/IO_SHIM/IBUFDS_CLK_125/OUT
    BJ4.I                                                             r  static         WRAPPER/IO_SHIM/IBUFDS_CLK_125/IBUFCTRL_INST/I
    BJ4.O                IBUFCTRL (Prop_IBUFCTRL_HPIOB_M_I_O)
                                                      0.000     1.013 r  static         WRAPPER/IO_SHIM/IBUFDS_CLK_125/IBUFCTRL_INST/O
                         net (fo=1, routed)           0.348     1.361    static         <hidden>
    BUFGCE_X0Y122.I                                                   r  static         <hidden>
    BUFGCE_X0Y122.O      BUFGCE (Prop_BUFCE_BUFGCE_I_O)
                                                      0.028     1.389 r  static         <hidden>
                         net (fo=3, routed)           1.811     3.200    static         <hidden>
    SLR Crossing[1->0]   
    MMCM_X0Y2.CLKIN1                                                  r  static         <hidden>
    MMCM_X0Y2.CLKOUT0    MMCME4_ADV (Prop_MMCM_CLKIN1_CLKOUT0)
                                                     -0.127     3.073 r  static         <hidden>
                         net (fo=2, routed)           0.245     3.318    static         <hidden>
    BUFGCE_X0Y65.I                                                    r  static         <hidden>
    BUFGCE_X0Y65.O       BUFGCE (Prop_BUFCE_BUFGCE_I_O)
                                                      0.028     3.346 r  static         <hidden>
    X3Y5 (CLOCK_ROOT)    net (fo=232, routed)         3.115     6.461    static         <hidden>
    SLICE_X176Y169.CLK   FDCE                                         r  static         <hidden>
  -------------------------------------------------------------------    ----------------------------------
    SLICE_X176Y169.Q     FDCE (Prop_GFF_SLICEM_C_Q)
                                                      0.078     6.539 r  static         <hidden>
                         net (fo=1, routed)           0.504     7.043    static         <hidden>
    SLICE_X180Y168.D     FDRE                                         r  static         <hidden>
  -------------------------------------------------------------------    ----------------------------------

                         (clock clk_hbm_ref rise edge)
                                                     10.000    10.000 r                 
    BJ4                                               0.000    10.000 r  static         <hidden>
                         net (fo=0)                   0.079    10.079    static         WRAPPER/IO_SHIM/IBUFDS_CLK_125/I
    HPIOBDIFFINBUF_X0Y130.DIFF_IN_P
                                                                      r  static         WRAPPER/IO_SHIM/IBUFDS_CLK_125/DIFFINBUF_INST/DIFF_IN_P
    HPIOBDIFFINBUF_X0Y130.O
                         DIFFINBUF (Prop_DIFFINBUF_HPIOBDIFFINBUF_DIFF_IN_P_O)
                                                      0.750    10.829 r  static         WRAPPER/IO_SHIM/IBUFDS_CLK_125/DIFFINBUF_INST/O
                         net (fo=1, routed)           0.040    10.869    static         WRAPPER/IO_SHIM/IBUFDS_CLK_125/OUT
    BJ4.I                                                             r  static         WRAPPER/IO_SHIM/IBUFDS_CLK_125/IBUFCTRL_INST/I
    BJ4.O                IBUFCTRL (Prop_IBUFCTRL_HPIOB_M_I_O)
                                                      0.000    10.869 r  static         WRAPPER/IO_SHIM/IBUFDS_CLK_125/IBUFCTRL_INST/O
                         net (fo=1, routed)           0.309    11.178    static         <hidden>
    BUFGCE_X0Y122.I                                                   r  static         <hidden>
    BUFGCE_X0Y122.O      BUFGCE (Prop_BUFCE_BUFGCE_I_O)
                                                      0.024    11.202 r  static         <hidden>
                         net (fo=3, routed)           1.624    12.826    static         <hidden>
    SLR Crossing[1->0]   
    MMCM_X0Y2.CLKIN1                                                  r  static         <hidden>
    MMCM_X0Y2.CLKOUT0    MMCME4_ADV (Prop_MMCM_CLKIN1_CLKOUT0)
                                                      0.630    13.456 r  static         <hidden>
                         net (fo=2, routed)           0.216    13.672    static         <hidden>
    BUFGCE_X0Y65.I                                                    r  static         <hidden>
    BUFGCE_X0Y65.O       BUFGCE (Prop_BUFCE_BUFGCE_I_O)
                                                      0.024    13.696 r  static         <hidden>
    X3Y5 (CLOCK_ROOT)    net (fo=232, routed)         2.813    16.509    static         <hidden>
    SLICE_X180Y168.CLK   FDRE                                         r  static         <hidden>
                         clock pessimism             -0.115    16.394                     
                         clock uncertainty           -0.094    16.300                     
    SLICE_X180Y168       FDRE (Setup_HFF_SLICEM_C_D)
                                                      0.025    16.325    static           <hidden>
  -------------------------------------------------------------------
                         required time                         16.325                     
                         arrival time                          -7.043                     
  -------------------------------------------------------------------
                         slack                                  9.282                     

Slack (MET) :             10.520ns  (required time - arrival time)
  Source:                 <hidden>
                            (falling edge-triggered cell FDPE clocked by clk_spi  {rise@0.000ns fall@20.000ns period=40.000ns})
  Destination:            <hidden>
                            (output port clocked by clk_spi  {rise@0.000ns fall@20.000ns period=40.000ns})
  Path Group:             clk_spi
  Path Type:              Max at Slow Process Corner
  Requirement:            20.000ns  (clk_spi rise@40.000ns - clk_spi fall@20.000ns)
  Data Path Delay:        5.791ns  (logic 1.787ns (30.860%)  route 4.004ns (69.140%))
  Logic Levels:           7  (LUT5=2 LUT6=4 OBUFT=1)
  Output Delay:           0.000ns
  Clock Path Skew:        -3.454ns (DCD - SCD + CPR)
    Destination Clock Delay (DCD):    0.000ns = ( 40.000 - 40.000 ) 
    Source Clock Delay      (SCD):    3.454ns = ( 23.454 - 20.000 ) 
    Clock Pessimism Removal (CPR):    0.000ns
  Clock Uncertainty:      0.235ns  ((TSJ^2 + TIJ^2)^1/2 + DJ) / 2 + PE + DCD
    Total System Jitter     (TSJ):    0.071ns
    Total Input Jitter      (TIJ):    0.000ns
    Discrete Jitter          (DJ):    0.000ns
    Phase Error              (PE):    0.000ns
    Duty Cycle Distortion   (DCD):    0.200ns

    Location             Delay type                Incr(ns)  Path(ns)    Partition      Netlist Resource(s)
  -------------------------------------------------------------------    ----------------------------------
                         (clock clk_spi fall edge)   20.000    20.000 f                 
    BH5                                               0.000    20.000 f  static         <hidden>
                         net (fo=0)                   0.000    20.000    static         WRAPPER/IO_SHIM/IBUF_SCK/I
    BH5.PAD                                                           f  static         WRAPPER/IO_SHIM/IBUF_SCK/INBUF_INST/PAD
    BH5.O                INBUF (Prop_INBUF_HPIOB_M_PAD_O)
                                                      0.743    20.743 f  static         WRAPPER/IO_SHIM/IBUF_SCK/INBUF_INST/O
                         net (fo=1, routed)           0.000    20.743    static         WRAPPER/IO_SHIM/IBUF_SCK/OUT
    BH5.I                                                             f  static         WRAPPER/IO_SHIM/IBUF_SCK/IBUFCTRL_INST/I
    BH5.O                IBUFCTRL (Prop_IBUFCTRL_HPIOB_M_I_O)
                                                      0.000    20.743 f  static         WRAPPER/IO_SHIM/IBUF_SCK/IBUFCTRL_INST/O
                         net (fo=3, routed)           2.711    23.454    static         <hidden>
    SLICE_X180Y373.CLK   FDPE                                         r  static         <hidden>  (IS_INVERTED)
  -------------------------------------------------------------------    ----------------------------------
    SLICE_X180Y373.Q     FDPE (Prop_EFF_SLICEM_C_Q)
                                                      0.076    23.530 r  static         <hidden>
                         net (fo=9, routed)           0.538    24.068    static         <hidden>
    SLICE_X182Y400.A2                                                 r  static         <hidden>
    SLICE_X182Y400.O6    LUT5 (Prop_G6LUT_SLICEM_I4_O)
                                                      0.123    24.191 r  static         <hidden>
                         net (fo=1, routed)           0.255    24.446    static         <hidden>
    SLICE_X182Y385.A5                                                 r  static         <hidden>
    SLICE_X182Y385.O6    LUT6 (Prop_H6LUT_SLICEM_I5_O)
                                                      0.053    24.499 r  static         <hidden>
                         net (fo=1, routed)           0.260    24.759    static         <hidden>
    SLICE_X180Y378.A3                                                 r  static         <hidden>
    SLICE_X180Y378.O6    LUT6 (Prop_F6LUT_SLICEM_I1_O)
                                                      0.098    24.857 r  static         <hidden>
                         net (fo=1, routed)           0.318    25.175    static         <hidden>
    SLICE_X178Y377.A2                                                 r  static         <hidden>
    SLICE_X178Y377.O6    LUT6 (Prop_G6LUT_SLICEL_I5_O)
                                                      0.123    25.298 r  static         <hidden>
                         net (fo=1, routed)           0.084    25.382    static         <hidden>
    SLICE_X178Y376.A4                                                 r  static         <hidden>
    SLICE_X178Y376.O6    LUT5 (Prop_C6LUT_SLICEL_I0_O)
                                                      0.088    25.470 r  static         <hidden>
                         net (fo=1, routed)           0.286    25.756    static         <hidden>
    SLICE_X178Y376.A2                                                 r  static         <hidden>
    SLICE_X178Y376.O6    LUT6 (Prop_H6LUT_SLICEL_I0_O)
                                                      0.124    25.880 r  static         <hidden>
                         net (fo=1, routed)           2.263    28.143    static         <hidden>
    BK8.I                                                             r  static         <hidden>
    BK8.O                OBUFT (Prop_OUTBUF_HPIOB_S_I_O)
                                                      1.102    29.245 r  static         <hidden>
                         net (fo=0)                   0.000    29.245    static         <hidden>
    BK8                                                               r  static         <hidden>
  -------------------------------------------------------------------    ----------------------------------

                         (clock clk_spi rise edge)   40.000    40.000 r                 
                         clock pessimism              0.000    40.000                     
                         clock uncertainty           -0.235    39.765                     
                         output delay                -0.000    39.765                     
  -------------------------------------------------------------------
                         required time                         39.765                     
                         arrival time                         -29.245                     
  -------------------------------------------------------------------
                         slack                                 10.520                     

Slack (MET) :             13.157ns  (required time - arrival time)
  Source:                 WRAPPER/RL/RL_DEBUG_BRIDGE/inst/bs_switch_1/inst/BSCAN_SWITCH.EXT_BSCAN.bscan_switch/state_reg[0]/C
                            (rising edge-triggered cell FDRE clocked by WRAPPER/RL/RL_DEBUG_BRIDGE/inst/axi_jtag/inst/u_jtag_proc/tck_i_reg/Q  {rise@0.000ns fall@16.000ns period=32.000ns})
  Destination:            WRAPPER/RL/RL_DEBUG_BRIDGE/inst/bsip/inst/USE_SOFTBSCAN.U_BSCAN_TAP/U_BASETAP/TDO_O_reg/D
                            (falling edge-triggered cell FDCE clocked by WRAPPER/RL/RL_DEBUG_BRIDGE/inst/axi_jtag/inst/u_jtag_proc/tck_i_reg/Q  {rise@0.000ns fall@16.000ns period=32.000ns})
  Path Group:             WRAPPER/RL/RL_DEBUG_BRIDGE/inst/axi_jtag/inst/u_jtag_proc/tck_i_reg/Q
  Path Type:              Setup (Max at Slow Process Corner)
  Requirement:            16.000ns  (WRAPPER/RL/RL_DEBUG_BRIDGE/inst/axi_jtag/inst/u_jtag_proc/tck_i_reg/Q fall@16.000ns - WRAPPER/RL/RL_DEBUG_BRIDGE/inst/axi_jtag/inst/u_jtag_proc/tck_i_reg/Q rise@0.000ns)
  Data Path Delay:        2.263ns  (logic 0.645ns (28.500%)  route 1.618ns (71.500%))
  Logic Levels:           4  (LUT3=2 LUT5=1 LUT6=1)
  Clock Path Skew:        -0.339ns (DCD - SCD + CPR)
    Destination Clock Delay (DCD):    6.237ns = ( 22.237 - 16.000 ) 
    Source Clock Delay      (SCD):    6.883ns
    Clock Pessimism Removal (CPR):    0.308ns
  Clock Uncertainty:      0.266ns  ((TSJ^2 + DJ^2)^1/2) / 2 + PE + DCD
    Total System Jitter     (TSJ):    0.071ns
    Discrete Jitter          (DJ):    0.112ns
    Phase Error              (PE):    0.000ns
    Duty Cycle Distortion   (DCD):    0.200ns
  Clock Net Delay (Source):      2.444ns (routing 1.039ns, distribution 1.405ns)
  Clock Net Delay (Destination): 2.183ns (routing 0.945ns, distribution 1.238ns)

    Location             Delay type                Incr(ns)  Path(ns)    Partition      Netlist Resource(s)
  -------------------------------------------------------------------    ----------------------------------
                         (clock WRAPPER/RL/RL_DEBUG_BRIDGE/inst/axi_jtag/inst/u_jtag_proc/tck_i_reg/Q rise edge)
                                                      0.000     0.000 r                 
    BJ4                                               0.000     0.000 r  static         <hidden>
                         net (fo=0)                   0.100     0.100    static         WRAPPER/IO_SHIM/IBUFDS_CLK_125/I
    HPIOBDIFFINBUF_X0Y130.DIFF_IN_P
                                                                      r  static         WRAPPER/IO_SHIM/IBUFDS_CLK_125/DIFFINBUF_INST/DIFF_IN_P
    HPIOBDIFFINBUF_X0Y130.O
                         DIFFINBUF (Prop_DIFFINBUF_HPIOBDIFFINBUF_DIFF_IN_P_O)
                                                      0.863     0.963 r  static         WRAPPER/IO_SHIM/IBUFDS_CLK_125/DIFFINBUF_INST/O
                         net (fo=1, routed)           0.050     1.013    static         WRAPPER/IO_SHIM/IBUFDS_CLK_125/OUT
    BJ4.I                                                             r  static         WRAPPER/IO_SHIM/IBUFDS_CLK_125/IBUFCTRL_INST/I
    BJ4.O                IBUFCTRL (Prop_IBUFCTRL_HPIOB_M_I_O)
                                                      0.000     1.013 r  static         WRAPPER/IO_SHIM/IBUFDS_CLK_125/IBUFCTRL_INST/O
                         net (fo=1, routed)           0.348     1.361    static         <hidden>
    BUFGCE_X0Y122.I                                                   r  static         <hidden>
    BUFGCE_X0Y122.O      BUFGCE (Prop_BUFCE_BUFGCE_I_O)
                                                      0.028     1.389 r  static         <hidden>
                         net (fo=3, routed)           1.822     3.211    static         <hidden>
    SLR Crossing[1->0]   
    PLL_X0Y5.CLKIN                                                    r  static         <hidden>
    PLL_X0Y5.CLKOUT0     PLLE4_ADV (Prop_PLL_CLKIN_CLKOUT0)
                                                      0.033     3.244 r  static         <hidden>
                         net (fo=1, routed)           0.270     3.514    static         <hidden>
    BUFGCE_X0Y56.I                                                    r  static         <hidden>
    BUFGCE_X0Y56.O       BUFGCE (Prop_BUFCE_BUFGCE_I_O)
                                                      0.028     3.542 r  static         <hidden>
    X5Y4 (CLOCK_ROOT)    net (fo=1635, routed)        2.444     5.986    static         WRAPPER/RL/RL_DEBUG_BRIDGE/inst/axi_jtag/inst/u_jtag_proc/s_axi_aclk
    SLR Crossing[0->1]   
    SLICE_X196Y412.CLK                                                r  static         WRAPPER/RL/RL_DEBUG_BRIDGE/inst/axi_jtag/inst/u_jtag_proc/tck_i_reg/C
    SLICE_X196Y412.Q     FDRE (Prop_CFF_SLICEM_C_Q)
                                                      0.078     6.064 r  static         WRAPPER/RL/RL_DEBUG_BRIDGE/inst/axi_jtag/inst/u_jtag_proc/tck_i_reg/Q
                         net (fo=25, routed)          0.820     6.883    static         WRAPPER/RL/RL_DEBUG_BRIDGE/inst/bs_switch_1/inst/BSCAN_SWITCH.EXT_BSCAN.bscan_switch/s_bscan_tck
    SLICE_X181Y397.CLK   FDRE                                         r  static         WRAPPER/RL/RL_DEBUG_BRIDGE/inst/bs_switch_1/inst/BSCAN_SWITCH.EXT_BSCAN.bscan_switch/state_reg[0]/C
  -------------------------------------------------------------------    ----------------------------------
    SLICE_X181Y397.Q     FDRE (Prop_GFF_SLICEL_C_Q)
                                                      0.079     6.962 r  static         WRAPPER/RL/RL_DEBUG_BRIDGE/inst/bs_switch_1/inst/BSCAN_SWITCH.EXT_BSCAN.bscan_switch/state_reg[0]/Q
                         net (fo=10, routed)          1.043     8.005    static         WRAPPER/RL/RL_DEBUG_BRIDGE/inst/bs_switch_1/inst/BSCAN_SWITCH.EXT_BSCAN.bscan_switch/state[0]
    SLICE_X180Y389.A1                                                 r  static         WRAPPER/RL/RL_DEBUG_BRIDGE/inst/bs_switch_1/inst/BSCAN_SWITCH.EXT_BSCAN.bscan_switch/s_bscan_tdo_INST_0_i_1/I2
    SLICE_X180Y389.O5    LUT3 (Prop_D5LUT_SLICEM_I2_O)
                                                      0.158     8.163 r  static         WRAPPER/RL/RL_DEBUG_BRIDGE/inst/bs_switch_1/inst/BSCAN_SWITCH.EXT_BSCAN.bscan_switch/s_bscan_tdo_INST_0_i_1/O
                         net (fo=1, routed)           0.224     8.387    static         WRAPPER/RL/RL_DEBUG_BRIDGE/inst/bs_switch_1/inst/BSCAN_SWITCH.EXT_BSCAN.bscan_switch/s_bscan_tdo_INST_0_i_1_n_0
    SLICE_X180Y392.A1                                                 r  static         WRAPPER/RL/RL_DEBUG_BRIDGE/inst/bs_switch_1/inst/BSCAN_SWITCH.EXT_BSCAN.bscan_switch/s_bscan_tdo_INST_0/I3
    SLICE_X180Y392.O6    LUT6 (Prop_H6LUT_SLICEM_I3_O)
                                                      0.152     8.539 r  static         WRAPPER/RL/RL_DEBUG_BRIDGE/inst/bs_switch_1/inst/BSCAN_SWITCH.EXT_BSCAN.bscan_switch/s_bscan_tdo_INST_0/O
                         net (fo=1, routed)           0.141     8.680    static         WRAPPER/RL/RL_DEBUG_BRIDGE/inst/bsip/inst/USE_SOFTBSCAN.U_BSCAN_TAP/U_BASETAP/tdo
    SLICE_X181Y393.A2                                                 r  static         WRAPPER/RL/RL_DEBUG_BRIDGE/inst/bsip/inst/USE_SOFTBSCAN.U_BSCAN_TAP/U_BASETAP/dr_tdo_inferred_i_1/I1
    SLICE_X181Y393.O6    LUT5 (Prop_F6LUT_SLICEL_I1_O)
                                                      0.123     8.803 r  static         WRAPPER/RL/RL_DEBUG_BRIDGE/inst/bsip/inst/USE_SOFTBSCAN.U_BSCAN_TAP/U_BASETAP/dr_tdo_inferred_i_1/O
                         net (fo=1, routed)           0.195     8.998    static         WRAPPER/RL/RL_DEBUG_BRIDGE/inst/bsip/inst/USE_SOFTBSCAN.U_BSCAN_TAP/U_BASETAP/dr_tdo
    SLICE_X183Y394.A2                                                 r  static         WRAPPER/RL/RL_DEBUG_BRIDGE/inst/bsip/inst/USE_SOFTBSCAN.U_BSCAN_TAP/U_BASETAP/tdo_rise_edge_inferred_i_1/I2
    SLICE_X183Y394.O5    LUT3 (Prop_H5LUT_SLICEL_I2_O)
                                                      0.133     9.131 r  static         WRAPPER/RL/RL_DEBUG_BRIDGE/inst/bsip/inst/USE_SOFTBSCAN.U_BSCAN_TAP/U_BASETAP/tdo_rise_edge_inferred_i_1/O
                         net (fo=1, routed)           0.015     9.146    static         WRAPPER/RL/RL_DEBUG_BRIDGE/inst/bsip/inst/USE_SOFTBSCAN.U_BSCAN_TAP/U_BASETAP/tdo_rise_edge
    SLICE_X183Y394.D     FDCE                                         r  static         WRAPPER/RL/RL_DEBUG_BRIDGE/inst/bsip/inst/USE_SOFTBSCAN.U_BSCAN_TAP/U_BASETAP/TDO_O_reg/D
  -------------------------------------------------------------------    ----------------------------------

                         (clock WRAPPER/RL/RL_DEBUG_BRIDGE/inst/axi_jtag/inst/u_jtag_proc/tck_i_reg/Q fall edge)
                                                     16.000    16.000 r                 
    BJ4                                               0.000    16.000 r  static         <hidden>
                         net (fo=0)                   0.079    16.079    static         WRAPPER/IO_SHIM/IBUFDS_CLK_125/I
    HPIOBDIFFINBUF_X0Y130.DIFF_IN_P
                                                                      r  static         WRAPPER/IO_SHIM/IBUFDS_CLK_125/DIFFINBUF_INST/DIFF_IN_P
    HPIOBDIFFINBUF_X0Y130.O
                         DIFFINBUF (Prop_DIFFINBUF_HPIOBDIFFINBUF_DIFF_IN_P_O)
                                                      0.750    16.829 r  static         WRAPPER/IO_SHIM/IBUFDS_CLK_125/DIFFINBUF_INST/O
                         net (fo=1, routed)           0.040    16.869    static         WRAPPER/IO_SHIM/IBUFDS_CLK_125/OUT
    BJ4.I                                                             r  static         WRAPPER/IO_SHIM/IBUFDS_CLK_125/IBUFCTRL_INST/I
    BJ4.O                IBUFCTRL (Prop_IBUFCTRL_HPIOB_M_I_O)
                                                      0.000    16.869 r  static         WRAPPER/IO_SHIM/IBUFDS_CLK_125/IBUFCTRL_INST/O
                         net (fo=1, routed)           0.309    17.178    static         <hidden>
    BUFGCE_X0Y122.I                                                   r  static         <hidden>
    BUFGCE_X0Y122.O      BUFGCE (Prop_BUFCE_BUFGCE_I_O)
                                                      0.024    17.202 r  static         <hidden>
                         net (fo=3, routed)           1.632    18.834    static         <hidden>
    SLR Crossing[1->0]   
    PLL_X0Y5.CLKIN                                                    r  static         <hidden>
    PLL_X0Y5.CLKOUT0     PLLE4_ADV (Prop_PLL_CLKIN_CLKOUT0)
                                                      0.430    19.264 r  static         <hidden>
                         net (fo=1, routed)           0.231    19.495    static         <hidden>
    BUFGCE_X0Y56.I                                                    r  static         <hidden>
    BUFGCE_X0Y56.O       BUFGCE (Prop_BUFCE_BUFGCE_I_O)
                                                      0.024    19.519 r  static         <hidden>
    X5Y4 (CLOCK_ROOT)    net (fo=1635, routed)        2.183    21.702    static         WRAPPER/RL/RL_DEBUG_BRIDGE/inst/axi_jtag/inst/u_jtag_proc/s_axi_aclk
    SLR Crossing[0->1]   
    SLICE_X196Y412.CLK                                                r  static         WRAPPER/RL/RL_DEBUG_BRIDGE/inst/axi_jtag/inst/u_jtag_proc/tck_i_reg/C
    SLICE_X196Y412.Q     FDRE (Prop_CFF_SLICEM_C_Q)
                                                      0.058    21.760 f  static         WRAPPER/RL/RL_DEBUG_BRIDGE/inst/axi_jtag/inst/u_jtag_proc/tck_i_reg/Q
                         net (fo=25, routed)          0.477    22.237    static         WRAPPER/RL/RL_DEBUG_BRIDGE/inst/bsip/inst/USE_SOFTBSCAN.U_BSCAN_TAP/U_BASETAP/REG_O_reg[5]
    SLICE_X183Y394.CLK   FDCE                                         r  static         WRAPPER/RL/RL_DEBUG_BRIDGE/inst/bsip/inst/USE_SOFTBSCAN.U_BSCAN_TAP/U_BASETAP/TDO_O_reg/C  (IS_INVERTED)
                         clock pessimism              0.308    22.544                     
                         clock uncertainty           -0.266    22.278                     
    SLICE_X183Y394       FDCE (Setup_HFF2_SLICEL_C_D)
                                                      0.025    22.303    static           WRAPPER/RL/RL_DEBUG_BRIDGE/inst/bsip/inst/USE_SOFTBSCAN.U_BSCAN_TAP/U_BASETAP/TDO_O_reg
  -------------------------------------------------------------------
                         required time                         22.303                     
                         arrival time                          -9.146                     
  -------------------------------------------------------------------
                         slack                                 13.157                     

Slack (MET) :             30.856ns  (required time - arrival time)
  Source:                 WRAPPER/RL/RL_DEBUG_BRIDGE/inst/bs_switch_1/inst/BSCAN_SWITCH.EXT_BSCAN.bscan_switch/portno_reg[0]/C
                            (rising edge-triggered cell FDRE clocked by WRAPPER/RL/RL_DEBUG_BRIDGE/inst/axi_jtag/inst/u_jtag_proc/tck_i_reg/Q  {rise@0.000ns fall@16.000ns period=32.000ns})
  Destination:            WRAPPER/RL/RL_DEBUG_BRIDGE/inst/bs_switch_1/inst/BSCAN_SWITCH.EXT_BSCAN.bscan_switch/temp_curid_reg[31]/D
                            (rising edge-triggered cell FDRE clocked by WRAPPER/RL/RL_DEBUG_BRIDGE/inst/axi_jtag/inst/u_jtag_proc/tck_i_reg/Q  {rise@0.000ns fall@16.000ns period=32.000ns})
  Path Group:             WRAPPER/RL/RL_DEBUG_BRIDGE/inst/axi_jtag/inst/u_jtag_proc/tck_i_reg/Q
  Path Type:              Setup (Max at Slow Process Corner)
  Requirement:            32.000ns  (WRAPPER/RL/RL_DEBUG_BRIDGE/inst/axi_jtag/inst/u_jtag_proc/tck_i_reg/Q rise@32.000ns - WRAPPER/RL/RL_DEBUG_BRIDGE/inst/axi_jtag/inst/u_jtag_proc/tck_i_reg/Q rise@0.000ns)
  Data Path Delay:        0.735ns  (logic 0.133ns (18.096%)  route 0.602ns (81.904%))
  Logic Levels:           1  (LUT3=1)
  Clock Path Skew:        -0.368ns (DCD - SCD + CPR)
    Destination Clock Delay (DCD):    6.250ns = ( 38.250 - 32.000 ) 
    Source Clock Delay      (SCD):    6.924ns
    Clock Pessimism Removal (CPR):    0.306ns
  Clock Uncertainty:      0.066ns  ((TSJ^2 + DJ^2)^1/2) / 2 + PE
    Total System Jitter     (TSJ):    0.071ns
    Discrete Jitter          (DJ):    0.112ns
    Phase Error              (PE):    0.000ns
  Clock Net Delay (Source):      2.444ns (routing 1.039ns, distribution 1.405ns)
  Clock Net Delay (Destination): 2.183ns (routing 0.945ns, distribution 1.238ns)

    Location             Delay type                Incr(ns)  Path(ns)    Partition      Netlist Resource(s)
  -------------------------------------------------------------------    ----------------------------------
                         (clock WRAPPER/RL/RL_DEBUG_BRIDGE/inst/axi_jtag/inst/u_jtag_proc/tck_i_reg/Q rise edge)
                                                      0.000     0.000 r                 
    BJ4                                               0.000     0.000 r  static         <hidden>
                         net (fo=0)                   0.100     0.100    static         WRAPPER/IO_SHIM/IBUFDS_CLK_125/I
    HPIOBDIFFINBUF_X0Y130.DIFF_IN_P
                                                                      r  static         WRAPPER/IO_SHIM/IBUFDS_CLK_125/DIFFINBUF_INST/DIFF_IN_P
    HPIOBDIFFINBUF_X0Y130.O
                         DIFFINBUF (Prop_DIFFINBUF_HPIOBDIFFINBUF_DIFF_IN_P_O)
                                                      0.863     0.963 r  static         WRAPPER/IO_SHIM/IBUFDS_CLK_125/DIFFINBUF_INST/O
                         net (fo=1, routed)           0.050     1.013    static         WRAPPER/IO_SHIM/IBUFDS_CLK_125/OUT
    BJ4.I                                                             r  static         WRAPPER/IO_SHIM/IBUFDS_CLK_125/IBUFCTRL_INST/I
    BJ4.O                IBUFCTRL (Prop_IBUFCTRL_HPIOB_M_I_O)
                                                      0.000     1.013 r  static         WRAPPER/IO_SHIM/IBUFDS_CLK_125/IBUFCTRL_INST/O
                         net (fo=1, routed)           0.348     1.361    static         <hidden>
    BUFGCE_X0Y122.I                                                   r  static         <hidden>
    BUFGCE_X0Y122.O      BUFGCE (Prop_BUFCE_BUFGCE_I_O)
                                                      0.028     1.389 r  static         <hidden>
                         net (fo=3, routed)           1.822     3.211    static         <hidden>
    SLR Crossing[1->0]   
    PLL_X0Y5.CLKIN                                                    r  static         <hidden>
    PLL_X0Y5.CLKOUT0     PLLE4_ADV (Prop_PLL_CLKIN_CLKOUT0)
                                                      0.033     3.244 r  static         <hidden>
                         net (fo=1, routed)           0.270     3.514    static         <hidden>
    BUFGCE_X0Y56.I                                                    r  static         <hidden>
    BUFGCE_X0Y56.O       BUFGCE (Prop_BUFCE_BUFGCE_I_O)
                                                      0.028     3.542 r  static         <hidden>
    X5Y4 (CLOCK_ROOT)    net (fo=1635, routed)        2.444     5.986    static         WRAPPER/RL/RL_DEBUG_BRIDGE/inst/axi_jtag/inst/u_jtag_proc/s_axi_aclk
    SLR Crossing[0->1]   
    SLICE_X196Y412.CLK                                                r  static         WRAPPER/RL/RL_DEBUG_BRIDGE/inst/axi_jtag/inst/u_jtag_proc/tck_i_reg/C
    SLICE_X196Y412.Q     FDRE (Prop_CFF_SLICEM_C_Q)
                                                      0.078     6.064 r  static         WRAPPER/RL/RL_DEBUG_BRIDGE/inst/axi_jtag/inst/u_jtag_proc/tck_i_reg/Q
                         net (fo=25, routed)          0.860     6.924    static         WRAPPER/RL/RL_DEBUG_BRIDGE/inst/bs_switch_1/inst/BSCAN_SWITCH.EXT_BSCAN.bscan_switch/s_bscan_tck
    SLICE_X181Y393.CLK   FDRE                                         r  static         WRAPPER/RL/RL_DEBUG_BRIDGE/inst/bs_switch_1/inst/BSCAN_SWITCH.EXT_BSCAN.bscan_switch/portno_reg[0]/C
  -------------------------------------------------------------------    ----------------------------------
    SLICE_X181Y393.Q     FDRE (Prop_HFF2_SLICEL_C_Q)
                                                      0.080     7.004 r  static         WRAPPER/RL/RL_DEBUG_BRIDGE/inst/bs_switch_1/inst/BSCAN_SWITCH.EXT_BSCAN.bscan_switch/portno_reg[0]/Q
                         net (fo=6, routed)           0.153     7.157    static         WRAPPER/RL/RL_DEBUG_BRIDGE/inst/bs_switch_1/inst/BSCAN_SWITCH.EXT_BSCAN.bscan_switch/portno[0]
    SLICE_X180Y395.A5                                                 r  static         WRAPPER/RL/RL_DEBUG_BRIDGE/inst/bs_switch_1/inst/BSCAN_SWITCH.EXT_BSCAN.bscan_switch/s_bscan_tdo_INST_0_i_3/I1
    SLICE_X180Y395.O6    LUT3 (Prop_A6LUT_SLICEM_I1_O)
                                                      0.053     7.210 r  static         WRAPPER/RL/RL_DEBUG_BRIDGE/inst/bs_switch_1/inst/BSCAN_SWITCH.EXT_BSCAN.bscan_switch/s_bscan_tdo_INST_0_i_3/O
                         net (fo=2, routed)           0.449     7.659    static         WRAPPER/RL/RL_DEBUG_BRIDGE/inst/bs_switch_1/inst/BSCAN_SWITCH.EXT_BSCAN.bscan_switch/s_bscan_tdo_INST_0_i_3_n_0
    SLICE_X178Y398.D     FDRE                                         r  static         WRAPPER/RL/RL_DEBUG_BRIDGE/inst/bs_switch_1/inst/BSCAN_SWITCH.EXT_BSCAN.bscan_switch/temp_curid_reg[31]/D
  -------------------------------------------------------------------    ----------------------------------

                         (clock WRAPPER/RL/RL_DEBUG_BRIDGE/inst/axi_jtag/inst/u_jtag_proc/tck_i_reg/Q rise edge)
                                                     32.000    32.000 r                 
    BJ4                                               0.000    32.000 r  static         <hidden>
                         net (fo=0)                   0.079    32.079    static         WRAPPER/IO_SHIM/IBUFDS_CLK_125/I
    HPIOBDIFFINBUF_X0Y130.DIFF_IN_P
                                                                      r  static         WRAPPER/IO_SHIM/IBUFDS_CLK_125/DIFFINBUF_INST/DIFF_IN_P
    HPIOBDIFFINBUF_X0Y130.O
                         DIFFINBUF (Prop_DIFFINBUF_HPIOBDIFFINBUF_DIFF_IN_P_O)
                                                      0.750    32.829 r  static         WRAPPER/IO_SHIM/IBUFDS_CLK_125/DIFFINBUF_INST/O
                         net (fo=1, routed)           0.040    32.869    static         WRAPPER/IO_SHIM/IBUFDS_CLK_125/OUT
    BJ4.I                                                             r  static         WRAPPER/IO_SHIM/IBUFDS_CLK_125/IBUFCTRL_INST/I
    BJ4.O                IBUFCTRL (Prop_IBUFCTRL_HPIOB_M_I_O)
                                                      0.000    32.869 r  static         WRAPPER/IO_SHIM/IBUFDS_CLK_125/IBUFCTRL_INST/O
                         net (fo=1, routed)           0.309    33.178    static         <hidden>
    BUFGCE_X0Y122.I                                                   r  static         <hidden>
    BUFGCE_X0Y122.O      BUFGCE (Prop_BUFCE_BUFGCE_I_O)
                                                      0.024    33.202 r  static         <hidden>
                         net (fo=3, routed)           1.632    34.834    static         <hidden>
    SLR Crossing[1->0]   
    PLL_X0Y5.CLKIN                                                    r  static         <hidden>
    PLL_X0Y5.CLKOUT0     PLLE4_ADV (Prop_PLL_CLKIN_CLKOUT0)
                                                      0.430    35.264 r  static         <hidden>
                         net (fo=1, routed)           0.231    35.495    static         <hidden>
    BUFGCE_X0Y56.I                                                    r  static         <hidden>
    BUFGCE_X0Y56.O       BUFGCE (Prop_BUFCE_BUFGCE_I_O)
                                                      0.024    35.519 r  static         <hidden>
    X5Y4 (CLOCK_ROOT)    net (fo=1635, routed)        2.183    37.702    static         WRAPPER/RL/RL_DEBUG_BRIDGE/inst/axi_jtag/inst/u_jtag_proc/s_axi_aclk
    SLR Crossing[0->1]   
    SLICE_X196Y412.CLK                                                r  static         WRAPPER/RL/RL_DEBUG_BRIDGE/inst/axi_jtag/inst/u_jtag_proc/tck_i_reg/C
    SLICE_X196Y412.Q     FDRE (Prop_CFF_SLICEM_C_Q)
                                                      0.058    37.760 r  static         WRAPPER/RL/RL_DEBUG_BRIDGE/inst/axi_jtag/inst/u_jtag_proc/tck_i_reg/Q
                         net (fo=25, routed)          0.490    38.250    static         WRAPPER/RL/RL_DEBUG_BRIDGE/inst/bs_switch_1/inst/BSCAN_SWITCH.EXT_BSCAN.bscan_switch/s_bscan_tck
    SLICE_X178Y398.CLK   FDRE                                         r  static         WRAPPER/RL/RL_DEBUG_BRIDGE/inst/bs_switch_1/inst/BSCAN_SWITCH.EXT_BSCAN.bscan_switch/temp_curid_reg[31]/C
                         clock pessimism              0.306    38.555                     
                         clock uncertainty           -0.066    38.489                     
    SLICE_X178Y398       FDRE (Setup_FFF_SLICEL_C_D)
                                                      0.025    38.514    static           WRAPPER/RL/RL_DEBUG_BRIDGE/inst/bs_switch_1/inst/BSCAN_SWITCH.EXT_BSCAN.bscan_switch/temp_curid_reg[31]
  -------------------------------------------------------------------
                         required time                         38.514                     
                         arrival time                          -7.659                     
  -------------------------------------------------------------------
                         slack                                 30.856                     




