Copyright 1986-2022 Xilinx, Inc. All Rights Reserved. Copyright 2022-2024 Advanced Micro Devices, Inc. All Rights Reserved.
---------------------------------------------------------------------------------------------------------------------------------------------------------------------------------------------------------------------------------------------------------------------------------------------------------------------------
| Tool Version      : Vivado v.2024.2 (lin64) Build 5239630 Fri Nov 08 22:34:34 MST 2024
| Date              : Mon Jan 26 21:47:01 2026
| Host              : ip-172-30-0-205 running 64-bit Ubuntu 24.04.1 LTS
| Command           : report_timing -delay_type max -path_type full_clock_expanded -max_paths 10 -nworst 1 -input_pins -slice_pins -sort_by group -significant_digits 3 -file /home/ubuntu/aws-fpga/hdk/cl/developer_designs/cl_minikanren_chirho/build/reports/cl_minikanren_chirho.2026_01_26-213858.post_opt_timing.rpt
| Design            : top
| Device            : xcvu47p-fsvh2892
| Speed File        : -2  PRODUCTION 1.30 05-01-2022
| Design State      : Optimized
| Temperature Grade : E
---------------------------------------------------------------------------------------------------------------------------------------------------------------------------------------------------------------------------------------------------------------------------------------------------------------------------

Timing Report

Slack (MET) :             0.247ns  (required time - arrival time)
  Source:                 WRAPPER/CL/cmd_reg_chirho_reg[65]_rep/C
                            (rising edge-triggered cell FDRE clocked by clk_main_a0  {rise@0.000ns fall@2.000ns period=4.000ns})
  Destination:            WRAPPER/CL/ocl_rdata_q_chirho_reg[0]/D
                            (rising edge-triggered cell FDRE clocked by clk_main_a0  {rise@0.000ns fall@2.000ns period=4.000ns})
  Path Group:             clk_main_a0
  Path Type:              Setup (Max at Slow Process Corner)
  Requirement:            4.000ns  (clk_main_a0 rise@4.000ns - clk_main_a0 rise@0.000ns)
  Data Path Delay:        3.574ns  (logic 1.464ns (40.963%)  route 2.110ns (59.038%))
  Logic Levels:           20  (CARRY8=9 LUT1=1 LUT5=1 LUT6=7 MUXF7=2)
  Clock Path Skew:        -0.145ns (DCD - SCD + CPR)
    Destination Clock Delay (DCD):    6.200ns = ( 10.200 - 4.000 ) 
    Source Clock Delay      (SCD):    6.002ns
    Clock Pessimism Removal (CPR):    -0.344ns
  Clock Uncertainty:      0.059ns  ((TSJ^2 + DJ^2)^1/2) / 2 + PE
    Total System Jitter     (TSJ):    0.071ns
    Discrete Jitter          (DJ):    0.094ns
    Phase Error              (PE):    0.000ns

    Location             Delay type                Incr(ns)  Path(ns)    Partition      PBlock               Netlist Resource(s)
  -------------------------------------------------------------------    -------------------------------------------------------
                         (clock clk_main_a0 rise edge)
                                                      0.000     0.000 r                                      
    BJ4                                               0.000     0.000 r  static                              <hidden>
                         net (fo=0)                   0.100     0.100    static                              WRAPPER/IO_SHIM/IBUFDS_CLK_125/I
    HPIOBDIFFINBUF_X0Y130.DIFF_IN_P
                                                                      r  static                              WRAPPER/IO_SHIM/IBUFDS_CLK_125/DIFFINBUF_INST/DIFF_IN_P
    HPIOBDIFFINBUF_X0Y130.O
                         DIFFINBUF (Prop_DIFFINBUF_HPIOBDIFFINBUF_DIFF_IN_P_O)
                                                      0.863     0.963 r  static                              WRAPPER/IO_SHIM/IBUFDS_CLK_125/DIFFINBUF_INST/O
                         net (fo=1, routed)           0.050     1.013    static                              WRAPPER/IO_SHIM/IBUFDS_CLK_125/OUT
    BJ4.I                                                             r  static                              WRAPPER/IO_SHIM/IBUFDS_CLK_125/IBUFCTRL_INST/I
    BJ4.O                IBUFCTRL (Prop_IBUFCTRL_HPIOB_M_I_O)
                                                      0.000     1.013 r  static                              WRAPPER/IO_SHIM/IBUFDS_CLK_125/IBUFCTRL_INST/O
                         net (fo=1, routed)           0.348     1.361    static                              <hidden>
    BUFGCE_X0Y122.I                                                   r  static                              <hidden>
    BUFGCE_X0Y122.O      BUFGCE (Prop_BUFCE_BUFGCE_I_O)
                                                      0.028     1.389 r  static                              <hidden>
                         net (fo=3, routed)           1.883     3.272    static                              <hidden>
    MMCM_X0Y5.CLKIN1                                                  r  static                              <hidden>
    MMCM_X0Y5.CLKOUT0    MMCME4_ADV (Prop_MMCM_CLKIN1_CLKOUT0)
                                                     -0.127     3.145 r  static                              <hidden>
                         net (fo=2, routed)           0.245     3.390    static                              <hidden>
    BUFGCE_X0Y135.I                                                   r  static                              <hidden>
    BUFGCE_X0Y135.O      BUFGCE (Prop_BUFCE_BUFGCE_I_O)
                                                      0.028     3.418 r  static                              <hidden>
                         net (fo=182, unplaced)       2.584     6.002    boundary                            WRAPPER/CL/clk_main_a0
                         FDRE                                         r  reconfigurable pblock_CL            WRAPPER/CL/cmd_reg_chirho_reg[65]_rep/C
  -------------------------------------------------------------------    -------------------------------------------------------
                         FDRE (Prop_FDRE_C_Q)         0.077     6.079 r  reconfigurable pblock_CL            WRAPPER/CL/cmd_reg_chirho_reg[65]_rep/Q
                         net (fo=86, unplaced)        0.174     6.253    reconfigurable                      WRAPPER/CL/u_engine_chirho/c$ds_app_arg_reg[9257]_i_3_0
                                                                      r  reconfigurable pblock_CL            WRAPPER/CL/u_engine_chirho/cl_sh_status_vled[9]_INST_0_i_14/I2
                         LUT6 (Prop_LUT6_I2_O)        0.100     6.353 f  reconfigurable pblock_CL            WRAPPER/CL/u_engine_chirho/cl_sh_status_vled[9]_INST_0_i_14/O
                         net (fo=4, unplaced)         0.024     6.377    reconfigurable                      WRAPPER/CL/u_engine_chirho/cl_sh_status_vled[9]_INST_0_i_14_n_0
                                                                      f  reconfigurable pblock_CL            WRAPPER/CL/u_engine_chirho/cl_sh_status_vled[9]_INST_0_i_7/I0
                         MUXF7 (Prop_MUXF7_I0_O)      0.067     6.444 f  reconfigurable pblock_CL            WRAPPER/CL/u_engine_chirho/cl_sh_status_vled[9]_INST_0_i_7/O
                         net (fo=32, unplaced)        0.243     6.687    reconfigurable                      WRAPPER/CL/u_engine_chirho/vecArray_0__0[1]
                                                                      f  reconfigurable pblock_CL            WRAPPER/CL/u_engine_chirho/cl_sh_status_vled[15]_INST_0_i_32/I0
                         LUT1 (Prop_LUT1_I0_O)        0.037     6.724 r  reconfigurable pblock_CL            WRAPPER/CL/u_engine_chirho/cl_sh_status_vled[15]_INST_0_i_32/O
                         net (fo=1, unplaced)         0.023     6.747    reconfigurable                      WRAPPER/CL/u_engine_chirho/cl_sh_status_vled[15]_INST_0_i_32_n_0
                                                                      r  reconfigurable pblock_CL            WRAPPER/CL/u_engine_chirho/cl_sh_status_vled[15]_INST_0_i_13/S[1]
                         CARRY8 (Prop_CARRY8_S[1]_CO[7])
                                                      0.197     6.944 r  reconfigurable pblock_CL            WRAPPER/CL/u_engine_chirho/cl_sh_status_vled[15]_INST_0_i_13/CO[7]
                         net (fo=1, unplaced)         0.005     6.949    reconfigurable                      WRAPPER/CL/u_engine_chirho/cl_sh_status_vled[15]_INST_0_i_13_n_0
                                                                      r  reconfigurable pblock_CL            WRAPPER/CL/u_engine_chirho/c$ds_app_arg_reg[9748]_i_8/CI
                         CARRY8 (Prop_CARRY8_CI_CO[7])
                                                      0.022     6.971 r  reconfigurable pblock_CL            WRAPPER/CL/u_engine_chirho/c$ds_app_arg_reg[9748]_i_8/CO[7]
                         net (fo=1, unplaced)         0.005     6.976    reconfigurable                      WRAPPER/CL/u_engine_chirho/c$ds_app_arg_reg[9748]_i_8_n_0
                                                                      r  reconfigurable pblock_CL            WRAPPER/CL/u_engine_chirho/c$ds_app_arg_reg[9756]_i_8/CI
                         CARRY8 (Prop_CARRY8_CI_CO[7])
                                                      0.022     6.998 r  reconfigurable pblock_CL            WRAPPER/CL/u_engine_chirho/c$ds_app_arg_reg[9756]_i_8/CO[7]
                         net (fo=1, unplaced)         0.005     7.003    reconfigurable                      WRAPPER/CL/u_engine_chirho/c$ds_app_arg_reg[9756]_i_8_n_0
                                                                      r  reconfigurable pblock_CL            WRAPPER/CL/u_engine_chirho/c$ds_app_arg_reg[9764]_i_8/CI
                         CARRY8 (Prop_CARRY8_CI_CO[7])
                                                      0.022     7.025 r  reconfigurable pblock_CL            WRAPPER/CL/u_engine_chirho/c$ds_app_arg_reg[9764]_i_8/CO[7]
                         net (fo=1, unplaced)         0.005     7.030    reconfigurable                      WRAPPER/CL/u_engine_chirho/c$ds_app_arg_reg[9764]_i_8_n_0
                                                                      r  reconfigurable pblock_CL            WRAPPER/CL/u_engine_chirho/c$ds_app_arg_reg[9772]_i_8/CI
                         CARRY8 (Prop_CARRY8_CI_CO[7])
                                                      0.022     7.052 r  reconfigurable pblock_CL            WRAPPER/CL/u_engine_chirho/c$ds_app_arg_reg[9772]_i_8/CO[7]
                         net (fo=1, unplaced)         0.005     7.057    reconfigurable                      WRAPPER/CL/u_engine_chirho/c$ds_app_arg_reg[9772]_i_8_n_0
                                                                      r  reconfigurable pblock_CL            WRAPPER/CL/u_engine_chirho/c$ds_app_arg_reg[9780]_i_8/CI
                         CARRY8 (Prop_CARRY8_CI_O[1])
                                                      0.076     7.133 r  reconfigurable pblock_CL            WRAPPER/CL/u_engine_chirho/c$ds_app_arg_reg[9780]_i_8/O[1]
                         net (fo=9, unplaced)         0.214     7.347    reconfigurable                      WRAPPER/CL/u_engine_chirho/ds40[41]
                                                                      r  reconfigurable pblock_CL            WRAPPER/CL/u_engine_chirho/c$ds_app_arg[9454]_i_5/I0
                         LUT6 (Prop_LUT6_I0_O)        0.038     7.385 r  reconfigurable pblock_CL            WRAPPER/CL/u_engine_chirho/c$ds_app_arg[9454]_i_5/O
                         net (fo=1, unplaced)         0.018     7.403    reconfigurable                      WRAPPER/CL/u_engine_chirho/c$ds_app_arg[9454]_i_5_n_0
                                                                      r  reconfigurable pblock_CL            WRAPPER/CL/u_engine_chirho/c$ds_app_arg_reg[9454]_i_2/I1
                         MUXF7 (Prop_MUXF7_I1_O)      0.065     7.468 r  reconfigurable pblock_CL            WRAPPER/CL/u_engine_chirho/c$ds_app_arg_reg[9454]_i_2/O
                         net (fo=2, unplaced)         0.183     7.651    reconfigurable                      WRAPPER/CL/u_engine_chirho/c$ds_app_arg_reg[9454]_i_2_n_0
                                                                      r  reconfigurable pblock_CL            WRAPPER/CL/u_engine_chirho/c$ds_app_arg[9454]_i_1/I3
                         LUT6 (Prop_LUT6_I3_O)        0.038     7.689 r  reconfigurable pblock_CL            WRAPPER/CL/u_engine_chirho/c$ds_app_arg[9454]_i_1/O
                         net (fo=5, unplaced)         0.251     7.940    reconfigurable                      WRAPPER/CL/u_engine_chirho/resp_wire_chirho[169]
                                                                      r  reconfigurable pblock_CL            WRAPPER/CL/u_engine_chirho/ocl_rdata_q_chirho_reg[0]_i_498/DI[0]
                         CARRY8 (Prop_CARRY8_DI[0]_CO[7])
                                                      0.140     8.080 r  reconfigurable pblock_CL            WRAPPER/CL/u_engine_chirho/ocl_rdata_q_chirho_reg[0]_i_498/CO[7]
                         net (fo=1, unplaced)         0.005     8.085    reconfigurable                      WRAPPER/CL/u_engine_chirho/ocl_rdata_q_chirho_reg[0]_i_498_n_0
                                                                      r  reconfigurable pblock_CL            WRAPPER/CL/u_engine_chirho/ocl_rdata_q_chirho_reg[0]_i_497/CI
                         CARRY8 (Prop_CARRY8_CI_O[4])
                                                      0.086     8.171 f  reconfigurable pblock_CL            WRAPPER/CL/u_engine_chirho/ocl_rdata_q_chirho_reg[0]_i_497/O[4]
                         net (fo=1, unplaced)         0.183     8.354    reconfigurable                      WRAPPER/CL/u_engine_chirho/map[2].map_out2[53]
                                                                      f  reconfigurable pblock_CL            WRAPPER/CL/u_engine_chirho/ocl_rdata_q_chirho[0]_i_231/I0
                         LUT6 (Prop_LUT6_I0_O)        0.089     8.443 r  reconfigurable pblock_CL            WRAPPER/CL/u_engine_chirho/ocl_rdata_q_chirho[0]_i_231/O
                         net (fo=1, unplaced)         0.023     8.466    reconfigurable                      WRAPPER/CL/u_engine_chirho/ocl_rdata_q_chirho[0]_i_231_n_0
                                                                      r  reconfigurable pblock_CL            WRAPPER/CL/u_engine_chirho/ocl_rdata_q_chirho_reg[0]_i_97/S[1]
                         CARRY8 (Prop_CARRY8_S[1]_CO[5])
                                                      0.199     8.665 r  reconfigurable pblock_CL            WRAPPER/CL/u_engine_chirho/ocl_rdata_q_chirho_reg[0]_i_97/CO[5]
                         net (fo=1, unplaced)         0.141     8.806    reconfigurable                      WRAPPER/CL/u_engine_chirho/map[2].map_out0
                                                                      r  reconfigurable pblock_CL            WRAPPER/CL/u_engine_chirho/ocl_rdata_q_chirho[0]_i_23/I3
                         LUT6 (Prop_LUT6_I3_O)        0.053     8.859 r  reconfigurable pblock_CL            WRAPPER/CL/u_engine_chirho/ocl_rdata_q_chirho[0]_i_23/O
                         net (fo=1, unplaced)         0.185     9.044    reconfigurable                      WRAPPER/CL/u_engine_chirho/ocl_rdata_q_chirho[0]_i_23_n_0
                                                                      r  reconfigurable pblock_CL            WRAPPER/CL/u_engine_chirho/ocl_rdata_q_chirho[0]_i_11/I5
                         LUT6 (Prop_LUT6_I5_O)        0.038     9.082 r  reconfigurable pblock_CL            WRAPPER/CL/u_engine_chirho/ocl_rdata_q_chirho[0]_i_11/O
                         net (fo=1, unplaced)         0.185     9.267    reconfigurable                      WRAPPER/CL/u_engine_chirho/ocl_rdata_q_chirho[0]_i_11_n_0
                                                                      r  reconfigurable pblock_CL            WRAPPER/CL/u_engine_chirho/ocl_rdata_q_chirho[0]_i_4/I4
                         LUT5 (Prop_LUT5_I4_O)        0.038     9.305 r  reconfigurable pblock_CL            WRAPPER/CL/u_engine_chirho/ocl_rdata_q_chirho[0]_i_4/O
                         net (fo=1, unplaced)         0.185     9.490    reconfigurable                      WRAPPER/CL/u_engine_chirho/ocl_rdata_q_chirho[0]_i_4_n_0
                                                                      r  reconfigurable pblock_CL            WRAPPER/CL/u_engine_chirho/ocl_rdata_q_chirho[0]_i_1/I4
                         LUT6 (Prop_LUT6_I4_O)        0.038     9.528 r  reconfigurable pblock_CL            WRAPPER/CL/u_engine_chirho/ocl_rdata_q_chirho[0]_i_1/O
                         net (fo=1, unplaced)         0.048     9.576    reconfigurable                      WRAPPER/CL/u_engine_chirho_n_39
                         FDRE                                         r  reconfigurable pblock_CL            WRAPPER/CL/ocl_rdata_q_chirho_reg[0]/D
  -------------------------------------------------------------------    -------------------------------------------------------

                         (clock clk_main_a0 rise edge)
                                                      4.000     4.000 r                                      
    BJ4                                               0.000     4.000 r  static                              <hidden>
                         net (fo=0)                   0.079     4.079    static                              WRAPPER/IO_SHIM/IBUFDS_CLK_125/I
    HPIOBDIFFINBUF_X0Y130.DIFF_IN_P
                                                                      r  static                              WRAPPER/IO_SHIM/IBUFDS_CLK_125/DIFFINBUF_INST/DIFF_IN_P
    HPIOBDIFFINBUF_X0Y130.O
                         DIFFINBUF (Prop_DIFFINBUF_HPIOBDIFFINBUF_DIFF_IN_P_O)
                                                      0.750     4.829 r  static                              WRAPPER/IO_SHIM/IBUFDS_CLK_125/DIFFINBUF_INST/O
                         net (fo=1, routed)           0.040     4.869    static                              WRAPPER/IO_SHIM/IBUFDS_CLK_125/OUT
    BJ4.I                                                             r  static                              WRAPPER/IO_SHIM/IBUFDS_CLK_125/IBUFCTRL_INST/I
    BJ4.O                IBUFCTRL (Prop_IBUFCTRL_HPIOB_M_I_O)
                                                      0.000     4.869 r  static                              WRAPPER/IO_SHIM/IBUFDS_CLK_125/IBUFCTRL_INST/O
                         net (fo=1, routed)           0.309     5.178    static                              <hidden>
    BUFGCE_X0Y122.I                                                   r  static                              <hidden>
    BUFGCE_X0Y122.O      BUFGCE (Prop_BUFCE_BUFGCE_I_O)
                                                      0.024     5.202 r  static                              <hidden>
                         net (fo=3, routed)           1.690     6.892    static                              <hidden>
    MMCM_X0Y5.CLKIN1                                                  r  static                              <hidden>
    MMCM_X0Y5.CLKOUT0    MMCME4_ADV (Prop_MMCM_CLKIN1_CLKOUT0)
                                                      0.630     7.522 r  static                              <hidden>
                         net (fo=2, routed)           0.215     7.737    static                              <hidden>
    BUFGCE_X0Y135.I                                                   r  static                              <hidden>
    BUFGCE_X0Y135.O      BUFGCE (Prop_BUFCE_BUFGCE_I_O)
                                                      0.024     7.761 r  static                              <hidden>
                         net (fo=182, unplaced)       2.439    10.200    boundary                            WRAPPER/CL/clk_main_a0
                         FDRE                                         r  reconfigurable pblock_CL            WRAPPER/CL/ocl_rdata_q_chirho_reg[0]/C
                         clock pessimism             -0.344     9.857                                            
                         clock uncertainty           -0.059     9.798                                            
                         FDRE (Setup_FDRE_C_D)        0.025     9.823    reconfigurable   pblock_CL              WRAPPER/CL/ocl_rdata_q_chirho_reg[0]
  -------------------------------------------------------------------
                         required time                          9.823                                            
                         arrival time                          -9.576                                            
  -------------------------------------------------------------------
                         slack                                  0.247                                            

Slack (MET) :             0.652ns  (required time - arrival time)
  Source:                 WRAPPER/CL/clk_div_chirho_reg[1]/C
                            (rising edge-triggered cell FDCE clocked by clk_main_a0  {rise@0.000ns fall@2.000ns period=4.000ns})
  Destination:            WRAPPER/CL/clk_div_chirho_reg[1]/D
                            (rising edge-triggered cell FDCE clocked by clk_main_a0  {rise@0.000ns fall@2.000ns period=4.000ns})
  Path Group:             clk_main_a0
  Path Type:              Setup (Max at Slow Process Corner)
  Requirement:            4.000ns  (clk_main_a0 rise@4.000ns - clk_main_a0 rise@0.000ns)
  Data Path Delay:        3.169ns  (logic 0.175ns (5.522%)  route 2.994ns (94.478%))
  Logic Levels:           2  (BUFGCE=1 LUT2=1)
  Clock Path Skew:        -0.145ns (DCD - SCD + CPR)
    Destination Clock Delay (DCD):    6.200ns = ( 10.200 - 4.000 ) 
    Source Clock Delay      (SCD):    6.002ns
    Clock Pessimism Removal (CPR):    -0.344ns
  Clock Uncertainty:      0.059ns  ((TSJ^2 + DJ^2)^1/2) / 2 + PE
    Total System Jitter     (TSJ):    0.071ns
    Discrete Jitter          (DJ):    0.094ns
    Phase Error              (PE):    0.000ns

    Location             Delay type                Incr(ns)  Path(ns)    Partition      PBlock               Netlist Resource(s)
  -------------------------------------------------------------------    -------------------------------------------------------
                         (clock clk_main_a0 rise edge)
                                                      0.000     0.000 r                                      
    BJ4                                               0.000     0.000 r  static                              <hidden>
                         net (fo=0)                   0.100     0.100    static                              WRAPPER/IO_SHIM/IBUFDS_CLK_125/I
    HPIOBDIFFINBUF_X0Y130.DIFF_IN_P
                                                                      r  static                              WRAPPER/IO_SHIM/IBUFDS_CLK_125/DIFFINBUF_INST/DIFF_IN_P
    HPIOBDIFFINBUF_X0Y130.O
                         DIFFINBUF (Prop_DIFFINBUF_HPIOBDIFFINBUF_DIFF_IN_P_O)
                                                      0.863     0.963 r  static                              WRAPPER/IO_SHIM/IBUFDS_CLK_125/DIFFINBUF_INST/O
                         net (fo=1, routed)           0.050     1.013    static                              WRAPPER/IO_SHIM/IBUFDS_CLK_125/OUT
    BJ4.I                                                             r  static                              WRAPPER/IO_SHIM/IBUFDS_CLK_125/IBUFCTRL_INST/I
    BJ4.O                IBUFCTRL (Prop_IBUFCTRL_HPIOB_M_I_O)
                                                      0.000     1.013 r  static                              WRAPPER/IO_SHIM/IBUFDS_CLK_125/IBUFCTRL_INST/O
                         net (fo=1, routed)           0.348     1.361    static                              <hidden>
    BUFGCE_X0Y122.I                                                   r  static                              <hidden>
    BUFGCE_X0Y122.O      BUFGCE (Prop_BUFCE_BUFGCE_I_O)
                                                      0.028     1.389 r  static                              <hidden>
                         net (fo=3, routed)           1.883     3.272    static                              <hidden>
    MMCM_X0Y5.CLKIN1                                                  r  static                              <hidden>
    MMCM_X0Y5.CLKOUT0    MMCME4_ADV (Prop_MMCM_CLKIN1_CLKOUT0)
                                                     -0.127     3.145 r  static                              <hidden>
                         net (fo=2, routed)           0.245     3.390    static                              <hidden>
    BUFGCE_X0Y135.I                                                   r  static                              <hidden>
    BUFGCE_X0Y135.O      BUFGCE (Prop_BUFCE_BUFGCE_I_O)
                                                      0.028     3.418 r  static                              <hidden>
                         net (fo=182, unplaced)       2.584     6.002    boundary                            WRAPPER/CL/clk_main_a0
                         FDCE                                         r  reconfigurable pblock_CL            WRAPPER/CL/clk_div_chirho_reg[1]/C
  -------------------------------------------------------------------    -------------------------------------------------------
                         FDCE (Prop_FDCE_C_Q)         0.077     6.079 r  reconfigurable pblock_CL            WRAPPER/CL/clk_div_chirho_reg[1]/Q
                         net (fo=1, unplaced)         0.362     6.441    reconfigurable                      WRAPPER/CL/clk_engine_chirho
                                                                      r  reconfigurable pblock_CL            WRAPPER/CL/clk_engine_chirho_BUFG_inst/I
                         BUFGCE (Prop_BUFGCE_I_O)     0.028     6.469 r  reconfigurable pblock_CL            WRAPPER/CL/clk_engine_chirho_BUFG_inst/O
                         net (fo=9798, unplaced)      2.584     9.053    reconfigurable                      WRAPPER/CL/clk_engine_chirho_BUFGCE
                                                                      r  reconfigurable pblock_CL            WRAPPER/CL/clk_div_chirho[1]_i_1/I1
                         LUT2 (Prop_LUT2_I1_O)        0.070     9.123 r  reconfigurable pblock_CL            WRAPPER/CL/clk_div_chirho[1]_i_1/O
                         net (fo=1, unplaced)         0.048     9.171    reconfigurable                      WRAPPER/CL/p_0_in__0[1]
                         FDCE                                         r  reconfigurable pblock_CL            WRAPPER/CL/clk_div_chirho_reg[1]/D
  -------------------------------------------------------------------    -------------------------------------------------------

                         (clock clk_main_a0 rise edge)
                                                      4.000     4.000 r                                      
    BJ4                                               0.000     4.000 r  static                              <hidden>
                         net (fo=0)                   0.079     4.079    static                              WRAPPER/IO_SHIM/IBUFDS_CLK_125/I
    HPIOBDIFFINBUF_X0Y130.DIFF_IN_P
                                                                      r  static                              WRAPPER/IO_SHIM/IBUFDS_CLK_125/DIFFINBUF_INST/DIFF_IN_P
    HPIOBDIFFINBUF_X0Y130.O
                         DIFFINBUF (Prop_DIFFINBUF_HPIOBDIFFINBUF_DIFF_IN_P_O)
                                                      0.750     4.829 r  static                              WRAPPER/IO_SHIM/IBUFDS_CLK_125/DIFFINBUF_INST/O
                         net (fo=1, routed)           0.040     4.869    static                              WRAPPER/IO_SHIM/IBUFDS_CLK_125/OUT
    BJ4.I                                                             r  static                              WRAPPER/IO_SHIM/IBUFDS_CLK_125/IBUFCTRL_INST/I
    BJ4.O                IBUFCTRL (Prop_IBUFCTRL_HPIOB_M_I_O)
                                                      0.000     4.869 r  static                              WRAPPER/IO_SHIM/IBUFDS_CLK_125/IBUFCTRL_INST/O
                         net (fo=1, routed)           0.309     5.178    static                              <hidden>
    BUFGCE_X0Y122.I                                                   r  static                              <hidden>
    BUFGCE_X0Y122.O      BUFGCE (Prop_BUFCE_BUFGCE_I_O)
                                                      0.024     5.202 r  static                              <hidden>
                         net (fo=3, routed)           1.690     6.892    static                              <hidden>
    MMCM_X0Y5.CLKIN1                                                  r  static                              <hidden>
    MMCM_X0Y5.CLKOUT0    MMCME4_ADV (Prop_MMCM_CLKIN1_CLKOUT0)
                                                      0.630     7.522 r  static                              <hidden>
                         net (fo=2, routed)           0.215     7.737    static                              <hidden>
    BUFGCE_X0Y135.I                                                   r  static                              <hidden>
    BUFGCE_X0Y135.O      BUFGCE (Prop_BUFCE_BUFGCE_I_O)
                                                      0.024     7.761 r  static                              <hidden>
                         net (fo=182, unplaced)       2.439    10.200    boundary                            WRAPPER/CL/clk_main_a0
                         FDCE                                         r  reconfigurable pblock_CL            WRAPPER/CL/clk_div_chirho_reg[1]/C
                         clock pessimism             -0.344     9.857                                            
                         clock uncertainty           -0.059     9.798                                            
                         FDCE (Setup_FDCE_C_D)        0.025     9.823    reconfigurable   pblock_CL              WRAPPER/CL/clk_div_chirho_reg[1]
  -------------------------------------------------------------------
                         required time                          9.823                                            
                         arrival time                          -9.171                                            
  -------------------------------------------------------------------
                         slack                                  0.652                                            

Slack (MET) :             0.711ns  (required time - arrival time)
  Source:                 <hidden>
                            (rising edge-triggered cell FDRE clocked by clk_main_a0  {rise@0.000ns fall@2.000ns period=4.000ns})
  Destination:            <hidden>
                            (rising edge-triggered cell FDRE clocked by clk_main_a0  {rise@0.000ns fall@2.000ns period=4.000ns})
  Path Group:             clk_main_a0
  Path Type:              Setup (Max at Slow Process Corner)
  Requirement:            4.000ns  (clk_main_a0 rise@4.000ns - clk_main_a0 rise@0.000ns)
  Data Path Delay:        3.024ns  (logic 0.176ns (5.820%)  route 2.848ns (94.180%))
  Logic Levels:           1  (LUT3=1)
  Clock Path Skew:        -0.231ns (DCD - SCD + CPR)
    Destination Clock Delay (DCD):    5.943ns = ( 9.943 - 4.000 ) 
    Source Clock Delay      (SCD):    5.880ns
    Clock Pessimism Removal (CPR):    -0.295ns
  Clock Uncertainty:      0.059ns  ((TSJ^2 + DJ^2)^1/2) / 2 + PE
    Total System Jitter     (TSJ):    0.071ns
    Discrete Jitter          (DJ):    0.094ns
    Phase Error              (PE):    0.000ns
  Clock Net Delay (Source):      2.462ns (routing 0.460ns, distribution 2.002ns)
  Clock Net Delay (Destination): 2.182ns (routing 0.419ns, distribution 1.763ns)

    Location             Delay type                Incr(ns)  Path(ns)    Partition      Netlist Resource(s)
  -------------------------------------------------------------------    ----------------------------------
                         (clock clk_main_a0 rise edge)
                                                      0.000     0.000 r                 
    BJ4                                               0.000     0.000 r  static         <hidden>
                         net (fo=0)                   0.100     0.100    static         WRAPPER/IO_SHIM/IBUFDS_CLK_125/I
    HPIOBDIFFINBUF_X0Y130.DIFF_IN_P
                                                                      r  static         WRAPPER/IO_SHIM/IBUFDS_CLK_125/DIFFINBUF_INST/DIFF_IN_P
    HPIOBDIFFINBUF_X0Y130.O
                         DIFFINBUF (Prop_DIFFINBUF_HPIOBDIFFINBUF_DIFF_IN_P_O)
                                                      0.863     0.963 r  static         WRAPPER/IO_SHIM/IBUFDS_CLK_125/DIFFINBUF_INST/O
                         net (fo=1, routed)           0.050     1.013    static         WRAPPER/IO_SHIM/IBUFDS_CLK_125/OUT
    BJ4.I                                                             r  static         WRAPPER/IO_SHIM/IBUFDS_CLK_125/IBUFCTRL_INST/I
    BJ4.O                IBUFCTRL (Prop_IBUFCTRL_HPIOB_M_I_O)
                                                      0.000     1.013 r  static         WRAPPER/IO_SHIM/IBUFDS_CLK_125/IBUFCTRL_INST/O
                         net (fo=1, routed)           0.348     1.361    static         <hidden>
    BUFGCE_X0Y122.I                                                   r  static         <hidden>
    BUFGCE_X0Y122.O      BUFGCE (Prop_BUFCE_BUFGCE_I_O)
                                                      0.028     1.389 r  static         <hidden>
                         net (fo=3, routed)           1.883     3.272    static         <hidden>
    MMCM_X0Y5.CLKIN1                                                  r  static         <hidden>
    MMCM_X0Y5.CLKOUT0    MMCME4_ADV (Prop_MMCM_CLKIN1_CLKOUT0)
                                                     -0.127     3.145 r  static         <hidden>
                         net (fo=2, routed)           0.245     3.390    static         <hidden>
    BUFGCE_X0Y136.I                                                   r  static         <hidden>
    BUFGCE_X0Y136.O      BUFGCE (Prop_BUFCE_BUFGCE_I_O)
                                                      0.028     3.418 r  static         <hidden>
    X3Y5 (CLOCK_ROOT)    net (fo=4881, routed)        2.462     5.880    static         <hidden>
    SLICE_X176Y460.CLK   FDRE                                         r  static         <hidden>
  -------------------------------------------------------------------    ----------------------------------
    SLICE_X176Y460.Q     FDRE (Prop_CFF_SLICEM_C_Q)
                                                      0.078     5.958 f  static         <hidden>
                         net (fo=1065, routed)        2.782     8.739    static         <hidden>
    SLICE_X176Y393.A3                                                 f  static         <hidden>
    SLICE_X176Y393.O6    LUT3 (Prop_C6LUT_SLICEM_I2_O)
                                                      0.098     8.837 r  static         <hidden>
                         net (fo=1, routed)           0.066     8.903    static         <hidden>
    SLICE_X176Y393.D     FDRE                                         r  static         <hidden>
  -------------------------------------------------------------------    ----------------------------------

                         (clock clk_main_a0 rise edge)
                                                      4.000     4.000 r                 
    BJ4                                               0.000     4.000 r  static         <hidden>
                         net (fo=0)                   0.079     4.079    static         WRAPPER/IO_SHIM/IBUFDS_CLK_125/I
    HPIOBDIFFINBUF_X0Y130.DIFF_IN_P
                                                                      r  static         WRAPPER/IO_SHIM/IBUFDS_CLK_125/DIFFINBUF_INST/DIFF_IN_P
    HPIOBDIFFINBUF_X0Y130.O
                         DIFFINBUF (Prop_DIFFINBUF_HPIOBDIFFINBUF_DIFF_IN_P_O)
                                                      0.750     4.829 r  static         WRAPPER/IO_SHIM/IBUFDS_CLK_125/DIFFINBUF_INST/O
                         net (fo=1, routed)           0.040     4.869    static         WRAPPER/IO_SHIM/IBUFDS_CLK_125/OUT
    BJ4.I                                                             r  static         WRAPPER/IO_SHIM/IBUFDS_CLK_125/IBUFCTRL_INST/I
    BJ4.O                IBUFCTRL (Prop_IBUFCTRL_HPIOB_M_I_O)
                                                      0.000     4.869 r  static         WRAPPER/IO_SHIM/IBUFDS_CLK_125/IBUFCTRL_INST/O
                         net (fo=1, routed)           0.309     5.178    static         <hidden>
    BUFGCE_X0Y122.I                                                   r  static         <hidden>
    BUFGCE_X0Y122.O      BUFGCE (Prop_BUFCE_BUFGCE_I_O)
                                                      0.024     5.202 r  static         <hidden>
                         net (fo=3, routed)           1.690     6.892    static         <hidden>
    MMCM_X0Y5.CLKIN1                                                  r  static         <hidden>
    MMCM_X0Y5.CLKOUT0    MMCME4_ADV (Prop_MMCM_CLKIN1_CLKOUT0)
                                                      0.630     7.522 r  static         <hidden>
                         net (fo=2, routed)           0.215     7.737    static         <hidden>
    BUFGCE_X0Y136.I                                                   r  static         <hidden>
    BUFGCE_X0Y136.O      BUFGCE (Prop_BUFCE_BUFGCE_I_O)
                                                      0.024     7.761 r  static         <hidden>
    X3Y5 (CLOCK_ROOT)    net (fo=4881, routed)        2.182     9.943    static         <hidden>
    SLICE_X176Y393.CLK   FDRE                                         r  static         <hidden>
                         clock pessimism             -0.295     9.648                     
                         clock uncertainty           -0.059     9.590                     
    SLICE_X176Y393       FDRE (Setup_CFF_SLICEM_C_D)
                                                      0.025     9.615    static           <hidden>
  -------------------------------------------------------------------
                         required time                          9.615                     
                         arrival time                          -8.903                     
  -------------------------------------------------------------------
                         slack                                  0.711                     

Slack (MET) :             0.729ns  (required time - arrival time)
  Source:                 <hidden>
                            (rising edge-triggered cell FDRE clocked by clk_main_a0  {rise@0.000ns fall@2.000ns period=4.000ns})
  Destination:            <hidden>
                            (rising edge-triggered cell FDRE clocked by clk_main_a0  {rise@0.000ns fall@2.000ns period=4.000ns})
  Path Group:             clk_main_a0
  Path Type:              Setup (Max at Slow Process Corner)
  Requirement:            4.000ns  (clk_main_a0 rise@4.000ns - clk_main_a0 rise@0.000ns)
  Data Path Delay:        3.006ns  (logic 0.167ns (5.556%)  route 2.839ns (94.444%))
  Logic Levels:           1  (LUT3=1)
  Clock Path Skew:        -0.231ns (DCD - SCD + CPR)
    Destination Clock Delay (DCD):    5.943ns = ( 9.943 - 4.000 ) 
    Source Clock Delay      (SCD):    5.880ns
    Clock Pessimism Removal (CPR):    -0.295ns
  Clock Uncertainty:      0.059ns  ((TSJ^2 + DJ^2)^1/2) / 2 + PE
    Total System Jitter     (TSJ):    0.071ns
    Discrete Jitter          (DJ):    0.094ns
    Phase Error              (PE):    0.000ns
  Clock Net Delay (Source):      2.462ns (routing 0.460ns, distribution 2.002ns)
  Clock Net Delay (Destination): 2.182ns (routing 0.419ns, distribution 1.763ns)

    Location             Delay type                Incr(ns)  Path(ns)    Partition      Netlist Resource(s)
  -------------------------------------------------------------------    ----------------------------------
                         (clock clk_main_a0 rise edge)
                                                      0.000     0.000 r                 
    BJ4                                               0.000     0.000 r  static         <hidden>
                         net (fo=0)                   0.100     0.100    static         WRAPPER/IO_SHIM/IBUFDS_CLK_125/I
    HPIOBDIFFINBUF_X0Y130.DIFF_IN_P
                                                                      r  static         WRAPPER/IO_SHIM/IBUFDS_CLK_125/DIFFINBUF_INST/DIFF_IN_P
    HPIOBDIFFINBUF_X0Y130.O
                         DIFFINBUF (Prop_DIFFINBUF_HPIOBDIFFINBUF_DIFF_IN_P_O)
                                                      0.863     0.963 r  static         WRAPPER/IO_SHIM/IBUFDS_CLK_125/DIFFINBUF_INST/O
                         net (fo=1, routed)           0.050     1.013    static         WRAPPER/IO_SHIM/IBUFDS_CLK_125/OUT
    BJ4.I                                                             r  static         WRAPPER/IO_SHIM/IBUFDS_CLK_125/IBUFCTRL_INST/I
    BJ4.O                IBUFCTRL (Prop_IBUFCTRL_HPIOB_M_I_O)
                                                      0.000     1.013 r  static         WRAPPER/IO_SHIM/IBUFDS_CLK_125/IBUFCTRL_INST/O
                         net (fo=1, routed)           0.348     1.361    static         <hidden>
    BUFGCE_X0Y122.I                                                   r  static         <hidden>
    BUFGCE_X0Y122.O      BUFGCE (Prop_BUFCE_BUFGCE_I_O)
                                                      0.028     1.389 r  static         <hidden>
                         net (fo=3, routed)           1.883     3.272    static         <hidden>
    MMCM_X0Y5.CLKIN1                                                  r  static         <hidden>
    MMCM_X0Y5.CLKOUT0    MMCME4_ADV (Prop_MMCM_CLKIN1_CLKOUT0)
                                                     -0.127     3.145 r  static         <hidden>
                         net (fo=2, routed)           0.245     3.390    static         <hidden>
    BUFGCE_X0Y136.I                                                   r  static         <hidden>
    BUFGCE_X0Y136.O      BUFGCE (Prop_BUFCE_BUFGCE_I_O)
                                                      0.028     3.418 r  static         <hidden>
    X3Y5 (CLOCK_ROOT)    net (fo=4881, routed)        2.462     5.880    static         <hidden>
    SLICE_X176Y460.CLK   FDRE                                         r  static         <hidden>
  -------------------------------------------------------------------    ----------------------------------
    SLICE_X176Y460.Q     FDRE (Prop_CFF_SLICEM_C_Q)
                                                      0.078     5.958 f  static         <hidden>
                         net (fo=1065, routed)        2.780     8.737    static         <hidden>
    SLICE_X176Y393.A4                                                 f  static         <hidden>
    SLICE_X176Y393.O6    LUT3 (Prop_B6LUT_SLICEM_I2_O)
                                                      0.089     8.826 r  static         <hidden>
                         net (fo=1, routed)           0.059     8.885    static         <hidden>
    SLICE_X176Y393.D     FDRE                                         r  static         <hidden>
  -------------------------------------------------------------------    ----------------------------------

                         (clock clk_main_a0 rise edge)
                                                      4.000     4.000 r                 
    BJ4                                               0.000     4.000 r  static         <hidden>
                         net (fo=0)                   0.079     4.079    static         WRAPPER/IO_SHIM/IBUFDS_CLK_125/I
    HPIOBDIFFINBUF_X0Y130.DIFF_IN_P
                                                                      r  static         WRAPPER/IO_SHIM/IBUFDS_CLK_125/DIFFINBUF_INST/DIFF_IN_P
    HPIOBDIFFINBUF_X0Y130.O
                         DIFFINBUF (Prop_DIFFINBUF_HPIOBDIFFINBUF_DIFF_IN_P_O)
                                                      0.750     4.829 r  static         WRAPPER/IO_SHIM/IBUFDS_CLK_125/DIFFINBUF_INST/O
                         net (fo=1, routed)           0.040     4.869    static         WRAPPER/IO_SHIM/IBUFDS_CLK_125/OUT
    BJ4.I                                                             r  static         WRAPPER/IO_SHIM/IBUFDS_CLK_125/IBUFCTRL_INST/I
    BJ4.O                IBUFCTRL (Prop_IBUFCTRL_HPIOB_M_I_O)
                                                      0.000     4.869 r  static         WRAPPER/IO_SHIM/IBUFDS_CLK_125/IBUFCTRL_INST/O
                         net (fo=1, routed)           0.309     5.178    static         <hidden>
    BUFGCE_X0Y122.I                                                   r  static         <hidden>
    BUFGCE_X0Y122.O      BUFGCE (Prop_BUFCE_BUFGCE_I_O)
                                                      0.024     5.202 r  static         <hidden>
                         net (fo=3, routed)           1.690     6.892    static         <hidden>
    MMCM_X0Y5.CLKIN1                                                  r  static         <hidden>
    MMCM_X0Y5.CLKOUT0    MMCME4_ADV (Prop_MMCM_CLKIN1_CLKOUT0)
                                                      0.630     7.522 r  static         <hidden>
                         net (fo=2, routed)           0.215     7.737    static         <hidden>
    BUFGCE_X0Y136.I                                                   r  static         <hidden>
    BUFGCE_X0Y136.O      BUFGCE (Prop_BUFCE_BUFGCE_I_O)
                                                      0.024     7.761 r  static         <hidden>
    X3Y5 (CLOCK_ROOT)    net (fo=4881, routed)        2.182     9.943    static         <hidden>
    SLICE_X176Y393.CLK   FDRE                                         r  static         <hidden>
                         clock pessimism             -0.295     9.648                     
                         clock uncertainty           -0.059     9.590                     
    SLICE_X176Y393       FDRE (Setup_BFF_SLICEM_C_D)
                                                      0.025     9.615    static           <hidden>
  -------------------------------------------------------------------
                         required time                          9.615                     
                         arrival time                          -8.885                     
  -------------------------------------------------------------------
                         slack                                  0.729                     

Slack (MET) :             0.737ns  (required time - arrival time)
  Source:                 <hidden>
                            (rising edge-triggered cell FDRE clocked by clk_main_a0  {rise@0.000ns fall@2.000ns period=4.000ns})
  Destination:            <hidden>
                            (rising edge-triggered cell FDRE clocked by clk_main_a0  {rise@0.000ns fall@2.000ns period=4.000ns})
  Path Group:             clk_main_a0
  Path Type:              Setup (Max at Slow Process Corner)
  Requirement:            4.000ns  (clk_main_a0 rise@4.000ns - clk_main_a0 rise@0.000ns)
  Data Path Delay:        2.998ns  (logic 0.189ns (6.304%)  route 2.809ns (93.696%))
  Logic Levels:           1  (LUT3=1)
  Clock Path Skew:        -0.231ns (DCD - SCD + CPR)
    Destination Clock Delay (DCD):    5.943ns = ( 9.943 - 4.000 ) 
    Source Clock Delay      (SCD):    5.880ns
    Clock Pessimism Removal (CPR):    -0.295ns
  Clock Uncertainty:      0.059ns  ((TSJ^2 + DJ^2)^1/2) / 2 + PE
    Total System Jitter     (TSJ):    0.071ns
    Discrete Jitter          (DJ):    0.094ns
    Phase Error              (PE):    0.000ns
  Clock Net Delay (Source):      2.462ns (routing 0.460ns, distribution 2.002ns)
  Clock Net Delay (Destination): 2.182ns (routing 0.419ns, distribution 1.763ns)

    Location             Delay type                Incr(ns)  Path(ns)    Partition      Netlist Resource(s)
  -------------------------------------------------------------------    ----------------------------------
                         (clock clk_main_a0 rise edge)
                                                      0.000     0.000 r                 
    BJ4                                               0.000     0.000 r  static         <hidden>
                         net (fo=0)                   0.100     0.100    static         WRAPPER/IO_SHIM/IBUFDS_CLK_125/I
    HPIOBDIFFINBUF_X0Y130.DIFF_IN_P
                                                                      r  static         WRAPPER/IO_SHIM/IBUFDS_CLK_125/DIFFINBUF_INST/DIFF_IN_P
    HPIOBDIFFINBUF_X0Y130.O
                         DIFFINBUF (Prop_DIFFINBUF_HPIOBDIFFINBUF_DIFF_IN_P_O)
                                                      0.863     0.963 r  static         WRAPPER/IO_SHIM/IBUFDS_CLK_125/DIFFINBUF_INST/O
                         net (fo=1, routed)           0.050     1.013    static         WRAPPER/IO_SHIM/IBUFDS_CLK_125/OUT
    BJ4.I                                                             r  static         WRAPPER/IO_SHIM/IBUFDS_CLK_125/IBUFCTRL_INST/I
    BJ4.O                IBUFCTRL (Prop_IBUFCTRL_HPIOB_M_I_O)
                                                      0.000     1.013 r  static         WRAPPER/IO_SHIM/IBUFDS_CLK_125/IBUFCTRL_INST/O
                         net (fo=1, routed)           0.348     1.361    static         <hidden>
    BUFGCE_X0Y122.I                                                   r  static         <hidden>
    BUFGCE_X0Y122.O      BUFGCE (Prop_BUFCE_BUFGCE_I_O)
                                                      0.028     1.389 r  static         <hidden>
                         net (fo=3, routed)           1.883     3.272    static         <hidden>
    MMCM_X0Y5.CLKIN1                                                  r  static         <hidden>
    MMCM_X0Y5.CLKOUT0    MMCME4_ADV (Prop_MMCM_CLKIN1_CLKOUT0)
                                                     -0.127     3.145 r  static         <hidden>
                         net (fo=2, routed)           0.245     3.390    static         <hidden>
    BUFGCE_X0Y136.I                                                   r  static         <hidden>
    BUFGCE_X0Y136.O      BUFGCE (Prop_BUFCE_BUFGCE_I_O)
                                                      0.028     3.418 r  static         <hidden>
    X3Y5 (CLOCK_ROOT)    net (fo=4881, routed)        2.462     5.880    static         <hidden>
    SLICE_X176Y460.CLK   FDRE                                         r  static         <hidden>
  -------------------------------------------------------------------    ----------------------------------
    SLICE_X176Y460.Q     FDRE (Prop_CFF_SLICEM_C_Q)
                                                      0.078     5.958 f  static         <hidden>
                         net (fo=1065, routed)        2.782     8.739    static         <hidden>
    SLICE_X176Y393.A3                                                 f  static         <hidden>
    SLICE_X176Y393.O5    LUT3 (Prop_C5LUT_SLICEM_I2_O)
                                                      0.111     8.850 r  static         <hidden>
                         net (fo=1, routed)           0.027     8.877    static         <hidden>
    SLICE_X176Y393.D     FDRE                                         r  static         <hidden>
  -------------------------------------------------------------------    ----------------------------------

                         (clock clk_main_a0 rise edge)
                                                      4.000     4.000 r                 
    BJ4                                               0.000     4.000 r  static         <hidden>
                         net (fo=0)                   0.079     4.079    static         WRAPPER/IO_SHIM/IBUFDS_CLK_125/I
    HPIOBDIFFINBUF_X0Y130.DIFF_IN_P
                                                                      r  static         WRAPPER/IO_SHIM/IBUFDS_CLK_125/DIFFINBUF_INST/DIFF_IN_P
    HPIOBDIFFINBUF_X0Y130.O
                         DIFFINBUF (Prop_DIFFINBUF_HPIOBDIFFINBUF_DIFF_IN_P_O)
                                                      0.750     4.829 r  static         WRAPPER/IO_SHIM/IBUFDS_CLK_125/DIFFINBUF_INST/O
                         net (fo=1, routed)           0.040     4.869    static         WRAPPER/IO_SHIM/IBUFDS_CLK_125/OUT
    BJ4.I                                                             r  static         WRAPPER/IO_SHIM/IBUFDS_CLK_125/IBUFCTRL_INST/I
    BJ4.O                IBUFCTRL (Prop_IBUFCTRL_HPIOB_M_I_O)
                                                      0.000     4.869 r  static         WRAPPER/IO_SHIM/IBUFDS_CLK_125/IBUFCTRL_INST/O
                         net (fo=1, routed)           0.309     5.178    static         <hidden>
    BUFGCE_X0Y122.I                                                   r  static         <hidden>
    BUFGCE_X0Y122.O      BUFGCE (Prop_BUFCE_BUFGCE_I_O)
                                                      0.024     5.202 r  static         <hidden>
                         net (fo=3, routed)           1.690     6.892    static         <hidden>
    MMCM_X0Y5.CLKIN1                                                  r  static         <hidden>
    MMCM_X0Y5.CLKOUT0    MMCME4_ADV (Prop_MMCM_CLKIN1_CLKOUT0)
                                                      0.630     7.522 r  static         <hidden>
                         net (fo=2, routed)           0.215     7.737    static         <hidden>
    BUFGCE_X0Y136.I                                                   r  static         <hidden>
    BUFGCE_X0Y136.O      BUFGCE (Prop_BUFCE_BUFGCE_I_O)
                                                      0.024     7.761 r  static         <hidden>
    X3Y5 (CLOCK_ROOT)    net (fo=4881, routed)        2.182     9.943    static         <hidden>
    SLICE_X176Y393.CLK   FDRE                                         r  static         <hidden>
                         clock pessimism             -0.295     9.648                     
                         clock uncertainty           -0.059     9.590                     
    SLICE_X176Y393       FDRE (Setup_CFF2_SLICEM_C_D)
                                                      0.025     9.615    static           <hidden>
  -------------------------------------------------------------------
                         required time                          9.615                     
                         arrival time                          -8.877                     
  -------------------------------------------------------------------
                         slack                                  0.737                     

Slack (MET) :             0.748ns  (required time - arrival time)
  Source:                 <hidden>
                            (rising edge-triggered cell FDRE clocked by clk_main_a0  {rise@0.000ns fall@2.000ns period=4.000ns})
  Destination:            <hidden>
                            (rising edge-triggered cell FDRE clocked by clk_main_a0  {rise@0.000ns fall@2.000ns period=4.000ns})
  Path Group:             clk_main_a0
  Path Type:              Setup (Max at Slow Process Corner)
  Requirement:            4.000ns  (clk_main_a0 rise@4.000ns - clk_main_a0 rise@0.000ns)
  Data Path Delay:        3.015ns  (logic 0.228ns (7.563%)  route 2.787ns (92.437%))
  Logic Levels:           1  (LUT3=1)
  Clock Path Skew:        -0.204ns (DCD - SCD + CPR)
    Destination Clock Delay (DCD):    5.938ns = ( 9.938 - 4.000 ) 
    Source Clock Delay      (SCD):    5.843ns
    Clock Pessimism Removal (CPR):    -0.299ns
  Clock Uncertainty:      0.059ns  ((TSJ^2 + DJ^2)^1/2) / 2 + PE
    Total System Jitter     (TSJ):    0.071ns
    Discrete Jitter          (DJ):    0.094ns
    Phase Error              (PE):    0.000ns
  Clock Net Delay (Source):      2.425ns (routing 0.460ns, distribution 1.965ns)
  Clock Net Delay (Destination): 2.176ns (routing 0.419ns, distribution 1.757ns)

    Location             Delay type                Incr(ns)  Path(ns)    Partition      Netlist Resource(s)
  -------------------------------------------------------------------    ----------------------------------
                         (clock clk_main_a0 rise edge)
                                                      0.000     0.000 r                 
    BJ4                                               0.000     0.000 r  static         <hidden>
                         net (fo=0)                   0.100     0.100    static         WRAPPER/IO_SHIM/IBUFDS_CLK_125/I
    HPIOBDIFFINBUF_X0Y130.DIFF_IN_P
                                                                      r  static         WRAPPER/IO_SHIM/IBUFDS_CLK_125/DIFFINBUF_INST/DIFF_IN_P
    HPIOBDIFFINBUF_X0Y130.O
                         DIFFINBUF (Prop_DIFFINBUF_HPIOBDIFFINBUF_DIFF_IN_P_O)
                                                      0.863     0.963 r  static         WRAPPER/IO_SHIM/IBUFDS_CLK_125/DIFFINBUF_INST/O
                         net (fo=1, routed)           0.050     1.013    static         WRAPPER/IO_SHIM/IBUFDS_CLK_125/OUT
    BJ4.I                                                             r  static         WRAPPER/IO_SHIM/IBUFDS_CLK_125/IBUFCTRL_INST/I
    BJ4.O                IBUFCTRL (Prop_IBUFCTRL_HPIOB_M_I_O)
                                                      0.000     1.013 r  static         WRAPPER/IO_SHIM/IBUFDS_CLK_125/IBUFCTRL_INST/O
                         net (fo=1, routed)           0.348     1.361    static         <hidden>
    BUFGCE_X0Y122.I                                                   r  static         <hidden>
    BUFGCE_X0Y122.O      BUFGCE (Prop_BUFCE_BUFGCE_I_O)
                                                      0.028     1.389 r  static         <hidden>
                         net (fo=3, routed)           1.883     3.272    static         <hidden>
    MMCM_X0Y5.CLKIN1                                                  r  static         <hidden>
    MMCM_X0Y5.CLKOUT0    MMCME4_ADV (Prop_MMCM_CLKIN1_CLKOUT0)
                                                     -0.127     3.145 r  static         <hidden>
                         net (fo=2, routed)           0.245     3.390    static         <hidden>
    BUFGCE_X0Y136.I                                                   r  static         <hidden>
    BUFGCE_X0Y136.O      BUFGCE (Prop_BUFCE_BUFGCE_I_O)
                                                      0.028     3.418 r  static         <hidden>
    X3Y5 (CLOCK_ROOT)    net (fo=4881, routed)        2.425     5.843    static         <hidden>
    SLICE_X176Y300.CLK   FDRE                                         r  static         <hidden>
  -------------------------------------------------------------------    ----------------------------------
    SLICE_X176Y300.Q     FDRE (Prop_HFF2_SLICEM_C_Q)
                                                      0.078     5.921 f  static         <hidden>
                         net (fo=1157, routed)        2.736     8.656    static         <hidden>
    SLICE_X177Y241.A1                                                 f  static         <hidden>
    SLICE_X177Y241.O6    LUT3 (Prop_H6LUT_SLICEL_I2_O)
                                                      0.150     8.806 r  static         <hidden>
                         net (fo=1, routed)           0.051     8.857    static         <hidden>
    SLICE_X177Y241.D     FDRE                                         r  static         <hidden>
  -------------------------------------------------------------------    ----------------------------------

                         (clock clk_main_a0 rise edge)
                                                      4.000     4.000 r                 
    BJ4                                               0.000     4.000 r  static         <hidden>
                         net (fo=0)                   0.079     4.079    static         WRAPPER/IO_SHIM/IBUFDS_CLK_125/I
    HPIOBDIFFINBUF_X0Y130.DIFF_IN_P
                                                                      r  static         WRAPPER/IO_SHIM/IBUFDS_CLK_125/DIFFINBUF_INST/DIFF_IN_P
    HPIOBDIFFINBUF_X0Y130.O
                         DIFFINBUF (Prop_DIFFINBUF_HPIOBDIFFINBUF_DIFF_IN_P_O)
                                                      0.750     4.829 r  static         WRAPPER/IO_SHIM/IBUFDS_CLK_125/DIFFINBUF_INST/O
                         net (fo=1, routed)           0.040     4.869    static         WRAPPER/IO_SHIM/IBUFDS_CLK_125/OUT
    BJ4.I                                                             r  static         WRAPPER/IO_SHIM/IBUFDS_CLK_125/IBUFCTRL_INST/I
    BJ4.O                IBUFCTRL (Prop_IBUFCTRL_HPIOB_M_I_O)
                                                      0.000     4.869 r  static         WRAPPER/IO_SHIM/IBUFDS_CLK_125/IBUFCTRL_INST/O
                         net (fo=1, routed)           0.309     5.178    static         <hidden>
    BUFGCE_X0Y122.I                                                   r  static         <hidden>
    BUFGCE_X0Y122.O      BUFGCE (Prop_BUFCE_BUFGCE_I_O)
                                                      0.024     5.202 r  static         <hidden>
                         net (fo=3, routed)           1.690     6.892    static         <hidden>
    MMCM_X0Y5.CLKIN1                                                  r  static         <hidden>
    MMCM_X0Y5.CLKOUT0    MMCME4_ADV (Prop_MMCM_CLKIN1_CLKOUT0)
                                                      0.630     7.522 r  static         <hidden>
                         net (fo=2, routed)           0.215     7.737    static         <hidden>
    BUFGCE_X0Y136.I                                                   r  static         <hidden>
    BUFGCE_X0Y136.O      BUFGCE (Prop_BUFCE_BUFGCE_I_O)
                                                      0.024     7.761 r  static         <hidden>
    X3Y5 (CLOCK_ROOT)    net (fo=4881, routed)        2.176     9.938    static         <hidden>
    SLICE_X177Y241.CLK   FDRE                                         r  static         <hidden>
                         clock pessimism             -0.299     9.639                     
                         clock uncertainty           -0.059     9.580                     
    SLICE_X177Y241       FDRE (Setup_HFF_SLICEL_C_D)
                                                      0.025     9.605    static           <hidden>
  -------------------------------------------------------------------
                         required time                          9.605                     
                         arrival time                          -8.857                     
  -------------------------------------------------------------------
                         slack                                  0.748                     

Slack (MET) :             0.748ns  (required time - arrival time)
  Source:                 <hidden>
                            (rising edge-triggered cell FDRE clocked by clk_main_a0  {rise@0.000ns fall@2.000ns period=4.000ns})
  Destination:            <hidden>
                            (rising edge-triggered cell FDRE clocked by clk_main_a0  {rise@0.000ns fall@2.000ns period=4.000ns})
  Path Group:             clk_main_a0
  Path Type:              Setup (Max at Slow Process Corner)
  Requirement:            4.000ns  (clk_main_a0 rise@4.000ns - clk_main_a0 rise@0.000ns)
  Data Path Delay:        2.987ns  (logic 0.181ns (6.060%)  route 2.806ns (93.940%))
  Logic Levels:           1  (LUT3=1)
  Clock Path Skew:        -0.231ns (DCD - SCD + CPR)
    Destination Clock Delay (DCD):    5.943ns = ( 9.943 - 4.000 ) 
    Source Clock Delay      (SCD):    5.880ns
    Clock Pessimism Removal (CPR):    -0.295ns
  Clock Uncertainty:      0.059ns  ((TSJ^2 + DJ^2)^1/2) / 2 + PE
    Total System Jitter     (TSJ):    0.071ns
    Discrete Jitter          (DJ):    0.094ns
    Phase Error              (PE):    0.000ns
  Clock Net Delay (Source):      2.462ns (routing 0.460ns, distribution 2.002ns)
  Clock Net Delay (Destination): 2.182ns (routing 0.419ns, distribution 1.763ns)

    Location             Delay type                Incr(ns)  Path(ns)    Partition      Netlist Resource(s)
  -------------------------------------------------------------------    ----------------------------------
                         (clock clk_main_a0 rise edge)
                                                      0.000     0.000 r                 
    BJ4                                               0.000     0.000 r  static         <hidden>
                         net (fo=0)                   0.100     0.100    static         WRAPPER/IO_SHIM/IBUFDS_CLK_125/I
    HPIOBDIFFINBUF_X0Y130.DIFF_IN_P
                                                                      r  static         WRAPPER/IO_SHIM/IBUFDS_CLK_125/DIFFINBUF_INST/DIFF_IN_P
    HPIOBDIFFINBUF_X0Y130.O
                         DIFFINBUF (Prop_DIFFINBUF_HPIOBDIFFINBUF_DIFF_IN_P_O)
                                                      0.863     0.963 r  static         WRAPPER/IO_SHIM/IBUFDS_CLK_125/DIFFINBUF_INST/O
                         net (fo=1, routed)           0.050     1.013    static         WRAPPER/IO_SHIM/IBUFDS_CLK_125/OUT
    BJ4.I                                                             r  static         WRAPPER/IO_SHIM/IBUFDS_CLK_125/IBUFCTRL_INST/I
    BJ4.O                IBUFCTRL (Prop_IBUFCTRL_HPIOB_M_I_O)
                                                      0.000     1.013 r  static         WRAPPER/IO_SHIM/IBUFDS_CLK_125/IBUFCTRL_INST/O
                         net (fo=1, routed)           0.348     1.361    static         <hidden>
    BUFGCE_X0Y122.I                                                   r  static         <hidden>
    BUFGCE_X0Y122.O      BUFGCE (Prop_BUFCE_BUFGCE_I_O)
                                                      0.028     1.389 r  static         <hidden>
                         net (fo=3, routed)           1.883     3.272    static         <hidden>
    MMCM_X0Y5.CLKIN1                                                  r  static         <hidden>
    MMCM_X0Y5.CLKOUT0    MMCME4_ADV (Prop_MMCM_CLKIN1_CLKOUT0)
                                                     -0.127     3.145 r  static         <hidden>
                         net (fo=2, routed)           0.245     3.390    static         <hidden>
    BUFGCE_X0Y136.I                                                   r  static         <hidden>
    BUFGCE_X0Y136.O      BUFGCE (Prop_BUFCE_BUFGCE_I_O)
                                                      0.028     3.418 r  static         <hidden>
    X3Y5 (CLOCK_ROOT)    net (fo=4881, routed)        2.462     5.880    static         <hidden>
    SLICE_X176Y460.CLK   FDRE                                         r  static         <hidden>
  -------------------------------------------------------------------    ----------------------------------
    SLICE_X176Y460.Q     FDRE (Prop_CFF_SLICEM_C_Q)
                                                      0.078     5.958 f  static         <hidden>
                         net (fo=1065, routed)        2.780     8.737    static         <hidden>
    SLICE_X176Y393.A4                                                 f  static         <hidden>
    SLICE_X176Y393.O5    LUT3 (Prop_B5LUT_SLICEM_I2_O)
                                                      0.103     8.840 r  static         <hidden>
                         net (fo=1, routed)           0.026     8.866    static         <hidden>
    SLICE_X176Y393.D     FDRE                                         r  static         <hidden>
  -------------------------------------------------------------------    ----------------------------------

                         (clock clk_main_a0 rise edge)
                                                      4.000     4.000 r                 
    BJ4                                               0.000     4.000 r  static         <hidden>
                         net (fo=0)                   0.079     4.079    static         WRAPPER/IO_SHIM/IBUFDS_CLK_125/I
    HPIOBDIFFINBUF_X0Y130.DIFF_IN_P
                                                                      r  static         WRAPPER/IO_SHIM/IBUFDS_CLK_125/DIFFINBUF_INST/DIFF_IN_P
    HPIOBDIFFINBUF_X0Y130.O
                         DIFFINBUF (Prop_DIFFINBUF_HPIOBDIFFINBUF_DIFF_IN_P_O)
                                                      0.750     4.829 r  static         WRAPPER/IO_SHIM/IBUFDS_CLK_125/DIFFINBUF_INST/O
                         net (fo=1, routed)           0.040     4.869    static         WRAPPER/IO_SHIM/IBUFDS_CLK_125/OUT
    BJ4.I                                                             r  static         WRAPPER/IO_SHIM/IBUFDS_CLK_125/IBUFCTRL_INST/I
    BJ4.O                IBUFCTRL (Prop_IBUFCTRL_HPIOB_M_I_O)
                                                      0.000     4.869 r  static         WRAPPER/IO_SHIM/IBUFDS_CLK_125/IBUFCTRL_INST/O
                         net (fo=1, routed)           0.309     5.178    static         <hidden>
    BUFGCE_X0Y122.I                                                   r  static         <hidden>
    BUFGCE_X0Y122.O      BUFGCE (Prop_BUFCE_BUFGCE_I_O)
                                                      0.024     5.202 r  static         <hidden>
                         net (fo=3, routed)           1.690     6.892    static         <hidden>
    MMCM_X0Y5.CLKIN1                                                  r  static         <hidden>
    MMCM_X0Y5.CLKOUT0    MMCME4_ADV (Prop_MMCM_CLKIN1_CLKOUT0)
                                                      0.630     7.522 r  static         <hidden>
                         net (fo=2, routed)           0.215     7.737    static         <hidden>
    BUFGCE_X0Y136.I                                                   r  static         <hidden>
    BUFGCE_X0Y136.O      BUFGCE (Prop_BUFCE_BUFGCE_I_O)
                                                      0.024     7.761 r  static         <hidden>
    X3Y5 (CLOCK_ROOT)    net (fo=4881, routed)        2.182     9.943    static         <hidden>
    SLICE_X176Y393.CLK   FDRE                                         r  static         <hidden>
                         clock pessimism             -0.295     9.648                     
                         clock uncertainty           -0.059     9.590                     
    SLICE_X176Y393       FDRE (Setup_BFF2_SLICEM_C_D)
                                                      0.025     9.615    static           <hidden>
  -------------------------------------------------------------------
                         required time                          9.615                     
                         arrival time                          -8.866                     
  -------------------------------------------------------------------
                         slack                                  0.748                     

Slack (MET) :             0.776ns  (required time - arrival time)
  Source:                 <hidden>
                            (rising edge-triggered cell FDRE clocked by clk_main_a0  {rise@0.000ns fall@2.000ns period=4.000ns})
  Destination:            <hidden>
                            (rising edge-triggered cell FDRE clocked by clk_main_a0  {rise@0.000ns fall@2.000ns period=4.000ns})
  Path Group:             clk_main_a0
  Path Type:              Setup (Max at Slow Process Corner)
  Requirement:            4.000ns  (clk_main_a0 rise@4.000ns - clk_main_a0 rise@0.000ns)
  Data Path Delay:        2.987ns  (logic 0.236ns (7.901%)  route 2.751ns (92.099%))
  Logic Levels:           1  (LUT3=1)
  Clock Path Skew:        -0.204ns (DCD - SCD + CPR)
    Destination Clock Delay (DCD):    5.938ns = ( 9.938 - 4.000 ) 
    Source Clock Delay      (SCD):    5.843ns
    Clock Pessimism Removal (CPR):    -0.299ns
  Clock Uncertainty:      0.059ns  ((TSJ^2 + DJ^2)^1/2) / 2 + PE
    Total System Jitter     (TSJ):    0.071ns
    Discrete Jitter          (DJ):    0.094ns
    Phase Error              (PE):    0.000ns
  Clock Net Delay (Source):      2.425ns (routing 0.460ns, distribution 1.965ns)
  Clock Net Delay (Destination): 2.176ns (routing 0.419ns, distribution 1.757ns)

    Location             Delay type                Incr(ns)  Path(ns)    Partition      Netlist Resource(s)
  -------------------------------------------------------------------    ----------------------------------
                         (clock clk_main_a0 rise edge)
                                                      0.000     0.000 r                 
    BJ4                                               0.000     0.000 r  static         <hidden>
                         net (fo=0)                   0.100     0.100    static         WRAPPER/IO_SHIM/IBUFDS_CLK_125/I
    HPIOBDIFFINBUF_X0Y130.DIFF_IN_P
                                                                      r  static         WRAPPER/IO_SHIM/IBUFDS_CLK_125/DIFFINBUF_INST/DIFF_IN_P
    HPIOBDIFFINBUF_X0Y130.O
                         DIFFINBUF (Prop_DIFFINBUF_HPIOBDIFFINBUF_DIFF_IN_P_O)
                                                      0.863     0.963 r  static         WRAPPER/IO_SHIM/IBUFDS_CLK_125/DIFFINBUF_INST/O
                         net (fo=1, routed)           0.050     1.013    static         WRAPPER/IO_SHIM/IBUFDS_CLK_125/OUT
    BJ4.I                                                             r  static         WRAPPER/IO_SHIM/IBUFDS_CLK_125/IBUFCTRL_INST/I
    BJ4.O                IBUFCTRL (Prop_IBUFCTRL_HPIOB_M_I_O)
                                                      0.000     1.013 r  static         WRAPPER/IO_SHIM/IBUFDS_CLK_125/IBUFCTRL_INST/O
                         net (fo=1, routed)           0.348     1.361    static         <hidden>
    BUFGCE_X0Y122.I                                                   r  static         <hidden>
    BUFGCE_X0Y122.O      BUFGCE (Prop_BUFCE_BUFGCE_I_O)
                                                      0.028     1.389 r  static         <hidden>
                         net (fo=3, routed)           1.883     3.272    static         <hidden>
    MMCM_X0Y5.CLKIN1                                                  r  static         <hidden>
    MMCM_X0Y5.CLKOUT0    MMCME4_ADV (Prop_MMCM_CLKIN1_CLKOUT0)
                                                     -0.127     3.145 r  static         <hidden>
                         net (fo=2, routed)           0.245     3.390    static         <hidden>
    BUFGCE_X0Y136.I                                                   r  static         <hidden>
    BUFGCE_X0Y136.O      BUFGCE (Prop_BUFCE_BUFGCE_I_O)
                                                      0.028     3.418 r  static         <hidden>
    X3Y5 (CLOCK_ROOT)    net (fo=4881, routed)        2.425     5.843    static         <hidden>
    SLICE_X176Y300.CLK   FDRE                                         r  static         <hidden>
  -------------------------------------------------------------------    ----------------------------------
    SLICE_X176Y300.Q     FDRE (Prop_HFF2_SLICEM_C_Q)
                                                      0.078     5.921 f  static         <hidden>
                         net (fo=1157, routed)        2.736     8.656    static         <hidden>
    SLICE_X177Y241.A1                                                 f  static         <hidden>
    SLICE_X177Y241.O5    LUT3 (Prop_H5LUT_SLICEL_I2_O)
                                                      0.158     8.814 r  static         <hidden>
                         net (fo=1, routed)           0.015     8.829    static         <hidden>
    SLICE_X177Y241.D     FDRE                                         r  static         <hidden>
  -------------------------------------------------------------------    ----------------------------------

                         (clock clk_main_a0 rise edge)
                                                      4.000     4.000 r                 
    BJ4                                               0.000     4.000 r  static         <hidden>
                         net (fo=0)                   0.079     4.079    static         WRAPPER/IO_SHIM/IBUFDS_CLK_125/I
    HPIOBDIFFINBUF_X0Y130.DIFF_IN_P
                                                                      r  static         WRAPPER/IO_SHIM/IBUFDS_CLK_125/DIFFINBUF_INST/DIFF_IN_P
    HPIOBDIFFINBUF_X0Y130.O
                         DIFFINBUF (Prop_DIFFINBUF_HPIOBDIFFINBUF_DIFF_IN_P_O)
                                                      0.750     4.829 r  static         WRAPPER/IO_SHIM/IBUFDS_CLK_125/DIFFINBUF_INST/O
                         net (fo=1, routed)           0.040     4.869    static         WRAPPER/IO_SHIM/IBUFDS_CLK_125/OUT
    BJ4.I                                                             r  static         WRAPPER/IO_SHIM/IBUFDS_CLK_125/IBUFCTRL_INST/I
    BJ4.O                IBUFCTRL (Prop_IBUFCTRL_HPIOB_M_I_O)
                                                      0.000     4.869 r  static         WRAPPER/IO_SHIM/IBUFDS_CLK_125/IBUFCTRL_INST/O
                         net (fo=1, routed)           0.309     5.178    static         <hidden>
    BUFGCE_X0Y122.I                                                   r  static         <hidden>
    BUFGCE_X0Y122.O      BUFGCE (Prop_BUFCE_BUFGCE_I_O)
                                                      0.024     5.202 r  static         <hidden>
                         net (fo=3, routed)           1.690     6.892    static         <hidden>
    MMCM_X0Y5.CLKIN1                                                  r  static         <hidden>
    MMCM_X0Y5.CLKOUT0    MMCME4_ADV (Prop_MMCM_CLKIN1_CLKOUT0)
                                                      0.630     7.522 r  static         <hidden>
                         net (fo=2, routed)           0.215     7.737    static         <hidden>
    BUFGCE_X0Y136.I                                                   r  static         <hidden>
    BUFGCE_X0Y136.O      BUFGCE (Prop_BUFCE_BUFGCE_I_O)
                                                      0.024     7.761 r  static         <hidden>
    X3Y5 (CLOCK_ROOT)    net (fo=4881, routed)        2.176     9.938    static         <hidden>
    SLICE_X177Y241.CLK   FDRE                                         r  static         <hidden>
                         clock pessimism             -0.299     9.639                     
                         clock uncertainty           -0.059     9.580                     
    SLICE_X177Y241       FDRE (Setup_HFF2_SLICEL_C_D)
                                                      0.025     9.605    static           <hidden>
  -------------------------------------------------------------------
                         required time                          9.605                     
                         arrival time                          -8.829                     
  -------------------------------------------------------------------
                         slack                                  0.776                     

Slack (MET) :             0.784ns  (required time - arrival time)
  Source:                 <hidden>
                            (rising edge-triggered cell FDRE clocked by clk_main_a0  {rise@0.000ns fall@2.000ns period=4.000ns})
  Destination:            <hidden>
                            (rising edge-triggered cell FDRE clocked by clk_main_a0  {rise@0.000ns fall@2.000ns period=4.000ns})
  Path Group:             clk_main_a0
  Path Type:              Setup (Max at Slow Process Corner)
  Requirement:            4.000ns  (clk_main_a0 rise@4.000ns - clk_main_a0 rise@0.000ns)
  Data Path Delay:        2.952ns  (logic 0.201ns (6.808%)  route 2.751ns (93.192%))
  Logic Levels:           1  (LUT3=1)
  Clock Path Skew:        -0.230ns (DCD - SCD + CPR)
    Destination Clock Delay (DCD):    5.944ns = ( 9.944 - 4.000 ) 
    Source Clock Delay      (SCD):    5.880ns
    Clock Pessimism Removal (CPR):    -0.295ns
  Clock Uncertainty:      0.059ns  ((TSJ^2 + DJ^2)^1/2) / 2 + PE
    Total System Jitter     (TSJ):    0.071ns
    Discrete Jitter          (DJ):    0.094ns
    Phase Error              (PE):    0.000ns
  Clock Net Delay (Source):      2.462ns (routing 0.460ns, distribution 2.002ns)
  Clock Net Delay (Destination): 2.183ns (routing 0.419ns, distribution 1.764ns)

    Location             Delay type                Incr(ns)  Path(ns)    Partition      Netlist Resource(s)
  -------------------------------------------------------------------    ----------------------------------
                         (clock clk_main_a0 rise edge)
                                                      0.000     0.000 r                 
    BJ4                                               0.000     0.000 r  static         <hidden>
                         net (fo=0)                   0.100     0.100    static         WRAPPER/IO_SHIM/IBUFDS_CLK_125/I
    HPIOBDIFFINBUF_X0Y130.DIFF_IN_P
                                                                      r  static         WRAPPER/IO_SHIM/IBUFDS_CLK_125/DIFFINBUF_INST/DIFF_IN_P
    HPIOBDIFFINBUF_X0Y130.O
                         DIFFINBUF (Prop_DIFFINBUF_HPIOBDIFFINBUF_DIFF_IN_P_O)
                                                      0.863     0.963 r  static         WRAPPER/IO_SHIM/IBUFDS_CLK_125/DIFFINBUF_INST/O
                         net (fo=1, routed)           0.050     1.013    static         WRAPPER/IO_SHIM/IBUFDS_CLK_125/OUT
    BJ4.I                                                             r  static         WRAPPER/IO_SHIM/IBUFDS_CLK_125/IBUFCTRL_INST/I
    BJ4.O                IBUFCTRL (Prop_IBUFCTRL_HPIOB_M_I_O)
                                                      0.000     1.013 r  static         WRAPPER/IO_SHIM/IBUFDS_CLK_125/IBUFCTRL_INST/O
                         net (fo=1, routed)           0.348     1.361    static         <hidden>
    BUFGCE_X0Y122.I                                                   r  static         <hidden>
    BUFGCE_X0Y122.O      BUFGCE (Prop_BUFCE_BUFGCE_I_O)
                                                      0.028     1.389 r  static         <hidden>
                         net (fo=3, routed)           1.883     3.272    static         <hidden>
    MMCM_X0Y5.CLKIN1                                                  r  static         <hidden>
    MMCM_X0Y5.CLKOUT0    MMCME4_ADV (Prop_MMCM_CLKIN1_CLKOUT0)
                                                     -0.127     3.145 r  static         <hidden>
                         net (fo=2, routed)           0.245     3.390    static         <hidden>
    BUFGCE_X0Y136.I                                                   r  static         <hidden>
    BUFGCE_X0Y136.O      BUFGCE (Prop_BUFCE_BUFGCE_I_O)
                                                      0.028     3.418 r  static         <hidden>
    X3Y5 (CLOCK_ROOT)    net (fo=4881, routed)        2.462     5.880    static         <hidden>
    SLICE_X176Y460.CLK   FDRE                                         r  static         <hidden>
  -------------------------------------------------------------------    ----------------------------------
    SLICE_X176Y460.Q     FDRE (Prop_CFF_SLICEM_C_Q)
                                                      0.078     5.958 f  static         <hidden>
                         net (fo=1065, routed)        2.692     8.650    static         <hidden>
    SLICE_X176Y394.A2                                                 f  static         <hidden>
    SLICE_X176Y394.O6    LUT3 (Prop_G6LUT_SLICEM_I2_O)
                                                      0.123     8.773 r  static         <hidden>
                         net (fo=1, routed)           0.059     8.832    static         <hidden>
    SLICE_X176Y394.D     FDRE                                         r  static         <hidden>
  -------------------------------------------------------------------    ----------------------------------

                         (clock clk_main_a0 rise edge)
                                                      4.000     4.000 r                 
    BJ4                                               0.000     4.000 r  static         <hidden>
                         net (fo=0)                   0.079     4.079    static         WRAPPER/IO_SHIM/IBUFDS_CLK_125/I
    HPIOBDIFFINBUF_X0Y130.DIFF_IN_P
                                                                      r  static         WRAPPER/IO_SHIM/IBUFDS_CLK_125/DIFFINBUF_INST/DIFF_IN_P
    HPIOBDIFFINBUF_X0Y130.O
                         DIFFINBUF (Prop_DIFFINBUF_HPIOBDIFFINBUF_DIFF_IN_P_O)
                                                      0.750     4.829 r  static         WRAPPER/IO_SHIM/IBUFDS_CLK_125/DIFFINBUF_INST/O
                         net (fo=1, routed)           0.040     4.869    static         WRAPPER/IO_SHIM/IBUFDS_CLK_125/OUT
    BJ4.I                                                             r  static         WRAPPER/IO_SHIM/IBUFDS_CLK_125/IBUFCTRL_INST/I
    BJ4.O                IBUFCTRL (Prop_IBUFCTRL_HPIOB_M_I_O)
                                                      0.000     4.869 r  static         WRAPPER/IO_SHIM/IBUFDS_CLK_125/IBUFCTRL_INST/O
                         net (fo=1, routed)           0.309     5.178    static         <hidden>
    BUFGCE_X0Y122.I                                                   r  static         <hidden>
    BUFGCE_X0Y122.O      BUFGCE (Prop_BUFCE_BUFGCE_I_O)
                                                      0.024     5.202 r  static         <hidden>
                         net (fo=3, routed)           1.690     6.892    static         <hidden>
    MMCM_X0Y5.CLKIN1                                                  r  static         <hidden>
    MMCM_X0Y5.CLKOUT0    MMCME4_ADV (Prop_MMCM_CLKIN1_CLKOUT0)
                                                      0.630     7.522 r  static         <hidden>
                         net (fo=2, routed)           0.215     7.737    static         <hidden>
    BUFGCE_X0Y136.I                                                   r  static         <hidden>
    BUFGCE_X0Y136.O      BUFGCE (Prop_BUFCE_BUFGCE_I_O)
                                                      0.024     7.761 r  static         <hidden>
    X3Y5 (CLOCK_ROOT)    net (fo=4881, routed)        2.183     9.944    static         <hidden>
    SLICE_X176Y394.CLK   FDRE                                         r  static         <hidden>
                         clock pessimism             -0.295     9.649                     
                         clock uncertainty           -0.059     9.591                     
    SLICE_X176Y394       FDRE (Setup_GFF_SLICEM_C_D)
                                                      0.025     9.616    static           <hidden>
  -------------------------------------------------------------------
                         required time                          9.616                     
                         arrival time                          -8.832                     
  -------------------------------------------------------------------
                         slack                                  0.784                     

Slack (MET) :             0.806ns  (required time - arrival time)
  Source:                 <hidden>
                            (rising edge-triggered cell FDRE clocked by clk_main_a0  {rise@0.000ns fall@2.000ns period=4.000ns})
  Destination:            <hidden>
                            (rising edge-triggered cell FDRE clocked by clk_main_a0  {rise@0.000ns fall@2.000ns period=4.000ns})
  Path Group:             clk_main_a0
  Path Type:              Setup (Max at Slow Process Corner)
  Requirement:            4.000ns  (clk_main_a0 rise@4.000ns - clk_main_a0 rise@0.000ns)
  Data Path Delay:        2.930ns  (logic 0.215ns (7.337%)  route 2.715ns (92.663%))
  Logic Levels:           1  (LUT3=1)
  Clock Path Skew:        -0.230ns (DCD - SCD + CPR)
    Destination Clock Delay (DCD):    5.944ns = ( 9.944 - 4.000 ) 
    Source Clock Delay      (SCD):    5.880ns
    Clock Pessimism Removal (CPR):    -0.295ns
  Clock Uncertainty:      0.059ns  ((TSJ^2 + DJ^2)^1/2) / 2 + PE
    Total System Jitter     (TSJ):    0.071ns
    Discrete Jitter          (DJ):    0.094ns
    Phase Error              (PE):    0.000ns
  Clock Net Delay (Source):      2.462ns (routing 0.460ns, distribution 2.002ns)
  Clock Net Delay (Destination): 2.183ns (routing 0.419ns, distribution 1.764ns)

    Location             Delay type                Incr(ns)  Path(ns)    Partition      Netlist Resource(s)
  -------------------------------------------------------------------    ----------------------------------
                         (clock clk_main_a0 rise edge)
                                                      0.000     0.000 r                 
    BJ4                                               0.000     0.000 r  static         <hidden>
                         net (fo=0)                   0.100     0.100    static         WRAPPER/IO_SHIM/IBUFDS_CLK_125/I
    HPIOBDIFFINBUF_X0Y130.DIFF_IN_P
                                                                      r  static         WRAPPER/IO_SHIM/IBUFDS_CLK_125/DIFFINBUF_INST/DIFF_IN_P
    HPIOBDIFFINBUF_X0Y130.O
                         DIFFINBUF (Prop_DIFFINBUF_HPIOBDIFFINBUF_DIFF_IN_P_O)
                                                      0.863     0.963 r  static         WRAPPER/IO_SHIM/IBUFDS_CLK_125/DIFFINBUF_INST/O
                         net (fo=1, routed)           0.050     1.013    static         WRAPPER/IO_SHIM/IBUFDS_CLK_125/OUT
    BJ4.I                                                             r  static         WRAPPER/IO_SHIM/IBUFDS_CLK_125/IBUFCTRL_INST/I
    BJ4.O                IBUFCTRL (Prop_IBUFCTRL_HPIOB_M_I_O)
                                                      0.000     1.013 r  static         WRAPPER/IO_SHIM/IBUFDS_CLK_125/IBUFCTRL_INST/O
                         net (fo=1, routed)           0.348     1.361    static         <hidden>
    BUFGCE_X0Y122.I                                                   r  static         <hidden>
    BUFGCE_X0Y122.O      BUFGCE (Prop_BUFCE_BUFGCE_I_O)
                                                      0.028     1.389 r  static         <hidden>
                         net (fo=3, routed)           1.883     3.272    static         <hidden>
    MMCM_X0Y5.CLKIN1                                                  r  static         <hidden>
    MMCM_X0Y5.CLKOUT0    MMCME4_ADV (Prop_MMCM_CLKIN1_CLKOUT0)
                                                     -0.127     3.145 r  static         <hidden>
                         net (fo=2, routed)           0.245     3.390    static         <hidden>
    BUFGCE_X0Y136.I                                                   r  static         <hidden>
    BUFGCE_X0Y136.O      BUFGCE (Prop_BUFCE_BUFGCE_I_O)
                                                      0.028     3.418 r  static         <hidden>
    X3Y5 (CLOCK_ROOT)    net (fo=4881, routed)        2.462     5.880    static         <hidden>
    SLICE_X176Y460.CLK   FDRE                                         r  static         <hidden>
  -------------------------------------------------------------------    ----------------------------------
    SLICE_X176Y460.Q     FDRE (Prop_CFF_SLICEM_C_Q)
                                                      0.078     5.958 f  static         <hidden>
                         net (fo=1065, routed)        2.692     8.650    static         <hidden>
    SLICE_X176Y394.A2                                                 f  static         <hidden>
    SLICE_X176Y394.O5    LUT3 (Prop_G5LUT_SLICEM_I2_O)
                                                      0.137     8.787 r  static         <hidden>
                         net (fo=1, routed)           0.023     8.810    static         <hidden>
    SLICE_X176Y394.D     FDRE                                         r  static         <hidden>
  -------------------------------------------------------------------    ----------------------------------

                         (clock clk_main_a0 rise edge)
                                                      4.000     4.000 r                 
    BJ4                                               0.000     4.000 r  static         <hidden>
                         net (fo=0)                   0.079     4.079    static         WRAPPER/IO_SHIM/IBUFDS_CLK_125/I
    HPIOBDIFFINBUF_X0Y130.DIFF_IN_P
                                                                      r  static         WRAPPER/IO_SHIM/IBUFDS_CLK_125/DIFFINBUF_INST/DIFF_IN_P
    HPIOBDIFFINBUF_X0Y130.O
                         DIFFINBUF (Prop_DIFFINBUF_HPIOBDIFFINBUF_DIFF_IN_P_O)
                                                      0.750     4.829 r  static         WRAPPER/IO_SHIM/IBUFDS_CLK_125/DIFFINBUF_INST/O
                         net (fo=1, routed)           0.040     4.869    static         WRAPPER/IO_SHIM/IBUFDS_CLK_125/OUT
    BJ4.I                                                             r  static         WRAPPER/IO_SHIM/IBUFDS_CLK_125/IBUFCTRL_INST/I
    BJ4.O                IBUFCTRL (Prop_IBUFCTRL_HPIOB_M_I_O)
                                                      0.000     4.869 r  static         WRAPPER/IO_SHIM/IBUFDS_CLK_125/IBUFCTRL_INST/O
                         net (fo=1, routed)           0.309     5.178    static         <hidden>
    BUFGCE_X0Y122.I                                                   r  static         <hidden>
    BUFGCE_X0Y122.O      BUFGCE (Prop_BUFCE_BUFGCE_I_O)
                                                      0.024     5.202 r  static         <hidden>
                         net (fo=3, routed)           1.690     6.892    static         <hidden>
    MMCM_X0Y5.CLKIN1                                                  r  static         <hidden>
    MMCM_X0Y5.CLKOUT0    MMCME4_ADV (Prop_MMCM_CLKIN1_CLKOUT0)
                                                      0.630     7.522 r  static         <hidden>
                         net (fo=2, routed)           0.215     7.737    static         <hidden>
    BUFGCE_X0Y136.I                                                   r  static         <hidden>
    BUFGCE_X0Y136.O      BUFGCE (Prop_BUFCE_BUFGCE_I_O)
                                                      0.024     7.761 r  static         <hidden>
    X3Y5 (CLOCK_ROOT)    net (fo=4881, routed)        2.183     9.944    static         <hidden>
    SLICE_X176Y394.CLK   FDRE                                         r  static         <hidden>
                         clock pessimism             -0.295     9.649                     
                         clock uncertainty           -0.059     9.591                     
    SLICE_X176Y394       FDRE (Setup_GFF2_SLICEM_C_D)
                                                      0.025     9.616    static           <hidden>
  -------------------------------------------------------------------
                         required time                          9.616                     
                         arrival time                          -8.810                     
  -------------------------------------------------------------------
                         slack                                  0.806                     

Slack (MET) :             3.317ns  (required time - arrival time)
  Source:                 WRAPPER/CL/rst_pipe_chirho/pipe_reg[3][0]/C
                            (rising edge-triggered cell FDRE clocked by clk_main_a0  {rise@0.000ns fall@2.000ns period=4.000ns})
  Destination:            WRAPPER/CL/clk_div_chirho_reg[0]/CLR
                            (recovery check against rising-edge clock clk_main_a0  {rise@0.000ns fall@2.000ns period=4.000ns})
  Path Group:             **async_default**
  Path Type:              Recovery (Max at Slow Process Corner)
  Requirement:            4.000ns  (clk_main_a0 rise@4.000ns - clk_main_a0 rise@0.000ns)
  Data Path Delay:        0.413ns  (logic 0.077ns (18.644%)  route 0.336ns (81.356%))
  Logic Levels:           0  
  Clock Path Skew:        -0.145ns (DCD - SCD + CPR)
    Destination Clock Delay (DCD):    6.200ns = ( 10.200 - 4.000 ) 
    Source Clock Delay      (SCD):    6.002ns
    Clock Pessimism Removal (CPR):    -0.344ns
  Clock Uncertainty:      0.059ns  ((TSJ^2 + DJ^2)^1/2) / 2 + PE
    Total System Jitter     (TSJ):    0.071ns
    Discrete Jitter          (DJ):    0.094ns
    Phase Error              (PE):    0.000ns

    Location             Delay type                Incr(ns)  Path(ns)    Partition      PBlock               Netlist Resource(s)
  -------------------------------------------------------------------    -------------------------------------------------------
                         (clock clk_main_a0 rise edge)
                                                      0.000     0.000 r                                      
    BJ4                                               0.000     0.000 r  static                              <hidden>
                         net (fo=0)                   0.100     0.100    static                              WRAPPER/IO_SHIM/IBUFDS_CLK_125/I
    HPIOBDIFFINBUF_X0Y130.DIFF_IN_P
                                                                      r  static                              WRAPPER/IO_SHIM/IBUFDS_CLK_125/DIFFINBUF_INST/DIFF_IN_P
    HPIOBDIFFINBUF_X0Y130.O
                         DIFFINBUF (Prop_DIFFINBUF_HPIOBDIFFINBUF_DIFF_IN_P_O)
                                                      0.863     0.963 r  static                              WRAPPER/IO_SHIM/IBUFDS_CLK_125/DIFFINBUF_INST/O
                         net (fo=1, routed)           0.050     1.013    static                              WRAPPER/IO_SHIM/IBUFDS_CLK_125/OUT
    BJ4.I                                                             r  static                              WRAPPER/IO_SHIM/IBUFDS_CLK_125/IBUFCTRL_INST/I
    BJ4.O                IBUFCTRL (Prop_IBUFCTRL_HPIOB_M_I_O)
                                                      0.000     1.013 r  static                              WRAPPER/IO_SHIM/IBUFDS_CLK_125/IBUFCTRL_INST/O
                         net (fo=1, routed)           0.348     1.361    static                              <hidden>
    BUFGCE_X0Y122.I                                                   r  static                              <hidden>
    BUFGCE_X0Y122.O      BUFGCE (Prop_BUFCE_BUFGCE_I_O)
                                                      0.028     1.389 r  static                              <hidden>
                         net (fo=3, routed)           1.883     3.272    static                              <hidden>
    MMCM_X0Y5.CLKIN1                                                  r  static                              <hidden>
    MMCM_X0Y5.CLKOUT0    MMCME4_ADV (Prop_MMCM_CLKIN1_CLKOUT0)
                                                     -0.127     3.145 r  static                              <hidden>
                         net (fo=2, routed)           0.245     3.390    static                              <hidden>
    BUFGCE_X0Y135.I                                                   r  static                              <hidden>
    BUFGCE_X0Y135.O      BUFGCE (Prop_BUFCE_BUFGCE_I_O)
                                                      0.028     3.418 r  static                              <hidden>
                         net (fo=182, unplaced)       2.584     6.002    boundary                            WRAPPER/CL/rst_pipe_chirho/clk_main_a0
                         FDRE                                         r  reconfigurable pblock_CL            WRAPPER/CL/rst_pipe_chirho/pipe_reg[3][0]/C
  -------------------------------------------------------------------    -------------------------------------------------------
                         FDRE (Prop_FDRE_C_Q)         0.077     6.079 r  reconfigurable pblock_CL            WRAPPER/CL/rst_pipe_chirho/pipe_reg[3][0]/Q
                         net (fo=131, unplaced)       0.336     6.415    reconfigurable                      WRAPPER/CL/rst_pipe_chirho_n_3
                         FDCE                                         f  reconfigurable pblock_CL            WRAPPER/CL/clk_div_chirho_reg[0]/CLR  (IS_INVERTED)
  -------------------------------------------------------------------    -------------------------------------------------------

                         (clock clk_main_a0 rise edge)
                                                      4.000     4.000 r                                      
    BJ4                                               0.000     4.000 r  static                              <hidden>
                         net (fo=0)                   0.079     4.079    static                              WRAPPER/IO_SHIM/IBUFDS_CLK_125/I
    HPIOBDIFFINBUF_X0Y130.DIFF_IN_P
                                                                      r  static                              WRAPPER/IO_SHIM/IBUFDS_CLK_125/DIFFINBUF_INST/DIFF_IN_P
    HPIOBDIFFINBUF_X0Y130.O
                         DIFFINBUF (Prop_DIFFINBUF_HPIOBDIFFINBUF_DIFF_IN_P_O)
                                                      0.750     4.829 r  static                              WRAPPER/IO_SHIM/IBUFDS_CLK_125/DIFFINBUF_INST/O
                         net (fo=1, routed)           0.040     4.869    static                              WRAPPER/IO_SHIM/IBUFDS_CLK_125/OUT
    BJ4.I                                                             r  static                              WRAPPER/IO_SHIM/IBUFDS_CLK_125/IBUFCTRL_INST/I
    BJ4.O                IBUFCTRL (Prop_IBUFCTRL_HPIOB_M_I_O)
                                                      0.000     4.869 r  static                              WRAPPER/IO_SHIM/IBUFDS_CLK_125/IBUFCTRL_INST/O
                         net (fo=1, routed)           0.309     5.178    static                              <hidden>
    BUFGCE_X0Y122.I                                                   r  static                              <hidden>
    BUFGCE_X0Y122.O      BUFGCE (Prop_BUFCE_BUFGCE_I_O)
                                                      0.024     5.202 r  static                              <hidden>
                         net (fo=3, routed)           1.690     6.892    static                              <hidden>
    MMCM_X0Y5.CLKIN1                                                  r  static                              <hidden>
    MMCM_X0Y5.CLKOUT0    MMCME4_ADV (Prop_MMCM_CLKIN1_CLKOUT0)
                                                      0.630     7.522 r  static                              <hidden>
                         net (fo=2, routed)           0.215     7.737    static                              <hidden>
    BUFGCE_X0Y135.I                                                   r  static                              <hidden>
    BUFGCE_X0Y135.O      BUFGCE (Prop_BUFCE_BUFGCE_I_O)
                                                      0.024     7.761 r  static                              <hidden>
                         net (fo=182, unplaced)       2.439    10.200    boundary                            WRAPPER/CL/clk_main_a0
                         FDCE                                         r  reconfigurable pblock_CL            WRAPPER/CL/clk_div_chirho_reg[0]/C
                         clock pessimism             -0.344     9.857                                            
                         clock uncertainty           -0.059     9.798                                            
                         FDCE (Recov_FDCE_C_CLR)     -0.066     9.732    reconfigurable   pblock_CL              WRAPPER/CL/clk_div_chirho_reg[0]
  -------------------------------------------------------------------
                         required time                          9.732                                            
                         arrival time                          -6.415                                            
  -------------------------------------------------------------------
                         slack                                  3.317                                            

Slack (MET) :             3.317ns  (required time - arrival time)
  Source:                 WRAPPER/CL/rst_pipe_chirho/pipe_reg[3][0]/C
                            (rising edge-triggered cell FDRE clocked by clk_main_a0  {rise@0.000ns fall@2.000ns period=4.000ns})
  Destination:            WRAPPER/CL/clk_div_chirho_reg[1]/CLR
                            (recovery check against rising-edge clock clk_main_a0  {rise@0.000ns fall@2.000ns period=4.000ns})
  Path Group:             **async_default**
  Path Type:              Recovery (Max at Slow Process Corner)
  Requirement:            4.000ns  (clk_main_a0 rise@4.000ns - clk_main_a0 rise@0.000ns)
  Data Path Delay:        0.413ns  (logic 0.077ns (18.644%)  route 0.336ns (81.356%))
  Logic Levels:           0  
  Clock Path Skew:        -0.145ns (DCD - SCD + CPR)
    Destination Clock Delay (DCD):    6.200ns = ( 10.200 - 4.000 ) 
    Source Clock Delay      (SCD):    6.002ns
    Clock Pessimism Removal (CPR):    -0.344ns
  Clock Uncertainty:      0.059ns  ((TSJ^2 + DJ^2)^1/2) / 2 + PE
    Total System Jitter     (TSJ):    0.071ns
    Discrete Jitter          (DJ):    0.094ns
    Phase Error              (PE):    0.000ns

    Location             Delay type                Incr(ns)  Path(ns)    Partition      PBlock               Netlist Resource(s)
  -------------------------------------------------------------------    -------------------------------------------------------
                         (clock clk_main_a0 rise edge)
                                                      0.000     0.000 r                                      
    BJ4                                               0.000     0.000 r  static                              <hidden>
                         net (fo=0)                   0.100     0.100    static                              WRAPPER/IO_SHIM/IBUFDS_CLK_125/I
    HPIOBDIFFINBUF_X0Y130.DIFF_IN_P
                                                                      r  static                              WRAPPER/IO_SHIM/IBUFDS_CLK_125/DIFFINBUF_INST/DIFF_IN_P
    HPIOBDIFFINBUF_X0Y130.O
                         DIFFINBUF (Prop_DIFFINBUF_HPIOBDIFFINBUF_DIFF_IN_P_O)
                                                      0.863     0.963 r  static                              WRAPPER/IO_SHIM/IBUFDS_CLK_125/DIFFINBUF_INST/O
                         net (fo=1, routed)           0.050     1.013    static                              WRAPPER/IO_SHIM/IBUFDS_CLK_125/OUT
    BJ4.I                                                             r  static                              WRAPPER/IO_SHIM/IBUFDS_CLK_125/IBUFCTRL_INST/I
    BJ4.O                IBUFCTRL (Prop_IBUFCTRL_HPIOB_M_I_O)
                                                      0.000     1.013 r  static                              WRAPPER/IO_SHIM/IBUFDS_CLK_125/IBUFCTRL_INST/O
                         net (fo=1, routed)           0.348     1.361    static                              <hidden>
    BUFGCE_X0Y122.I                                                   r  static                              <hidden>
    BUFGCE_X0Y122.O      BUFGCE (Prop_BUFCE_BUFGCE_I_O)
                                                      0.028     1.389 r  static                              <hidden>
                         net (fo=3, routed)           1.883     3.272    static                              <hidden>
    MMCM_X0Y5.CLKIN1                                                  r  static                              <hidden>
    MMCM_X0Y5.CLKOUT0    MMCME4_ADV (Prop_MMCM_CLKIN1_CLKOUT0)
                                                     -0.127     3.145 r  static                              <hidden>
                         net (fo=2, routed)           0.245     3.390    static                              <hidden>
    BUFGCE_X0Y135.I                                                   r  static                              <hidden>
    BUFGCE_X0Y135.O      BUFGCE (Prop_BUFCE_BUFGCE_I_O)
                                                      0.028     3.418 r  static                              <hidden>
                         net (fo=182, unplaced)       2.584     6.002    boundary                            WRAPPER/CL/rst_pipe_chirho/clk_main_a0
                         FDRE                                         r  reconfigurable pblock_CL            WRAPPER/CL/rst_pipe_chirho/pipe_reg[3][0]/C
  -------------------------------------------------------------------    -------------------------------------------------------
                         FDRE (Prop_FDRE_C_Q)         0.077     6.079 r  reconfigurable pblock_CL            WRAPPER/CL/rst_pipe_chirho/pipe_reg[3][0]/Q
                         net (fo=131, unplaced)       0.336     6.415    reconfigurable                      WRAPPER/CL/rst_pipe_chirho_n_3
                         FDCE                                         f  reconfigurable pblock_CL            WRAPPER/CL/clk_div_chirho_reg[1]/CLR  (IS_INVERTED)
  -------------------------------------------------------------------    -------------------------------------------------------

                         (clock clk_main_a0 rise edge)
                                                      4.000     4.000 r                                      
    BJ4                                               0.000     4.000 r  static                              <hidden>
                         net (fo=0)                   0.079     4.079    static                              WRAPPER/IO_SHIM/IBUFDS_CLK_125/I
    HPIOBDIFFINBUF_X0Y130.DIFF_IN_P
                                                                      r  static                              WRAPPER/IO_SHIM/IBUFDS_CLK_125/DIFFINBUF_INST/DIFF_IN_P
    HPIOBDIFFINBUF_X0Y130.O
                         DIFFINBUF (Prop_DIFFINBUF_HPIOBDIFFINBUF_DIFF_IN_P_O)
                                                      0.750     4.829 r  static                              WRAPPER/IO_SHIM/IBUFDS_CLK_125/DIFFINBUF_INST/O
                         net (fo=1, routed)           0.040     4.869    static                              WRAPPER/IO_SHIM/IBUFDS_CLK_125/OUT
    BJ4.I                                                             r  static                              WRAPPER/IO_SHIM/IBUFDS_CLK_125/IBUFCTRL_INST/I
    BJ4.O                IBUFCTRL (Prop_IBUFCTRL_HPIOB_M_I_O)
                                                      0.000     4.869 r  static                              WRAPPER/IO_SHIM/IBUFDS_CLK_125/IBUFCTRL_INST/O
                         net (fo=1, routed)           0.309     5.178    static                              <hidden>
    BUFGCE_X0Y122.I                                                   r  static                              <hidden>
    BUFGCE_X0Y122.O      BUFGCE (Prop_BUFCE_BUFGCE_I_O)
                                                      0.024     5.202 r  static                              <hidden>
                         net (fo=3, routed)           1.690     6.892    static                              <hidden>
    MMCM_X0Y5.CLKIN1                                                  r  static                              <hidden>
    MMCM_X0Y5.CLKOUT0    MMCME4_ADV (Prop_MMCM_CLKIN1_CLKOUT0)
                                                      0.630     7.522 r  static                              <hidden>
                         net (fo=2, routed)           0.215     7.737    static                              <hidden>
    BUFGCE_X0Y135.I                                                   r  static                              <hidden>
    BUFGCE_X0Y135.O      BUFGCE (Prop_BUFCE_BUFGCE_I_O)
                                                      0.024     7.761 r  static                              <hidden>
                         net (fo=182, unplaced)       2.439    10.200    boundary                            WRAPPER/CL/clk_main_a0
                         FDCE                                         r  reconfigurable pblock_CL            WRAPPER/CL/clk_div_chirho_reg[1]/C
                         clock pessimism             -0.344     9.857                                            
                         clock uncertainty           -0.059     9.798                                            
                         FDCE (Recov_FDCE_C_CLR)     -0.066     9.732    reconfigurable   pblock_CL              WRAPPER/CL/clk_div_chirho_reg[1]
  -------------------------------------------------------------------
                         required time                          9.732                                            
                         arrival time                          -6.415                                            
  -------------------------------------------------------------------
                         slack                                  3.317                                            

Slack (MET) :             8.779ns  (required time - arrival time)
  Source:                 <hidden>
                            (rising edge-triggered cell FDCE clocked by clk_hbm_ref  {rise@0.000ns fall@5.000ns period=10.000ns})
  Destination:            <hidden>
                            (rising edge-triggered cell FDRE clocked by clk_hbm_ref  {rise@0.000ns fall@5.000ns period=10.000ns})
  Path Group:             clk_hbm_ref
  Path Type:              Setup (Max at Slow Process Corner)
  Requirement:            10.000ns  (clk_hbm_ref rise@10.000ns - clk_hbm_ref rise@0.000ns)
  Data Path Delay:        1.084ns  (logic 0.079ns (7.289%)  route 1.005ns (92.711%))
  Logic Levels:           0  
  Clock Path Skew:        -0.068ns (DCD - SCD + CPR)
    Destination Clock Delay (DCD):    6.509ns = ( 16.509 - 10.000 ) 
    Source Clock Delay      (SCD):    6.462ns
    Clock Pessimism Removal (CPR):    -0.115ns
  Clock Uncertainty:      0.094ns  ((TSJ^2 + DJ^2)^1/2) / 2 + PE
    Total System Jitter     (TSJ):    0.071ns
    Discrete Jitter          (DJ):    0.175ns
    Phase Error              (PE):    0.000ns
  Clock Net Delay (Source):      3.116ns (routing 1.109ns, distribution 2.007ns)
  Clock Net Delay (Destination): 2.813ns (routing 1.008ns, distribution 1.805ns)

    Location             Delay type                Incr(ns)  Path(ns)    Partition      Netlist Resource(s)
  -------------------------------------------------------------------    ----------------------------------
                         (clock clk_hbm_ref rise edge)
                                                      0.000     0.000 r                 
    BJ4                                               0.000     0.000 r  static         <hidden>
                         net (fo=0)                   0.100     0.100    static         WRAPPER/IO_SHIM/IBUFDS_CLK_125/I
    HPIOBDIFFINBUF_X0Y130.DIFF_IN_P
                                                                      r  static         WRAPPER/IO_SHIM/IBUFDS_CLK_125/DIFFINBUF_INST/DIFF_IN_P
    HPIOBDIFFINBUF_X0Y130.O
                         DIFFINBUF (Prop_DIFFINBUF_HPIOBDIFFINBUF_DIFF_IN_P_O)
                                                      0.863     0.963 r  static         WRAPPER/IO_SHIM/IBUFDS_CLK_125/DIFFINBUF_INST/O
                         net (fo=1, routed)           0.050     1.013    static         WRAPPER/IO_SHIM/IBUFDS_CLK_125/OUT
    BJ4.I                                                             r  static         WRAPPER/IO_SHIM/IBUFDS_CLK_125/IBUFCTRL_INST/I
    BJ4.O                IBUFCTRL (Prop_IBUFCTRL_HPIOB_M_I_O)
                                                      0.000     1.013 r  static         WRAPPER/IO_SHIM/IBUFDS_CLK_125/IBUFCTRL_INST/O
                         net (fo=1, routed)           0.348     1.361    static         <hidden>
    BUFGCE_X0Y122.I                                                   r  static         <hidden>
    BUFGCE_X0Y122.O      BUFGCE (Prop_BUFCE_BUFGCE_I_O)
                                                      0.028     1.389 r  static         <hidden>
                         net (fo=3, routed)           1.811     3.200    static         <hidden>
    SLR Crossing[1->0]   
    MMCM_X0Y2.CLKIN1                                                  r  static         <hidden>
    MMCM_X0Y2.CLKOUT0    MMCME4_ADV (Prop_MMCM_CLKIN1_CLKOUT0)
                                                     -0.127     3.073 r  static         <hidden>
                         net (fo=2, routed)           0.245     3.318    static         <hidden>
    BUFGCE_X0Y65.I                                                    r  static         <hidden>
    BUFGCE_X0Y65.O       BUFGCE (Prop_BUFCE_BUFGCE_I_O)
                                                      0.028     3.346 r  static         <hidden>
    X3Y5 (CLOCK_ROOT)    net (fo=232, routed)         3.116     6.462    static         <hidden>
    SLICE_X176Y171.CLK   FDCE                                         r  static         <hidden>
  -------------------------------------------------------------------    ----------------------------------
    SLICE_X176Y171.Q     FDCE (Prop_FFF2_SLICEM_C_Q)
                                                      0.079     6.541 r  static         <hidden>
                         net (fo=1, routed)           1.005     7.545    static         <hidden>
    SLICE_X180Y168.D     FDRE                                         r  static         <hidden>
  -------------------------------------------------------------------    ----------------------------------

                         (clock clk_hbm_ref rise edge)
                                                     10.000    10.000 r                 
    BJ4                                               0.000    10.000 r  static         <hidden>
                         net (fo=0)                   0.079    10.079    static         WRAPPER/IO_SHIM/IBUFDS_CLK_125/I
    HPIOBDIFFINBUF_X0Y130.DIFF_IN_P
                                                                      r  static         WRAPPER/IO_SHIM/IBUFDS_CLK_125/DIFFINBUF_INST/DIFF_IN_P
    HPIOBDIFFINBUF_X0Y130.O
                         DIFFINBUF (Prop_DIFFINBUF_HPIOBDIFFINBUF_DIFF_IN_P_O)
                                                      0.750    10.829 r  static         WRAPPER/IO_SHIM/IBUFDS_CLK_125/DIFFINBUF_INST/O
                         net (fo=1, routed)           0.040    10.869    static         WRAPPER/IO_SHIM/IBUFDS_CLK_125/OUT
    BJ4.I                                                             r  static         WRAPPER/IO_SHIM/IBUFDS_CLK_125/IBUFCTRL_INST/I
    BJ4.O                IBUFCTRL (Prop_IBUFCTRL_HPIOB_M_I_O)
                                                      0.000    10.869 r  static         WRAPPER/IO_SHIM/IBUFDS_CLK_125/IBUFCTRL_INST/O
                         net (fo=1, routed)           0.309    11.178    static         <hidden>
    BUFGCE_X0Y122.I                                                   r  static         <hidden>
    BUFGCE_X0Y122.O      BUFGCE (Prop_BUFCE_BUFGCE_I_O)
                                                      0.024    11.202 r  static         <hidden>
                         net (fo=3, routed)           1.624    12.826    static         <hidden>
    SLR Crossing[1->0]   
    MMCM_X0Y2.CLKIN1                                                  r  static         <hidden>
    MMCM_X0Y2.CLKOUT0    MMCME4_ADV (Prop_MMCM_CLKIN1_CLKOUT0)
                                                      0.630    13.456 r  static         <hidden>
                         net (fo=2, routed)           0.216    13.672    static         <hidden>
    BUFGCE_X0Y65.I                                                    r  static         <hidden>
    BUFGCE_X0Y65.O       BUFGCE (Prop_BUFCE_BUFGCE_I_O)
                                                      0.024    13.696 r  static         <hidden>
    X3Y5 (CLOCK_ROOT)    net (fo=232, routed)         2.813    16.509    static         <hidden>
    SLICE_X180Y168.CLK   FDRE                                         r  static         <hidden>
                         clock pessimism             -0.115    16.394                     
                         clock uncertainty           -0.094    16.300                     
    SLICE_X180Y168       FDRE (Setup_GFF2_SLICEM_C_D)
                                                      0.025    16.325    static           <hidden>
  -------------------------------------------------------------------
                         required time                         16.325                     
                         arrival time                          -7.545                     
  -------------------------------------------------------------------
                         slack                                  8.779                     

Slack (MET) :             9.029ns  (required time - arrival time)
  Source:                 <hidden>
                            (rising edge-triggered cell FDCE clocked by clk_hbm_ref  {rise@0.000ns fall@5.000ns period=10.000ns})
  Destination:            <hidden>
                            (rising edge-triggered cell FDRE clocked by clk_hbm_ref  {rise@0.000ns fall@5.000ns period=10.000ns})
  Path Group:             clk_hbm_ref
  Path Type:              Setup (Max at Slow Process Corner)
  Requirement:            10.000ns  (clk_hbm_ref rise@10.000ns - clk_hbm_ref rise@0.000ns)
  Data Path Delay:        0.832ns  (logic 0.078ns (9.370%)  route 0.754ns (90.630%))
  Logic Levels:           0  
  Clock Path Skew:        -0.070ns (DCD - SCD + CPR)
    Destination Clock Delay (DCD):    6.509ns = ( 16.509 - 10.000 ) 
    Source Clock Delay      (SCD):    6.464ns
    Clock Pessimism Removal (CPR):    -0.115ns
  Clock Uncertainty:      0.094ns  ((TSJ^2 + DJ^2)^1/2) / 2 + PE
    Total System Jitter     (TSJ):    0.071ns
    Discrete Jitter          (DJ):    0.175ns
    Phase Error              (PE):    0.000ns
  Clock Net Delay (Source):      3.118ns (routing 1.109ns, distribution 2.009ns)
  Clock Net Delay (Destination): 2.813ns (routing 1.008ns, distribution 1.805ns)

    Location             Delay type                Incr(ns)  Path(ns)    Partition      Netlist Resource(s)
  -------------------------------------------------------------------    ----------------------------------
                         (clock clk_hbm_ref rise edge)
                                                      0.000     0.000 r                 
    BJ4                                               0.000     0.000 r  static         <hidden>
                         net (fo=0)                   0.100     0.100    static         WRAPPER/IO_SHIM/IBUFDS_CLK_125/I
    HPIOBDIFFINBUF_X0Y130.DIFF_IN_P
                                                                      r  static         WRAPPER/IO_SHIM/IBUFDS_CLK_125/DIFFINBUF_INST/DIFF_IN_P
    HPIOBDIFFINBUF_X0Y130.O
                         DIFFINBUF (Prop_DIFFINBUF_HPIOBDIFFINBUF_DIFF_IN_P_O)
                                                      0.863     0.963 r  static         WRAPPER/IO_SHIM/IBUFDS_CLK_125/DIFFINBUF_INST/O
                         net (fo=1, routed)           0.050     1.013    static         WRAPPER/IO_SHIM/IBUFDS_CLK_125/OUT
    BJ4.I                                                             r  static         WRAPPER/IO_SHIM/IBUFDS_CLK_125/IBUFCTRL_INST/I
    BJ4.O                IBUFCTRL (Prop_IBUFCTRL_HPIOB_M_I_O)
                                                      0.000     1.013 r  static         WRAPPER/IO_SHIM/IBUFDS_CLK_125/IBUFCTRL_INST/O
                         net (fo=1, routed)           0.348     1.361    static         <hidden>
    BUFGCE_X0Y122.I                                                   r  static         <hidden>
    BUFGCE_X0Y122.O      BUFGCE (Prop_BUFCE_BUFGCE_I_O)
                                                      0.028     1.389 r  static         <hidden>
                         net (fo=3, routed)           1.811     3.200    static         <hidden>
    SLR Crossing[1->0]   
    MMCM_X0Y2.CLKIN1                                                  r  static         <hidden>
    MMCM_X0Y2.CLKOUT0    MMCME4_ADV (Prop_MMCM_CLKIN1_CLKOUT0)
                                                     -0.127     3.073 r  static         <hidden>
                         net (fo=2, routed)           0.245     3.318    static         <hidden>
    BUFGCE_X0Y65.I                                                    r  static         <hidden>
    BUFGCE_X0Y65.O       BUFGCE (Prop_BUFCE_BUFGCE_I_O)
                                                      0.028     3.346 r  static         <hidden>
    X3Y5 (CLOCK_ROOT)    net (fo=232, routed)         3.118     6.464    static         <hidden>
    SLICE_X176Y171.CLK   FDCE                                         r  static         <hidden>
  -------------------------------------------------------------------    ----------------------------------
    SLICE_X176Y171.Q     FDCE (Prop_DFF_SLICEM_C_Q)
                                                      0.078     6.542 r  static         <hidden>
                         net (fo=1, routed)           0.754     7.296    static         <hidden>
    SLICE_X180Y168.D     FDRE                                         r  static         <hidden>
  -------------------------------------------------------------------    ----------------------------------

                         (clock clk_hbm_ref rise edge)
                                                     10.000    10.000 r                 
    BJ4                                               0.000    10.000 r  static         <hidden>
                         net (fo=0)                   0.079    10.079    static         WRAPPER/IO_SHIM/IBUFDS_CLK_125/I
    HPIOBDIFFINBUF_X0Y130.DIFF_IN_P
                                                                      r  static         WRAPPER/IO_SHIM/IBUFDS_CLK_125/DIFFINBUF_INST/DIFF_IN_P
    HPIOBDIFFINBUF_X0Y130.O
                         DIFFINBUF (Prop_DIFFINBUF_HPIOBDIFFINBUF_DIFF_IN_P_O)
                                                      0.750    10.829 r  static         WRAPPER/IO_SHIM/IBUFDS_CLK_125/DIFFINBUF_INST/O
                         net (fo=1, routed)           0.040    10.869    static         WRAPPER/IO_SHIM/IBUFDS_CLK_125/OUT
    BJ4.I                                                             r  static         WRAPPER/IO_SHIM/IBUFDS_CLK_125/IBUFCTRL_INST/I
    BJ4.O                IBUFCTRL (Prop_IBUFCTRL_HPIOB_M_I_O)
                                                      0.000    10.869 r  static         WRAPPER/IO_SHIM/IBUFDS_CLK_125/IBUFCTRL_INST/O
                         net (fo=1, routed)           0.309    11.178    static         <hidden>
    BUFGCE_X0Y122.I                                                   r  static         <hidden>
    BUFGCE_X0Y122.O      BUFGCE (Prop_BUFCE_BUFGCE_I_O)
                                                      0.024    11.202 r  static         <hidden>
                         net (fo=3, routed)           1.624    12.826    static         <hidden>
    SLR Crossing[1->0]   
    MMCM_X0Y2.CLKIN1                                                  r  static         <hidden>
    MMCM_X0Y2.CLKOUT0    MMCME4_ADV (Prop_MMCM_CLKIN1_CLKOUT0)
                                                      0.630    13.456 r  static         <hidden>
                         net (fo=2, routed)           0.216    13.672    static         <hidden>
    BUFGCE_X0Y65.I                                                    r  static         <hidden>
    BUFGCE_X0Y65.O       BUFGCE (Prop_BUFCE_BUFGCE_I_O)
                                                      0.024    13.696 r  static         <hidden>
    X3Y5 (CLOCK_ROOT)    net (fo=232, routed)         2.813    16.509    static         <hidden>
    SLICE_X180Y168.CLK   FDRE                                         r  static         <hidden>
                         clock pessimism             -0.115    16.394                     
                         clock uncertainty           -0.094    16.300                     
    SLICE_X180Y168       FDRE (Setup_EFF2_SLICEM_C_D)
                                                      0.025    16.325    static           <hidden>
  -------------------------------------------------------------------
                         required time                         16.325                     
                         arrival time                          -7.296                     
  -------------------------------------------------------------------
                         slack                                  9.029                     

Slack (MET) :             9.053ns  (required time - arrival time)
  Source:                 <hidden>
                            (rising edge-triggered cell FDCE clocked by clk_hbm_ref  {rise@0.000ns fall@5.000ns period=10.000ns})
  Destination:            <hidden>
                            (rising edge-triggered cell FDRE clocked by clk_hbm_ref  {rise@0.000ns fall@5.000ns period=10.000ns})
  Path Group:             clk_hbm_ref
  Path Type:              Setup (Max at Slow Process Corner)
  Requirement:            10.000ns  (clk_hbm_ref rise@10.000ns - clk_hbm_ref rise@0.000ns)
  Data Path Delay:        0.812ns  (logic 0.079ns (9.730%)  route 0.733ns (90.270%))
  Logic Levels:           0  
  Clock Path Skew:        -0.066ns (DCD - SCD + CPR)
    Destination Clock Delay (DCD):    6.492ns = ( 16.492 - 10.000 ) 
    Source Clock Delay      (SCD):    6.443ns
    Clock Pessimism Removal (CPR):    -0.115ns
  Clock Uncertainty:      0.094ns  ((TSJ^2 + DJ^2)^1/2) / 2 + PE
    Total System Jitter     (TSJ):    0.071ns
    Discrete Jitter          (DJ):    0.175ns
    Phase Error              (PE):    0.000ns
  Clock Net Delay (Source):      3.097ns (routing 1.109ns, distribution 1.988ns)
  Clock Net Delay (Destination): 2.796ns (routing 1.008ns, distribution 1.788ns)

    Location             Delay type                Incr(ns)  Path(ns)    Partition      Netlist Resource(s)
  -------------------------------------------------------------------    ----------------------------------
                         (clock clk_hbm_ref rise edge)
                                                      0.000     0.000 r                 
    BJ4                                               0.000     0.000 r  static         <hidden>
                         net (fo=0)                   0.100     0.100    static         WRAPPER/IO_SHIM/IBUFDS_CLK_125/I
    HPIOBDIFFINBUF_X0Y130.DIFF_IN_P
                                                                      r  static         WRAPPER/IO_SHIM/IBUFDS_CLK_125/DIFFINBUF_INST/DIFF_IN_P
    HPIOBDIFFINBUF_X0Y130.O
                         DIFFINBUF (Prop_DIFFINBUF_HPIOBDIFFINBUF_DIFF_IN_P_O)
                                                      0.863     0.963 r  static         WRAPPER/IO_SHIM/IBUFDS_CLK_125/DIFFINBUF_INST/O
                         net (fo=1, routed)           0.050     1.013    static         WRAPPER/IO_SHIM/IBUFDS_CLK_125/OUT
    BJ4.I                                                             r  static         WRAPPER/IO_SHIM/IBUFDS_CLK_125/IBUFCTRL_INST/I
    BJ4.O                IBUFCTRL (Prop_IBUFCTRL_HPIOB_M_I_O)
                                                      0.000     1.013 r  static         WRAPPER/IO_SHIM/IBUFDS_CLK_125/IBUFCTRL_INST/O
                         net (fo=1, routed)           0.348     1.361    static         <hidden>
    BUFGCE_X0Y122.I                                                   r  static         <hidden>
    BUFGCE_X0Y122.O      BUFGCE (Prop_BUFCE_BUFGCE_I_O)
                                                      0.028     1.389 r  static         <hidden>
                         net (fo=3, routed)           1.811     3.200    static         <hidden>
    SLR Crossing[1->0]   
    MMCM_X0Y2.CLKIN1                                                  r  static         <hidden>
    MMCM_X0Y2.CLKOUT0    MMCME4_ADV (Prop_MMCM_CLKIN1_CLKOUT0)
                                                     -0.127     3.073 r  static         <hidden>
                         net (fo=2, routed)           0.245     3.318    static         <hidden>
    BUFGCE_X0Y65.I                                                    r  static         <hidden>
    BUFGCE_X0Y65.O       BUFGCE (Prop_BUFCE_BUFGCE_I_O)
                                                      0.028     3.346 r  static         <hidden>
    X3Y5 (CLOCK_ROOT)    net (fo=232, routed)         3.097     6.443    static         <hidden>
    SLICE_X176Y152.CLK   FDCE                                         r  static         <hidden>
  -------------------------------------------------------------------    ----------------------------------
    SLICE_X176Y152.Q     FDCE (Prop_FFF2_SLICEM_C_Q)
                                                      0.079     6.522 r  static         <hidden>
                         net (fo=1, routed)           0.733     7.254    static         <hidden>
    SLICE_X178Y145.D     FDRE                                         r  static         <hidden>
  -------------------------------------------------------------------    ----------------------------------

                         (clock clk_hbm_ref rise edge)
                                                     10.000    10.000 r                 
    BJ4                                               0.000    10.000 r  static         <hidden>
                         net (fo=0)                   0.079    10.079    static         WRAPPER/IO_SHIM/IBUFDS_CLK_125/I
    HPIOBDIFFINBUF_X0Y130.DIFF_IN_P
                                                                      r  static         WRAPPER/IO_SHIM/IBUFDS_CLK_125/DIFFINBUF_INST/DIFF_IN_P
    HPIOBDIFFINBUF_X0Y130.O
                         DIFFINBUF (Prop_DIFFINBUF_HPIOBDIFFINBUF_DIFF_IN_P_O)
                                                      0.750    10.829 r  static         WRAPPER/IO_SHIM/IBUFDS_CLK_125/DIFFINBUF_INST/O
                         net (fo=1, routed)           0.040    10.869    static         WRAPPER/IO_SHIM/IBUFDS_CLK_125/OUT
    BJ4.I                                                             r  static         WRAPPER/IO_SHIM/IBUFDS_CLK_125/IBUFCTRL_INST/I
    BJ4.O                IBUFCTRL (Prop_IBUFCTRL_HPIOB_M_I_O)
                                                      0.000    10.869 r  static         WRAPPER/IO_SHIM/IBUFDS_CLK_125/IBUFCTRL_INST/O
                         net (fo=1, routed)           0.309    11.178    static         <hidden>
    BUFGCE_X0Y122.I                                                   r  static         <hidden>
    BUFGCE_X0Y122.O      BUFGCE (Prop_BUFCE_BUFGCE_I_O)
                                                      0.024    11.202 r  static         <hidden>
                         net (fo=3, routed)           1.624    12.826    static         <hidden>
    SLR Crossing[1->0]   
    MMCM_X0Y2.CLKIN1                                                  r  static         <hidden>
    MMCM_X0Y2.CLKOUT0    MMCME4_ADV (Prop_MMCM_CLKIN1_CLKOUT0)
                                                      0.630    13.456 r  static         <hidden>
                         net (fo=2, routed)           0.216    13.672    static         <hidden>
    BUFGCE_X0Y65.I                                                    r  static         <hidden>
    BUFGCE_X0Y65.O       BUFGCE (Prop_BUFCE_BUFGCE_I_O)
                                                      0.024    13.696 r  static         <hidden>
    X3Y5 (CLOCK_ROOT)    net (fo=232, routed)         2.796    16.492    static         <hidden>
    SLICE_X178Y145.CLK   FDRE                                         r  static         <hidden>
                         clock pessimism             -0.115    16.377                     
                         clock uncertainty           -0.094    16.283                     
    SLICE_X178Y145       FDRE (Setup_EFF_SLICEL_C_D)
                                                      0.025    16.308    static           <hidden>
  -------------------------------------------------------------------
                         required time                         16.308                     
                         arrival time                          -7.254                     
  -------------------------------------------------------------------
                         slack                                  9.053                     

Slack (MET) :             9.056ns  (required time - arrival time)
  Source:                 <hidden>
                            (rising edge-triggered cell FDCE clocked by clk_hbm_ref  {rise@0.000ns fall@5.000ns period=10.000ns})
  Destination:            <hidden>
                            (rising edge-triggered cell FDRE clocked by clk_hbm_ref  {rise@0.000ns fall@5.000ns period=10.000ns})
  Path Group:             clk_hbm_ref
  Path Type:              Setup (Max at Slow Process Corner)
  Requirement:            10.000ns  (clk_hbm_ref rise@10.000ns - clk_hbm_ref rise@0.000ns)
  Data Path Delay:        0.813ns  (logic 0.079ns (9.712%)  route 0.734ns (90.288%))
  Logic Levels:           0  
  Clock Path Skew:        -0.061ns (DCD - SCD + CPR)
    Destination Clock Delay (DCD):    6.515ns = ( 16.515 - 10.000 ) 
    Source Clock Delay      (SCD):    6.461ns
    Clock Pessimism Removal (CPR):    -0.115ns
  Clock Uncertainty:      0.094ns  ((TSJ^2 + DJ^2)^1/2) / 2 + PE
    Total System Jitter     (TSJ):    0.071ns
    Discrete Jitter          (DJ):    0.175ns
    Phase Error              (PE):    0.000ns
  Clock Net Delay (Source):      3.115ns (routing 1.109ns, distribution 2.006ns)
  Clock Net Delay (Destination): 2.819ns (routing 1.008ns, distribution 1.811ns)

    Location             Delay type                Incr(ns)  Path(ns)    Partition      Netlist Resource(s)
  -------------------------------------------------------------------    ----------------------------------
                         (clock clk_hbm_ref rise edge)
                                                      0.000     0.000 r                 
    BJ4                                               0.000     0.000 r  static         <hidden>
                         net (fo=0)                   0.100     0.100    static         WRAPPER/IO_SHIM/IBUFDS_CLK_125/I
    HPIOBDIFFINBUF_X0Y130.DIFF_IN_P
                                                                      r  static         WRAPPER/IO_SHIM/IBUFDS_CLK_125/DIFFINBUF_INST/DIFF_IN_P
    HPIOBDIFFINBUF_X0Y130.O
                         DIFFINBUF (Prop_DIFFINBUF_HPIOBDIFFINBUF_DIFF_IN_P_O)
                                                      0.863     0.963 r  static         WRAPPER/IO_SHIM/IBUFDS_CLK_125/DIFFINBUF_INST/O
                         net (fo=1, routed)           0.050     1.013    static         WRAPPER/IO_SHIM/IBUFDS_CLK_125/OUT
    BJ4.I                                                             r  static         WRAPPER/IO_SHIM/IBUFDS_CLK_125/IBUFCTRL_INST/I
    BJ4.O                IBUFCTRL (Prop_IBUFCTRL_HPIOB_M_I_O)
                                                      0.000     1.013 r  static         WRAPPER/IO_SHIM/IBUFDS_CLK_125/IBUFCTRL_INST/O
                         net (fo=1, routed)           0.348     1.361    static         <hidden>
    BUFGCE_X0Y122.I                                                   r  static         <hidden>
    BUFGCE_X0Y122.O      BUFGCE (Prop_BUFCE_BUFGCE_I_O)
                                                      0.028     1.389 r  static         <hidden>
                         net (fo=3, routed)           1.811     3.200    static         <hidden>
    SLR Crossing[1->0]   
    MMCM_X0Y2.CLKIN1                                                  r  static         <hidden>
    MMCM_X0Y2.CLKOUT0    MMCME4_ADV (Prop_MMCM_CLKIN1_CLKOUT0)
                                                     -0.127     3.073 r  static         <hidden>
                         net (fo=2, routed)           0.245     3.318    static         <hidden>
    BUFGCE_X0Y65.I                                                    r  static         <hidden>
    BUFGCE_X0Y65.O       BUFGCE (Prop_BUFCE_BUFGCE_I_O)
                                                      0.028     3.346 r  static         <hidden>
    X3Y5 (CLOCK_ROOT)    net (fo=232, routed)         3.115     6.461    static         <hidden>
    SLICE_X176Y169.CLK   FDCE                                         r  static         <hidden>
  -------------------------------------------------------------------    ----------------------------------
    SLICE_X176Y169.Q     FDCE (Prop_EFF2_SLICEM_C_Q)
                                                      0.079     6.540 r  static         <hidden>
                         net (fo=1, routed)           0.734     7.274    static         <hidden>
    SLICE_X180Y169.D     FDRE                                         r  static         <hidden>
  -------------------------------------------------------------------    ----------------------------------

                         (clock clk_hbm_ref rise edge)
                                                     10.000    10.000 r                 
    BJ4                                               0.000    10.000 r  static         <hidden>
                         net (fo=0)                   0.079    10.079    static         WRAPPER/IO_SHIM/IBUFDS_CLK_125/I
    HPIOBDIFFINBUF_X0Y130.DIFF_IN_P
                                                                      r  static         WRAPPER/IO_SHIM/IBUFDS_CLK_125/DIFFINBUF_INST/DIFF_IN_P
    HPIOBDIFFINBUF_X0Y130.O
                         DIFFINBUF (Prop_DIFFINBUF_HPIOBDIFFINBUF_DIFF_IN_P_O)
                                                      0.750    10.829 r  static         WRAPPER/IO_SHIM/IBUFDS_CLK_125/DIFFINBUF_INST/O
                         net (fo=1, routed)           0.040    10.869    static         WRAPPER/IO_SHIM/IBUFDS_CLK_125/OUT
    BJ4.I                                                             r  static         WRAPPER/IO_SHIM/IBUFDS_CLK_125/IBUFCTRL_INST/I
    BJ4.O                IBUFCTRL (Prop_IBUFCTRL_HPIOB_M_I_O)
                                                      0.000    10.869 r  static         WRAPPER/IO_SHIM/IBUFDS_CLK_125/IBUFCTRL_INST/O
                         net (fo=1, routed)           0.309    11.178    static         <hidden>
    BUFGCE_X0Y122.I                                                   r  static         <hidden>
    BUFGCE_X0Y122.O      BUFGCE (Prop_BUFCE_BUFGCE_I_O)
                                                      0.024    11.202 r  static         <hidden>
                         net (fo=3, routed)           1.624    12.826    static         <hidden>
    SLR Crossing[1->0]   
    MMCM_X0Y2.CLKIN1                                                  r  static         <hidden>
    MMCM_X0Y2.CLKOUT0    MMCME4_ADV (Prop_MMCM_CLKIN1_CLKOUT0)
                                                      0.630    13.456 r  static         <hidden>
                         net (fo=2, routed)           0.216    13.672    static         <hidden>
    BUFGCE_X0Y65.I                                                    r  static         <hidden>
    BUFGCE_X0Y65.O       BUFGCE (Prop_BUFCE_BUFGCE_I_O)
                                                      0.024    13.696 r  static         <hidden>
    X3Y5 (CLOCK_ROOT)    net (fo=232, routed)         2.819    16.515    static         <hidden>
    SLICE_X180Y169.CLK   FDRE                                         r  static         <hidden>
                         clock pessimism             -0.115    16.400                     
                         clock uncertainty           -0.094    16.305                     
    SLICE_X180Y169       FDRE (Setup_FFF2_SLICEM_C_D)
                                                      0.025    16.330    static           <hidden>
  -------------------------------------------------------------------
                         required time                         16.330                     
                         arrival time                          -7.274                     
  -------------------------------------------------------------------
                         slack                                  9.056                     

Slack (MET) :             9.075ns  (required time - arrival time)
  Source:                 <hidden>
                            (rising edge-triggered cell FDCE clocked by clk_hbm_ref  {rise@0.000ns fall@5.000ns period=10.000ns})
  Destination:            <hidden>
                            (rising edge-triggered cell FDRE clocked by clk_hbm_ref  {rise@0.000ns fall@5.000ns period=10.000ns})
  Path Group:             clk_hbm_ref
  Path Type:              Setup (Max at Slow Process Corner)
  Requirement:            10.000ns  (clk_hbm_ref rise@10.000ns - clk_hbm_ref rise@0.000ns)
  Data Path Delay:        0.788ns  (logic 0.076ns (9.644%)  route 0.712ns (90.356%))
  Logic Levels:           0  
  Clock Path Skew:        -0.068ns (DCD - SCD + CPR)
    Destination Clock Delay (DCD):    6.492ns = ( 16.492 - 10.000 ) 
    Source Clock Delay      (SCD):    6.445ns
    Clock Pessimism Removal (CPR):    -0.115ns
  Clock Uncertainty:      0.094ns  ((TSJ^2 + DJ^2)^1/2) / 2 + PE
    Total System Jitter     (TSJ):    0.071ns
    Discrete Jitter          (DJ):    0.175ns
    Phase Error              (PE):    0.000ns
  Clock Net Delay (Source):      3.099ns (routing 1.109ns, distribution 1.990ns)
  Clock Net Delay (Destination): 2.796ns (routing 1.008ns, distribution 1.788ns)

    Location             Delay type                Incr(ns)  Path(ns)    Partition      Netlist Resource(s)
  -------------------------------------------------------------------    ----------------------------------
                         (clock clk_hbm_ref rise edge)
                                                      0.000     0.000 r                 
    BJ4                                               0.000     0.000 r  static         <hidden>
                         net (fo=0)                   0.100     0.100    static         WRAPPER/IO_SHIM/IBUFDS_CLK_125/I
    HPIOBDIFFINBUF_X0Y130.DIFF_IN_P
                                                                      r  static         WRAPPER/IO_SHIM/IBUFDS_CLK_125/DIFFINBUF_INST/DIFF_IN_P
    HPIOBDIFFINBUF_X0Y130.O
                         DIFFINBUF (Prop_DIFFINBUF_HPIOBDIFFINBUF_DIFF_IN_P_O)
                                                      0.863     0.963 r  static         WRAPPER/IO_SHIM/IBUFDS_CLK_125/DIFFINBUF_INST/O
                         net (fo=1, routed)           0.050     1.013    static         WRAPPER/IO_SHIM/IBUFDS_CLK_125/OUT
    BJ4.I                                                             r  static         WRAPPER/IO_SHIM/IBUFDS_CLK_125/IBUFCTRL_INST/I
    BJ4.O                IBUFCTRL (Prop_IBUFCTRL_HPIOB_M_I_O)
                                                      0.000     1.013 r  static         WRAPPER/IO_SHIM/IBUFDS_CLK_125/IBUFCTRL_INST/O
                         net (fo=1, routed)           0.348     1.361    static         <hidden>
    BUFGCE_X0Y122.I                                                   r  static         <hidden>
    BUFGCE_X0Y122.O      BUFGCE (Prop_BUFCE_BUFGCE_I_O)
                                                      0.028     1.389 r  static         <hidden>
                         net (fo=3, routed)           1.811     3.200    static         <hidden>
    SLR Crossing[1->0]   
    MMCM_X0Y2.CLKIN1                                                  r  static         <hidden>
    MMCM_X0Y2.CLKOUT0    MMCME4_ADV (Prop_MMCM_CLKIN1_CLKOUT0)
                                                     -0.127     3.073 r  static         <hidden>
                         net (fo=2, routed)           0.245     3.318    static         <hidden>
    BUFGCE_X0Y65.I                                                    r  static         <hidden>
    BUFGCE_X0Y65.O       BUFGCE (Prop_BUFCE_BUFGCE_I_O)
                                                      0.028     3.346 r  static         <hidden>
    X3Y5 (CLOCK_ROOT)    net (fo=232, routed)         3.099     6.445    static         <hidden>
    SLICE_X176Y145.CLK   FDCE                                         r  static         <hidden>
  -------------------------------------------------------------------    ----------------------------------
    SLICE_X176Y145.Q     FDCE (Prop_EFF_SLICEM_C_Q)
                                                      0.076     6.521 r  static         <hidden>
                         net (fo=1, routed)           0.712     7.233    static         <hidden>
    SLICE_X178Y145.D     FDRE                                         r  static         <hidden>
  -------------------------------------------------------------------    ----------------------------------

                         (clock clk_hbm_ref rise edge)
                                                     10.000    10.000 r                 
    BJ4                                               0.000    10.000 r  static         <hidden>
                         net (fo=0)                   0.079    10.079    static         WRAPPER/IO_SHIM/IBUFDS_CLK_125/I
    HPIOBDIFFINBUF_X0Y130.DIFF_IN_P
                                                                      r  static         WRAPPER/IO_SHIM/IBUFDS_CLK_125/DIFFINBUF_INST/DIFF_IN_P
    HPIOBDIFFINBUF_X0Y130.O
                         DIFFINBUF (Prop_DIFFINBUF_HPIOBDIFFINBUF_DIFF_IN_P_O)
                                                      0.750    10.829 r  static         WRAPPER/IO_SHIM/IBUFDS_CLK_125/DIFFINBUF_INST/O
                         net (fo=1, routed)           0.040    10.869    static         WRAPPER/IO_SHIM/IBUFDS_CLK_125/OUT
    BJ4.I                                                             r  static         WRAPPER/IO_SHIM/IBUFDS_CLK_125/IBUFCTRL_INST/I
    BJ4.O                IBUFCTRL (Prop_IBUFCTRL_HPIOB_M_I_O)
                                                      0.000    10.869 r  static         WRAPPER/IO_SHIM/IBUFDS_CLK_125/IBUFCTRL_INST/O
                         net (fo=1, routed)           0.309    11.178    static         <hidden>
    BUFGCE_X0Y122.I                                                   r  static         <hidden>
    BUFGCE_X0Y122.O      BUFGCE (Prop_BUFCE_BUFGCE_I_O)
                                                      0.024    11.202 r  static         <hidden>
                         net (fo=3, routed)           1.624    12.826    static         <hidden>
    SLR Crossing[1->0]   
    MMCM_X0Y2.CLKIN1                                                  r  static         <hidden>
    MMCM_X0Y2.CLKOUT0    MMCME4_ADV (Prop_MMCM_CLKIN1_CLKOUT0)
                                                      0.630    13.456 r  static         <hidden>
                         net (fo=2, routed)           0.216    13.672    static         <hidden>
    BUFGCE_X0Y65.I                                                    r  static         <hidden>
    BUFGCE_X0Y65.O       BUFGCE (Prop_BUFCE_BUFGCE_I_O)
                                                      0.024    13.696 r  static         <hidden>
    X3Y5 (CLOCK_ROOT)    net (fo=232, routed)         2.796    16.492    static         <hidden>
    SLICE_X178Y145.CLK   FDRE                                         r  static         <hidden>
                         clock pessimism             -0.115    16.377                     
                         clock uncertainty           -0.094    16.283                     
    SLICE_X178Y145       FDRE (Setup_FFF2_SLICEL_C_D)
                                                      0.025    16.308    static           <hidden>
  -------------------------------------------------------------------
                         required time                         16.308                     
                         arrival time                          -7.233                     
  -------------------------------------------------------------------
                         slack                                  9.075                     

Slack (MET) :             9.089ns  (required time - arrival time)
  Source:                 <hidden>
                            (rising edge-triggered cell FDCE clocked by clk_hbm_ref  {rise@0.000ns fall@5.000ns period=10.000ns})
  Destination:            <hidden>
                            (rising edge-triggered cell FDRE clocked by clk_hbm_ref  {rise@0.000ns fall@5.000ns period=10.000ns})
  Path Group:             clk_hbm_ref
  Path Type:              Setup (Max at Slow Process Corner)
  Requirement:            10.000ns  (clk_hbm_ref rise@10.000ns - clk_hbm_ref rise@0.000ns)
  Data Path Delay:        0.758ns  (logic 0.076ns (10.023%)  route 0.682ns (89.977%))
  Logic Levels:           0  
  Clock Path Skew:        -0.084ns (DCD - SCD + CPR)
    Destination Clock Delay (DCD):    6.490ns = ( 16.490 - 10.000 ) 
    Source Clock Delay      (SCD):    6.459ns
    Clock Pessimism Removal (CPR):    -0.115ns
  Clock Uncertainty:      0.094ns  ((TSJ^2 + DJ^2)^1/2) / 2 + PE
    Total System Jitter     (TSJ):    0.071ns
    Discrete Jitter          (DJ):    0.175ns
    Phase Error              (PE):    0.000ns
  Clock Net Delay (Source):      3.113ns (routing 1.109ns, distribution 2.004ns)
  Clock Net Delay (Destination): 2.794ns (routing 1.008ns, distribution 1.786ns)

    Location             Delay type                Incr(ns)  Path(ns)    Partition      Netlist Resource(s)
  -------------------------------------------------------------------    ----------------------------------
                         (clock clk_hbm_ref rise edge)
                                                      0.000     0.000 r                 
    BJ4                                               0.000     0.000 r  static         <hidden>
                         net (fo=0)                   0.100     0.100    static         WRAPPER/IO_SHIM/IBUFDS_CLK_125/I
    HPIOBDIFFINBUF_X0Y130.DIFF_IN_P
                                                                      r  static         WRAPPER/IO_SHIM/IBUFDS_CLK_125/DIFFINBUF_INST/DIFF_IN_P
    HPIOBDIFFINBUF_X0Y130.O
                         DIFFINBUF (Prop_DIFFINBUF_HPIOBDIFFINBUF_DIFF_IN_P_O)
                                                      0.863     0.963 r  static         WRAPPER/IO_SHIM/IBUFDS_CLK_125/DIFFINBUF_INST/O
                         net (fo=1, routed)           0.050     1.013    static         WRAPPER/IO_SHIM/IBUFDS_CLK_125/OUT
    BJ4.I                                                             r  static         WRAPPER/IO_SHIM/IBUFDS_CLK_125/IBUFCTRL_INST/I
    BJ4.O                IBUFCTRL (Prop_IBUFCTRL_HPIOB_M_I_O)
                                                      0.000     1.013 r  static         WRAPPER/IO_SHIM/IBUFDS_CLK_125/IBUFCTRL_INST/O
                         net (fo=1, routed)           0.348     1.361    static         <hidden>
    BUFGCE_X0Y122.I                                                   r  static         <hidden>
    BUFGCE_X0Y122.O      BUFGCE (Prop_BUFCE_BUFGCE_I_O)
                                                      0.028     1.389 r  static         <hidden>
                         net (fo=3, routed)           1.811     3.200    static         <hidden>
    SLR Crossing[1->0]   
    MMCM_X0Y2.CLKIN1                                                  r  static         <hidden>
    MMCM_X0Y2.CLKOUT0    MMCME4_ADV (Prop_MMCM_CLKIN1_CLKOUT0)
                                                     -0.127     3.073 r  static         <hidden>
                         net (fo=2, routed)           0.245     3.318    static         <hidden>
    BUFGCE_X0Y65.I                                                    r  static         <hidden>
    BUFGCE_X0Y65.O       BUFGCE (Prop_BUFCE_BUFGCE_I_O)
                                                      0.028     3.346 r  static         <hidden>
    X3Y5 (CLOCK_ROOT)    net (fo=232, routed)         3.113     6.459    static         <hidden>
    SLICE_X176Y143.CLK   FDCE                                         r  static         <hidden>
  -------------------------------------------------------------------    ----------------------------------
    SLICE_X176Y143.Q     FDCE (Prop_FFF_SLICEM_C_Q)
                                                      0.076     6.535 r  static         <hidden>
                         net (fo=1, routed)           0.682     7.217    static         <hidden>
    SLICE_X178Y145.D     FDRE                                         r  static         <hidden>
  -------------------------------------------------------------------    ----------------------------------

                         (clock clk_hbm_ref rise edge)
                                                     10.000    10.000 r                 
    BJ4                                               0.000    10.000 r  static         <hidden>
                         net (fo=0)                   0.079    10.079    static         WRAPPER/IO_SHIM/IBUFDS_CLK_125/I
    HPIOBDIFFINBUF_X0Y130.DIFF_IN_P
                                                                      r  static         WRAPPER/IO_SHIM/IBUFDS_CLK_125/DIFFINBUF_INST/DIFF_IN_P
    HPIOBDIFFINBUF_X0Y130.O
                         DIFFINBUF (Prop_DIFFINBUF_HPIOBDIFFINBUF_DIFF_IN_P_O)
                                                      0.750    10.829 r  static         WRAPPER/IO_SHIM/IBUFDS_CLK_125/DIFFINBUF_INST/O
                         net (fo=1, routed)           0.040    10.869    static         WRAPPER/IO_SHIM/IBUFDS_CLK_125/OUT
    BJ4.I                                                             r  static         WRAPPER/IO_SHIM/IBUFDS_CLK_125/IBUFCTRL_INST/I
    BJ4.O                IBUFCTRL (Prop_IBUFCTRL_HPIOB_M_I_O)
                                                      0.000    10.869 r  static         WRAPPER/IO_SHIM/IBUFDS_CLK_125/IBUFCTRL_INST/O
                         net (fo=1, routed)           0.309    11.178    static         <hidden>
    BUFGCE_X0Y122.I                                                   r  static         <hidden>
    BUFGCE_X0Y122.O      BUFGCE (Prop_BUFCE_BUFGCE_I_O)
                                                      0.024    11.202 r  static         <hidden>
                         net (fo=3, routed)           1.624    12.826    static         <hidden>
    SLR Crossing[1->0]   
    MMCM_X0Y2.CLKIN1                                                  r  static         <hidden>
    MMCM_X0Y2.CLKOUT0    MMCME4_ADV (Prop_MMCM_CLKIN1_CLKOUT0)
                                                      0.630    13.456 r  static         <hidden>
                         net (fo=2, routed)           0.216    13.672    static         <hidden>
    BUFGCE_X0Y65.I                                                    r  static         <hidden>
    BUFGCE_X0Y65.O       BUFGCE (Prop_BUFCE_BUFGCE_I_O)
                                                      0.024    13.696 r  static         <hidden>
    X3Y5 (CLOCK_ROOT)    net (fo=232, routed)         2.794    16.490    static         <hidden>
    SLICE_X178Y145.CLK   FDRE                                         r  static         <hidden>
                         clock pessimism             -0.115    16.375                     
                         clock uncertainty           -0.094    16.281                     
    SLICE_X178Y145       FDRE (Setup_CFF2_SLICEL_C_D)
                                                      0.025    16.306    static           <hidden>
  -------------------------------------------------------------------
                         required time                         16.306                     
                         arrival time                          -7.217                     
  -------------------------------------------------------------------
                         slack                                  9.089                     

Slack (MET) :             9.101ns  (required time - arrival time)
  Source:                 <hidden>
                            (rising edge-triggered cell FDCE clocked by clk_hbm_ref  {rise@0.000ns fall@5.000ns period=10.000ns})
  Destination:            <hidden>
                            (rising edge-triggered cell FDRE clocked by clk_hbm_ref  {rise@0.000ns fall@5.000ns period=10.000ns})
  Path Group:             clk_hbm_ref
  Path Type:              Setup (Max at Slow Process Corner)
  Requirement:            10.000ns  (clk_hbm_ref rise@10.000ns - clk_hbm_ref rise@0.000ns)
  Data Path Delay:        0.758ns  (logic 0.079ns (10.429%)  route 0.679ns (89.571%))
  Logic Levels:           0  
  Clock Path Skew:        -0.072ns (DCD - SCD + CPR)
    Destination Clock Delay (DCD):    6.515ns = ( 16.515 - 10.000 ) 
    Source Clock Delay      (SCD):    6.472ns
    Clock Pessimism Removal (CPR):    -0.115ns
  Clock Uncertainty:      0.094ns  ((TSJ^2 + DJ^2)^1/2) / 2 + PE
    Total System Jitter     (TSJ):    0.071ns
    Discrete Jitter          (DJ):    0.175ns
    Phase Error              (PE):    0.000ns
  Clock Net Delay (Source):      3.126ns (routing 1.109ns, distribution 2.017ns)
  Clock Net Delay (Destination): 2.819ns (routing 1.008ns, distribution 1.811ns)

    Location             Delay type                Incr(ns)  Path(ns)    Partition      Netlist Resource(s)
  -------------------------------------------------------------------    ----------------------------------
                         (clock clk_hbm_ref rise edge)
                                                      0.000     0.000 r                 
    BJ4                                               0.000     0.000 r  static         <hidden>
                         net (fo=0)                   0.100     0.100    static         WRAPPER/IO_SHIM/IBUFDS_CLK_125/I
    HPIOBDIFFINBUF_X0Y130.DIFF_IN_P
                                                                      r  static         WRAPPER/IO_SHIM/IBUFDS_CLK_125/DIFFINBUF_INST/DIFF_IN_P
    HPIOBDIFFINBUF_X0Y130.O
                         DIFFINBUF (Prop_DIFFINBUF_HPIOBDIFFINBUF_DIFF_IN_P_O)
                                                      0.863     0.963 r  static         WRAPPER/IO_SHIM/IBUFDS_CLK_125/DIFFINBUF_INST/O
                         net (fo=1, routed)           0.050     1.013    static         WRAPPER/IO_SHIM/IBUFDS_CLK_125/OUT
    BJ4.I                                                             r  static         WRAPPER/IO_SHIM/IBUFDS_CLK_125/IBUFCTRL_INST/I
    BJ4.O                IBUFCTRL (Prop_IBUFCTRL_HPIOB_M_I_O)
                                                      0.000     1.013 r  static         WRAPPER/IO_SHIM/IBUFDS_CLK_125/IBUFCTRL_INST/O
                         net (fo=1, routed)           0.348     1.361    static         <hidden>
    BUFGCE_X0Y122.I                                                   r  static         <hidden>
    BUFGCE_X0Y122.O      BUFGCE (Prop_BUFCE_BUFGCE_I_O)
                                                      0.028     1.389 r  static         <hidden>
                         net (fo=3, routed)           1.811     3.200    static         <hidden>
    SLR Crossing[1->0]   
    MMCM_X0Y2.CLKIN1                                                  r  static         <hidden>
    MMCM_X0Y2.CLKOUT0    MMCME4_ADV (Prop_MMCM_CLKIN1_CLKOUT0)
                                                     -0.127     3.073 r  static         <hidden>
                         net (fo=2, routed)           0.245     3.318    static         <hidden>
    BUFGCE_X0Y65.I                                                    r  static         <hidden>
    BUFGCE_X0Y65.O       BUFGCE (Prop_BUFCE_BUFGCE_I_O)
                                                      0.028     3.346 r  static         <hidden>
    X3Y5 (CLOCK_ROOT)    net (fo=232, routed)         3.126     6.472    static         <hidden>
    SLICE_X176Y168.CLK   FDCE                                         r  static         <hidden>
  -------------------------------------------------------------------    ----------------------------------
    SLICE_X176Y168.Q     FDCE (Prop_EFF2_SLICEM_C_Q)
                                                      0.079     6.551 r  static         <hidden>
                         net (fo=1, routed)           0.679     7.229    static         <hidden>
    SLICE_X180Y169.D     FDRE                                         r  static         <hidden>
  -------------------------------------------------------------------    ----------------------------------

                         (clock clk_hbm_ref rise edge)
                                                     10.000    10.000 r                 
    BJ4                                               0.000    10.000 r  static         <hidden>
                         net (fo=0)                   0.079    10.079    static         WRAPPER/IO_SHIM/IBUFDS_CLK_125/I
    HPIOBDIFFINBUF_X0Y130.DIFF_IN_P
                                                                      r  static         WRAPPER/IO_SHIM/IBUFDS_CLK_125/DIFFINBUF_INST/DIFF_IN_P
    HPIOBDIFFINBUF_X0Y130.O
                         DIFFINBUF (Prop_DIFFINBUF_HPIOBDIFFINBUF_DIFF_IN_P_O)
                                                      0.750    10.829 r  static         WRAPPER/IO_SHIM/IBUFDS_CLK_125/DIFFINBUF_INST/O
                         net (fo=1, routed)           0.040    10.869    static         WRAPPER/IO_SHIM/IBUFDS_CLK_125/OUT
    BJ4.I                                                             r  static         WRAPPER/IO_SHIM/IBUFDS_CLK_125/IBUFCTRL_INST/I
    BJ4.O                IBUFCTRL (Prop_IBUFCTRL_HPIOB_M_I_O)
                                                      0.000    10.869 r  static         WRAPPER/IO_SHIM/IBUFDS_CLK_125/IBUFCTRL_INST/O
                         net (fo=1, routed)           0.309    11.178    static         <hidden>
    BUFGCE_X0Y122.I                                                   r  static         <hidden>
    BUFGCE_X0Y122.O      BUFGCE (Prop_BUFCE_BUFGCE_I_O)
                                                      0.024    11.202 r  static         <hidden>
                         net (fo=3, routed)           1.624    12.826    static         <hidden>
    SLR Crossing[1->0]   
    MMCM_X0Y2.CLKIN1                                                  r  static         <hidden>
    MMCM_X0Y2.CLKOUT0    MMCME4_ADV (Prop_MMCM_CLKIN1_CLKOUT0)
                                                      0.630    13.456 r  static         <hidden>
                         net (fo=2, routed)           0.216    13.672    static         <hidden>
    BUFGCE_X0Y65.I                                                    r  static         <hidden>
    BUFGCE_X0Y65.O       BUFGCE (Prop_BUFCE_BUFGCE_I_O)
                                                      0.024    13.696 r  static         <hidden>
    X3Y5 (CLOCK_ROOT)    net (fo=232, routed)         2.819    16.515    static         <hidden>
    SLICE_X180Y169.CLK   FDRE                                         r  static         <hidden>
                         clock pessimism             -0.115    16.400                     
                         clock uncertainty           -0.094    16.305                     
    SLICE_X180Y169       FDRE (Setup_FFF_SLICEM_C_D)
                                                      0.025    16.330    static           <hidden>
  -------------------------------------------------------------------
                         required time                         16.330                     
                         arrival time                          -7.229                     
  -------------------------------------------------------------------
                         slack                                  9.101                     

Slack (MET) :             9.228ns  (required time - arrival time)
  Source:                 <hidden>
                            (rising edge-triggered cell FDCE clocked by clk_hbm_ref  {rise@0.000ns fall@5.000ns period=10.000ns})
  Destination:            <hidden>
                            (rising edge-triggered cell FDRE clocked by clk_hbm_ref  {rise@0.000ns fall@5.000ns period=10.000ns})
  Path Group:             clk_hbm_ref
  Path Type:              Setup (Max at Slow Process Corner)
  Requirement:            10.000ns  (clk_hbm_ref rise@10.000ns - clk_hbm_ref rise@0.000ns)
  Data Path Delay:        0.653ns  (logic 0.076ns (11.639%)  route 0.577ns (88.361%))
  Logic Levels:           0  
  Clock Path Skew:        -0.049ns (DCD - SCD + CPR)
    Destination Clock Delay (DCD):    6.499ns = ( 16.499 - 10.000 ) 
    Source Clock Delay      (SCD):    6.434ns
    Clock Pessimism Removal (CPR):    -0.115ns
  Clock Uncertainty:      0.094ns  ((TSJ^2 + DJ^2)^1/2) / 2 + PE
    Total System Jitter     (TSJ):    0.071ns
    Discrete Jitter          (DJ):    0.175ns
    Phase Error              (PE):    0.000ns
  Clock Net Delay (Source):      3.088ns (routing 1.109ns, distribution 1.979ns)
  Clock Net Delay (Destination): 2.803ns (routing 1.008ns, distribution 1.795ns)

    Location             Delay type                Incr(ns)  Path(ns)    Partition      Netlist Resource(s)
  -------------------------------------------------------------------    ----------------------------------
                         (clock clk_hbm_ref rise edge)
                                                      0.000     0.000 r                 
    BJ4                                               0.000     0.000 r  static         <hidden>
                         net (fo=0)                   0.100     0.100    static         WRAPPER/IO_SHIM/IBUFDS_CLK_125/I
    HPIOBDIFFINBUF_X0Y130.DIFF_IN_P
                                                                      r  static         WRAPPER/IO_SHIM/IBUFDS_CLK_125/DIFFINBUF_INST/DIFF_IN_P
    HPIOBDIFFINBUF_X0Y130.O
                         DIFFINBUF (Prop_DIFFINBUF_HPIOBDIFFINBUF_DIFF_IN_P_O)
                                                      0.863     0.963 r  static         WRAPPER/IO_SHIM/IBUFDS_CLK_125/DIFFINBUF_INST/O
                         net (fo=1, routed)           0.050     1.013    static         WRAPPER/IO_SHIM/IBUFDS_CLK_125/OUT
    BJ4.I                                                             r  static         WRAPPER/IO_SHIM/IBUFDS_CLK_125/IBUFCTRL_INST/I
    BJ4.O                IBUFCTRL (Prop_IBUFCTRL_HPIOB_M_I_O)
                                                      0.000     1.013 r  static         WRAPPER/IO_SHIM/IBUFDS_CLK_125/IBUFCTRL_INST/O
                         net (fo=1, routed)           0.348     1.361    static         <hidden>
    BUFGCE_X0Y122.I                                                   r  static         <hidden>
    BUFGCE_X0Y122.O      BUFGCE (Prop_BUFCE_BUFGCE_I_O)
                                                      0.028     1.389 r  static         <hidden>
                         net (fo=3, routed)           1.811     3.200    static         <hidden>
    SLR Crossing[1->0]   
    MMCM_X0Y2.CLKIN1                                                  r  static         <hidden>
    MMCM_X0Y2.CLKOUT0    MMCME4_ADV (Prop_MMCM_CLKIN1_CLKOUT0)
                                                     -0.127     3.073 r  static         <hidden>
                         net (fo=2, routed)           0.245     3.318    static         <hidden>
    BUFGCE_X0Y65.I                                                    r  static         <hidden>
    BUFGCE_X0Y65.O       BUFGCE (Prop_BUFCE_BUFGCE_I_O)
                                                      0.028     3.346 r  static         <hidden>
    X3Y5 (CLOCK_ROOT)    net (fo=232, routed)         3.088     6.434    static         <hidden>
    SLICE_X176Y153.CLK   FDCE                                         r  static         <hidden>
  -------------------------------------------------------------------    ----------------------------------
    SLICE_X176Y153.Q     FDCE (Prop_EFF_SLICEM_C_Q)
                                                      0.076     6.510 r  static         <hidden>
                         net (fo=1, routed)           0.577     7.087    static         <hidden>
    SLICE_X179Y143.D     FDRE                                         r  static         <hidden>
  -------------------------------------------------------------------    ----------------------------------

                         (clock clk_hbm_ref rise edge)
                                                     10.000    10.000 r                 
    BJ4                                               0.000    10.000 r  static         <hidden>
                         net (fo=0)                   0.079    10.079    static         WRAPPER/IO_SHIM/IBUFDS_CLK_125/I
    HPIOBDIFFINBUF_X0Y130.DIFF_IN_P
                                                                      r  static         WRAPPER/IO_SHIM/IBUFDS_CLK_125/DIFFINBUF_INST/DIFF_IN_P
    HPIOBDIFFINBUF_X0Y130.O
                         DIFFINBUF (Prop_DIFFINBUF_HPIOBDIFFINBUF_DIFF_IN_P_O)
                                                      0.750    10.829 r  static         WRAPPER/IO_SHIM/IBUFDS_CLK_125/DIFFINBUF_INST/O
                         net (fo=1, routed)           0.040    10.869    static         WRAPPER/IO_SHIM/IBUFDS_CLK_125/OUT
    BJ4.I                                                             r  static         WRAPPER/IO_SHIM/IBUFDS_CLK_125/IBUFCTRL_INST/I
    BJ4.O                IBUFCTRL (Prop_IBUFCTRL_HPIOB_M_I_O)
                                                      0.000    10.869 r  static         WRAPPER/IO_SHIM/IBUFDS_CLK_125/IBUFCTRL_INST/O
                         net (fo=1, routed)           0.309    11.178    static         <hidden>
    BUFGCE_X0Y122.I                                                   r  static         <hidden>
    BUFGCE_X0Y122.O      BUFGCE (Prop_BUFCE_BUFGCE_I_O)
                                                      0.024    11.202 r  static         <hidden>
                         net (fo=3, routed)           1.624    12.826    static         <hidden>
    SLR Crossing[1->0]   
    MMCM_X0Y2.CLKIN1                                                  r  static         <hidden>
    MMCM_X0Y2.CLKOUT0    MMCME4_ADV (Prop_MMCM_CLKIN1_CLKOUT0)
                                                      0.630    13.456 r  static         <hidden>
                         net (fo=2, routed)           0.216    13.672    static         <hidden>
    BUFGCE_X0Y65.I                                                    r  static         <hidden>
    BUFGCE_X0Y65.O       BUFGCE (Prop_BUFCE_BUFGCE_I_O)
                                                      0.024    13.696 r  static         <hidden>
    X3Y5 (CLOCK_ROOT)    net (fo=232, routed)         2.803    16.499    static         <hidden>
    SLICE_X179Y143.CLK   FDRE                                         r  static         <hidden>
                         clock pessimism             -0.115    16.384                     
                         clock uncertainty           -0.094    16.290                     
    SLICE_X179Y143       FDRE (Setup_EFF_SLICEM_C_D)
                                                      0.025    16.315    static           <hidden>
  -------------------------------------------------------------------
                         required time                         16.315                     
                         arrival time                          -7.087                     
  -------------------------------------------------------------------
                         slack                                  9.228                     

Slack (MET) :             9.277ns  (required time - arrival time)
  Source:                 <hidden>
                            (rising edge-triggered cell FDCE clocked by clk_hbm_ref  {rise@0.000ns fall@5.000ns period=10.000ns})
  Destination:            <hidden>
                            (rising edge-triggered cell FDRE clocked by clk_hbm_ref  {rise@0.000ns fall@5.000ns period=10.000ns})
  Path Group:             clk_hbm_ref
  Path Type:              Setup (Max at Slow Process Corner)
  Requirement:            10.000ns  (clk_hbm_ref rise@10.000ns - clk_hbm_ref rise@0.000ns)
  Data Path Delay:        0.599ns  (logic 0.079ns (13.190%)  route 0.520ns (86.810%))
  Logic Levels:           0  
  Clock Path Skew:        -0.054ns (DCD - SCD + CPR)
    Destination Clock Delay (DCD):    6.509ns = ( 16.509 - 10.000 ) 
    Source Clock Delay      (SCD):    6.449ns
    Clock Pessimism Removal (CPR):    -0.115ns
  Clock Uncertainty:      0.094ns  ((TSJ^2 + DJ^2)^1/2) / 2 + PE
    Total System Jitter     (TSJ):    0.071ns
    Discrete Jitter          (DJ):    0.175ns
    Phase Error              (PE):    0.000ns
  Clock Net Delay (Source):      3.103ns (routing 1.109ns, distribution 1.994ns)
  Clock Net Delay (Destination): 2.813ns (routing 1.008ns, distribution 1.805ns)

    Location             Delay type                Incr(ns)  Path(ns)    Partition      Netlist Resource(s)
  -------------------------------------------------------------------    ----------------------------------
                         (clock clk_hbm_ref rise edge)
                                                      0.000     0.000 r                 
    BJ4                                               0.000     0.000 r  static         <hidden>
                         net (fo=0)                   0.100     0.100    static         WRAPPER/IO_SHIM/IBUFDS_CLK_125/I
    HPIOBDIFFINBUF_X0Y130.DIFF_IN_P
                                                                      r  static         WRAPPER/IO_SHIM/IBUFDS_CLK_125/DIFFINBUF_INST/DIFF_IN_P
    HPIOBDIFFINBUF_X0Y130.O
                         DIFFINBUF (Prop_DIFFINBUF_HPIOBDIFFINBUF_DIFF_IN_P_O)
                                                      0.863     0.963 r  static         WRAPPER/IO_SHIM/IBUFDS_CLK_125/DIFFINBUF_INST/O
                         net (fo=1, routed)           0.050     1.013    static         WRAPPER/IO_SHIM/IBUFDS_CLK_125/OUT
    BJ4.I                                                             r  static         WRAPPER/IO_SHIM/IBUFDS_CLK_125/IBUFCTRL_INST/I
    BJ4.O                IBUFCTRL (Prop_IBUFCTRL_HPIOB_M_I_O)
                                                      0.000     1.013 r  static         WRAPPER/IO_SHIM/IBUFDS_CLK_125/IBUFCTRL_INST/O
                         net (fo=1, routed)           0.348     1.361    static         <hidden>
    BUFGCE_X0Y122.I                                                   r  static         <hidden>
    BUFGCE_X0Y122.O      BUFGCE (Prop_BUFCE_BUFGCE_I_O)
                                                      0.028     1.389 r  static         <hidden>
                         net (fo=3, routed)           1.811     3.200    static         <hidden>
    SLR Crossing[1->0]   
    MMCM_X0Y2.CLKIN1                                                  r  static         <hidden>
    MMCM_X0Y2.CLKOUT0    MMCME4_ADV (Prop_MMCM_CLKIN1_CLKOUT0)
                                                     -0.127     3.073 r  static         <hidden>
                         net (fo=2, routed)           0.245     3.318    static         <hidden>
    BUFGCE_X0Y65.I                                                    r  static         <hidden>
    BUFGCE_X0Y65.O       BUFGCE (Prop_BUFCE_BUFGCE_I_O)
                                                      0.028     3.346 r  static         <hidden>
    X3Y5 (CLOCK_ROOT)    net (fo=232, routed)         3.103     6.449    static         <hidden>
    SLICE_X177Y167.CLK   FDCE                                         r  static         <hidden>
  -------------------------------------------------------------------    ----------------------------------
    SLICE_X177Y167.Q     FDCE (Prop_EFF_SLICEL_C_Q)
                                                      0.079     6.528 r  static         <hidden>
                         net (fo=1, routed)           0.520     7.048    static         <hidden>
    SLICE_X180Y168.D     FDRE                                         r  static         <hidden>
  -------------------------------------------------------------------    ----------------------------------

                         (clock clk_hbm_ref rise edge)
                                                     10.000    10.000 r                 
    BJ4                                               0.000    10.000 r  static         <hidden>
                         net (fo=0)                   0.079    10.079    static         WRAPPER/IO_SHIM/IBUFDS_CLK_125/I
    HPIOBDIFFINBUF_X0Y130.DIFF_IN_P
                                                                      r  static         WRAPPER/IO_SHIM/IBUFDS_CLK_125/DIFFINBUF_INST/DIFF_IN_P
    HPIOBDIFFINBUF_X0Y130.O
                         DIFFINBUF (Prop_DIFFINBUF_HPIOBDIFFINBUF_DIFF_IN_P_O)
                                                      0.750    10.829 r  static         WRAPPER/IO_SHIM/IBUFDS_CLK_125/DIFFINBUF_INST/O
                         net (fo=1, routed)           0.040    10.869    static         WRAPPER/IO_SHIM/IBUFDS_CLK_125/OUT
    BJ4.I                                                             r  static         WRAPPER/IO_SHIM/IBUFDS_CLK_125/IBUFCTRL_INST/I
    BJ4.O                IBUFCTRL (Prop_IBUFCTRL_HPIOB_M_I_O)
                                                      0.000    10.869 r  static         WRAPPER/IO_SHIM/IBUFDS_CLK_125/IBUFCTRL_INST/O
                         net (fo=1, routed)           0.309    11.178    static         <hidden>
    BUFGCE_X0Y122.I                                                   r  static         <hidden>
    BUFGCE_X0Y122.O      BUFGCE (Prop_BUFCE_BUFGCE_I_O)
                                                      0.024    11.202 r  static         <hidden>
                         net (fo=3, routed)           1.624    12.826    static         <hidden>
    SLR Crossing[1->0]   
    MMCM_X0Y2.CLKIN1                                                  r  static         <hidden>
    MMCM_X0Y2.CLKOUT0    MMCME4_ADV (Prop_MMCM_CLKIN1_CLKOUT0)
                                                      0.630    13.456 r  static         <hidden>
                         net (fo=2, routed)           0.216    13.672    static         <hidden>
    BUFGCE_X0Y65.I                                                    r  static         <hidden>
    BUFGCE_X0Y65.O       BUFGCE (Prop_BUFCE_BUFGCE_I_O)
                                                      0.024    13.696 r  static         <hidden>
    X3Y5 (CLOCK_ROOT)    net (fo=232, routed)         2.813    16.509    static         <hidden>
    SLICE_X180Y168.CLK   FDRE                                         r  static         <hidden>
                         clock pessimism             -0.115    16.394                     
                         clock uncertainty           -0.094    16.300                     
    SLICE_X180Y168       FDRE (Setup_EFF_SLICEM_C_D)
                                                      0.025    16.325    static           <hidden>
  -------------------------------------------------------------------
                         required time                         16.325                     
                         arrival time                          -7.048                     
  -------------------------------------------------------------------
                         slack                                  9.277                     

Slack (MET) :             9.282ns  (required time - arrival time)
  Source:                 <hidden>
                            (rising edge-triggered cell FDCE clocked by clk_hbm_ref  {rise@0.000ns fall@5.000ns period=10.000ns})
  Destination:            <hidden>
                            (rising edge-triggered cell FDRE clocked by clk_hbm_ref  {rise@0.000ns fall@5.000ns period=10.000ns})
  Path Group:             clk_hbm_ref
  Path Type:              Setup (Max at Slow Process Corner)
  Requirement:            10.000ns  (clk_hbm_ref rise@10.000ns - clk_hbm_ref rise@0.000ns)
  Data Path Delay:        0.582ns  (logic 0.078ns (13.392%)  route 0.504ns (86.608%))
  Logic Levels:           0  
  Clock Path Skew:        -0.067ns (DCD - SCD + CPR)
    Destination Clock Delay (DCD):    6.509ns = ( 16.509 - 10.000 ) 
    Source Clock Delay      (SCD):    6.461ns
    Clock Pessimism Removal (CPR):    -0.115ns
  Clock Uncertainty:      0.094ns  ((TSJ^2 + DJ^2)^1/2) / 2 + PE
    Total System Jitter     (TSJ):    0.071ns
    Discrete Jitter          (DJ):    0.175ns
    Phase Error              (PE):    0.000ns
  Clock Net Delay (Source):      3.115ns (routing 1.109ns, distribution 2.006ns)
  Clock Net Delay (Destination): 2.813ns (routing 1.008ns, distribution 1.805ns)

    Location             Delay type                Incr(ns)  Path(ns)    Partition      Netlist Resource(s)
  -------------------------------------------------------------------    ----------------------------------
                         (clock clk_hbm_ref rise edge)
                                                      0.000     0.000 r                 
    BJ4                                               0.000     0.000 r  static         <hidden>
                         net (fo=0)                   0.100     0.100    static         WRAPPER/IO_SHIM/IBUFDS_CLK_125/I
    HPIOBDIFFINBUF_X0Y130.DIFF_IN_P
                                                                      r  static         WRAPPER/IO_SHIM/IBUFDS_CLK_125/DIFFINBUF_INST/DIFF_IN_P
    HPIOBDIFFINBUF_X0Y130.O
                         DIFFINBUF (Prop_DIFFINBUF_HPIOBDIFFINBUF_DIFF_IN_P_O)
                                                      0.863     0.963 r  static         WRAPPER/IO_SHIM/IBUFDS_CLK_125/DIFFINBUF_INST/O
                         net (fo=1, routed)           0.050     1.013    static         WRAPPER/IO_SHIM/IBUFDS_CLK_125/OUT
    BJ4.I                                                             r  static         WRAPPER/IO_SHIM/IBUFDS_CLK_125/IBUFCTRL_INST/I
    BJ4.O                IBUFCTRL (Prop_IBUFCTRL_HPIOB_M_I_O)
                                                      0.000     1.013 r  static         WRAPPER/IO_SHIM/IBUFDS_CLK_125/IBUFCTRL_INST/O
                         net (fo=1, routed)           0.348     1.361    static         <hidden>
    BUFGCE_X0Y122.I                                                   r  static         <hidden>
    BUFGCE_X0Y122.O      BUFGCE (Prop_BUFCE_BUFGCE_I_O)
                                                      0.028     1.389 r  static         <hidden>
                         net (fo=3, routed)           1.811     3.200    static         <hidden>
    SLR Crossing[1->0]   
    MMCM_X0Y2.CLKIN1                                                  r  static         <hidden>
    MMCM_X0Y2.CLKOUT0    MMCME4_ADV (Prop_MMCM_CLKIN1_CLKOUT0)
                                                     -0.127     3.073 r  static         <hidden>
                         net (fo=2, routed)           0.245     3.318    static         <hidden>
    BUFGCE_X0Y65.I                                                    r  static         <hidden>
    BUFGCE_X0Y65.O       BUFGCE (Prop_BUFCE_BUFGCE_I_O)
                                                      0.028     3.346 r  static         <hidden>
    X3Y5 (CLOCK_ROOT)    net (fo=232, routed)         3.115     6.461    static         <hidden>
    SLICE_X176Y169.CLK   FDCE                                         r  static         <hidden>
  -------------------------------------------------------------------    ----------------------------------
    SLICE_X176Y169.Q     FDCE (Prop_GFF_SLICEM_C_Q)
                                                      0.078     6.539 r  static         <hidden>
                         net (fo=1, routed)           0.504     7.043    static         <hidden>
    SLICE_X180Y168.D     FDRE                                         r  static         <hidden>
  -------------------------------------------------------------------    ----------------------------------

                         (clock clk_hbm_ref rise edge)
                                                     10.000    10.000 r                 
    BJ4                                               0.000    10.000 r  static         <hidden>
                         net (fo=0)                   0.079    10.079    static         WRAPPER/IO_SHIM/IBUFDS_CLK_125/I
    HPIOBDIFFINBUF_X0Y130.DIFF_IN_P
                                                                      r  static         WRAPPER/IO_SHIM/IBUFDS_CLK_125/DIFFINBUF_INST/DIFF_IN_P
    HPIOBDIFFINBUF_X0Y130.O
                         DIFFINBUF (Prop_DIFFINBUF_HPIOBDIFFINBUF_DIFF_IN_P_O)
                                                      0.750    10.829 r  static         WRAPPER/IO_SHIM/IBUFDS_CLK_125/DIFFINBUF_INST/O
                         net (fo=1, routed)           0.040    10.869    static         WRAPPER/IO_SHIM/IBUFDS_CLK_125/OUT
    BJ4.I                                                             r  static         WRAPPER/IO_SHIM/IBUFDS_CLK_125/IBUFCTRL_INST/I
    BJ4.O                IBUFCTRL (Prop_IBUFCTRL_HPIOB_M_I_O)
                                                      0.000    10.869 r  static         WRAPPER/IO_SHIM/IBUFDS_CLK_125/IBUFCTRL_INST/O
                         net (fo=1, routed)           0.309    11.178    static         <hidden>
    BUFGCE_X0Y122.I                                                   r  static         <hidden>
    BUFGCE_X0Y122.O      BUFGCE (Prop_BUFCE_BUFGCE_I_O)
                                                      0.024    11.202 r  static         <hidden>
                         net (fo=3, routed)           1.624    12.826    static         <hidden>
    SLR Crossing[1->0]   
    MMCM_X0Y2.CLKIN1                                                  r  static         <hidden>
    MMCM_X0Y2.CLKOUT0    MMCME4_ADV (Prop_MMCM_CLKIN1_CLKOUT0)
                                                      0.630    13.456 r  static         <hidden>
                         net (fo=2, routed)           0.216    13.672    static         <hidden>
    BUFGCE_X0Y65.I                                                    r  static         <hidden>
    BUFGCE_X0Y65.O       BUFGCE (Prop_BUFCE_BUFGCE_I_O)
                                                      0.024    13.696 r  static         <hidden>
    X3Y5 (CLOCK_ROOT)    net (fo=232, routed)         2.813    16.509    static         <hidden>
    SLICE_X180Y168.CLK   FDRE                                         r  static         <hidden>
                         clock pessimism             -0.115    16.394                     
                         clock uncertainty           -0.094    16.300                     
    SLICE_X180Y168       FDRE (Setup_HFF_SLICEM_C_D)
                                                      0.025    16.325    static           <hidden>
  -------------------------------------------------------------------
                         required time                         16.325                     
                         arrival time                          -7.043                     
  -------------------------------------------------------------------
                         slack                                  9.282                     

Slack (MET) :             10.520ns  (required time - arrival time)
  Source:                 <hidden>
                            (falling edge-triggered cell FDPE clocked by clk_spi  {rise@0.000ns fall@20.000ns period=40.000ns})
  Destination:            <hidden>
                            (output port clocked by clk_spi  {rise@0.000ns fall@20.000ns period=40.000ns})
  Path Group:             clk_spi
  Path Type:              Max at Slow Process Corner
  Requirement:            20.000ns  (clk_spi rise@40.000ns - clk_spi fall@20.000ns)
  Data Path Delay:        5.791ns  (logic 1.787ns (30.860%)  route 4.004ns (69.140%))
  Logic Levels:           7  (LUT5=2 LUT6=4 OBUFT=1)
  Output Delay:           0.000ns
  Clock Path Skew:        -3.454ns (DCD - SCD + CPR)
    Destination Clock Delay (DCD):    0.000ns = ( 40.000 - 40.000 ) 
    Source Clock Delay      (SCD):    3.454ns = ( 23.454 - 20.000 ) 
    Clock Pessimism Removal (CPR):    0.000ns
  Clock Uncertainty:      0.235ns  ((TSJ^2 + TIJ^2)^1/2 + DJ) / 2 + PE + DCD
    Total System Jitter     (TSJ):    0.071ns
    Total Input Jitter      (TIJ):    0.000ns
    Discrete Jitter          (DJ):    0.000ns
    Phase Error              (PE):    0.000ns
    Duty Cycle Distortion   (DCD):    0.200ns

    Location             Delay type                Incr(ns)  Path(ns)    Partition      Netlist Resource(s)
  -------------------------------------------------------------------    ----------------------------------
                         (clock clk_spi fall edge)   20.000    20.000 f                 
    BH5                                               0.000    20.000 f  static         <hidden>
                         net (fo=0)                   0.000    20.000    static         WRAPPER/IO_SHIM/IBUF_SCK/I
    BH5.PAD                                                           f  static         WRAPPER/IO_SHIM/IBUF_SCK/INBUF_INST/PAD
    BH5.O                INBUF (Prop_INBUF_HPIOB_M_PAD_O)
                                                      0.743    20.743 f  static         WRAPPER/IO_SHIM/IBUF_SCK/INBUF_INST/O
                         net (fo=1, routed)           0.000    20.743    static         WRAPPER/IO_SHIM/IBUF_SCK/OUT
    BH5.I                                                             f  static         WRAPPER/IO_SHIM/IBUF_SCK/IBUFCTRL_INST/I
    BH5.O                IBUFCTRL (Prop_IBUFCTRL_HPIOB_M_I_O)
                                                      0.000    20.743 f  static         WRAPPER/IO_SHIM/IBUF_SCK/IBUFCTRL_INST/O
                         net (fo=3, routed)           2.711    23.454    static         <hidden>
    SLICE_X180Y373.CLK   FDPE                                         r  static         <hidden>  (IS_INVERTED)
  -------------------------------------------------------------------    ----------------------------------
    SLICE_X180Y373.Q     FDPE (Prop_EFF_SLICEM_C_Q)
                                                      0.076    23.530 r  static         <hidden>
                         net (fo=9, routed)           0.538    24.068    static         <hidden>
    SLICE_X182Y400.A2                                                 r  static         <hidden>
    SLICE_X182Y400.O6    LUT5 (Prop_G6LUT_SLICEM_I4_O)
                                                      0.123    24.191 r  static         <hidden>
                         net (fo=1, routed)           0.255    24.446    static         <hidden>
    SLICE_X182Y385.A5                                                 r  static         <hidden>
    SLICE_X182Y385.O6    LUT6 (Prop_H6LUT_SLICEM_I5_O)
                                                      0.053    24.499 r  static         <hidden>
                         net (fo=1, routed)           0.260    24.759    static         <hidden>
    SLICE_X180Y378.A3                                                 r  static         <hidden>
    SLICE_X180Y378.O6    LUT6 (Prop_F6LUT_SLICEM_I1_O)
                                                      0.098    24.857 r  static         <hidden>
                         net (fo=1, routed)           0.318    25.175    static         <hidden>
    SLICE_X178Y377.A2                                                 r  static         <hidden>
    SLICE_X178Y377.O6    LUT6 (Prop_G6LUT_SLICEL_I5_O)
                                                      0.123    25.298 r  static         <hidden>
                         net (fo=1, routed)           0.084    25.382    static         <hidden>
    SLICE_X178Y376.A4                                                 r  static         <hidden>
    SLICE_X178Y376.O6    LUT5 (Prop_C6LUT_SLICEL_I0_O)
                                                      0.088    25.470 r  static         <hidden>
                         net (fo=1, routed)           0.286    25.756    static         <hidden>
    SLICE_X178Y376.A2                                                 r  static         <hidden>
    SLICE_X178Y376.O6    LUT6 (Prop_H6LUT_SLICEL_I0_O)
                                                      0.124    25.880 r  static         <hidden>
                         net (fo=1, routed)           2.263    28.143    static         <hidden>
    BK8.I                                                             r  static         <hidden>
    BK8.O                OBUFT (Prop_OUTBUF_HPIOB_S_I_O)
                                                      1.102    29.245 r  static         <hidden>
                         net (fo=0)                   0.000    29.245    static         <hidden>
    BK8                                                               r  static         <hidden>
  -------------------------------------------------------------------    ----------------------------------

                         (clock clk_spi rise edge)   40.000    40.000 r                 
                         clock pessimism              0.000    40.000                     
                         clock uncertainty           -0.235    39.765                     
                         output delay                -0.000    39.765                     
  -------------------------------------------------------------------
                         required time                         39.765                     
                         arrival time                         -29.245                     
  -------------------------------------------------------------------
                         slack                                 10.520                     

Slack (MET) :             13.157ns  (required time - arrival time)
  Source:                 WRAPPER/RL/RL_DEBUG_BRIDGE/inst/bs_switch_1/inst/BSCAN_SWITCH.EXT_BSCAN.bscan_switch/state_reg[0]/C
                            (rising edge-triggered cell FDRE clocked by WRAPPER/RL/RL_DEBUG_BRIDGE/inst/axi_jtag/inst/u_jtag_proc/tck_i_reg/Q  {rise@0.000ns fall@16.000ns period=32.000ns})
  Destination:            WRAPPER/RL/RL_DEBUG_BRIDGE/inst/bsip/inst/USE_SOFTBSCAN.U_BSCAN_TAP/U_BASETAP/TDO_O_reg/D
                            (falling edge-triggered cell FDCE clocked by WRAPPER/RL/RL_DEBUG_BRIDGE/inst/axi_jtag/inst/u_jtag_proc/tck_i_reg/Q  {rise@0.000ns fall@16.000ns period=32.000ns})
  Path Group:             WRAPPER/RL/RL_DEBUG_BRIDGE/inst/axi_jtag/inst/u_jtag_proc/tck_i_reg/Q
  Path Type:              Setup (Max at Slow Process Corner)
  Requirement:            16.000ns  (WRAPPER/RL/RL_DEBUG_BRIDGE/inst/axi_jtag/inst/u_jtag_proc/tck_i_reg/Q fall@16.000ns - WRAPPER/RL/RL_DEBUG_BRIDGE/inst/axi_jtag/inst/u_jtag_proc/tck_i_reg/Q rise@0.000ns)
  Data Path Delay:        2.263ns  (logic 0.645ns (28.500%)  route 1.618ns (71.500%))
  Logic Levels:           4  (LUT3=2 LUT5=1 LUT6=1)
  Clock Path Skew:        -0.339ns (DCD - SCD + CPR)
    Destination Clock Delay (DCD):    6.237ns = ( 22.237 - 16.000 ) 
    Source Clock Delay      (SCD):    6.883ns
    Clock Pessimism Removal (CPR):    0.308ns
  Clock Uncertainty:      0.266ns  ((TSJ^2 + DJ^2)^1/2) / 2 + PE + DCD
    Total System Jitter     (TSJ):    0.071ns
    Discrete Jitter          (DJ):    0.112ns
    Phase Error              (PE):    0.000ns
    Duty Cycle Distortion   (DCD):    0.200ns
  Clock Net Delay (Source):      2.444ns (routing 1.039ns, distribution 1.405ns)
  Clock Net Delay (Destination): 2.183ns (routing 0.945ns, distribution 1.238ns)

    Location             Delay type                Incr(ns)  Path(ns)    Partition      Netlist Resource(s)
  -------------------------------------------------------------------    ----------------------------------
                         (clock WRAPPER/RL/RL_DEBUG_BRIDGE/inst/axi_jtag/inst/u_jtag_proc/tck_i_reg/Q rise edge)
                                                      0.000     0.000 r                 
    BJ4                                               0.000     0.000 r  static         <hidden>
                         net (fo=0)                   0.100     0.100    static         WRAPPER/IO_SHIM/IBUFDS_CLK_125/I
    HPIOBDIFFINBUF_X0Y130.DIFF_IN_P
                                                                      r  static         WRAPPER/IO_SHIM/IBUFDS_CLK_125/DIFFINBUF_INST/DIFF_IN_P
    HPIOBDIFFINBUF_X0Y130.O
                         DIFFINBUF (Prop_DIFFINBUF_HPIOBDIFFINBUF_DIFF_IN_P_O)
                                                      0.863     0.963 r  static         WRAPPER/IO_SHIM/IBUFDS_CLK_125/DIFFINBUF_INST/O
                         net (fo=1, routed)           0.050     1.013    static         WRAPPER/IO_SHIM/IBUFDS_CLK_125/OUT
    BJ4.I                                                             r  static         WRAPPER/IO_SHIM/IBUFDS_CLK_125/IBUFCTRL_INST/I
    BJ4.O                IBUFCTRL (Prop_IBUFCTRL_HPIOB_M_I_O)
                                                      0.000     1.013 r  static         WRAPPER/IO_SHIM/IBUFDS_CLK_125/IBUFCTRL_INST/O
                         net (fo=1, routed)           0.348     1.361    static         <hidden>
    BUFGCE_X0Y122.I                                                   r  static         <hidden>
    BUFGCE_X0Y122.O      BUFGCE (Prop_BUFCE_BUFGCE_I_O)
                                                      0.028     1.389 r  static         <hidden>
                         net (fo=3, routed)           1.822     3.211    static         <hidden>
    SLR Crossing[1->0]   
    PLL_X0Y5.CLKIN                                                    r  static         <hidden>
    PLL_X0Y5.CLKOUT0     PLLE4_ADV (Prop_PLL_CLKIN_CLKOUT0)
                                                      0.033     3.244 r  static         <hidden>
                         net (fo=1, routed)           0.270     3.514    static         <hidden>
    BUFGCE_X0Y56.I                                                    r  static         <hidden>
    BUFGCE_X0Y56.O       BUFGCE (Prop_BUFCE_BUFGCE_I_O)
                                                      0.028     3.542 r  static         <hidden>
    X5Y4 (CLOCK_ROOT)    net (fo=1635, routed)        2.444     5.986    static         WRAPPER/RL/RL_DEBUG_BRIDGE/inst/axi_jtag/inst/u_jtag_proc/s_axi_aclk
    SLR Crossing[0->1]   
    SLICE_X196Y412.CLK                                                r  static         WRAPPER/RL/RL_DEBUG_BRIDGE/inst/axi_jtag/inst/u_jtag_proc/tck_i_reg/C
    SLICE_X196Y412.Q     FDRE (Prop_CFF_SLICEM_C_Q)
                                                      0.078     6.064 r  static         WRAPPER/RL/RL_DEBUG_BRIDGE/inst/axi_jtag/inst/u_jtag_proc/tck_i_reg/Q
                         net (fo=25, routed)          0.820     6.883    static         WRAPPER/RL/RL_DEBUG_BRIDGE/inst/bs_switch_1/inst/BSCAN_SWITCH.EXT_BSCAN.bscan_switch/s_bscan_tck
    SLICE_X181Y397.CLK   FDRE                                         r  static         WRAPPER/RL/RL_DEBUG_BRIDGE/inst/bs_switch_1/inst/BSCAN_SWITCH.EXT_BSCAN.bscan_switch/state_reg[0]/C
  -------------------------------------------------------------------    ----------------------------------
    SLICE_X181Y397.Q     FDRE (Prop_GFF_SLICEL_C_Q)
                                                      0.079     6.962 r  static         WRAPPER/RL/RL_DEBUG_BRIDGE/inst/bs_switch_1/inst/BSCAN_SWITCH.EXT_BSCAN.bscan_switch/state_reg[0]/Q
                         net (fo=10, routed)          1.043     8.005    static         WRAPPER/RL/RL_DEBUG_BRIDGE/inst/bs_switch_1/inst/BSCAN_SWITCH.EXT_BSCAN.bscan_switch/state[0]
    SLICE_X180Y389.A1                                                 r  static         WRAPPER/RL/RL_DEBUG_BRIDGE/inst/bs_switch_1/inst/BSCAN_SWITCH.EXT_BSCAN.bscan_switch/s_bscan_tdo_INST_0_i_1/I2
    SLICE_X180Y389.O5    LUT3 (Prop_D5LUT_SLICEM_I2_O)
                                                      0.158     8.163 r  static         WRAPPER/RL/RL_DEBUG_BRIDGE/inst/bs_switch_1/inst/BSCAN_SWITCH.EXT_BSCAN.bscan_switch/s_bscan_tdo_INST_0_i_1/O
                         net (fo=1, routed)           0.224     8.387    static         WRAPPER/RL/RL_DEBUG_BRIDGE/inst/bs_switch_1/inst/BSCAN_SWITCH.EXT_BSCAN.bscan_switch/s_bscan_tdo_INST_0_i_1_n_0
    SLICE_X180Y392.A1                                                 r  static         WRAPPER/RL/RL_DEBUG_BRIDGE/inst/bs_switch_1/inst/BSCAN_SWITCH.EXT_BSCAN.bscan_switch/s_bscan_tdo_INST_0/I3
    SLICE_X180Y392.O6    LUT6 (Prop_H6LUT_SLICEM_I3_O)
                                                      0.152     8.539 r  static         WRAPPER/RL/RL_DEBUG_BRIDGE/inst/bs_switch_1/inst/BSCAN_SWITCH.EXT_BSCAN.bscan_switch/s_bscan_tdo_INST_0/O
                         net (fo=1, routed)           0.141     8.680    static         WRAPPER/RL/RL_DEBUG_BRIDGE/inst/bsip/inst/USE_SOFTBSCAN.U_BSCAN_TAP/U_BASETAP/tdo
    SLICE_X181Y393.A2                                                 r  static         WRAPPER/RL/RL_DEBUG_BRIDGE/inst/bsip/inst/USE_SOFTBSCAN.U_BSCAN_TAP/U_BASETAP/dr_tdo_inferred_i_1/I1
    SLICE_X181Y393.O6    LUT5 (Prop_F6LUT_SLICEL_I1_O)
                                                      0.123     8.803 r  static         WRAPPER/RL/RL_DEBUG_BRIDGE/inst/bsip/inst/USE_SOFTBSCAN.U_BSCAN_TAP/U_BASETAP/dr_tdo_inferred_i_1/O
                         net (fo=1, routed)           0.195     8.998    static         WRAPPER/RL/RL_DEBUG_BRIDGE/inst/bsip/inst/USE_SOFTBSCAN.U_BSCAN_TAP/U_BASETAP/dr_tdo
    SLICE_X183Y394.A2                                                 r  static         WRAPPER/RL/RL_DEBUG_BRIDGE/inst/bsip/inst/USE_SOFTBSCAN.U_BSCAN_TAP/U_BASETAP/tdo_rise_edge_inferred_i_1/I2
    SLICE_X183Y394.O5    LUT3 (Prop_H5LUT_SLICEL_I2_O)
                                                      0.133     9.131 r  static         WRAPPER/RL/RL_DEBUG_BRIDGE/inst/bsip/inst/USE_SOFTBSCAN.U_BSCAN_TAP/U_BASETAP/tdo_rise_edge_inferred_i_1/O
                         net (fo=1, routed)           0.015     9.146    static         WRAPPER/RL/RL_DEBUG_BRIDGE/inst/bsip/inst/USE_SOFTBSCAN.U_BSCAN_TAP/U_BASETAP/tdo_rise_edge
    SLICE_X183Y394.D     FDCE                                         r  static         WRAPPER/RL/RL_DEBUG_BRIDGE/inst/bsip/inst/USE_SOFTBSCAN.U_BSCAN_TAP/U_BASETAP/TDO_O_reg/D
  -------------------------------------------------------------------    ----------------------------------

                         (clock WRAPPER/RL/RL_DEBUG_BRIDGE/inst/axi_jtag/inst/u_jtag_proc/tck_i_reg/Q fall edge)
                                                     16.000    16.000 r                 
    BJ4                                               0.000    16.000 r  static         <hidden>
                         net (fo=0)                   0.079    16.079    static         WRAPPER/IO_SHIM/IBUFDS_CLK_125/I
    HPIOBDIFFINBUF_X0Y130.DIFF_IN_P
                                                                      r  static         WRAPPER/IO_SHIM/IBUFDS_CLK_125/DIFFINBUF_INST/DIFF_IN_P
    HPIOBDIFFINBUF_X0Y130.O
                         DIFFINBUF (Prop_DIFFINBUF_HPIOBDIFFINBUF_DIFF_IN_P_O)
                                                      0.750    16.829 r  static         WRAPPER/IO_SHIM/IBUFDS_CLK_125/DIFFINBUF_INST/O
                         net (fo=1, routed)           0.040    16.869    static         WRAPPER/IO_SHIM/IBUFDS_CLK_125/OUT
    BJ4.I                                                             r  static         WRAPPER/IO_SHIM/IBUFDS_CLK_125/IBUFCTRL_INST/I
    BJ4.O                IBUFCTRL (Prop_IBUFCTRL_HPIOB_M_I_O)
                                                      0.000    16.869 r  static         WRAPPER/IO_SHIM/IBUFDS_CLK_125/IBUFCTRL_INST/O
                         net (fo=1, routed)           0.309    17.178    static         <hidden>
    BUFGCE_X0Y122.I                                                   r  static         <hidden>
    BUFGCE_X0Y122.O      BUFGCE (Prop_BUFCE_BUFGCE_I_O)
                                                      0.024    17.202 r  static         <hidden>
                         net (fo=3, routed)           1.632    18.834    static         <hidden>
    SLR Crossing[1->0]   
    PLL_X0Y5.CLKIN                                                    r  static         <hidden>
    PLL_X0Y5.CLKOUT0     PLLE4_ADV (Prop_PLL_CLKIN_CLKOUT0)
                                                      0.430    19.264 r  static         <hidden>
                         net (fo=1, routed)           0.231    19.495    static         <hidden>
    BUFGCE_X0Y56.I                                                    r  static         <hidden>
    BUFGCE_X0Y56.O       BUFGCE (Prop_BUFCE_BUFGCE_I_O)
                                                      0.024    19.519 r  static         <hidden>
    X5Y4 (CLOCK_ROOT)    net (fo=1635, routed)        2.183    21.702    static         WRAPPER/RL/RL_DEBUG_BRIDGE/inst/axi_jtag/inst/u_jtag_proc/s_axi_aclk
    SLR Crossing[0->1]   
    SLICE_X196Y412.CLK                                                r  static         WRAPPER/RL/RL_DEBUG_BRIDGE/inst/axi_jtag/inst/u_jtag_proc/tck_i_reg/C
    SLICE_X196Y412.Q     FDRE (Prop_CFF_SLICEM_C_Q)
                                                      0.058    21.760 f  static         WRAPPER/RL/RL_DEBUG_BRIDGE/inst/axi_jtag/inst/u_jtag_proc/tck_i_reg/Q
                         net (fo=25, routed)          0.477    22.237    static         WRAPPER/RL/RL_DEBUG_BRIDGE/inst/bsip/inst/USE_SOFTBSCAN.U_BSCAN_TAP/U_BASETAP/REG_O_reg[5]
    SLICE_X183Y394.CLK   FDCE                                         r  static         WRAPPER/RL/RL_DEBUG_BRIDGE/inst/bsip/inst/USE_SOFTBSCAN.U_BSCAN_TAP/U_BASETAP/TDO_O_reg/C  (IS_INVERTED)
                         clock pessimism              0.308    22.544                     
                         clock uncertainty           -0.266    22.278                     
    SLICE_X183Y394       FDCE (Setup_HFF2_SLICEL_C_D)
                                                      0.025    22.303    static           WRAPPER/RL/RL_DEBUG_BRIDGE/inst/bsip/inst/USE_SOFTBSCAN.U_BSCAN_TAP/U_BASETAP/TDO_O_reg
  -------------------------------------------------------------------
                         required time                         22.303                     
                         arrival time                          -9.146                     
  -------------------------------------------------------------------
                         slack                                 13.157                     

Slack (MET) :             30.856ns  (required time - arrival time)
  Source:                 WRAPPER/RL/RL_DEBUG_BRIDGE/inst/bs_switch_1/inst/BSCAN_SWITCH.EXT_BSCAN.bscan_switch/portno_reg[0]/C
                            (rising edge-triggered cell FDRE clocked by WRAPPER/RL/RL_DEBUG_BRIDGE/inst/axi_jtag/inst/u_jtag_proc/tck_i_reg/Q  {rise@0.000ns fall@16.000ns period=32.000ns})
  Destination:            WRAPPER/RL/RL_DEBUG_BRIDGE/inst/bs_switch_1/inst/BSCAN_SWITCH.EXT_BSCAN.bscan_switch/temp_curid_reg[31]/D
                            (rising edge-triggered cell FDRE clocked by WRAPPER/RL/RL_DEBUG_BRIDGE/inst/axi_jtag/inst/u_jtag_proc/tck_i_reg/Q  {rise@0.000ns fall@16.000ns period=32.000ns})
  Path Group:             WRAPPER/RL/RL_DEBUG_BRIDGE/inst/axi_jtag/inst/u_jtag_proc/tck_i_reg/Q
  Path Type:              Setup (Max at Slow Process Corner)
  Requirement:            32.000ns  (WRAPPER/RL/RL_DEBUG_BRIDGE/inst/axi_jtag/inst/u_jtag_proc/tck_i_reg/Q rise@32.000ns - WRAPPER/RL/RL_DEBUG_BRIDGE/inst/axi_jtag/inst/u_jtag_proc/tck_i_reg/Q rise@0.000ns)
  Data Path Delay:        0.735ns  (logic 0.133ns (18.096%)  route 0.602ns (81.904%))
  Logic Levels:           1  (LUT3=1)
  Clock Path Skew:        -0.368ns (DCD - SCD + CPR)
    Destination Clock Delay (DCD):    6.250ns = ( 38.250 - 32.000 ) 
    Source Clock Delay      (SCD):    6.924ns
    Clock Pessimism Removal (CPR):    0.306ns
  Clock Uncertainty:      0.066ns  ((TSJ^2 + DJ^2)^1/2) / 2 + PE
    Total System Jitter     (TSJ):    0.071ns
    Discrete Jitter          (DJ):    0.112ns
    Phase Error              (PE):    0.000ns
  Clock Net Delay (Source):      2.444ns (routing 1.039ns, distribution 1.405ns)
  Clock Net Delay (Destination): 2.183ns (routing 0.945ns, distribution 1.238ns)

    Location             Delay type                Incr(ns)  Path(ns)    Partition      Netlist Resource(s)
  -------------------------------------------------------------------    ----------------------------------
                         (clock WRAPPER/RL/RL_DEBUG_BRIDGE/inst/axi_jtag/inst/u_jtag_proc/tck_i_reg/Q rise edge)
                                                      0.000     0.000 r                 
    BJ4                                               0.000     0.000 r  static         <hidden>
                         net (fo=0)                   0.100     0.100    static         WRAPPER/IO_SHIM/IBUFDS_CLK_125/I
    HPIOBDIFFINBUF_X0Y130.DIFF_IN_P
                                                                      r  static         WRAPPER/IO_SHIM/IBUFDS_CLK_125/DIFFINBUF_INST/DIFF_IN_P
    HPIOBDIFFINBUF_X0Y130.O
                         DIFFINBUF (Prop_DIFFINBUF_HPIOBDIFFINBUF_DIFF_IN_P_O)
                                                      0.863     0.963 r  static         WRAPPER/IO_SHIM/IBUFDS_CLK_125/DIFFINBUF_INST/O
                         net (fo=1, routed)           0.050     1.013    static         WRAPPER/IO_SHIM/IBUFDS_CLK_125/OUT
    BJ4.I                                                             r  static         WRAPPER/IO_SHIM/IBUFDS_CLK_125/IBUFCTRL_INST/I
    BJ4.O                IBUFCTRL (Prop_IBUFCTRL_HPIOB_M_I_O)
                                                      0.000     1.013 r  static         WRAPPER/IO_SHIM/IBUFDS_CLK_125/IBUFCTRL_INST/O
                         net (fo=1, routed)           0.348     1.361    static         <hidden>
    BUFGCE_X0Y122.I                                                   r  static         <hidden>
    BUFGCE_X0Y122.O      BUFGCE (Prop_BUFCE_BUFGCE_I_O)
                                                      0.028     1.389 r  static         <hidden>
                         net (fo=3, routed)           1.822     3.211    static         <hidden>
    SLR Crossing[1->0]   
    PLL_X0Y5.CLKIN                                                    r  static         <hidden>
    PLL_X0Y5.CLKOUT0     PLLE4_ADV (Prop_PLL_CLKIN_CLKOUT0)
                                                      0.033     3.244 r  static         <hidden>
                         net (fo=1, routed)           0.270     3.514    static         <hidden>
    BUFGCE_X0Y56.I                                                    r  static         <hidden>
    BUFGCE_X0Y56.O       BUFGCE (Prop_BUFCE_BUFGCE_I_O)
                                                      0.028     3.542 r  static         <hidden>
    X5Y4 (CLOCK_ROOT)    net (fo=1635, routed)        2.444     5.986    static         WRAPPER/RL/RL_DEBUG_BRIDGE/inst/axi_jtag/inst/u_jtag_proc/s_axi_aclk
    SLR Crossing[0->1]   
    SLICE_X196Y412.CLK                                                r  static         WRAPPER/RL/RL_DEBUG_BRIDGE/inst/axi_jtag/inst/u_jtag_proc/tck_i_reg/C
    SLICE_X196Y412.Q     FDRE (Prop_CFF_SLICEM_C_Q)
                                                      0.078     6.064 r  static         WRAPPER/RL/RL_DEBUG_BRIDGE/inst/axi_jtag/inst/u_jtag_proc/tck_i_reg/Q
                         net (fo=25, routed)          0.860     6.924    static         WRAPPER/RL/RL_DEBUG_BRIDGE/inst/bs_switch_1/inst/BSCAN_SWITCH.EXT_BSCAN.bscan_switch/s_bscan_tck
    SLICE_X181Y393.CLK   FDRE                                         r  static         WRAPPER/RL/RL_DEBUG_BRIDGE/inst/bs_switch_1/inst/BSCAN_SWITCH.EXT_BSCAN.bscan_switch/portno_reg[0]/C
  -------------------------------------------------------------------    ----------------------------------
    SLICE_X181Y393.Q     FDRE (Prop_HFF2_SLICEL_C_Q)
                                                      0.080     7.004 r  static         WRAPPER/RL/RL_DEBUG_BRIDGE/inst/bs_switch_1/inst/BSCAN_SWITCH.EXT_BSCAN.bscan_switch/portno_reg[0]/Q
                         net (fo=6, routed)           0.153     7.157    static         WRAPPER/RL/RL_DEBUG_BRIDGE/inst/bs_switch_1/inst/BSCAN_SWITCH.EXT_BSCAN.bscan_switch/portno[0]
    SLICE_X180Y395.A5                                                 r  static         WRAPPER/RL/RL_DEBUG_BRIDGE/inst/bs_switch_1/inst/BSCAN_SWITCH.EXT_BSCAN.bscan_switch/s_bscan_tdo_INST_0_i_3/I1
    SLICE_X180Y395.O6    LUT3 (Prop_A6LUT_SLICEM_I1_O)
                                                      0.053     7.210 r  static         WRAPPER/RL/RL_DEBUG_BRIDGE/inst/bs_switch_1/inst/BSCAN_SWITCH.EXT_BSCAN.bscan_switch/s_bscan_tdo_INST_0_i_3/O
                         net (fo=2, routed)           0.449     7.659    static         WRAPPER/RL/RL_DEBUG_BRIDGE/inst/bs_switch_1/inst/BSCAN_SWITCH.EXT_BSCAN.bscan_switch/s_bscan_tdo_INST_0_i_3_n_0
    SLICE_X178Y398.D     FDRE                                         r  static         WRAPPER/RL/RL_DEBUG_BRIDGE/inst/bs_switch_1/inst/BSCAN_SWITCH.EXT_BSCAN.bscan_switch/temp_curid_reg[31]/D
  -------------------------------------------------------------------    ----------------------------------

                         (clock WRAPPER/RL/RL_DEBUG_BRIDGE/inst/axi_jtag/inst/u_jtag_proc/tck_i_reg/Q rise edge)
                                                     32.000    32.000 r                 
    BJ4                                               0.000    32.000 r  static         <hidden>
                         net (fo=0)                   0.079    32.079    static         WRAPPER/IO_SHIM/IBUFDS_CLK_125/I
    HPIOBDIFFINBUF_X0Y130.DIFF_IN_P
                                                                      r  static         WRAPPER/IO_SHIM/IBUFDS_CLK_125/DIFFINBUF_INST/DIFF_IN_P
    HPIOBDIFFINBUF_X0Y130.O
                         DIFFINBUF (Prop_DIFFINBUF_HPIOBDIFFINBUF_DIFF_IN_P_O)
                                                      0.750    32.829 r  static         WRAPPER/IO_SHIM/IBUFDS_CLK_125/DIFFINBUF_INST/O
                         net (fo=1, routed)           0.040    32.869    static         WRAPPER/IO_SHIM/IBUFDS_CLK_125/OUT
    BJ4.I                                                             r  static         WRAPPER/IO_SHIM/IBUFDS_CLK_125/IBUFCTRL_INST/I
    BJ4.O                IBUFCTRL (Prop_IBUFCTRL_HPIOB_M_I_O)
                                                      0.000    32.869 r  static         WRAPPER/IO_SHIM/IBUFDS_CLK_125/IBUFCTRL_INST/O
                         net (fo=1, routed)           0.309    33.178    static         <hidden>
    BUFGCE_X0Y122.I                                                   r  static         <hidden>
    BUFGCE_X0Y122.O      BUFGCE (Prop_BUFCE_BUFGCE_I_O)
                                                      0.024    33.202 r  static         <hidden>
                         net (fo=3, routed)           1.632    34.834    static         <hidden>
    SLR Crossing[1->0]   
    PLL_X0Y5.CLKIN                                                    r  static         <hidden>
    PLL_X0Y5.CLKOUT0     PLLE4_ADV (Prop_PLL_CLKIN_CLKOUT0)
                                                      0.430    35.264 r  static         <hidden>
                         net (fo=1, routed)           0.231    35.495    static         <hidden>
    BUFGCE_X0Y56.I                                                    r  static         <hidden>
    BUFGCE_X0Y56.O       BUFGCE (Prop_BUFCE_BUFGCE_I_O)
                                                      0.024    35.519 r  static         <hidden>
    X5Y4 (CLOCK_ROOT)    net (fo=1635, routed)        2.183    37.702    static         WRAPPER/RL/RL_DEBUG_BRIDGE/inst/axi_jtag/inst/u_jtag_proc/s_axi_aclk
    SLR Crossing[0->1]   
    SLICE_X196Y412.CLK                                                r  static         WRAPPER/RL/RL_DEBUG_BRIDGE/inst/axi_jtag/inst/u_jtag_proc/tck_i_reg/C
    SLICE_X196Y412.Q     FDRE (Prop_CFF_SLICEM_C_Q)
                                                      0.058    37.760 r  static         WRAPPER/RL/RL_DEBUG_BRIDGE/inst/axi_jtag/inst/u_jtag_proc/tck_i_reg/Q
                         net (fo=25, routed)          0.490    38.250    static         WRAPPER/RL/RL_DEBUG_BRIDGE/inst/bs_switch_1/inst/BSCAN_SWITCH.EXT_BSCAN.bscan_switch/s_bscan_tck
    SLICE_X178Y398.CLK   FDRE                                         r  static         WRAPPER/RL/RL_DEBUG_BRIDGE/inst/bs_switch_1/inst/BSCAN_SWITCH.EXT_BSCAN.bscan_switch/temp_curid_reg[31]/C
                         clock pessimism              0.306    38.555                     
                         clock uncertainty           -0.066    38.489                     
    SLICE_X178Y398       FDRE (Setup_FFF_SLICEL_C_D)
                                                      0.025    38.514    static           WRAPPER/RL/RL_DEBUG_BRIDGE/inst/bs_switch_1/inst/BSCAN_SWITCH.EXT_BSCAN.bscan_switch/temp_curid_reg[31]
  -------------------------------------------------------------------
                         required time                         38.514                     
                         arrival time                          -7.659                     
  -------------------------------------------------------------------
                         slack                                 30.856                     




