Copyright 1986-2022 Xilinx, Inc. All Rights Reserved. Copyright 2022-2024 Advanced Micro Devices, Inc. All Rights Reserved.
-----------------------------------------------------------------------------------------------------------------------------------------------------------------------------------------------------------------------------------------------------------------------------------------------------------------------------
| Tool Version      : Vivado v.2024.2 (lin64) Build 5239630 Fri Nov 08 22:34:34 MST 2024
| Date              : Mon Jan 26 22:35:11 2026
| Host              : ip-172-30-0-205 running 64-bit Ubuntu 24.04.1 LTS
| Command           : report_timing -delay_type max -path_type full_clock_expanded -max_paths 10 -nworst 1 -input_pins -slice_pins -sort_by group -significant_digits 3 -file /home/ubuntu/aws-fpga/hdk/cl/developer_designs/cl_minikanren_chirho/build/reports/cl_minikanren_chirho.2026_01_26-213858.post_route_timing.rpt
| Design            : top
| Device            : xcvu47p-fsvh2892
| Speed File        : -2  PRODUCTION 1.30 05-01-2022
| Design State      : Routed
| Temperature Grade : E
-----------------------------------------------------------------------------------------------------------------------------------------------------------------------------------------------------------------------------------------------------------------------------------------------------------------------------

Timing Report

Slack (MET) :             0.060ns  (required time - arrival time)
  Source:                 WRAPPER/CL/cmd_reg_chirho_reg[62]/C
                            (rising edge-triggered cell FDRE clocked by clk_main_a0  {rise@0.000ns fall@2.000ns period=4.000ns})
  Destination:            WRAPPER/CL/ocl_rdata_q_chirho_reg[0]/D
                            (rising edge-triggered cell FDRE clocked by clk_main_a0  {rise@0.000ns fall@2.000ns period=4.000ns})
  Path Group:             clk_main_a0
  Path Type:              Setup (Max at Slow Process Corner)
  Requirement:            4.000ns  (clk_main_a0 rise@4.000ns - clk_main_a0 rise@0.000ns)
  Data Path Delay:        3.871ns  (logic 1.052ns (27.175%)  route 2.819ns (72.825%))
  Logic Levels:           16  (CARRY8=7 LUT4=1 LUT5=1 LUT6=6 MUXF7=1)
  Clock Path Skew:        -0.035ns (DCD - SCD + CPR)
    Destination Clock Delay (DCD):    5.943ns = ( 9.943 - 4.000 ) 
    Source Clock Delay      (SCD):    5.675ns
    Clock Pessimism Removal (CPR):    -0.304ns
  Clock Uncertainty:      0.059ns  ((TSJ^2 + DJ^2)^1/2) / 2 + PE
    Total System Jitter     (TSJ):    0.071ns
    Discrete Jitter          (DJ):    0.094ns
    Phase Error              (PE):    0.000ns
  Clock Net Delay (Source):      2.257ns (routing 0.461ns, distribution 1.796ns)
  Clock Net Delay (Destination): 2.182ns (routing 0.421ns, distribution 1.761ns)

    Location             Delay type                Incr(ns)  Path(ns)    Partition      PBlock               Netlist Resource(s)
  -------------------------------------------------------------------    -------------------------------------------------------
                         (clock clk_main_a0 rise edge)
                                                      0.000     0.000 r                                      
    BJ4                                               0.000     0.000 r  static                              <hidden>
                         net (fo=0)                   0.100     0.100    static                              WRAPPER/IO_SHIM/IBUFDS_CLK_125/I
    HPIOBDIFFINBUF_X0Y130.DIFF_IN_P
                                                                      r  static                              WRAPPER/IO_SHIM/IBUFDS_CLK_125/DIFFINBUF_INST/DIFF_IN_P
    HPIOBDIFFINBUF_X0Y130.O
                         DIFFINBUF (Prop_DIFFINBUF_HPIOBDIFFINBUF_DIFF_IN_P_O)
                                                      0.863     0.963 r  static                              WRAPPER/IO_SHIM/IBUFDS_CLK_125/DIFFINBUF_INST/O
                         net (fo=1, routed)           0.050     1.013    static                              WRAPPER/IO_SHIM/IBUFDS_CLK_125/OUT
    BJ4.I                                                             r  static                              WRAPPER/IO_SHIM/IBUFDS_CLK_125/IBUFCTRL_INST/I
    BJ4.O                IBUFCTRL (Prop_IBUFCTRL_HPIOB_M_I_O)
                                                      0.000     1.013 r  static                              WRAPPER/IO_SHIM/IBUFDS_CLK_125/IBUFCTRL_INST/O
                         net (fo=1, routed)           0.348     1.361    static                              <hidden>
    BUFGCE_X0Y122.I                                                   r  static                              <hidden>
    BUFGCE_X0Y122.O      BUFGCE (Prop_BUFCE_BUFGCE_I_O)
                                                      0.028     1.389 r  static                              <hidden>
                         net (fo=3, routed)           1.883     3.272    static                              <hidden>
    MMCM_X0Y5.CLKIN1                                                  r  static                              <hidden>
    MMCM_X0Y5.CLKOUT0    MMCME4_ADV (Prop_MMCM_CLKIN1_CLKOUT0)
                                                     -0.127     3.145 r  static                              <hidden>
                         net (fo=2, routed)           0.245     3.390    static                              <hidden>
    BUFGCE_X0Y135.I                                                   r  static                              <hidden>
    BUFGCE_X0Y135.O      BUFGCE (Prop_BUFCE_BUFGCE_I_O)
                                                      0.028     3.418 r  static                              <hidden>
    X3Y5 (CLOCK_ROOT)    net (fo=182, routed)         2.257     5.675    boundary                            WRAPPER/CL/clk_main_a0
    SLICE_X147Y348.CLK   FDRE                                         r  reconfigurable pblock_CL            WRAPPER/CL/cmd_reg_chirho_reg[62]/C
  -------------------------------------------------------------------    -------------------------------------------------------
    SLICE_X147Y348.Q     FDRE (Prop_AFF_SLICEL_C_Q)
                                                      0.079     5.754 r  reconfigurable pblock_CL            WRAPPER/CL/cmd_reg_chirho_reg[62]/Q
                         net (fo=148, routed)         0.421     6.174    reconfigurable                      WRAPPER/CL/u_engine_chirho/c$ds_app_arg_reg[3996]_0[62]
    SLICE_X145Y355.A3                                                 r  reconfigurable pblock_CL            WRAPPER/CL/u_engine_chirho/c$ds_app_arg[9757]_i_12/I2
    SLICE_X145Y355.O6    LUT6 (Prop_E6LUT_SLICEM_I2_O)
                                                      0.100     6.274 r  reconfigurable pblock_CL            WRAPPER/CL/u_engine_chirho/c$ds_app_arg[9757]_i_12/O
                         net (fo=1, routed)           0.434     6.708    reconfigurable                      WRAPPER/CL/u_engine_chirho/c$ds_app_arg[9757]_i_12_n_0
    SLICE_X141Y349.A5                                                 r  reconfigurable pblock_CL            WRAPPER/CL/u_engine_chirho/c$ds_app_arg[9757]_i_7/I3
    SLICE_X141Y349.O6    LUT4 (Prop_H6LUT_SLICEM_I3_O)
                                                      0.053     6.761 r  reconfigurable pblock_CL            WRAPPER/CL/u_engine_chirho/c$ds_app_arg[9757]_i_7/O
                         net (fo=9, routed)           0.414     7.175    reconfigurable                      WRAPPER/CL/u_engine_chirho/resultChirho_0[24]
    SLICE_X146Y354.A6                                                 r  reconfigurable pblock_CL            WRAPPER/CL/u_engine_chirho/c$ds_app_arg[9501]_i_4/I2
    SLICE_X146Y354.O6    LUT5 (Prop_B6LUT_SLICEM_I2_O)
                                                      0.037     7.212 r  reconfigurable pblock_CL            WRAPPER/CL/u_engine_chirho/c$ds_app_arg[9501]_i_4/O
                         net (fo=1, routed)           0.017     7.229    reconfigurable                      WRAPPER/CL/u_engine_chirho/c$ds_app_arg[9501]_i_4_n_0
    SLICE_X146Y354.0                                                  r  reconfigurable pblock_CL            WRAPPER/CL/u_engine_chirho/c$ds_app_arg_reg[9501]_i_2/I0
    SLICE_X146Y354.OUT   MUXF7 (Prop_F7MUX_AB_SLICEM_I0_O)
                                                      0.067     7.296 r  reconfigurable pblock_CL            WRAPPER/CL/u_engine_chirho/c$ds_app_arg_reg[9501]_i_2/O
                         net (fo=2, routed)           0.175     7.471    reconfigurable                      WRAPPER/CL/u_engine_chirho/c$ds_app_arg_reg[9501]_i_2_n_0
    SLICE_X146Y354.A5                                                 r  reconfigurable pblock_CL            WRAPPER/CL/u_engine_chirho/c$ds_app_arg[9501]_i_1/I3
    SLICE_X146Y354.O6    LUT6 (Prop_G6LUT_SLICEM_I3_O)
                                                      0.052     7.523 r  reconfigurable pblock_CL            WRAPPER/CL/u_engine_chirho/c$ds_app_arg[9501]_i_1/O
                         net (fo=5, routed)           0.392     7.915    reconfigurable                      WRAPPER/CL/u_engine_chirho/resp_wire_chirho[216]
    SLICE_X148Y359.HX                                                 r  reconfigurable pblock_CL            WRAPPER/CL/u_engine_chirho/ocl_rdata_q_chirho_reg[0]_i_668/DI[7]
    SLICE_X148Y359.CO7   CARRY8 (Prop_CARRY8_SLICEL_DI[7]_CO[7])
                                                      0.051     7.966 r  reconfigurable pblock_CL            WRAPPER/CL/u_engine_chirho/ocl_rdata_q_chirho_reg[0]_i_668/CO[7]
                         net (fo=1, routed)           0.026     7.992    reconfigurable                      WRAPPER/CL/u_engine_chirho/ocl_rdata_q_chirho_reg[0]_i_668_n_0
    SLICE_X148Y360.CIN                                                r  reconfigurable pblock_CL            WRAPPER/CL/u_engine_chirho/ocl_rdata_q_chirho_reg[0]_i_667/CI
    SLICE_X148Y360.CO7   CARRY8 (Prop_CARRY8_SLICEL_CI_CO[7])
                                                      0.015     8.007 r  reconfigurable pblock_CL            WRAPPER/CL/u_engine_chirho/ocl_rdata_q_chirho_reg[0]_i_667/CO[7]
                         net (fo=1, routed)           0.026     8.033    reconfigurable                      WRAPPER/CL/u_engine_chirho/ocl_rdata_q_chirho_reg[0]_i_667_n_0
    SLICE_X148Y361.CIN                                                r  reconfigurable pblock_CL            WRAPPER/CL/u_engine_chirho/ocl_rdata_q_chirho_reg[0]_i_666/CI
    SLICE_X148Y361.CO7   CARRY8 (Prop_CARRY8_SLICEL_CI_CO[7])
                                                      0.015     8.048 r  reconfigurable pblock_CL            WRAPPER/CL/u_engine_chirho/ocl_rdata_q_chirho_reg[0]_i_666/CO[7]
                         net (fo=1, routed)           0.026     8.074    reconfigurable                      WRAPPER/CL/u_engine_chirho/ocl_rdata_q_chirho_reg[0]_i_666_n_0
    SLICE_X148Y362.CIN                                                r  reconfigurable pblock_CL            WRAPPER/CL/u_engine_chirho/ocl_rdata_q_chirho_reg[0]_i_477/CI
    SLICE_X148Y362.CO7   CARRY8 (Prop_CARRY8_SLICEL_CI_CO[7])
                                                      0.015     8.089 r  reconfigurable pblock_CL            WRAPPER/CL/u_engine_chirho/ocl_rdata_q_chirho_reg[0]_i_477/CO[7]
                         net (fo=1, routed)           0.026     8.115    reconfigurable                      WRAPPER/CL/u_engine_chirho/ocl_rdata_q_chirho_reg[0]_i_477_n_0
    SLICE_X148Y363.CIN                                                r  reconfigurable pblock_CL            WRAPPER/CL/u_engine_chirho/ocl_rdata_q_chirho_reg[0]_i_476/CI
    SLICE_X148Y363.CO7   CARRY8 (Prop_CARRY8_SLICEL_CI_CO[7])
                                                      0.015     8.130 r  reconfigurable pblock_CL            WRAPPER/CL/u_engine_chirho/ocl_rdata_q_chirho_reg[0]_i_476/CO[7]
                         net (fo=1, routed)           0.026     8.156    reconfigurable                      WRAPPER/CL/u_engine_chirho/ocl_rdata_q_chirho_reg[0]_i_476_n_0
    SLICE_X148Y364.CIN                                                r  reconfigurable pblock_CL            WRAPPER/CL/u_engine_chirho/ocl_rdata_q_chirho_reg[0]_i_475/CI
    SLICE_X148Y364.O5    CARRY8 (Prop_CARRY8_SLICEL_CI_O[5])
                                                      0.116     8.272 f  reconfigurable pblock_CL            WRAPPER/CL/u_engine_chirho/ocl_rdata_q_chirho_reg[0]_i_475/O[5]
                         net (fo=1, routed)           0.325     8.597    reconfigurable                      WRAPPER/CL/u_engine_chirho/map[3].map_out2[62]
    SLICE_X149Y362.A2                                                 f  reconfigurable pblock_CL            WRAPPER/CL/u_engine_chirho/ocl_rdata_q_chirho[0]_i_214/I0
    SLICE_X149Y362.O6    LUT6 (Prop_E6LUT_SLICEM_I0_O)
                                                      0.124     8.721 r  reconfigurable pblock_CL            WRAPPER/CL/u_engine_chirho/ocl_rdata_q_chirho[0]_i_214/O
                         net (fo=1, routed)           0.014     8.735    reconfigurable                      WRAPPER/CL/u_engine_chirho/ocl_rdata_q_chirho[0]_i_214_n_0
    SLICE_X149Y362.S4                                                 r  reconfigurable pblock_CL            WRAPPER/CL/u_engine_chirho/ocl_rdata_q_chirho_reg[0]_i_95/S[4]
    SLICE_X149Y362.CO5   CARRY8 (Prop_CARRY8_SLICEM_S[4]_CO[5])
                                                      0.103     8.838 r  reconfigurable pblock_CL            WRAPPER/CL/u_engine_chirho/ocl_rdata_q_chirho_reg[0]_i_95/CO[5]
                         net (fo=1, routed)           0.277     9.115    reconfigurable                      WRAPPER/CL/u_engine_chirho/map[3].map_out0
    SLICE_X147Y364.A2                                                 r  reconfigurable pblock_CL            WRAPPER/CL/u_engine_chirho/ocl_rdata_q_chirho[0]_i_23/I1
    SLICE_X147Y364.O6    LUT6 (Prop_F6LUT_SLICEL_I1_O)
                                                      0.123     9.238 r  reconfigurable pblock_CL            WRAPPER/CL/u_engine_chirho/ocl_rdata_q_chirho[0]_i_23/O
                         net (fo=1, routed)           0.086     9.324    reconfigurable                      WRAPPER/CL/u_engine_chirho/ocl_rdata_q_chirho[0]_i_23_n_0
    SLICE_X147Y365.A5                                                 r  reconfigurable pblock_CL            WRAPPER/CL/u_engine_chirho/ocl_rdata_q_chirho[0]_i_11/I5
    SLICE_X147Y365.O6    LUT6 (Prop_H6LUT_SLICEL_I5_O)
                                                      0.051     9.375 r  reconfigurable pblock_CL            WRAPPER/CL/u_engine_chirho/ocl_rdata_q_chirho[0]_i_11/O
                         net (fo=1, routed)           0.087     9.462    reconfigurable                      WRAPPER/CL/u_engine_chirho/ocl_rdata_q_chirho[0]_i_11_n_0
    SLICE_X147Y366.A6                                                 r  reconfigurable pblock_CL            WRAPPER/CL/u_engine_chirho/ocl_rdata_q_chirho[0]_i_1_comp/I4
    SLICE_X147Y366.O6    LUT6 (Prop_B6LUT_SLICEL_I4_O)
                                                      0.036     9.498 r  reconfigurable pblock_CL            WRAPPER/CL/u_engine_chirho/ocl_rdata_q_chirho[0]_i_1_comp/O
                         net (fo=1, routed)           0.048     9.546    reconfigurable                      WRAPPER/CL/u_engine_chirho_n_39
    SLICE_X147Y366.D     FDRE                                         r  reconfigurable pblock_CL            WRAPPER/CL/ocl_rdata_q_chirho_reg[0]/D
  -------------------------------------------------------------------    -------------------------------------------------------

                         (clock clk_main_a0 rise edge)
                                                      4.000     4.000 r                                      
    BJ4                                               0.000     4.000 r  static                              <hidden>
                         net (fo=0)                   0.079     4.079    static                              WRAPPER/IO_SHIM/IBUFDS_CLK_125/I
    HPIOBDIFFINBUF_X0Y130.DIFF_IN_P
                                                                      r  static                              WRAPPER/IO_SHIM/IBUFDS_CLK_125/DIFFINBUF_INST/DIFF_IN_P
    HPIOBDIFFINBUF_X0Y130.O
                         DIFFINBUF (Prop_DIFFINBUF_HPIOBDIFFINBUF_DIFF_IN_P_O)
                                                      0.750     4.829 r  static                              WRAPPER/IO_SHIM/IBUFDS_CLK_125/DIFFINBUF_INST/O
                         net (fo=1, routed)           0.040     4.869    static                              WRAPPER/IO_SHIM/IBUFDS_CLK_125/OUT
    BJ4.I                                                             r  static                              WRAPPER/IO_SHIM/IBUFDS_CLK_125/IBUFCTRL_INST/I
    BJ4.O                IBUFCTRL (Prop_IBUFCTRL_HPIOB_M_I_O)
                                                      0.000     4.869 r  static                              WRAPPER/IO_SHIM/IBUFDS_CLK_125/IBUFCTRL_INST/O
                         net (fo=1, routed)           0.309     5.178    static                              <hidden>
    BUFGCE_X0Y122.I                                                   r  static                              <hidden>
    BUFGCE_X0Y122.O      BUFGCE (Prop_BUFCE_BUFGCE_I_O)
                                                      0.024     5.202 r  static                              <hidden>
                         net (fo=3, routed)           1.690     6.892    static                              <hidden>
    MMCM_X0Y5.CLKIN1                                                  r  static                              <hidden>
    MMCM_X0Y5.CLKOUT0    MMCME4_ADV (Prop_MMCM_CLKIN1_CLKOUT0)
                                                      0.630     7.522 r  static                              <hidden>
                         net (fo=2, routed)           0.215     7.737    static                              <hidden>
    BUFGCE_X0Y135.I                                                   r  static                              <hidden>
    BUFGCE_X0Y135.O      BUFGCE (Prop_BUFCE_BUFGCE_I_O)
                                                      0.024     7.761 r  static                              <hidden>
    X3Y5 (CLOCK_ROOT)    net (fo=182, routed)         2.182     9.943    boundary                            WRAPPER/CL/clk_main_a0
    SLICE_X147Y366.CLK   FDRE                                         r  reconfigurable pblock_CL            WRAPPER/CL/ocl_rdata_q_chirho_reg[0]/C
                         clock pessimism             -0.304     9.640                                            
                         clock uncertainty           -0.059     9.581                                            
    SLICE_X147Y366       FDRE (Setup_BFF2_SLICEL_C_D)
                                                      0.025     9.606    reconfigurable   pblock_CL              WRAPPER/CL/ocl_rdata_q_chirho_reg[0]
  -------------------------------------------------------------------
                         required time                          9.606                                            
                         arrival time                          -9.546                                            
  -------------------------------------------------------------------
                         slack                                  0.060                                            

Slack (MET) :             0.318ns  (required time - arrival time)
  Source:                 WRAPPER/CL/cmd_reg_chirho_reg[65]_rep/C
                            (rising edge-triggered cell FDRE clocked by clk_main_a0  {rise@0.000ns fall@2.000ns period=4.000ns})
  Destination:            WRAPPER/CL/ocl_rdata_q_chirho_reg[31]/D
                            (rising edge-triggered cell FDRE clocked by clk_main_a0  {rise@0.000ns fall@2.000ns period=4.000ns})
  Path Group:             clk_main_a0
  Path Type:              Setup (Max at Slow Process Corner)
  Requirement:            4.000ns  (clk_main_a0 rise@4.000ns - clk_main_a0 rise@0.000ns)
  Data Path Delay:        3.589ns  (logic 1.140ns (31.767%)  route 2.449ns (68.233%))
  Logic Levels:           12  (CARRY8=3 LUT1=1 LUT6=6 MUXF7=2)
  Clock Path Skew:        -0.060ns (DCD - SCD + CPR)
    Destination Clock Delay (DCD):    5.868ns = ( 9.868 - 4.000 ) 
    Source Clock Delay      (SCD):    5.625ns
    Clock Pessimism Removal (CPR):    -0.304ns
  Clock Uncertainty:      0.059ns  ((TSJ^2 + DJ^2)^1/2) / 2 + PE
    Total System Jitter     (TSJ):    0.071ns
    Discrete Jitter          (DJ):    0.094ns
    Phase Error              (PE):    0.000ns
  Clock Net Delay (Source):      2.207ns (routing 0.461ns, distribution 1.746ns)
  Clock Net Delay (Destination): 2.107ns (routing 0.421ns, distribution 1.686ns)

    Location             Delay type                Incr(ns)  Path(ns)    Partition      PBlock               Netlist Resource(s)
  -------------------------------------------------------------------    -------------------------------------------------------
                         (clock clk_main_a0 rise edge)
                                                      0.000     0.000 r                                      
    BJ4                                               0.000     0.000 r  static                              <hidden>
                         net (fo=0)                   0.100     0.100    static                              WRAPPER/IO_SHIM/IBUFDS_CLK_125/I
    HPIOBDIFFINBUF_X0Y130.DIFF_IN_P
                                                                      r  static                              WRAPPER/IO_SHIM/IBUFDS_CLK_125/DIFFINBUF_INST/DIFF_IN_P
    HPIOBDIFFINBUF_X0Y130.O
                         DIFFINBUF (Prop_DIFFINBUF_HPIOBDIFFINBUF_DIFF_IN_P_O)
                                                      0.863     0.963 r  static                              WRAPPER/IO_SHIM/IBUFDS_CLK_125/DIFFINBUF_INST/O
                         net (fo=1, routed)           0.050     1.013    static                              WRAPPER/IO_SHIM/IBUFDS_CLK_125/OUT
    BJ4.I                                                             r  static                              WRAPPER/IO_SHIM/IBUFDS_CLK_125/IBUFCTRL_INST/I
    BJ4.O                IBUFCTRL (Prop_IBUFCTRL_HPIOB_M_I_O)
                                                      0.000     1.013 r  static                              WRAPPER/IO_SHIM/IBUFDS_CLK_125/IBUFCTRL_INST/O
                         net (fo=1, routed)           0.348     1.361    static                              <hidden>
    BUFGCE_X0Y122.I                                                   r  static                              <hidden>
    BUFGCE_X0Y122.O      BUFGCE (Prop_BUFCE_BUFGCE_I_O)
                                                      0.028     1.389 r  static                              <hidden>
                         net (fo=3, routed)           1.883     3.272    static                              <hidden>
    MMCM_X0Y5.CLKIN1                                                  r  static                              <hidden>
    MMCM_X0Y5.CLKOUT0    MMCME4_ADV (Prop_MMCM_CLKIN1_CLKOUT0)
                                                     -0.127     3.145 r  static                              <hidden>
                         net (fo=2, routed)           0.245     3.390    static                              <hidden>
    BUFGCE_X0Y135.I                                                   r  static                              <hidden>
    BUFGCE_X0Y135.O      BUFGCE (Prop_BUFCE_BUFGCE_I_O)
                                                      0.028     3.418 r  static                              <hidden>
    X3Y5 (CLOCK_ROOT)    net (fo=182, routed)         2.207     5.625    boundary                            WRAPPER/CL/clk_main_a0
    SLICE_X144Y348.CLK   FDRE                                         r  reconfigurable pblock_CL            WRAPPER/CL/cmd_reg_chirho_reg[65]_rep/C
  -------------------------------------------------------------------    -------------------------------------------------------
    SLICE_X144Y348.Q     FDRE (Prop_BFF2_SLICEL_C_Q)
                                                      0.080     5.705 r  reconfigurable pblock_CL            WRAPPER/CL/cmd_reg_chirho_reg[65]_rep/Q
                         net (fo=86, routed)          0.170     5.875    reconfigurable                      WRAPPER/CL/u_engine_chirho/c$ds_app_arg_reg[9257]_i_3_0
    SLICE_X145Y348.A2                                                 r  reconfigurable pblock_CL            WRAPPER/CL/u_engine_chirho/c$ds_app_arg[9229]_i_4/I2
    SLICE_X145Y348.O6    LUT6 (Prop_B6LUT_SLICEM_I2_O)
                                                      0.125     6.000 f  reconfigurable pblock_CL            WRAPPER/CL/u_engine_chirho/c$ds_app_arg[9229]_i_4/O
                         net (fo=1, routed)           0.017     6.017    reconfigurable                      WRAPPER/CL/u_engine_chirho/c$ds_app_arg[9229]_i_4_n_0
    SLICE_X145Y348.0                                                  f  reconfigurable pblock_CL            WRAPPER/CL/u_engine_chirho/c$ds_app_arg_reg[9229]_i_3/I0
    SLICE_X145Y348.OUT   MUXF7 (Prop_F7MUX_AB_SLICEM_I0_O)
                                                      0.067     6.084 f  reconfigurable pblock_CL            WRAPPER/CL/u_engine_chirho/c$ds_app_arg_reg[9229]_i_3/O
                         net (fo=35, routed)          0.245     6.329    reconfigurable                      WRAPPER/CL/u_engine_chirho/vecArray_0__0[13]
    SLICE_X144Y350.A5                                                 f  reconfigurable pblock_CL            WRAPPER/CL/u_engine_chirho/c$ds_app_arg[9748]_i_16/I0
    SLICE_X144Y350.O6    LUT1 (Prop_F6LUT_SLICEL_I0_O)
                                                      0.049     6.378 r  reconfigurable pblock_CL            WRAPPER/CL/u_engine_chirho/c$ds_app_arg[9748]_i_16/O
                         net (fo=1, routed)           0.011     6.389    reconfigurable                      WRAPPER/CL/u_engine_chirho/c$ds_app_arg[9748]_i_16_n_0
    SLICE_X144Y350.S5                                                 r  reconfigurable pblock_CL            WRAPPER/CL/u_engine_chirho/c$ds_app_arg_reg[9748]_i_8/S[5]
    SLICE_X144Y350.CO7   CARRY8 (Prop_CARRY8_SLICEL_S[5]_CO[7])
                                                      0.155     6.544 r  reconfigurable pblock_CL            WRAPPER/CL/u_engine_chirho/c$ds_app_arg_reg[9748]_i_8/CO[7]
                         net (fo=1, routed)           0.026     6.570    reconfigurable                      WRAPPER/CL/u_engine_chirho/c$ds_app_arg_reg[9748]_i_8_n_0
    SLICE_X144Y351.CIN                                                r  reconfigurable pblock_CL            WRAPPER/CL/u_engine_chirho/c$ds_app_arg_reg[9756]_i_8/CI
    SLICE_X144Y351.CO7   CARRY8 (Prop_CARRY8_SLICEL_CI_CO[7])
                                                      0.015     6.585 r  reconfigurable pblock_CL            WRAPPER/CL/u_engine_chirho/c$ds_app_arg_reg[9756]_i_8/CO[7]
                         net (fo=1, routed)           0.026     6.611    reconfigurable                      WRAPPER/CL/u_engine_chirho/c$ds_app_arg_reg[9756]_i_8_n_0
    SLICE_X144Y352.CIN                                                r  reconfigurable pblock_CL            WRAPPER/CL/u_engine_chirho/c$ds_app_arg_reg[9764]_i_8/CI
    SLICE_X144Y352.O7    CARRY8 (Prop_CARRY8_SLICEL_CI_O[7])
                                                      0.116     6.727 r  reconfigurable pblock_CL            WRAPPER/CL/u_engine_chirho/c$ds_app_arg_reg[9764]_i_8/O[7]
                         net (fo=9, routed)           0.490     7.217    reconfigurable                      WRAPPER/CL/u_engine_chirho/ds40[31]
    SLICE_X135Y354.A5                                                 r  reconfigurable pblock_CL            WRAPPER/CL/u_engine_chirho/c$ds_app_arg[9700]_i_5/I0
    SLICE_X135Y354.O6    LUT6 (Prop_A6LUT_SLICEL_I0_O)
                                                      0.050     7.267 r  reconfigurable pblock_CL            WRAPPER/CL/u_engine_chirho/c$ds_app_arg[9700]_i_5/O
                         net (fo=1, routed)           0.009     7.276    reconfigurable                      WRAPPER/CL/u_engine_chirho/c$ds_app_arg[9700]_i_5_n_0
    SLICE_X135Y354.1                                                  r  reconfigurable pblock_CL            WRAPPER/CL/u_engine_chirho/c$ds_app_arg_reg[9700]_i_2/I1
    SLICE_X135Y354.OUT   MUXF7 (Prop_F7MUX_AB_SLICEL_I1_O)
                                                      0.064     7.340 r  reconfigurable pblock_CL            WRAPPER/CL/u_engine_chirho/c$ds_app_arg_reg[9700]_i_2/O
                         net (fo=2, routed)           0.229     7.569    reconfigurable                      WRAPPER/CL/u_engine_chirho/c$ds_app_arg_reg[9700]_i_2_n_0
    SLICE_X136Y357.A3                                                 r  reconfigurable pblock_CL            WRAPPER/CL/u_engine_chirho/c$ds_app_arg[9700]_i_1/I3
    SLICE_X136Y357.O6    LUT6 (Prop_G6LUT_SLICEL_I3_O)
                                                      0.097     7.666 r  reconfigurable pblock_CL            WRAPPER/CL/u_engine_chirho/c$ds_app_arg[9700]_i_1/O
                         net (fo=5, routed)           0.482     8.148    reconfigurable                      WRAPPER/CL/u_engine_chirho/resp_wire_chirho[415]
    SLICE_X136Y366.A5                                                 r  reconfigurable pblock_CL            WRAPPER/CL/u_engine_chirho/ocl_rdata_q_chirho[31]_i_9/I3
    SLICE_X136Y366.O6    LUT6 (Prop_B6LUT_SLICEL_I3_O)
                                                      0.051     8.199 r  reconfigurable pblock_CL            WRAPPER/CL/u_engine_chirho/ocl_rdata_q_chirho[31]_i_9/O
                         net (fo=1, routed)           0.189     8.388    reconfigurable                      WRAPPER/CL/u_engine_chirho/ocl_rdata_q_chirho[31]_i_9_n_0
    SLICE_X136Y366.A1                                                 r  reconfigurable pblock_CL            WRAPPER/CL/u_engine_chirho/ocl_rdata_q_chirho[31]_i_5/I5
    SLICE_X136Y366.O6    LUT6 (Prop_D6LUT_SLICEL_I5_O)
                                                      0.146     8.534 r  reconfigurable pblock_CL            WRAPPER/CL/u_engine_chirho/ocl_rdata_q_chirho[31]_i_5/O
                         net (fo=1, routed)           0.501     9.035    reconfigurable                      WRAPPER/CL/u_engine_chirho/ocl_rdata_q_chirho[31]_i_5_n_0
    SLICE_X154Y366.A2                                                 r  reconfigurable pblock_CL            WRAPPER/CL/u_engine_chirho/ocl_rdata_q_chirho[31]_i_2/I4
    SLICE_X154Y366.O6    LUT6 (Prop_A6LUT_SLICEM_I4_O)
                                                      0.125     9.160 r  reconfigurable pblock_CL            WRAPPER/CL/u_engine_chirho/ocl_rdata_q_chirho[31]_i_2/O
                         net (fo=1, routed)           0.053     9.213    reconfigurable                      WRAPPER/CL/u_engine_chirho_n_8
    SLICE_X154Y366.D     FDRE                                         r  reconfigurable pblock_CL            WRAPPER/CL/ocl_rdata_q_chirho_reg[31]/D
  -------------------------------------------------------------------    -------------------------------------------------------

                         (clock clk_main_a0 rise edge)
                                                      4.000     4.000 r                                      
    BJ4                                               0.000     4.000 r  static                              <hidden>
                         net (fo=0)                   0.079     4.079    static                              WRAPPER/IO_SHIM/IBUFDS_CLK_125/I
    HPIOBDIFFINBUF_X0Y130.DIFF_IN_P
                                                                      r  static                              WRAPPER/IO_SHIM/IBUFDS_CLK_125/DIFFINBUF_INST/DIFF_IN_P
    HPIOBDIFFINBUF_X0Y130.O
                         DIFFINBUF (Prop_DIFFINBUF_HPIOBDIFFINBUF_DIFF_IN_P_O)
                                                      0.750     4.829 r  static                              WRAPPER/IO_SHIM/IBUFDS_CLK_125/DIFFINBUF_INST/O
                         net (fo=1, routed)           0.040     4.869    static                              WRAPPER/IO_SHIM/IBUFDS_CLK_125/OUT
    BJ4.I                                                             r  static                              WRAPPER/IO_SHIM/IBUFDS_CLK_125/IBUFCTRL_INST/I
    BJ4.O                IBUFCTRL (Prop_IBUFCTRL_HPIOB_M_I_O)
                                                      0.000     4.869 r  static                              WRAPPER/IO_SHIM/IBUFDS_CLK_125/IBUFCTRL_INST/O
                         net (fo=1, routed)           0.309     5.178    static                              <hidden>
    BUFGCE_X0Y122.I                                                   r  static                              <hidden>
    BUFGCE_X0Y122.O      BUFGCE (Prop_BUFCE_BUFGCE_I_O)
                                                      0.024     5.202 r  static                              <hidden>
                         net (fo=3, routed)           1.690     6.892    static                              <hidden>
    MMCM_X0Y5.CLKIN1                                                  r  static                              <hidden>
    MMCM_X0Y5.CLKOUT0    MMCME4_ADV (Prop_MMCM_CLKIN1_CLKOUT0)
                                                      0.630     7.522 r  static                              <hidden>
                         net (fo=2, routed)           0.215     7.737    static                              <hidden>
    BUFGCE_X0Y135.I                                                   r  static                              <hidden>
    BUFGCE_X0Y135.O      BUFGCE (Prop_BUFCE_BUFGCE_I_O)
                                                      0.024     7.761 r  static                              <hidden>
    X3Y5 (CLOCK_ROOT)    net (fo=182, routed)         2.107     9.868    boundary                            WRAPPER/CL/clk_main_a0
    SLICE_X154Y366.CLK   FDRE                                         r  reconfigurable pblock_CL            WRAPPER/CL/ocl_rdata_q_chirho_reg[31]/C
                         clock pessimism             -0.304     9.565                                            
                         clock uncertainty           -0.059     9.506                                            
    SLICE_X154Y366       FDRE (Setup_AFF_SLICEM_C_D)
                                                      0.025     9.531    reconfigurable   pblock_CL              WRAPPER/CL/ocl_rdata_q_chirho_reg[31]
  -------------------------------------------------------------------
                         required time                          9.531                                            
                         arrival time                          -9.213                                            
  -------------------------------------------------------------------
                         slack                                  0.318                                            

Slack (MET) :             0.322ns  (required time - arrival time)
  Source:                 WRAPPER/CL/cmd_reg_chirho_reg[65]_rep/C
                            (rising edge-triggered cell FDRE clocked by clk_main_a0  {rise@0.000ns fall@2.000ns period=4.000ns})
  Destination:            WRAPPER/CL/ocl_rdata_q_chirho_reg[10]/D
                            (rising edge-triggered cell FDRE clocked by clk_main_a0  {rise@0.000ns fall@2.000ns period=4.000ns})
  Path Group:             clk_main_a0
  Path Type:              Setup (Max at Slow Process Corner)
  Requirement:            4.000ns  (clk_main_a0 rise@4.000ns - clk_main_a0 rise@0.000ns)
  Data Path Delay:        3.665ns  (logic 1.046ns (28.538%)  route 2.619ns (71.462%))
  Logic Levels:           14  (CARRY8=5 LUT1=1 LUT6=6 MUXF7=2)
  Clock Path Skew:        0.021ns (DCD - SCD + CPR)
    Destination Clock Delay (DCD):    5.849ns = ( 9.849 - 4.000 ) 
    Source Clock Delay      (SCD):    5.625ns
    Clock Pessimism Removal (CPR):    -0.204ns
  Clock Uncertainty:      0.059ns  ((TSJ^2 + DJ^2)^1/2) / 2 + PE
    Total System Jitter     (TSJ):    0.071ns
    Discrete Jitter          (DJ):    0.094ns
    Phase Error              (PE):    0.000ns
  Clock Net Delay (Source):      2.207ns (routing 0.461ns, distribution 1.746ns)
  Clock Net Delay (Destination): 2.088ns (routing 0.421ns, distribution 1.667ns)

    Location             Delay type                Incr(ns)  Path(ns)    Partition      PBlock               Netlist Resource(s)
  -------------------------------------------------------------------    -------------------------------------------------------
                         (clock clk_main_a0 rise edge)
                                                      0.000     0.000 r                                      
    BJ4                                               0.000     0.000 r  static                              <hidden>
                         net (fo=0)                   0.100     0.100    static                              WRAPPER/IO_SHIM/IBUFDS_CLK_125/I
    HPIOBDIFFINBUF_X0Y130.DIFF_IN_P
                                                                      r  static                              WRAPPER/IO_SHIM/IBUFDS_CLK_125/DIFFINBUF_INST/DIFF_IN_P
    HPIOBDIFFINBUF_X0Y130.O
                         DIFFINBUF (Prop_DIFFINBUF_HPIOBDIFFINBUF_DIFF_IN_P_O)
                                                      0.863     0.963 r  static                              WRAPPER/IO_SHIM/IBUFDS_CLK_125/DIFFINBUF_INST/O
                         net (fo=1, routed)           0.050     1.013    static                              WRAPPER/IO_SHIM/IBUFDS_CLK_125/OUT
    BJ4.I                                                             r  static                              WRAPPER/IO_SHIM/IBUFDS_CLK_125/IBUFCTRL_INST/I
    BJ4.O                IBUFCTRL (Prop_IBUFCTRL_HPIOB_M_I_O)
                                                      0.000     1.013 r  static                              WRAPPER/IO_SHIM/IBUFDS_CLK_125/IBUFCTRL_INST/O
                         net (fo=1, routed)           0.348     1.361    static                              <hidden>
    BUFGCE_X0Y122.I                                                   r  static                              <hidden>
    BUFGCE_X0Y122.O      BUFGCE (Prop_BUFCE_BUFGCE_I_O)
                                                      0.028     1.389 r  static                              <hidden>
                         net (fo=3, routed)           1.883     3.272    static                              <hidden>
    MMCM_X0Y5.CLKIN1                                                  r  static                              <hidden>
    MMCM_X0Y5.CLKOUT0    MMCME4_ADV (Prop_MMCM_CLKIN1_CLKOUT0)
                                                     -0.127     3.145 r  static                              <hidden>
                         net (fo=2, routed)           0.245     3.390    static                              <hidden>
    BUFGCE_X0Y135.I                                                   r  static                              <hidden>
    BUFGCE_X0Y135.O      BUFGCE (Prop_BUFCE_BUFGCE_I_O)
                                                      0.028     3.418 r  static                              <hidden>
    X3Y5 (CLOCK_ROOT)    net (fo=182, routed)         2.207     5.625    boundary                            WRAPPER/CL/clk_main_a0
    SLICE_X144Y348.CLK   FDRE                                         r  reconfigurable pblock_CL            WRAPPER/CL/cmd_reg_chirho_reg[65]_rep/C
  -------------------------------------------------------------------    -------------------------------------------------------
    SLICE_X144Y348.Q     FDRE (Prop_BFF2_SLICEL_C_Q)
                                                      0.080     5.705 r  reconfigurable pblock_CL            WRAPPER/CL/cmd_reg_chirho_reg[65]_rep/Q
                         net (fo=86, routed)          0.170     5.875    reconfigurable                      WRAPPER/CL/u_engine_chirho/c$ds_app_arg_reg[9257]_i_3_0
    SLICE_X145Y348.A2                                                 r  reconfigurable pblock_CL            WRAPPER/CL/u_engine_chirho/c$ds_app_arg[9229]_i_4/I2
    SLICE_X145Y348.O6    LUT6 (Prop_B6LUT_SLICEM_I2_O)
                                                      0.125     6.000 f  reconfigurable pblock_CL            WRAPPER/CL/u_engine_chirho/c$ds_app_arg[9229]_i_4/O
                         net (fo=1, routed)           0.017     6.017    reconfigurable                      WRAPPER/CL/u_engine_chirho/c$ds_app_arg[9229]_i_4_n_0
    SLICE_X145Y348.0                                                  f  reconfigurable pblock_CL            WRAPPER/CL/u_engine_chirho/c$ds_app_arg_reg[9229]_i_3/I0
    SLICE_X145Y348.OUT   MUXF7 (Prop_F7MUX_AB_SLICEM_I0_O)
                                                      0.067     6.084 f  reconfigurable pblock_CL            WRAPPER/CL/u_engine_chirho/c$ds_app_arg_reg[9229]_i_3/O
                         net (fo=35, routed)          0.245     6.329    reconfigurable                      WRAPPER/CL/u_engine_chirho/vecArray_0__0[13]
    SLICE_X144Y350.A5                                                 f  reconfigurable pblock_CL            WRAPPER/CL/u_engine_chirho/c$ds_app_arg[9748]_i_16/I0
    SLICE_X144Y350.O6    LUT1 (Prop_F6LUT_SLICEL_I0_O)
                                                      0.049     6.378 r  reconfigurable pblock_CL            WRAPPER/CL/u_engine_chirho/c$ds_app_arg[9748]_i_16/O
                         net (fo=1, routed)           0.011     6.389    reconfigurable                      WRAPPER/CL/u_engine_chirho/c$ds_app_arg[9748]_i_16_n_0
    SLICE_X144Y350.S5                                                 r  reconfigurable pblock_CL            WRAPPER/CL/u_engine_chirho/c$ds_app_arg_reg[9748]_i_8/S[5]
    SLICE_X144Y350.CO7   CARRY8 (Prop_CARRY8_SLICEL_S[5]_CO[7])
                                                      0.155     6.544 r  reconfigurable pblock_CL            WRAPPER/CL/u_engine_chirho/c$ds_app_arg_reg[9748]_i_8/CO[7]
                         net (fo=1, routed)           0.026     6.570    reconfigurable                      WRAPPER/CL/u_engine_chirho/c$ds_app_arg_reg[9748]_i_8_n_0
    SLICE_X144Y351.CIN                                                r  reconfigurable pblock_CL            WRAPPER/CL/u_engine_chirho/c$ds_app_arg_reg[9756]_i_8/CI
    SLICE_X144Y351.CO7   CARRY8 (Prop_CARRY8_SLICEL_CI_CO[7])
                                                      0.015     6.585 r  reconfigurable pblock_CL            WRAPPER/CL/u_engine_chirho/c$ds_app_arg_reg[9756]_i_8/CO[7]
                         net (fo=1, routed)           0.026     6.611    reconfigurable                      WRAPPER/CL/u_engine_chirho/c$ds_app_arg_reg[9756]_i_8_n_0
    SLICE_X144Y352.CIN                                                r  reconfigurable pblock_CL            WRAPPER/CL/u_engine_chirho/c$ds_app_arg_reg[9764]_i_8/CI
    SLICE_X144Y352.CO7   CARRY8 (Prop_CARRY8_SLICEL_CI_CO[7])
                                                      0.015     6.626 r  reconfigurable pblock_CL            WRAPPER/CL/u_engine_chirho/c$ds_app_arg_reg[9764]_i_8/CO[7]
                         net (fo=1, routed)           0.026     6.652    reconfigurable                      WRAPPER/CL/u_engine_chirho/c$ds_app_arg_reg[9764]_i_8_n_0
    SLICE_X144Y353.CIN                                                r  reconfigurable pblock_CL            WRAPPER/CL/u_engine_chirho/c$ds_app_arg_reg[9772]_i_8/CI
    SLICE_X144Y353.CO7   CARRY8 (Prop_CARRY8_SLICEL_CI_CO[7])
                                                      0.015     6.667 r  reconfigurable pblock_CL            WRAPPER/CL/u_engine_chirho/c$ds_app_arg_reg[9772]_i_8/CO[7]
                         net (fo=1, routed)           0.026     6.693    reconfigurable                      WRAPPER/CL/u_engine_chirho/c$ds_app_arg_reg[9772]_i_8_n_0
    SLICE_X144Y354.CIN                                                r  reconfigurable pblock_CL            WRAPPER/CL/u_engine_chirho/c$ds_app_arg_reg[9780]_i_8/CI
    SLICE_X144Y354.O2    CARRY8 (Prop_CARRY8_SLICEL_CI_O[2])
                                                      0.067     6.760 r  reconfigurable pblock_CL            WRAPPER/CL/u_engine_chirho/c$ds_app_arg_reg[9780]_i_8/O[2]
                         net (fo=9, routed)           0.451     7.211    reconfigurable                      WRAPPER/CL/u_engine_chirho/ds40[42]
    SLICE_X142Y366.A6                                                 r  reconfigurable pblock_CL            WRAPPER/CL/u_engine_chirho/c$ds_app_arg[9647]_i_5/I0
    SLICE_X142Y366.O6    LUT6 (Prop_C6LUT_SLICEM_I0_O)
                                                      0.037     7.248 r  reconfigurable pblock_CL            WRAPPER/CL/u_engine_chirho/c$ds_app_arg[9647]_i_5/O
                         net (fo=1, routed)           0.021     7.269    reconfigurable                      WRAPPER/CL/u_engine_chirho/c$ds_app_arg[9647]_i_5_n_0
    SLICE_X142Y366.1                                                  r  reconfigurable pblock_CL            WRAPPER/CL/u_engine_chirho/c$ds_app_arg_reg[9647]_i_2/I1
    SLICE_X142Y366.OUT   MUXF7 (Prop_F7MUX_CD_SLICEM_I1_O)
                                                      0.068     7.337 r  reconfigurable pblock_CL            WRAPPER/CL/u_engine_chirho/c$ds_app_arg_reg[9647]_i_2/O
                         net (fo=3, routed)           0.197     7.534    reconfigurable                      WRAPPER/CL/u_engine_chirho/c$ds_app_arg_reg[9647]_i_2_n_0
    SLICE_X141Y364.A5                                                 r  reconfigurable pblock_CL            WRAPPER/CL/u_engine_chirho/c$ds_app_arg[9647]_i_1/I3
    SLICE_X141Y364.O6    LUT6 (Prop_B6LUT_SLICEM_I3_O)
                                                      0.052     7.586 r  reconfigurable pblock_CL            WRAPPER/CL/u_engine_chirho/c$ds_app_arg[9647]_i_1/O
                         net (fo=3, routed)           0.567     8.153    reconfigurable                      WRAPPER/CL/u_engine_chirho/resp_wire_chirho[362]
    SLICE_X133Y361.A1                                                 r  reconfigurable pblock_CL            WRAPPER/CL/u_engine_chirho/ocl_rdata_q_chirho[10]_i_7/I1
    SLICE_X133Y361.O6    LUT6 (Prop_H6LUT_SLICEM_I1_O)
                                                      0.152     8.305 r  reconfigurable pblock_CL            WRAPPER/CL/u_engine_chirho/ocl_rdata_q_chirho[10]_i_7/O
                         net (fo=1, routed)           0.094     8.399    reconfigurable                      WRAPPER/CL/u_engine_chirho/ocl_rdata_q_chirho[10]_i_7_n_0
    SLICE_X133Y361.A3                                                 r  reconfigurable pblock_CL            WRAPPER/CL/u_engine_chirho/ocl_rdata_q_chirho[10]_i_4/I3
    SLICE_X133Y361.O6    LUT6 (Prop_D6LUT_SLICEM_I3_O)
                                                      0.099     8.498 r  reconfigurable pblock_CL            WRAPPER/CL/u_engine_chirho/ocl_rdata_q_chirho[10]_i_4/O
                         net (fo=1, routed)           0.693     9.191    reconfigurable                      WRAPPER/CL/u_engine_chirho/ocl_rdata_q_chirho[10]_i_4_n_0
    SLICE_X158Y356.A5                                                 r  reconfigurable pblock_CL            WRAPPER/CL/u_engine_chirho/ocl_rdata_q_chirho[10]_i_1/I4
    SLICE_X158Y356.O6    LUT6 (Prop_D6LUT_SLICEL_I4_O)
                                                      0.050     9.241 r  reconfigurable pblock_CL            WRAPPER/CL/u_engine_chirho/ocl_rdata_q_chirho[10]_i_1/O
                         net (fo=1, routed)           0.049     9.290    reconfigurable                      WRAPPER/CL/u_engine_chirho_n_29
    SLICE_X158Y356.D     FDRE                                         r  reconfigurable pblock_CL            WRAPPER/CL/ocl_rdata_q_chirho_reg[10]/D
  -------------------------------------------------------------------    -------------------------------------------------------

                         (clock clk_main_a0 rise edge)
                                                      4.000     4.000 r                                      
    BJ4                                               0.000     4.000 r  static                              <hidden>
                         net (fo=0)                   0.079     4.079    static                              WRAPPER/IO_SHIM/IBUFDS_CLK_125/I
    HPIOBDIFFINBUF_X0Y130.DIFF_IN_P
                                                                      r  static                              WRAPPER/IO_SHIM/IBUFDS_CLK_125/DIFFINBUF_INST/DIFF_IN_P
    HPIOBDIFFINBUF_X0Y130.O
                         DIFFINBUF (Prop_DIFFINBUF_HPIOBDIFFINBUF_DIFF_IN_P_O)
                                                      0.750     4.829 r  static                              WRAPPER/IO_SHIM/IBUFDS_CLK_125/DIFFINBUF_INST/O
                         net (fo=1, routed)           0.040     4.869    static                              WRAPPER/IO_SHIM/IBUFDS_CLK_125/OUT
    BJ4.I                                                             r  static                              WRAPPER/IO_SHIM/IBUFDS_CLK_125/IBUFCTRL_INST/I
    BJ4.O                IBUFCTRL (Prop_IBUFCTRL_HPIOB_M_I_O)
                                                      0.000     4.869 r  static                              WRAPPER/IO_SHIM/IBUFDS_CLK_125/IBUFCTRL_INST/O
                         net (fo=1, routed)           0.309     5.178    static                              <hidden>
    BUFGCE_X0Y122.I                                                   r  static                              <hidden>
    BUFGCE_X0Y122.O      BUFGCE (Prop_BUFCE_BUFGCE_I_O)
                                                      0.024     5.202 r  static                              <hidden>
                         net (fo=3, routed)           1.690     6.892    static                              <hidden>
    MMCM_X0Y5.CLKIN1                                                  r  static                              <hidden>
    MMCM_X0Y5.CLKOUT0    MMCME4_ADV (Prop_MMCM_CLKIN1_CLKOUT0)
                                                      0.630     7.522 r  static                              <hidden>
                         net (fo=2, routed)           0.215     7.737    static                              <hidden>
    BUFGCE_X0Y135.I                                                   r  static                              <hidden>
    BUFGCE_X0Y135.O      BUFGCE (Prop_BUFCE_BUFGCE_I_O)
                                                      0.024     7.761 r  static                              <hidden>
    X3Y5 (CLOCK_ROOT)    net (fo=182, routed)         2.088     9.849    boundary                            WRAPPER/CL/clk_main_a0
    SLICE_X158Y356.CLK   FDRE                                         r  reconfigurable pblock_CL            WRAPPER/CL/ocl_rdata_q_chirho_reg[10]/C
                         clock pessimism             -0.204     9.645                                            
                         clock uncertainty           -0.059     9.586                                            
    SLICE_X158Y356       FDRE (Setup_DFF_SLICEL_C_D)
                                                      0.025     9.611    reconfigurable   pblock_CL              WRAPPER/CL/ocl_rdata_q_chirho_reg[10]
  -------------------------------------------------------------------
                         required time                          9.611                                            
                         arrival time                          -9.290                                            
  -------------------------------------------------------------------
                         slack                                  0.322                                            

Slack (MET) :             0.365ns  (required time - arrival time)
  Source:                 WRAPPER/CL/cmd_reg_chirho_reg[65]_rep/C
                            (rising edge-triggered cell FDRE clocked by clk_main_a0  {rise@0.000ns fall@2.000ns period=4.000ns})
  Destination:            WRAPPER/CL/ocl_rdata_q_chirho_reg[26]/D
                            (rising edge-triggered cell FDRE clocked by clk_main_a0  {rise@0.000ns fall@2.000ns period=4.000ns})
  Path Group:             clk_main_a0
  Path Type:              Setup (Max at Slow Process Corner)
  Requirement:            4.000ns  (clk_main_a0 rise@4.000ns - clk_main_a0 rise@0.000ns)
  Data Path Delay:        3.541ns  (logic 1.090ns (30.780%)  route 2.451ns (69.220%))
  Logic Levels:           16  (CARRY8=7 LUT1=1 LUT6=6 MUXF7=2)
  Clock Path Skew:        -0.060ns (DCD - SCD + CPR)
    Destination Clock Delay (DCD):    5.868ns = ( 9.868 - 4.000 ) 
    Source Clock Delay      (SCD):    5.625ns
    Clock Pessimism Removal (CPR):    -0.304ns
  Clock Uncertainty:      0.059ns  ((TSJ^2 + DJ^2)^1/2) / 2 + PE
    Total System Jitter     (TSJ):    0.071ns
    Discrete Jitter          (DJ):    0.094ns
    Phase Error              (PE):    0.000ns
  Clock Net Delay (Source):      2.207ns (routing 0.461ns, distribution 1.746ns)
  Clock Net Delay (Destination): 2.107ns (routing 0.421ns, distribution 1.686ns)

    Location             Delay type                Incr(ns)  Path(ns)    Partition      PBlock               Netlist Resource(s)
  -------------------------------------------------------------------    -------------------------------------------------------
                         (clock clk_main_a0 rise edge)
                                                      0.000     0.000 r                                      
    BJ4                                               0.000     0.000 r  static                              <hidden>
                         net (fo=0)                   0.100     0.100    static                              WRAPPER/IO_SHIM/IBUFDS_CLK_125/I
    HPIOBDIFFINBUF_X0Y130.DIFF_IN_P
                                                                      r  static                              WRAPPER/IO_SHIM/IBUFDS_CLK_125/DIFFINBUF_INST/DIFF_IN_P
    HPIOBDIFFINBUF_X0Y130.O
                         DIFFINBUF (Prop_DIFFINBUF_HPIOBDIFFINBUF_DIFF_IN_P_O)
                                                      0.863     0.963 r  static                              WRAPPER/IO_SHIM/IBUFDS_CLK_125/DIFFINBUF_INST/O
                         net (fo=1, routed)           0.050     1.013    static                              WRAPPER/IO_SHIM/IBUFDS_CLK_125/OUT
    BJ4.I                                                             r  static                              WRAPPER/IO_SHIM/IBUFDS_CLK_125/IBUFCTRL_INST/I
    BJ4.O                IBUFCTRL (Prop_IBUFCTRL_HPIOB_M_I_O)
                                                      0.000     1.013 r  static                              WRAPPER/IO_SHIM/IBUFDS_CLK_125/IBUFCTRL_INST/O
                         net (fo=1, routed)           0.348     1.361    static                              <hidden>
    BUFGCE_X0Y122.I                                                   r  static                              <hidden>
    BUFGCE_X0Y122.O      BUFGCE (Prop_BUFCE_BUFGCE_I_O)
                                                      0.028     1.389 r  static                              <hidden>
                         net (fo=3, routed)           1.883     3.272    static                              <hidden>
    MMCM_X0Y5.CLKIN1                                                  r  static                              <hidden>
    MMCM_X0Y5.CLKOUT0    MMCME4_ADV (Prop_MMCM_CLKIN1_CLKOUT0)
                                                     -0.127     3.145 r  static                              <hidden>
                         net (fo=2, routed)           0.245     3.390    static                              <hidden>
    BUFGCE_X0Y135.I                                                   r  static                              <hidden>
    BUFGCE_X0Y135.O      BUFGCE (Prop_BUFCE_BUFGCE_I_O)
                                                      0.028     3.418 r  static                              <hidden>
    X3Y5 (CLOCK_ROOT)    net (fo=182, routed)         2.207     5.625    boundary                            WRAPPER/CL/clk_main_a0
    SLICE_X144Y348.CLK   FDRE                                         r  reconfigurable pblock_CL            WRAPPER/CL/cmd_reg_chirho_reg[65]_rep/C
  -------------------------------------------------------------------    -------------------------------------------------------
    SLICE_X144Y348.Q     FDRE (Prop_BFF2_SLICEL_C_Q)
                                                      0.080     5.705 r  reconfigurable pblock_CL            WRAPPER/CL/cmd_reg_chirho_reg[65]_rep/Q
                         net (fo=86, routed)          0.170     5.875    reconfigurable                      WRAPPER/CL/u_engine_chirho/c$ds_app_arg_reg[9257]_i_3_0
    SLICE_X145Y348.A2                                                 r  reconfigurable pblock_CL            WRAPPER/CL/u_engine_chirho/c$ds_app_arg[9229]_i_4/I2
    SLICE_X145Y348.O6    LUT6 (Prop_B6LUT_SLICEM_I2_O)
                                                      0.125     6.000 f  reconfigurable pblock_CL            WRAPPER/CL/u_engine_chirho/c$ds_app_arg[9229]_i_4/O
                         net (fo=1, routed)           0.017     6.017    reconfigurable                      WRAPPER/CL/u_engine_chirho/c$ds_app_arg[9229]_i_4_n_0
    SLICE_X145Y348.0                                                  f  reconfigurable pblock_CL            WRAPPER/CL/u_engine_chirho/c$ds_app_arg_reg[9229]_i_3/I0
    SLICE_X145Y348.OUT   MUXF7 (Prop_F7MUX_AB_SLICEM_I0_O)
                                                      0.067     6.084 f  reconfigurable pblock_CL            WRAPPER/CL/u_engine_chirho/c$ds_app_arg_reg[9229]_i_3/O
                         net (fo=35, routed)          0.245     6.329    reconfigurable                      WRAPPER/CL/u_engine_chirho/vecArray_0__0[13]
    SLICE_X144Y350.A5                                                 f  reconfigurable pblock_CL            WRAPPER/CL/u_engine_chirho/c$ds_app_arg[9748]_i_16/I0
    SLICE_X144Y350.O6    LUT1 (Prop_F6LUT_SLICEL_I0_O)
                                                      0.049     6.378 r  reconfigurable pblock_CL            WRAPPER/CL/u_engine_chirho/c$ds_app_arg[9748]_i_16/O
                         net (fo=1, routed)           0.011     6.389    reconfigurable                      WRAPPER/CL/u_engine_chirho/c$ds_app_arg[9748]_i_16_n_0
    SLICE_X144Y350.S5                                                 r  reconfigurable pblock_CL            WRAPPER/CL/u_engine_chirho/c$ds_app_arg_reg[9748]_i_8/S[5]
    SLICE_X144Y350.CO7   CARRY8 (Prop_CARRY8_SLICEL_S[5]_CO[7])
                                                      0.155     6.544 r  reconfigurable pblock_CL            WRAPPER/CL/u_engine_chirho/c$ds_app_arg_reg[9748]_i_8/CO[7]
                         net (fo=1, routed)           0.026     6.570    reconfigurable                      WRAPPER/CL/u_engine_chirho/c$ds_app_arg_reg[9748]_i_8_n_0
    SLICE_X144Y351.CIN                                                r  reconfigurable pblock_CL            WRAPPER/CL/u_engine_chirho/c$ds_app_arg_reg[9756]_i_8/CI
    SLICE_X144Y351.CO7   CARRY8 (Prop_CARRY8_SLICEL_CI_CO[7])
                                                      0.015     6.585 r  reconfigurable pblock_CL            WRAPPER/CL/u_engine_chirho/c$ds_app_arg_reg[9756]_i_8/CO[7]
                         net (fo=1, routed)           0.026     6.611    reconfigurable                      WRAPPER/CL/u_engine_chirho/c$ds_app_arg_reg[9756]_i_8_n_0
    SLICE_X144Y352.CIN                                                r  reconfigurable pblock_CL            WRAPPER/CL/u_engine_chirho/c$ds_app_arg_reg[9764]_i_8/CI
    SLICE_X144Y352.CO7   CARRY8 (Prop_CARRY8_SLICEL_CI_CO[7])
                                                      0.015     6.626 r  reconfigurable pblock_CL            WRAPPER/CL/u_engine_chirho/c$ds_app_arg_reg[9764]_i_8/CO[7]
                         net (fo=1, routed)           0.026     6.652    reconfigurable                      WRAPPER/CL/u_engine_chirho/c$ds_app_arg_reg[9764]_i_8_n_0
    SLICE_X144Y353.CIN                                                r  reconfigurable pblock_CL            WRAPPER/CL/u_engine_chirho/c$ds_app_arg_reg[9772]_i_8/CI
    SLICE_X144Y353.CO7   CARRY8 (Prop_CARRY8_SLICEL_CI_CO[7])
                                                      0.015     6.667 r  reconfigurable pblock_CL            WRAPPER/CL/u_engine_chirho/c$ds_app_arg_reg[9772]_i_8/CO[7]
                         net (fo=1, routed)           0.026     6.693    reconfigurable                      WRAPPER/CL/u_engine_chirho/c$ds_app_arg_reg[9772]_i_8_n_0
    SLICE_X144Y354.CIN                                                r  reconfigurable pblock_CL            WRAPPER/CL/u_engine_chirho/c$ds_app_arg_reg[9780]_i_8/CI
    SLICE_X144Y354.CO7   CARRY8 (Prop_CARRY8_SLICEL_CI_CO[7])
                                                      0.015     6.708 r  reconfigurable pblock_CL            WRAPPER/CL/u_engine_chirho/c$ds_app_arg_reg[9780]_i_8/CO[7]
                         net (fo=1, routed)           0.026     6.734    reconfigurable                      WRAPPER/CL/u_engine_chirho/c$ds_app_arg_reg[9780]_i_8_n_0
    SLICE_X144Y355.CIN                                                r  reconfigurable pblock_CL            WRAPPER/CL/u_engine_chirho/c$ds_app_arg_reg[9788]_i_8/CI
    SLICE_X144Y355.CO7   CARRY8 (Prop_CARRY8_SLICEL_CI_CO[7])
                                                      0.015     6.749 r  reconfigurable pblock_CL            WRAPPER/CL/u_engine_chirho/c$ds_app_arg_reg[9788]_i_8/CO[7]
                         net (fo=1, routed)           0.026     6.775    reconfigurable                      WRAPPER/CL/u_engine_chirho/c$ds_app_arg_reg[9788]_i_8_n_0
    SLICE_X144Y356.CIN                                                r  reconfigurable pblock_CL            WRAPPER/CL/u_engine_chirho/c$ds_app_arg_reg[9796]_i_11/CI
    SLICE_X144Y356.O2    CARRY8 (Prop_CARRY8_SLICEL_CI_O[2])
                                                      0.067     6.842 r  reconfigurable pblock_CL            WRAPPER/CL/u_engine_chirho/c$ds_app_arg_reg[9796]_i_11/O[2]
                         net (fo=9, routed)           0.547     7.388    reconfigurable                      WRAPPER/CL/u_engine_chirho/ds40[58]
    SLICE_X141Y366.A4                                                 r  reconfigurable pblock_CL            WRAPPER/CL/u_engine_chirho/c$ds_app_arg[9791]_i_5/I0
    SLICE_X141Y366.O6    LUT6 (Prop_G6LUT_SLICEM_I0_O)
                                                      0.090     7.478 r  reconfigurable pblock_CL            WRAPPER/CL/u_engine_chirho/c$ds_app_arg[9791]_i_5/O
                         net (fo=1, routed)           0.017     7.495    reconfigurable                      WRAPPER/CL/u_engine_chirho/c$ds_app_arg[9791]_i_5_n_0
    SLICE_X141Y366.1                                                  r  reconfigurable pblock_CL            WRAPPER/CL/u_engine_chirho/c$ds_app_arg_reg[9791]_i_2/I1
    SLICE_X141Y366.OUT   MUXF7 (Prop_F7MUX_GH_SLICEM_I1_O)
                                                      0.067     7.562 r  reconfigurable pblock_CL            WRAPPER/CL/u_engine_chirho/c$ds_app_arg_reg[9791]_i_2/O
                         net (fo=2, routed)           0.190     7.752    reconfigurable                      WRAPPER/CL/u_engine_chirho/c$ds_app_arg_reg[9791]_i_2_n_0
    SLICE_X141Y365.A5                                                 r  reconfigurable pblock_CL            WRAPPER/CL/u_engine_chirho/c$ds_app_arg[9791]_i_1/I2
    SLICE_X141Y365.O6    LUT6 (Prop_E6LUT_SLICEM_I2_O)
                                                      0.052     7.804 r  reconfigurable pblock_CL            WRAPPER/CL/u_engine_chirho/c$ds_app_arg[9791]_i_1/O
                         net (fo=5, routed)           0.364     8.169    reconfigurable                      WRAPPER/CL/u_engine_chirho/resp_wire_chirho[506]
    SLICE_X136Y364.A5                                                 r  reconfigurable pblock_CL            WRAPPER/CL/u_engine_chirho/ocl_rdata_q_chirho[26]_i_7/I0
    SLICE_X136Y364.O6    LUT6 (Prop_F6LUT_SLICEL_I0_O)
                                                      0.049     8.218 r  reconfigurable pblock_CL            WRAPPER/CL/u_engine_chirho/ocl_rdata_q_chirho[26]_i_7/O
                         net (fo=1, routed)           0.128     8.346    reconfigurable                      WRAPPER/CL/u_engine_chirho/ocl_rdata_q_chirho[26]_i_7_n_0
    SLICE_X135Y365.A4                                                 r  reconfigurable pblock_CL            WRAPPER/CL/u_engine_chirho/ocl_rdata_q_chirho[26]_i_4/I3
    SLICE_X135Y365.O6    LUT6 (Prop_F6LUT_SLICEL_I3_O)
                                                      0.089     8.435 r  reconfigurable pblock_CL            WRAPPER/CL/u_engine_chirho/ocl_rdata_q_chirho[26]_i_4/O
                         net (fo=1, routed)           0.547     8.982    reconfigurable                      WRAPPER/CL/u_engine_chirho/ocl_rdata_q_chirho[26]_i_4_n_0
    SLICE_X154Y365.A2                                                 r  reconfigurable pblock_CL            WRAPPER/CL/u_engine_chirho/ocl_rdata_q_chirho[26]_i_1/I4
    SLICE_X154Y365.O6    LUT6 (Prop_B6LUT_SLICEM_I4_O)
                                                      0.125     9.107 r  reconfigurable pblock_CL            WRAPPER/CL/u_engine_chirho/ocl_rdata_q_chirho[26]_i_1/O
                         net (fo=1, routed)           0.059     9.166    reconfigurable                      WRAPPER/CL/u_engine_chirho_n_13
    SLICE_X154Y365.D     FDRE                                         r  reconfigurable pblock_CL            WRAPPER/CL/ocl_rdata_q_chirho_reg[26]/D
  -------------------------------------------------------------------    -------------------------------------------------------

                         (clock clk_main_a0 rise edge)
                                                      4.000     4.000 r                                      
    BJ4                                               0.000     4.000 r  static                              <hidden>
                         net (fo=0)                   0.079     4.079    static                              WRAPPER/IO_SHIM/IBUFDS_CLK_125/I
    HPIOBDIFFINBUF_X0Y130.DIFF_IN_P
                                                                      r  static                              WRAPPER/IO_SHIM/IBUFDS_CLK_125/DIFFINBUF_INST/DIFF_IN_P
    HPIOBDIFFINBUF_X0Y130.O
                         DIFFINBUF (Prop_DIFFINBUF_HPIOBDIFFINBUF_DIFF_IN_P_O)
                                                      0.750     4.829 r  static                              WRAPPER/IO_SHIM/IBUFDS_CLK_125/DIFFINBUF_INST/O
                         net (fo=1, routed)           0.040     4.869    static                              WRAPPER/IO_SHIM/IBUFDS_CLK_125/OUT
    BJ4.I                                                             r  static                              WRAPPER/IO_SHIM/IBUFDS_CLK_125/IBUFCTRL_INST/I
    BJ4.O                IBUFCTRL (Prop_IBUFCTRL_HPIOB_M_I_O)
                                                      0.000     4.869 r  static                              WRAPPER/IO_SHIM/IBUFDS_CLK_125/IBUFCTRL_INST/O
                         net (fo=1, routed)           0.309     5.178    static                              <hidden>
    BUFGCE_X0Y122.I                                                   r  static                              <hidden>
    BUFGCE_X0Y122.O      BUFGCE (Prop_BUFCE_BUFGCE_I_O)
                                                      0.024     5.202 r  static                              <hidden>
                         net (fo=3, routed)           1.690     6.892    static                              <hidden>
    MMCM_X0Y5.CLKIN1                                                  r  static                              <hidden>
    MMCM_X0Y5.CLKOUT0    MMCME4_ADV (Prop_MMCM_CLKIN1_CLKOUT0)
                                                      0.630     7.522 r  static                              <hidden>
                         net (fo=2, routed)           0.215     7.737    static                              <hidden>
    BUFGCE_X0Y135.I                                                   r  static                              <hidden>
    BUFGCE_X0Y135.O      BUFGCE (Prop_BUFCE_BUFGCE_I_O)
                                                      0.024     7.761 r  static                              <hidden>
    X3Y5 (CLOCK_ROOT)    net (fo=182, routed)         2.107     9.868    boundary                            WRAPPER/CL/clk_main_a0
    SLICE_X154Y365.CLK   FDRE                                         r  reconfigurable pblock_CL            WRAPPER/CL/ocl_rdata_q_chirho_reg[26]/C
                         clock pessimism             -0.304     9.565                                            
                         clock uncertainty           -0.059     9.506                                            
    SLICE_X154Y365       FDRE (Setup_BFF_SLICEM_C_D)
                                                      0.025     9.531    reconfigurable   pblock_CL              WRAPPER/CL/ocl_rdata_q_chirho_reg[26]
  -------------------------------------------------------------------
                         required time                          9.531                                            
                         arrival time                          -9.166                                            
  -------------------------------------------------------------------
                         slack                                  0.365                                            

Slack (MET) :             0.368ns  (required time - arrival time)
  Source:                 WRAPPER/CL/cmd_reg_chirho_reg[65]_rep/C
                            (rising edge-triggered cell FDRE clocked by clk_main_a0  {rise@0.000ns fall@2.000ns period=4.000ns})
  Destination:            WRAPPER/CL/ocl_rdata_q_chirho_reg[23]/D
                            (rising edge-triggered cell FDRE clocked by clk_main_a0  {rise@0.000ns fall@2.000ns period=4.000ns})
  Path Group:             clk_main_a0
  Path Type:              Setup (Max at Slow Process Corner)
  Requirement:            4.000ns  (clk_main_a0 rise@4.000ns - clk_main_a0 rise@0.000ns)
  Data Path Delay:        3.552ns  (logic 1.172ns (32.997%)  route 2.380ns (67.003%))
  Logic Levels:           15  (CARRY8=6 LUT1=1 LUT6=6 MUXF7=2)
  Clock Path Skew:        -0.046ns (DCD - SCD + CPR)
    Destination Clock Delay (DCD):    5.882ns = ( 9.882 - 4.000 ) 
    Source Clock Delay      (SCD):    5.625ns
    Clock Pessimism Removal (CPR):    -0.304ns
  Clock Uncertainty:      0.059ns  ((TSJ^2 + DJ^2)^1/2) / 2 + PE
    Total System Jitter     (TSJ):    0.071ns
    Discrete Jitter          (DJ):    0.094ns
    Phase Error              (PE):    0.000ns
  Clock Net Delay (Source):      2.207ns (routing 0.461ns, distribution 1.746ns)
  Clock Net Delay (Destination): 2.121ns (routing 0.421ns, distribution 1.700ns)

    Location             Delay type                Incr(ns)  Path(ns)    Partition      PBlock               Netlist Resource(s)
  -------------------------------------------------------------------    -------------------------------------------------------
                         (clock clk_main_a0 rise edge)
                                                      0.000     0.000 r                                      
    BJ4                                               0.000     0.000 r  static                              <hidden>
                         net (fo=0)                   0.100     0.100    static                              WRAPPER/IO_SHIM/IBUFDS_CLK_125/I
    HPIOBDIFFINBUF_X0Y130.DIFF_IN_P
                                                                      r  static                              WRAPPER/IO_SHIM/IBUFDS_CLK_125/DIFFINBUF_INST/DIFF_IN_P
    HPIOBDIFFINBUF_X0Y130.O
                         DIFFINBUF (Prop_DIFFINBUF_HPIOBDIFFINBUF_DIFF_IN_P_O)
                                                      0.863     0.963 r  static                              WRAPPER/IO_SHIM/IBUFDS_CLK_125/DIFFINBUF_INST/O
                         net (fo=1, routed)           0.050     1.013    static                              WRAPPER/IO_SHIM/IBUFDS_CLK_125/OUT
    BJ4.I                                                             r  static                              WRAPPER/IO_SHIM/IBUFDS_CLK_125/IBUFCTRL_INST/I
    BJ4.O                IBUFCTRL (Prop_IBUFCTRL_HPIOB_M_I_O)
                                                      0.000     1.013 r  static                              WRAPPER/IO_SHIM/IBUFDS_CLK_125/IBUFCTRL_INST/O
                         net (fo=1, routed)           0.348     1.361    static                              <hidden>
    BUFGCE_X0Y122.I                                                   r  static                              <hidden>
    BUFGCE_X0Y122.O      BUFGCE (Prop_BUFCE_BUFGCE_I_O)
                                                      0.028     1.389 r  static                              <hidden>
                         net (fo=3, routed)           1.883     3.272    static                              <hidden>
    MMCM_X0Y5.CLKIN1                                                  r  static                              <hidden>
    MMCM_X0Y5.CLKOUT0    MMCME4_ADV (Prop_MMCM_CLKIN1_CLKOUT0)
                                                     -0.127     3.145 r  static                              <hidden>
                         net (fo=2, routed)           0.245     3.390    static                              <hidden>
    BUFGCE_X0Y135.I                                                   r  static                              <hidden>
    BUFGCE_X0Y135.O      BUFGCE (Prop_BUFCE_BUFGCE_I_O)
                                                      0.028     3.418 r  static                              <hidden>
    X3Y5 (CLOCK_ROOT)    net (fo=182, routed)         2.207     5.625    boundary                            WRAPPER/CL/clk_main_a0
    SLICE_X144Y348.CLK   FDRE                                         r  reconfigurable pblock_CL            WRAPPER/CL/cmd_reg_chirho_reg[65]_rep/C
  -------------------------------------------------------------------    -------------------------------------------------------
    SLICE_X144Y348.Q     FDRE (Prop_BFF2_SLICEL_C_Q)
                                                      0.080     5.705 r  reconfigurable pblock_CL            WRAPPER/CL/cmd_reg_chirho_reg[65]_rep/Q
                         net (fo=86, routed)          0.170     5.875    reconfigurable                      WRAPPER/CL/u_engine_chirho/c$ds_app_arg_reg[9257]_i_3_0
    SLICE_X145Y348.A2                                                 r  reconfigurable pblock_CL            WRAPPER/CL/u_engine_chirho/c$ds_app_arg[9229]_i_4/I2
    SLICE_X145Y348.O6    LUT6 (Prop_B6LUT_SLICEM_I2_O)
                                                      0.125     6.000 f  reconfigurable pblock_CL            WRAPPER/CL/u_engine_chirho/c$ds_app_arg[9229]_i_4/O
                         net (fo=1, routed)           0.017     6.017    reconfigurable                      WRAPPER/CL/u_engine_chirho/c$ds_app_arg[9229]_i_4_n_0
    SLICE_X145Y348.0                                                  f  reconfigurable pblock_CL            WRAPPER/CL/u_engine_chirho/c$ds_app_arg_reg[9229]_i_3/I0
    SLICE_X145Y348.OUT   MUXF7 (Prop_F7MUX_AB_SLICEM_I0_O)
                                                      0.067     6.084 f  reconfigurable pblock_CL            WRAPPER/CL/u_engine_chirho/c$ds_app_arg_reg[9229]_i_3/O
                         net (fo=35, routed)          0.245     6.329    reconfigurable                      WRAPPER/CL/u_engine_chirho/vecArray_0__0[13]
    SLICE_X144Y350.A5                                                 f  reconfigurable pblock_CL            WRAPPER/CL/u_engine_chirho/c$ds_app_arg[9748]_i_16/I0
    SLICE_X144Y350.O6    LUT1 (Prop_F6LUT_SLICEL_I0_O)
                                                      0.049     6.378 r  reconfigurable pblock_CL            WRAPPER/CL/u_engine_chirho/c$ds_app_arg[9748]_i_16/O
                         net (fo=1, routed)           0.011     6.389    reconfigurable                      WRAPPER/CL/u_engine_chirho/c$ds_app_arg[9748]_i_16_n_0
    SLICE_X144Y350.S5                                                 r  reconfigurable pblock_CL            WRAPPER/CL/u_engine_chirho/c$ds_app_arg_reg[9748]_i_8/S[5]
    SLICE_X144Y350.CO7   CARRY8 (Prop_CARRY8_SLICEL_S[5]_CO[7])
                                                      0.155     6.544 r  reconfigurable pblock_CL            WRAPPER/CL/u_engine_chirho/c$ds_app_arg_reg[9748]_i_8/CO[7]
                         net (fo=1, routed)           0.026     6.570    reconfigurable                      WRAPPER/CL/u_engine_chirho/c$ds_app_arg_reg[9748]_i_8_n_0
    SLICE_X144Y351.CIN                                                r  reconfigurable pblock_CL            WRAPPER/CL/u_engine_chirho/c$ds_app_arg_reg[9756]_i_8/CI
    SLICE_X144Y351.CO7   CARRY8 (Prop_CARRY8_SLICEL_CI_CO[7])
                                                      0.015     6.585 r  reconfigurable pblock_CL            WRAPPER/CL/u_engine_chirho/c$ds_app_arg_reg[9756]_i_8/CO[7]
                         net (fo=1, routed)           0.026     6.611    reconfigurable                      WRAPPER/CL/u_engine_chirho/c$ds_app_arg_reg[9756]_i_8_n_0
    SLICE_X144Y352.CIN                                                r  reconfigurable pblock_CL            WRAPPER/CL/u_engine_chirho/c$ds_app_arg_reg[9764]_i_8/CI
    SLICE_X144Y352.CO7   CARRY8 (Prop_CARRY8_SLICEL_CI_CO[7])
                                                      0.015     6.626 r  reconfigurable pblock_CL            WRAPPER/CL/u_engine_chirho/c$ds_app_arg_reg[9764]_i_8/CO[7]
                         net (fo=1, routed)           0.026     6.652    reconfigurable                      WRAPPER/CL/u_engine_chirho/c$ds_app_arg_reg[9764]_i_8_n_0
    SLICE_X144Y353.CIN                                                r  reconfigurable pblock_CL            WRAPPER/CL/u_engine_chirho/c$ds_app_arg_reg[9772]_i_8/CI
    SLICE_X144Y353.CO7   CARRY8 (Prop_CARRY8_SLICEL_CI_CO[7])
                                                      0.015     6.667 r  reconfigurable pblock_CL            WRAPPER/CL/u_engine_chirho/c$ds_app_arg_reg[9772]_i_8/CO[7]
                         net (fo=1, routed)           0.026     6.693    reconfigurable                      WRAPPER/CL/u_engine_chirho/c$ds_app_arg_reg[9772]_i_8_n_0
    SLICE_X144Y354.CIN                                                r  reconfigurable pblock_CL            WRAPPER/CL/u_engine_chirho/c$ds_app_arg_reg[9780]_i_8/CI
    SLICE_X144Y354.CO7   CARRY8 (Prop_CARRY8_SLICEL_CI_CO[7])
                                                      0.015     6.708 r  reconfigurable pblock_CL            WRAPPER/CL/u_engine_chirho/c$ds_app_arg_reg[9780]_i_8/CO[7]
                         net (fo=1, routed)           0.026     6.734    reconfigurable                      WRAPPER/CL/u_engine_chirho/c$ds_app_arg_reg[9780]_i_8_n_0
    SLICE_X144Y355.CIN                                                r  reconfigurable pblock_CL            WRAPPER/CL/u_engine_chirho/c$ds_app_arg_reg[9788]_i_8/CI
    SLICE_X144Y355.O7    CARRY8 (Prop_CARRY8_SLICEL_CI_O[7])
                                                      0.116     6.850 r  reconfigurable pblock_CL            WRAPPER/CL/u_engine_chirho/c$ds_app_arg_reg[9788]_i_8/O[7]
                         net (fo=9, routed)           0.444     7.294    reconfigurable                      WRAPPER/CL/u_engine_chirho/ds40[55]
    SLICE_X140Y363.A4                                                 r  reconfigurable pblock_CL            WRAPPER/CL/u_engine_chirho/c$ds_app_arg[9660]_i_5/I0
    SLICE_X140Y363.O6    LUT6 (Prop_A6LUT_SLICEL_I0_O)
                                                      0.090     7.384 r  reconfigurable pblock_CL            WRAPPER/CL/u_engine_chirho/c$ds_app_arg[9660]_i_5/O
                         net (fo=1, routed)           0.009     7.393    reconfigurable                      WRAPPER/CL/u_engine_chirho/c$ds_app_arg[9660]_i_5_n_0
    SLICE_X140Y363.1                                                  r  reconfigurable pblock_CL            WRAPPER/CL/u_engine_chirho/c$ds_app_arg_reg[9660]_i_2/I1
    SLICE_X140Y363.OUT   MUXF7 (Prop_F7MUX_AB_SLICEL_I1_O)
                                                      0.064     7.457 r  reconfigurable pblock_CL            WRAPPER/CL/u_engine_chirho/c$ds_app_arg_reg[9660]_i_2/O
                         net (fo=2, routed)           0.190     7.647    reconfigurable                      WRAPPER/CL/u_engine_chirho/c$ds_app_arg_reg[9660]_i_2_n_0
    SLICE_X140Y363.A6                                                 r  reconfigurable pblock_CL            WRAPPER/CL/u_engine_chirho/c$ds_app_arg[9660]_i_1/I3
    SLICE_X140Y363.O6    LUT6 (Prop_F6LUT_SLICEL_I3_O)
                                                      0.035     7.682 r  reconfigurable pblock_CL            WRAPPER/CL/u_engine_chirho/c$ds_app_arg[9660]_i_1/O
                         net (fo=5, routed)           0.400     8.082    reconfigurable                      WRAPPER/CL/u_engine_chirho/resp_wire_chirho[375]
    SLICE_X135Y364.A1                                                 r  reconfigurable pblock_CL            WRAPPER/CL/u_engine_chirho/ocl_rdata_q_chirho[23]_i_7/I1
    SLICE_X135Y364.O6    LUT6 (Prop_B6LUT_SLICEL_I1_O)
                                                      0.148     8.230 r  reconfigurable pblock_CL            WRAPPER/CL/u_engine_chirho/ocl_rdata_q_chirho[23]_i_7/O
                         net (fo=1, routed)           0.103     8.333    reconfigurable                      WRAPPER/CL/u_engine_chirho/ocl_rdata_q_chirho[23]_i_7_n_0
    SLICE_X134Y364.A1                                                 r  reconfigurable pblock_CL            WRAPPER/CL/u_engine_chirho/ocl_rdata_q_chirho[23]_i_4/I3
    SLICE_X134Y364.O6    LUT6 (Prop_F6LUT_SLICEL_I3_O)
                                                      0.148     8.481 r  reconfigurable pblock_CL            WRAPPER/CL/u_engine_chirho/ocl_rdata_q_chirho[23]_i_4/O
                         net (fo=1, routed)           0.610     9.091    reconfigurable                      WRAPPER/CL/u_engine_chirho/ocl_rdata_q_chirho[23]_i_4_n_0
    SLICE_X155Y365.A6                                                 r  reconfigurable pblock_CL            WRAPPER/CL/u_engine_chirho/ocl_rdata_q_chirho[23]_i_1/I4
    SLICE_X155Y365.O6    LUT6 (Prop_C6LUT_SLICEL_I4_O)
                                                      0.035     9.126 r  reconfigurable pblock_CL            WRAPPER/CL/u_engine_chirho/ocl_rdata_q_chirho[23]_i_1/O
                         net (fo=1, routed)           0.050     9.176    reconfigurable                      WRAPPER/CL/u_engine_chirho_n_16
    SLICE_X155Y365.D     FDRE                                         r  reconfigurable pblock_CL            WRAPPER/CL/ocl_rdata_q_chirho_reg[23]/D
  -------------------------------------------------------------------    -------------------------------------------------------

                         (clock clk_main_a0 rise edge)
                                                      4.000     4.000 r                                      
    BJ4                                               0.000     4.000 r  static                              <hidden>
                         net (fo=0)                   0.079     4.079    static                              WRAPPER/IO_SHIM/IBUFDS_CLK_125/I
    HPIOBDIFFINBUF_X0Y130.DIFF_IN_P
                                                                      r  static                              WRAPPER/IO_SHIM/IBUFDS_CLK_125/DIFFINBUF_INST/DIFF_IN_P
    HPIOBDIFFINBUF_X0Y130.O
                         DIFFINBUF (Prop_DIFFINBUF_HPIOBDIFFINBUF_DIFF_IN_P_O)
                                                      0.750     4.829 r  static                              WRAPPER/IO_SHIM/IBUFDS_CLK_125/DIFFINBUF_INST/O
                         net (fo=1, routed)           0.040     4.869    static                              WRAPPER/IO_SHIM/IBUFDS_CLK_125/OUT
    BJ4.I                                                             r  static                              WRAPPER/IO_SHIM/IBUFDS_CLK_125/IBUFCTRL_INST/I
    BJ4.O                IBUFCTRL (Prop_IBUFCTRL_HPIOB_M_I_O)
                                                      0.000     4.869 r  static                              WRAPPER/IO_SHIM/IBUFDS_CLK_125/IBUFCTRL_INST/O
                         net (fo=1, routed)           0.309     5.178    static                              <hidden>
    BUFGCE_X0Y122.I                                                   r  static                              <hidden>
    BUFGCE_X0Y122.O      BUFGCE (Prop_BUFCE_BUFGCE_I_O)
                                                      0.024     5.202 r  static                              <hidden>
                         net (fo=3, routed)           1.690     6.892    static                              <hidden>
    MMCM_X0Y5.CLKIN1                                                  r  static                              <hidden>
    MMCM_X0Y5.CLKOUT0    MMCME4_ADV (Prop_MMCM_CLKIN1_CLKOUT0)
                                                      0.630     7.522 r  static                              <hidden>
                         net (fo=2, routed)           0.215     7.737    static                              <hidden>
    BUFGCE_X0Y135.I                                                   r  static                              <hidden>
    BUFGCE_X0Y135.O      BUFGCE (Prop_BUFCE_BUFGCE_I_O)
                                                      0.024     7.761 r  static                              <hidden>
    X3Y5 (CLOCK_ROOT)    net (fo=182, routed)         2.121     9.882    boundary                            WRAPPER/CL/clk_main_a0
    SLICE_X155Y365.CLK   FDRE                                         r  reconfigurable pblock_CL            WRAPPER/CL/ocl_rdata_q_chirho_reg[23]/C
                         clock pessimism             -0.304     9.579                                            
                         clock uncertainty           -0.059     9.520                                            
    SLICE_X155Y365       FDRE (Setup_CFF_SLICEL_C_D)
                                                      0.025     9.545    reconfigurable   pblock_CL              WRAPPER/CL/ocl_rdata_q_chirho_reg[23]
  -------------------------------------------------------------------
                         required time                          9.545                                            
                         arrival time                          -9.176                                            
  -------------------------------------------------------------------
                         slack                                  0.368                                            

Slack (MET) :             0.421ns  (required time - arrival time)
  Source:                 WRAPPER/CL/cmd_reg_chirho_reg[65]_rep/C
                            (rising edge-triggered cell FDRE clocked by clk_main_a0  {rise@0.000ns fall@2.000ns period=4.000ns})
  Destination:            WRAPPER/CL/ocl_rdata_q_chirho_reg[16]/D
                            (rising edge-triggered cell FDRE clocked by clk_main_a0  {rise@0.000ns fall@2.000ns period=4.000ns})
  Path Group:             clk_main_a0
  Path Type:              Setup (Max at Slow Process Corner)
  Requirement:            4.000ns  (clk_main_a0 rise@4.000ns - clk_main_a0 rise@0.000ns)
  Data Path Delay:        3.485ns  (logic 1.084ns (31.105%)  route 2.401ns (68.895%))
  Logic Levels:           11  (CARRY8=2 LUT1=1 LUT6=6 MUXF7=2)
  Clock Path Skew:        -0.060ns (DCD - SCD + CPR)
    Destination Clock Delay (DCD):    5.868ns = ( 9.868 - 4.000 ) 
    Source Clock Delay      (SCD):    5.625ns
    Clock Pessimism Removal (CPR):    -0.304ns
  Clock Uncertainty:      0.059ns  ((TSJ^2 + DJ^2)^1/2) / 2 + PE
    Total System Jitter     (TSJ):    0.071ns
    Discrete Jitter          (DJ):    0.094ns
    Phase Error              (PE):    0.000ns
  Clock Net Delay (Source):      2.207ns (routing 0.461ns, distribution 1.746ns)
  Clock Net Delay (Destination): 2.107ns (routing 0.421ns, distribution 1.686ns)

    Location             Delay type                Incr(ns)  Path(ns)    Partition      PBlock               Netlist Resource(s)
  -------------------------------------------------------------------    -------------------------------------------------------
                         (clock clk_main_a0 rise edge)
                                                      0.000     0.000 r                                      
    BJ4                                               0.000     0.000 r  static                              <hidden>
                         net (fo=0)                   0.100     0.100    static                              WRAPPER/IO_SHIM/IBUFDS_CLK_125/I
    HPIOBDIFFINBUF_X0Y130.DIFF_IN_P
                                                                      r  static                              WRAPPER/IO_SHIM/IBUFDS_CLK_125/DIFFINBUF_INST/DIFF_IN_P
    HPIOBDIFFINBUF_X0Y130.O
                         DIFFINBUF (Prop_DIFFINBUF_HPIOBDIFFINBUF_DIFF_IN_P_O)
                                                      0.863     0.963 r  static                              WRAPPER/IO_SHIM/IBUFDS_CLK_125/DIFFINBUF_INST/O
                         net (fo=1, routed)           0.050     1.013    static                              WRAPPER/IO_SHIM/IBUFDS_CLK_125/OUT
    BJ4.I                                                             r  static                              WRAPPER/IO_SHIM/IBUFDS_CLK_125/IBUFCTRL_INST/I
    BJ4.O                IBUFCTRL (Prop_IBUFCTRL_HPIOB_M_I_O)
                                                      0.000     1.013 r  static                              WRAPPER/IO_SHIM/IBUFDS_CLK_125/IBUFCTRL_INST/O
                         net (fo=1, routed)           0.348     1.361    static                              <hidden>
    BUFGCE_X0Y122.I                                                   r  static                              <hidden>
    BUFGCE_X0Y122.O      BUFGCE (Prop_BUFCE_BUFGCE_I_O)
                                                      0.028     1.389 r  static                              <hidden>
                         net (fo=3, routed)           1.883     3.272    static                              <hidden>
    MMCM_X0Y5.CLKIN1                                                  r  static                              <hidden>
    MMCM_X0Y5.CLKOUT0    MMCME4_ADV (Prop_MMCM_CLKIN1_CLKOUT0)
                                                     -0.127     3.145 r  static                              <hidden>
                         net (fo=2, routed)           0.245     3.390    static                              <hidden>
    BUFGCE_X0Y135.I                                                   r  static                              <hidden>
    BUFGCE_X0Y135.O      BUFGCE (Prop_BUFCE_BUFGCE_I_O)
                                                      0.028     3.418 r  static                              <hidden>
    X3Y5 (CLOCK_ROOT)    net (fo=182, routed)         2.207     5.625    boundary                            WRAPPER/CL/clk_main_a0
    SLICE_X144Y348.CLK   FDRE                                         r  reconfigurable pblock_CL            WRAPPER/CL/cmd_reg_chirho_reg[65]_rep/C
  -------------------------------------------------------------------    -------------------------------------------------------
    SLICE_X144Y348.Q     FDRE (Prop_BFF2_SLICEL_C_Q)
                                                      0.080     5.705 r  reconfigurable pblock_CL            WRAPPER/CL/cmd_reg_chirho_reg[65]_rep/Q
                         net (fo=86, routed)          0.170     5.875    reconfigurable                      WRAPPER/CL/u_engine_chirho/c$ds_app_arg_reg[9257]_i_3_0
    SLICE_X145Y348.A2                                                 r  reconfigurable pblock_CL            WRAPPER/CL/u_engine_chirho/c$ds_app_arg[9229]_i_4/I2
    SLICE_X145Y348.O6    LUT6 (Prop_B6LUT_SLICEM_I2_O)
                                                      0.125     6.000 f  reconfigurable pblock_CL            WRAPPER/CL/u_engine_chirho/c$ds_app_arg[9229]_i_4/O
                         net (fo=1, routed)           0.017     6.017    reconfigurable                      WRAPPER/CL/u_engine_chirho/c$ds_app_arg[9229]_i_4_n_0
    SLICE_X145Y348.0                                                  f  reconfigurable pblock_CL            WRAPPER/CL/u_engine_chirho/c$ds_app_arg_reg[9229]_i_3/I0
    SLICE_X145Y348.OUT   MUXF7 (Prop_F7MUX_AB_SLICEM_I0_O)
                                                      0.067     6.084 f  reconfigurable pblock_CL            WRAPPER/CL/u_engine_chirho/c$ds_app_arg_reg[9229]_i_3/O
                         net (fo=35, routed)          0.245     6.329    reconfigurable                      WRAPPER/CL/u_engine_chirho/vecArray_0__0[13]
    SLICE_X144Y350.A5                                                 f  reconfigurable pblock_CL            WRAPPER/CL/u_engine_chirho/c$ds_app_arg[9748]_i_16/I0
    SLICE_X144Y350.O6    LUT1 (Prop_F6LUT_SLICEL_I0_O)
                                                      0.049     6.378 r  reconfigurable pblock_CL            WRAPPER/CL/u_engine_chirho/c$ds_app_arg[9748]_i_16/O
                         net (fo=1, routed)           0.011     6.389    reconfigurable                      WRAPPER/CL/u_engine_chirho/c$ds_app_arg[9748]_i_16_n_0
    SLICE_X144Y350.S5                                                 r  reconfigurable pblock_CL            WRAPPER/CL/u_engine_chirho/c$ds_app_arg_reg[9748]_i_8/S[5]
    SLICE_X144Y350.CO7   CARRY8 (Prop_CARRY8_SLICEL_S[5]_CO[7])
                                                      0.155     6.544 r  reconfigurable pblock_CL            WRAPPER/CL/u_engine_chirho/c$ds_app_arg_reg[9748]_i_8/CO[7]
                         net (fo=1, routed)           0.026     6.570    reconfigurable                      WRAPPER/CL/u_engine_chirho/c$ds_app_arg_reg[9748]_i_8_n_0
    SLICE_X144Y351.CIN                                                r  reconfigurable pblock_CL            WRAPPER/CL/u_engine_chirho/c$ds_app_arg_reg[9756]_i_8/CI
    SLICE_X144Y351.O0    CARRY8 (Prop_CARRY8_SLICEL_CI_O[0])
                                                      0.056     6.626 r  reconfigurable pblock_CL            WRAPPER/CL/u_engine_chirho/c$ds_app_arg_reg[9756]_i_8/O[0]
                         net (fo=9, routed)           0.353     6.978    reconfigurable                      WRAPPER/CL/u_engine_chirho/ds40[16]
    SLICE_X141Y351.A5                                                 r  reconfigurable pblock_CL            WRAPPER/CL/u_engine_chirho/c$ds_app_arg[9685]_i_5/I0
    SLICE_X141Y351.O6    LUT6 (Prop_A6LUT_SLICEM_I0_O)
                                                      0.053     7.031 r  reconfigurable pblock_CL            WRAPPER/CL/u_engine_chirho/c$ds_app_arg[9685]_i_5/O
                         net (fo=1, routed)           0.011     7.042    reconfigurable                      WRAPPER/CL/u_engine_chirho/c$ds_app_arg[9685]_i_5_n_0
    SLICE_X141Y351.1                                                  r  reconfigurable pblock_CL            WRAPPER/CL/u_engine_chirho/c$ds_app_arg_reg[9685]_i_2/I1
    SLICE_X141Y351.OUT   MUXF7 (Prop_F7MUX_AB_SLICEM_I1_O)
                                                      0.065     7.107 r  reconfigurable pblock_CL            WRAPPER/CL/u_engine_chirho/c$ds_app_arg_reg[9685]_i_2/O
                         net (fo=2, routed)           0.269     7.376    reconfigurable                      WRAPPER/CL/u_engine_chirho/c$ds_app_arg_reg[9685]_i_2_n_0
    SLICE_X136Y352.A3                                                 r  reconfigurable pblock_CL            WRAPPER/CL/u_engine_chirho/c$ds_app_arg[9685]_i_1/I3
    SLICE_X136Y352.O6    LUT6 (Prop_H6LUT_SLICEL_I3_O)
                                                      0.099     7.475 r  reconfigurable pblock_CL            WRAPPER/CL/u_engine_chirho/c$ds_app_arg[9685]_i_1/O
                         net (fo=5, routed)           0.444     7.920    reconfigurable                      WRAPPER/CL/u_engine_chirho/resp_wire_chirho[400]
    SLICE_X135Y365.A2                                                 r  reconfigurable pblock_CL            WRAPPER/CL/u_engine_chirho/ocl_rdata_q_chirho[16]_i_8/I3
    SLICE_X135Y365.O6    LUT6 (Prop_G6LUT_SLICEL_I3_O)
                                                      0.123     8.043 r  reconfigurable pblock_CL            WRAPPER/CL/u_engine_chirho/ocl_rdata_q_chirho[16]_i_8/O
                         net (fo=1, routed)           0.184     8.227    reconfigurable                      WRAPPER/CL/u_engine_chirho/ocl_rdata_q_chirho[16]_i_8_n_0
    SLICE_X136Y365.A2                                                 r  reconfigurable pblock_CL            WRAPPER/CL/u_engine_chirho/ocl_rdata_q_chirho[16]_i_4/I5
    SLICE_X136Y365.O6    LUT6 (Prop_F6LUT_SLICEL_I5_O)
                                                      0.123     8.350 r  reconfigurable pblock_CL            WRAPPER/CL/u_engine_chirho/ocl_rdata_q_chirho[16]_i_4/O
                         net (fo=1, routed)           0.612     8.962    reconfigurable                      WRAPPER/CL/u_engine_chirho/ocl_rdata_q_chirho[16]_i_4_n_0
    SLICE_X154Y366.A4                                                 r  reconfigurable pblock_CL            WRAPPER/CL/u_engine_chirho/ocl_rdata_q_chirho[16]_i_1/I4
    SLICE_X154Y366.O6    LUT6 (Prop_B6LUT_SLICEM_I4_O)
                                                      0.089     9.051 r  reconfigurable pblock_CL            WRAPPER/CL/u_engine_chirho/ocl_rdata_q_chirho[16]_i_1/O
                         net (fo=1, routed)           0.059     9.110    reconfigurable                      WRAPPER/CL/u_engine_chirho_n_23
    SLICE_X154Y366.D     FDRE                                         r  reconfigurable pblock_CL            WRAPPER/CL/ocl_rdata_q_chirho_reg[16]/D
  -------------------------------------------------------------------    -------------------------------------------------------

                         (clock clk_main_a0 rise edge)
                                                      4.000     4.000 r                                      
    BJ4                                               0.000     4.000 r  static                              <hidden>
                         net (fo=0)                   0.079     4.079    static                              WRAPPER/IO_SHIM/IBUFDS_CLK_125/I
    HPIOBDIFFINBUF_X0Y130.DIFF_IN_P
                                                                      r  static                              WRAPPER/IO_SHIM/IBUFDS_CLK_125/DIFFINBUF_INST/DIFF_IN_P
    HPIOBDIFFINBUF_X0Y130.O
                         DIFFINBUF (Prop_DIFFINBUF_HPIOBDIFFINBUF_DIFF_IN_P_O)
                                                      0.750     4.829 r  static                              WRAPPER/IO_SHIM/IBUFDS_CLK_125/DIFFINBUF_INST/O
                         net (fo=1, routed)           0.040     4.869    static                              WRAPPER/IO_SHIM/IBUFDS_CLK_125/OUT
    BJ4.I                                                             r  static                              WRAPPER/IO_SHIM/IBUFDS_CLK_125/IBUFCTRL_INST/I
    BJ4.O                IBUFCTRL (Prop_IBUFCTRL_HPIOB_M_I_O)
                                                      0.000     4.869 r  static                              WRAPPER/IO_SHIM/IBUFDS_CLK_125/IBUFCTRL_INST/O
                         net (fo=1, routed)           0.309     5.178    static                              <hidden>
    BUFGCE_X0Y122.I                                                   r  static                              <hidden>
    BUFGCE_X0Y122.O      BUFGCE (Prop_BUFCE_BUFGCE_I_O)
                                                      0.024     5.202 r  static                              <hidden>
                         net (fo=3, routed)           1.690     6.892    static                              <hidden>
    MMCM_X0Y5.CLKIN1                                                  r  static                              <hidden>
    MMCM_X0Y5.CLKOUT0    MMCME4_ADV (Prop_MMCM_CLKIN1_CLKOUT0)
                                                      0.630     7.522 r  static                              <hidden>
                         net (fo=2, routed)           0.215     7.737    static                              <hidden>
    BUFGCE_X0Y135.I                                                   r  static                              <hidden>
    BUFGCE_X0Y135.O      BUFGCE (Prop_BUFCE_BUFGCE_I_O)
                                                      0.024     7.761 r  static                              <hidden>
    X3Y5 (CLOCK_ROOT)    net (fo=182, routed)         2.107     9.868    boundary                            WRAPPER/CL/clk_main_a0
    SLICE_X154Y366.CLK   FDRE                                         r  reconfigurable pblock_CL            WRAPPER/CL/ocl_rdata_q_chirho_reg[16]/C
                         clock pessimism             -0.304     9.565                                            
                         clock uncertainty           -0.059     9.506                                            
    SLICE_X154Y366       FDRE (Setup_BFF_SLICEM_C_D)
                                                      0.025     9.531    reconfigurable   pblock_CL              WRAPPER/CL/ocl_rdata_q_chirho_reg[16]
  -------------------------------------------------------------------
                         required time                          9.531                                            
                         arrival time                          -9.110                                            
  -------------------------------------------------------------------
                         slack                                  0.421                                            

Slack (MET) :             0.431ns  (required time - arrival time)
  Source:                 WRAPPER/CL/cmd_reg_chirho_reg[65]_rep/C
                            (rising edge-triggered cell FDRE clocked by clk_main_a0  {rise@0.000ns fall@2.000ns period=4.000ns})
  Destination:            WRAPPER/CL/ocl_rdata_q_chirho_reg[28]/D
                            (rising edge-triggered cell FDRE clocked by clk_main_a0  {rise@0.000ns fall@2.000ns period=4.000ns})
  Path Group:             clk_main_a0
  Path Type:              Setup (Max at Slow Process Corner)
  Requirement:            4.000ns  (clk_main_a0 rise@4.000ns - clk_main_a0 rise@0.000ns)
  Data Path Delay:        3.551ns  (logic 1.139ns (32.077%)  route 2.412ns (67.923%))
  Logic Levels:           16  (CARRY8=7 LUT1=1 LUT6=6 MUXF7=2)
  Clock Path Skew:        0.016ns (DCD - SCD + CPR)
    Destination Clock Delay (DCD):    5.844ns = ( 9.844 - 4.000 ) 
    Source Clock Delay      (SCD):    5.625ns
    Clock Pessimism Removal (CPR):    -0.204ns
  Clock Uncertainty:      0.059ns  ((TSJ^2 + DJ^2)^1/2) / 2 + PE
    Total System Jitter     (TSJ):    0.071ns
    Discrete Jitter          (DJ):    0.094ns
    Phase Error              (PE):    0.000ns
  Clock Net Delay (Source):      2.207ns (routing 0.461ns, distribution 1.746ns)
  Clock Net Delay (Destination): 2.083ns (routing 0.421ns, distribution 1.662ns)

    Location             Delay type                Incr(ns)  Path(ns)    Partition      PBlock               Netlist Resource(s)
  -------------------------------------------------------------------    -------------------------------------------------------
                         (clock clk_main_a0 rise edge)
                                                      0.000     0.000 r                                      
    BJ4                                               0.000     0.000 r  static                              <hidden>
                         net (fo=0)                   0.100     0.100    static                              WRAPPER/IO_SHIM/IBUFDS_CLK_125/I
    HPIOBDIFFINBUF_X0Y130.DIFF_IN_P
                                                                      r  static                              WRAPPER/IO_SHIM/IBUFDS_CLK_125/DIFFINBUF_INST/DIFF_IN_P
    HPIOBDIFFINBUF_X0Y130.O
                         DIFFINBUF (Prop_DIFFINBUF_HPIOBDIFFINBUF_DIFF_IN_P_O)
                                                      0.863     0.963 r  static                              WRAPPER/IO_SHIM/IBUFDS_CLK_125/DIFFINBUF_INST/O
                         net (fo=1, routed)           0.050     1.013    static                              WRAPPER/IO_SHIM/IBUFDS_CLK_125/OUT
    BJ4.I                                                             r  static                              WRAPPER/IO_SHIM/IBUFDS_CLK_125/IBUFCTRL_INST/I
    BJ4.O                IBUFCTRL (Prop_IBUFCTRL_HPIOB_M_I_O)
                                                      0.000     1.013 r  static                              WRAPPER/IO_SHIM/IBUFDS_CLK_125/IBUFCTRL_INST/O
                         net (fo=1, routed)           0.348     1.361    static                              <hidden>
    BUFGCE_X0Y122.I                                                   r  static                              <hidden>
    BUFGCE_X0Y122.O      BUFGCE (Prop_BUFCE_BUFGCE_I_O)
                                                      0.028     1.389 r  static                              <hidden>
                         net (fo=3, routed)           1.883     3.272    static                              <hidden>
    MMCM_X0Y5.CLKIN1                                                  r  static                              <hidden>
    MMCM_X0Y5.CLKOUT0    MMCME4_ADV (Prop_MMCM_CLKIN1_CLKOUT0)
                                                     -0.127     3.145 r  static                              <hidden>
                         net (fo=2, routed)           0.245     3.390    static                              <hidden>
    BUFGCE_X0Y135.I                                                   r  static                              <hidden>
    BUFGCE_X0Y135.O      BUFGCE (Prop_BUFCE_BUFGCE_I_O)
                                                      0.028     3.418 r  static                              <hidden>
    X3Y5 (CLOCK_ROOT)    net (fo=182, routed)         2.207     5.625    boundary                            WRAPPER/CL/clk_main_a0
    SLICE_X144Y348.CLK   FDRE                                         r  reconfigurable pblock_CL            WRAPPER/CL/cmd_reg_chirho_reg[65]_rep/C
  -------------------------------------------------------------------    -------------------------------------------------------
    SLICE_X144Y348.Q     FDRE (Prop_BFF2_SLICEL_C_Q)
                                                      0.080     5.705 r  reconfigurable pblock_CL            WRAPPER/CL/cmd_reg_chirho_reg[65]_rep/Q
                         net (fo=86, routed)          0.170     5.875    reconfigurable                      WRAPPER/CL/u_engine_chirho/c$ds_app_arg_reg[9257]_i_3_0
    SLICE_X145Y348.A2                                                 r  reconfigurable pblock_CL            WRAPPER/CL/u_engine_chirho/c$ds_app_arg[9229]_i_4/I2
    SLICE_X145Y348.O6    LUT6 (Prop_B6LUT_SLICEM_I2_O)
                                                      0.125     6.000 f  reconfigurable pblock_CL            WRAPPER/CL/u_engine_chirho/c$ds_app_arg[9229]_i_4/O
                         net (fo=1, routed)           0.017     6.017    reconfigurable                      WRAPPER/CL/u_engine_chirho/c$ds_app_arg[9229]_i_4_n_0
    SLICE_X145Y348.0                                                  f  reconfigurable pblock_CL            WRAPPER/CL/u_engine_chirho/c$ds_app_arg_reg[9229]_i_3/I0
    SLICE_X145Y348.OUT   MUXF7 (Prop_F7MUX_AB_SLICEM_I0_O)
                                                      0.067     6.084 f  reconfigurable pblock_CL            WRAPPER/CL/u_engine_chirho/c$ds_app_arg_reg[9229]_i_3/O
                         net (fo=35, routed)          0.245     6.329    reconfigurable                      WRAPPER/CL/u_engine_chirho/vecArray_0__0[13]
    SLICE_X144Y350.A5                                                 f  reconfigurable pblock_CL            WRAPPER/CL/u_engine_chirho/c$ds_app_arg[9748]_i_16/I0
    SLICE_X144Y350.O6    LUT1 (Prop_F6LUT_SLICEL_I0_O)
                                                      0.049     6.378 r  reconfigurable pblock_CL            WRAPPER/CL/u_engine_chirho/c$ds_app_arg[9748]_i_16/O
                         net (fo=1, routed)           0.011     6.389    reconfigurable                      WRAPPER/CL/u_engine_chirho/c$ds_app_arg[9748]_i_16_n_0
    SLICE_X144Y350.S5                                                 r  reconfigurable pblock_CL            WRAPPER/CL/u_engine_chirho/c$ds_app_arg_reg[9748]_i_8/S[5]
    SLICE_X144Y350.CO7   CARRY8 (Prop_CARRY8_SLICEL_S[5]_CO[7])
                                                      0.155     6.544 r  reconfigurable pblock_CL            WRAPPER/CL/u_engine_chirho/c$ds_app_arg_reg[9748]_i_8/CO[7]
                         net (fo=1, routed)           0.026     6.570    reconfigurable                      WRAPPER/CL/u_engine_chirho/c$ds_app_arg_reg[9748]_i_8_n_0
    SLICE_X144Y351.CIN                                                r  reconfigurable pblock_CL            WRAPPER/CL/u_engine_chirho/c$ds_app_arg_reg[9756]_i_8/CI
    SLICE_X144Y351.CO7   CARRY8 (Prop_CARRY8_SLICEL_CI_CO[7])
                                                      0.015     6.585 r  reconfigurable pblock_CL            WRAPPER/CL/u_engine_chirho/c$ds_app_arg_reg[9756]_i_8/CO[7]
                         net (fo=1, routed)           0.026     6.611    reconfigurable                      WRAPPER/CL/u_engine_chirho/c$ds_app_arg_reg[9756]_i_8_n_0
    SLICE_X144Y352.CIN                                                r  reconfigurable pblock_CL            WRAPPER/CL/u_engine_chirho/c$ds_app_arg_reg[9764]_i_8/CI
    SLICE_X144Y352.CO7   CARRY8 (Prop_CARRY8_SLICEL_CI_CO[7])
                                                      0.015     6.626 r  reconfigurable pblock_CL            WRAPPER/CL/u_engine_chirho/c$ds_app_arg_reg[9764]_i_8/CO[7]
                         net (fo=1, routed)           0.026     6.652    reconfigurable                      WRAPPER/CL/u_engine_chirho/c$ds_app_arg_reg[9764]_i_8_n_0
    SLICE_X144Y353.CIN                                                r  reconfigurable pblock_CL            WRAPPER/CL/u_engine_chirho/c$ds_app_arg_reg[9772]_i_8/CI
    SLICE_X144Y353.CO7   CARRY8 (Prop_CARRY8_SLICEL_CI_CO[7])
                                                      0.015     6.667 r  reconfigurable pblock_CL            WRAPPER/CL/u_engine_chirho/c$ds_app_arg_reg[9772]_i_8/CO[7]
                         net (fo=1, routed)           0.026     6.693    reconfigurable                      WRAPPER/CL/u_engine_chirho/c$ds_app_arg_reg[9772]_i_8_n_0
    SLICE_X144Y354.CIN                                                r  reconfigurable pblock_CL            WRAPPER/CL/u_engine_chirho/c$ds_app_arg_reg[9780]_i_8/CI
    SLICE_X144Y354.CO7   CARRY8 (Prop_CARRY8_SLICEL_CI_CO[7])
                                                      0.015     6.708 r  reconfigurable pblock_CL            WRAPPER/CL/u_engine_chirho/c$ds_app_arg_reg[9780]_i_8/CO[7]
                         net (fo=1, routed)           0.026     6.734    reconfigurable                      WRAPPER/CL/u_engine_chirho/c$ds_app_arg_reg[9780]_i_8_n_0
    SLICE_X144Y355.CIN                                                r  reconfigurable pblock_CL            WRAPPER/CL/u_engine_chirho/c$ds_app_arg_reg[9788]_i_8/CI
    SLICE_X144Y355.CO7   CARRY8 (Prop_CARRY8_SLICEL_CI_CO[7])
                                                      0.015     6.749 r  reconfigurable pblock_CL            WRAPPER/CL/u_engine_chirho/c$ds_app_arg_reg[9788]_i_8/CO[7]
                         net (fo=1, routed)           0.026     6.775    reconfigurable                      WRAPPER/CL/u_engine_chirho/c$ds_app_arg_reg[9788]_i_8_n_0
    SLICE_X144Y356.CIN                                                r  reconfigurable pblock_CL            WRAPPER/CL/u_engine_chirho/c$ds_app_arg_reg[9796]_i_11/CI
    SLICE_X144Y356.O4    CARRY8 (Prop_CARRY8_SLICEL_CI_O[4])
                                                      0.086     6.861 r  reconfigurable pblock_CL            WRAPPER/CL/u_engine_chirho/c$ds_app_arg_reg[9796]_i_11/O[4]
                         net (fo=9, routed)           0.374     7.234    reconfigurable                      WRAPPER/CL/u_engine_chirho/ds40[60]
    SLICE_X140Y368.A2                                                 r  reconfigurable pblock_CL            WRAPPER/CL/u_engine_chirho/c$ds_app_arg[9793]_i_5/I0
    SLICE_X140Y368.O6    LUT6 (Prop_G6LUT_SLICEL_I0_O)
                                                      0.123     7.357 r  reconfigurable pblock_CL            WRAPPER/CL/u_engine_chirho/c$ds_app_arg[9793]_i_5/O
                         net (fo=1, routed)           0.008     7.365    reconfigurable                      WRAPPER/CL/u_engine_chirho/c$ds_app_arg[9793]_i_5_n_0
    SLICE_X140Y368.1                                                  r  reconfigurable pblock_CL            WRAPPER/CL/u_engine_chirho/c$ds_app_arg_reg[9793]_i_2/I1
    SLICE_X140Y368.OUT   MUXF7 (Prop_F7MUX_GH_SLICEL_I1_O)
                                                      0.063     7.428 r  reconfigurable pblock_CL            WRAPPER/CL/u_engine_chirho/c$ds_app_arg_reg[9793]_i_2/O
                         net (fo=2, routed)           0.180     7.608    reconfigurable                      WRAPPER/CL/u_engine_chirho/c$ds_app_arg_reg[9793]_i_2_n_0
    SLICE_X139Y368.A4                                                 r  reconfigurable pblock_CL            WRAPPER/CL/u_engine_chirho/c$ds_app_arg[9793]_i_1/I2
    SLICE_X139Y368.O6    LUT6 (Prop_H6LUT_SLICEM_I2_O)
                                                      0.090     7.698 r  reconfigurable pblock_CL            WRAPPER/CL/u_engine_chirho/c$ds_app_arg[9793]_i_1/O
                         net (fo=5, routed)           0.399     8.097    reconfigurable                      WRAPPER/CL/u_engine_chirho/resp_wire_chirho[508]
    SLICE_X137Y363.A3                                                 r  reconfigurable pblock_CL            WRAPPER/CL/u_engine_chirho/ocl_rdata_q_chirho[28]_i_7/I0
    SLICE_X137Y363.O6    LUT6 (Prop_E6LUT_SLICEM_I0_O)
                                                      0.100     8.197 r  reconfigurable pblock_CL            WRAPPER/CL/u_engine_chirho/ocl_rdata_q_chirho[28]_i_7/O
                         net (fo=1, routed)           0.092     8.289    reconfigurable                      WRAPPER/CL/u_engine_chirho/ocl_rdata_q_chirho[28]_i_7_n_0
    SLICE_X137Y365.A6                                                 r  reconfigurable pblock_CL            WRAPPER/CL/u_engine_chirho/ocl_rdata_q_chirho[28]_i_4/I3
    SLICE_X137Y365.O6    LUT6 (Prop_F6LUT_SLICEM_I3_O)
                                                      0.037     8.326 r  reconfigurable pblock_CL            WRAPPER/CL/u_engine_chirho/ocl_rdata_q_chirho[28]_i_4/O
                         net (fo=1, routed)           0.701     9.027    reconfigurable                      WRAPPER/CL/u_engine_chirho/ocl_rdata_q_chirho[28]_i_4_n_0
    SLICE_X156Y359.A4                                                 r  reconfigurable pblock_CL            WRAPPER/CL/u_engine_chirho/ocl_rdata_q_chirho[28]_i_1/I4
    SLICE_X156Y359.O6    LUT6 (Prop_B6LUT_SLICEM_I4_O)
                                                      0.089     9.116 r  reconfigurable pblock_CL            WRAPPER/CL/u_engine_chirho/ocl_rdata_q_chirho[28]_i_1/O
                         net (fo=1, routed)           0.059     9.175    reconfigurable                      WRAPPER/CL/u_engine_chirho_n_11
    SLICE_X156Y359.D     FDRE                                         r  reconfigurable pblock_CL            WRAPPER/CL/ocl_rdata_q_chirho_reg[28]/D
  -------------------------------------------------------------------    -------------------------------------------------------

                         (clock clk_main_a0 rise edge)
                                                      4.000     4.000 r                                      
    BJ4                                               0.000     4.000 r  static                              <hidden>
                         net (fo=0)                   0.079     4.079    static                              WRAPPER/IO_SHIM/IBUFDS_CLK_125/I
    HPIOBDIFFINBUF_X0Y130.DIFF_IN_P
                                                                      r  static                              WRAPPER/IO_SHIM/IBUFDS_CLK_125/DIFFINBUF_INST/DIFF_IN_P
    HPIOBDIFFINBUF_X0Y130.O
                         DIFFINBUF (Prop_DIFFINBUF_HPIOBDIFFINBUF_DIFF_IN_P_O)
                                                      0.750     4.829 r  static                              WRAPPER/IO_SHIM/IBUFDS_CLK_125/DIFFINBUF_INST/O
                         net (fo=1, routed)           0.040     4.869    static                              WRAPPER/IO_SHIM/IBUFDS_CLK_125/OUT
    BJ4.I                                                             r  static                              WRAPPER/IO_SHIM/IBUFDS_CLK_125/IBUFCTRL_INST/I
    BJ4.O                IBUFCTRL (Prop_IBUFCTRL_HPIOB_M_I_O)
                                                      0.000     4.869 r  static                              WRAPPER/IO_SHIM/IBUFDS_CLK_125/IBUFCTRL_INST/O
                         net (fo=1, routed)           0.309     5.178    static                              <hidden>
    BUFGCE_X0Y122.I                                                   r  static                              <hidden>
    BUFGCE_X0Y122.O      BUFGCE (Prop_BUFCE_BUFGCE_I_O)
                                                      0.024     5.202 r  static                              <hidden>
                         net (fo=3, routed)           1.690     6.892    static                              <hidden>
    MMCM_X0Y5.CLKIN1                                                  r  static                              <hidden>
    MMCM_X0Y5.CLKOUT0    MMCME4_ADV (Prop_MMCM_CLKIN1_CLKOUT0)
                                                      0.630     7.522 r  static                              <hidden>
                         net (fo=2, routed)           0.215     7.737    static                              <hidden>
    BUFGCE_X0Y135.I                                                   r  static                              <hidden>
    BUFGCE_X0Y135.O      BUFGCE (Prop_BUFCE_BUFGCE_I_O)
                                                      0.024     7.761 r  static                              <hidden>
    X3Y5 (CLOCK_ROOT)    net (fo=182, routed)         2.083     9.844    boundary                            WRAPPER/CL/clk_main_a0
    SLICE_X156Y359.CLK   FDRE                                         r  reconfigurable pblock_CL            WRAPPER/CL/ocl_rdata_q_chirho_reg[28]/C
                         clock pessimism             -0.204     9.641                                            
                         clock uncertainty           -0.059     9.582                                            
    SLICE_X156Y359       FDRE (Setup_BFF_SLICEM_C_D)
                                                      0.025     9.607    reconfigurable   pblock_CL              WRAPPER/CL/ocl_rdata_q_chirho_reg[28]
  -------------------------------------------------------------------
                         required time                          9.607                                            
                         arrival time                          -9.175                                            
  -------------------------------------------------------------------
                         slack                                  0.431                                            

Slack (MET) :             0.432ns  (required time - arrival time)
  Source:                 WRAPPER/CL/cmd_reg_chirho_reg[65]_rep/C
                            (rising edge-triggered cell FDRE clocked by clk_main_a0  {rise@0.000ns fall@2.000ns period=4.000ns})
  Destination:            WRAPPER/CL/ocl_rdata_q_chirho_reg[27]/D
                            (rising edge-triggered cell FDRE clocked by clk_main_a0  {rise@0.000ns fall@2.000ns period=4.000ns})
  Path Group:             clk_main_a0
  Path Type:              Setup (Max at Slow Process Corner)
  Requirement:            4.000ns  (clk_main_a0 rise@4.000ns - clk_main_a0 rise@0.000ns)
  Data Path Delay:        3.500ns  (logic 1.150ns (32.855%)  route 2.350ns (67.145%))
  Logic Levels:           16  (CARRY8=7 LUT1=1 LUT6=6 MUXF7=2)
  Clock Path Skew:        -0.034ns (DCD - SCD + CPR)
    Destination Clock Delay (DCD):    5.894ns = ( 9.894 - 4.000 ) 
    Source Clock Delay      (SCD):    5.625ns
    Clock Pessimism Removal (CPR):    -0.304ns
  Clock Uncertainty:      0.059ns  ((TSJ^2 + DJ^2)^1/2) / 2 + PE
    Total System Jitter     (TSJ):    0.071ns
    Discrete Jitter          (DJ):    0.094ns
    Phase Error              (PE):    0.000ns
  Clock Net Delay (Source):      2.207ns (routing 0.461ns, distribution 1.746ns)
  Clock Net Delay (Destination): 2.133ns (routing 0.421ns, distribution 1.712ns)

    Location             Delay type                Incr(ns)  Path(ns)    Partition      PBlock               Netlist Resource(s)
  -------------------------------------------------------------------    -------------------------------------------------------
                         (clock clk_main_a0 rise edge)
                                                      0.000     0.000 r                                      
    BJ4                                               0.000     0.000 r  static                              <hidden>
                         net (fo=0)                   0.100     0.100    static                              WRAPPER/IO_SHIM/IBUFDS_CLK_125/I
    HPIOBDIFFINBUF_X0Y130.DIFF_IN_P
                                                                      r  static                              WRAPPER/IO_SHIM/IBUFDS_CLK_125/DIFFINBUF_INST/DIFF_IN_P
    HPIOBDIFFINBUF_X0Y130.O
                         DIFFINBUF (Prop_DIFFINBUF_HPIOBDIFFINBUF_DIFF_IN_P_O)
                                                      0.863     0.963 r  static                              WRAPPER/IO_SHIM/IBUFDS_CLK_125/DIFFINBUF_INST/O
                         net (fo=1, routed)           0.050     1.013    static                              WRAPPER/IO_SHIM/IBUFDS_CLK_125/OUT
    BJ4.I                                                             r  static                              WRAPPER/IO_SHIM/IBUFDS_CLK_125/IBUFCTRL_INST/I
    BJ4.O                IBUFCTRL (Prop_IBUFCTRL_HPIOB_M_I_O)
                                                      0.000     1.013 r  static                              WRAPPER/IO_SHIM/IBUFDS_CLK_125/IBUFCTRL_INST/O
                         net (fo=1, routed)           0.348     1.361    static                              <hidden>
    BUFGCE_X0Y122.I                                                   r  static                              <hidden>
    BUFGCE_X0Y122.O      BUFGCE (Prop_BUFCE_BUFGCE_I_O)
                                                      0.028     1.389 r  static                              <hidden>
                         net (fo=3, routed)           1.883     3.272    static                              <hidden>
    MMCM_X0Y5.CLKIN1                                                  r  static                              <hidden>
    MMCM_X0Y5.CLKOUT0    MMCME4_ADV (Prop_MMCM_CLKIN1_CLKOUT0)
                                                     -0.127     3.145 r  static                              <hidden>
                         net (fo=2, routed)           0.245     3.390    static                              <hidden>
    BUFGCE_X0Y135.I                                                   r  static                              <hidden>
    BUFGCE_X0Y135.O      BUFGCE (Prop_BUFCE_BUFGCE_I_O)
                                                      0.028     3.418 r  static                              <hidden>
    X3Y5 (CLOCK_ROOT)    net (fo=182, routed)         2.207     5.625    boundary                            WRAPPER/CL/clk_main_a0
    SLICE_X144Y348.CLK   FDRE                                         r  reconfigurable pblock_CL            WRAPPER/CL/cmd_reg_chirho_reg[65]_rep/C
  -------------------------------------------------------------------    -------------------------------------------------------
    SLICE_X144Y348.Q     FDRE (Prop_BFF2_SLICEL_C_Q)
                                                      0.080     5.705 r  reconfigurable pblock_CL            WRAPPER/CL/cmd_reg_chirho_reg[65]_rep/Q
                         net (fo=86, routed)          0.170     5.875    reconfigurable                      WRAPPER/CL/u_engine_chirho/c$ds_app_arg_reg[9257]_i_3_0
    SLICE_X145Y348.A2                                                 r  reconfigurable pblock_CL            WRAPPER/CL/u_engine_chirho/c$ds_app_arg[9229]_i_4/I2
    SLICE_X145Y348.O6    LUT6 (Prop_B6LUT_SLICEM_I2_O)
                                                      0.125     6.000 f  reconfigurable pblock_CL            WRAPPER/CL/u_engine_chirho/c$ds_app_arg[9229]_i_4/O
                         net (fo=1, routed)           0.017     6.017    reconfigurable                      WRAPPER/CL/u_engine_chirho/c$ds_app_arg[9229]_i_4_n_0
    SLICE_X145Y348.0                                                  f  reconfigurable pblock_CL            WRAPPER/CL/u_engine_chirho/c$ds_app_arg_reg[9229]_i_3/I0
    SLICE_X145Y348.OUT   MUXF7 (Prop_F7MUX_AB_SLICEM_I0_O)
                                                      0.067     6.084 f  reconfigurable pblock_CL            WRAPPER/CL/u_engine_chirho/c$ds_app_arg_reg[9229]_i_3/O
                         net (fo=35, routed)          0.245     6.329    reconfigurable                      WRAPPER/CL/u_engine_chirho/vecArray_0__0[13]
    SLICE_X144Y350.A5                                                 f  reconfigurable pblock_CL            WRAPPER/CL/u_engine_chirho/c$ds_app_arg[9748]_i_16/I0
    SLICE_X144Y350.O6    LUT1 (Prop_F6LUT_SLICEL_I0_O)
                                                      0.049     6.378 r  reconfigurable pblock_CL            WRAPPER/CL/u_engine_chirho/c$ds_app_arg[9748]_i_16/O
                         net (fo=1, routed)           0.011     6.389    reconfigurable                      WRAPPER/CL/u_engine_chirho/c$ds_app_arg[9748]_i_16_n_0
    SLICE_X144Y350.S5                                                 r  reconfigurable pblock_CL            WRAPPER/CL/u_engine_chirho/c$ds_app_arg_reg[9748]_i_8/S[5]
    SLICE_X144Y350.CO7   CARRY8 (Prop_CARRY8_SLICEL_S[5]_CO[7])
                                                      0.155     6.544 r  reconfigurable pblock_CL            WRAPPER/CL/u_engine_chirho/c$ds_app_arg_reg[9748]_i_8/CO[7]
                         net (fo=1, routed)           0.026     6.570    reconfigurable                      WRAPPER/CL/u_engine_chirho/c$ds_app_arg_reg[9748]_i_8_n_0
    SLICE_X144Y351.CIN                                                r  reconfigurable pblock_CL            WRAPPER/CL/u_engine_chirho/c$ds_app_arg_reg[9756]_i_8/CI
    SLICE_X144Y351.CO7   CARRY8 (Prop_CARRY8_SLICEL_CI_CO[7])
                                                      0.015     6.585 r  reconfigurable pblock_CL            WRAPPER/CL/u_engine_chirho/c$ds_app_arg_reg[9756]_i_8/CO[7]
                         net (fo=1, routed)           0.026     6.611    reconfigurable                      WRAPPER/CL/u_engine_chirho/c$ds_app_arg_reg[9756]_i_8_n_0
    SLICE_X144Y352.CIN                                                r  reconfigurable pblock_CL            WRAPPER/CL/u_engine_chirho/c$ds_app_arg_reg[9764]_i_8/CI
    SLICE_X144Y352.CO7   CARRY8 (Prop_CARRY8_SLICEL_CI_CO[7])
                                                      0.015     6.626 r  reconfigurable pblock_CL            WRAPPER/CL/u_engine_chirho/c$ds_app_arg_reg[9764]_i_8/CO[7]
                         net (fo=1, routed)           0.026     6.652    reconfigurable                      WRAPPER/CL/u_engine_chirho/c$ds_app_arg_reg[9764]_i_8_n_0
    SLICE_X144Y353.CIN                                                r  reconfigurable pblock_CL            WRAPPER/CL/u_engine_chirho/c$ds_app_arg_reg[9772]_i_8/CI
    SLICE_X144Y353.CO7   CARRY8 (Prop_CARRY8_SLICEL_CI_CO[7])
                                                      0.015     6.667 r  reconfigurable pblock_CL            WRAPPER/CL/u_engine_chirho/c$ds_app_arg_reg[9772]_i_8/CO[7]
                         net (fo=1, routed)           0.026     6.693    reconfigurable                      WRAPPER/CL/u_engine_chirho/c$ds_app_arg_reg[9772]_i_8_n_0
    SLICE_X144Y354.CIN                                                r  reconfigurable pblock_CL            WRAPPER/CL/u_engine_chirho/c$ds_app_arg_reg[9780]_i_8/CI
    SLICE_X144Y354.CO7   CARRY8 (Prop_CARRY8_SLICEL_CI_CO[7])
                                                      0.015     6.708 r  reconfigurable pblock_CL            WRAPPER/CL/u_engine_chirho/c$ds_app_arg_reg[9780]_i_8/CO[7]
                         net (fo=1, routed)           0.026     6.734    reconfigurable                      WRAPPER/CL/u_engine_chirho/c$ds_app_arg_reg[9780]_i_8_n_0
    SLICE_X144Y355.CIN                                                r  reconfigurable pblock_CL            WRAPPER/CL/u_engine_chirho/c$ds_app_arg_reg[9788]_i_8/CI
    SLICE_X144Y355.CO7   CARRY8 (Prop_CARRY8_SLICEL_CI_CO[7])
                                                      0.015     6.749 r  reconfigurable pblock_CL            WRAPPER/CL/u_engine_chirho/c$ds_app_arg_reg[9788]_i_8/CO[7]
                         net (fo=1, routed)           0.026     6.775    reconfigurable                      WRAPPER/CL/u_engine_chirho/c$ds_app_arg_reg[9788]_i_8_n_0
    SLICE_X144Y356.CIN                                                r  reconfigurable pblock_CL            WRAPPER/CL/u_engine_chirho/c$ds_app_arg_reg[9796]_i_11/CI
    SLICE_X144Y356.O3    CARRY8 (Prop_CARRY8_SLICEL_CI_O[3])
                                                      0.082     6.857 r  reconfigurable pblock_CL            WRAPPER/CL/u_engine_chirho/c$ds_app_arg_reg[9796]_i_11/O[3]
                         net (fo=9, routed)           0.453     7.310    reconfigurable                      WRAPPER/CL/u_engine_chirho/ds40[59]
    SLICE_X142Y367.A5                                                 r  reconfigurable pblock_CL            WRAPPER/CL/u_engine_chirho/c$ds_app_arg[9600]_i_5/I0
    SLICE_X142Y367.O6    LUT6 (Prop_A6LUT_SLICEM_I0_O)
                                                      0.053     7.363 r  reconfigurable pblock_CL            WRAPPER/CL/u_engine_chirho/c$ds_app_arg[9600]_i_5/O
                         net (fo=1, routed)           0.011     7.374    reconfigurable                      WRAPPER/CL/u_engine_chirho/c$ds_app_arg[9600]_i_5_n_0
    SLICE_X142Y367.1                                                  r  reconfigurable pblock_CL            WRAPPER/CL/u_engine_chirho/c$ds_app_arg_reg[9600]_i_2/I1
    SLICE_X142Y367.OUT   MUXF7 (Prop_F7MUX_AB_SLICEM_I1_O)
                                                      0.065     7.439 r  reconfigurable pblock_CL            WRAPPER/CL/u_engine_chirho/c$ds_app_arg_reg[9600]_i_2/O
                         net (fo=2, routed)           0.134     7.573    reconfigurable                      WRAPPER/CL/u_engine_chirho/c$ds_app_arg_reg[9600]_i_2_n_0
    SLICE_X142Y366.A3                                                 r  reconfigurable pblock_CL            WRAPPER/CL/u_engine_chirho/c$ds_app_arg[9600]_i_1/I3
    SLICE_X142Y366.O6    LUT6 (Prop_F6LUT_SLICEM_I3_O)
                                                      0.098     7.671 r  reconfigurable pblock_CL            WRAPPER/CL/u_engine_chirho/c$ds_app_arg[9600]_i_1/O
                         net (fo=5, routed)           0.359     8.030    reconfigurable                      WRAPPER/CL/u_engine_chirho/resp_wire_chirho[315]
    SLICE_X136Y366.A1                                                 r  reconfigurable pblock_CL            WRAPPER/CL/u_engine_chirho/ocl_rdata_q_chirho[27]_i_8/I1
    SLICE_X136Y366.O6    LUT6 (Prop_G6LUT_SLICEL_I1_O)
                                                      0.149     8.179 r  reconfigurable pblock_CL            WRAPPER/CL/u_engine_chirho/ocl_rdata_q_chirho[27]_i_8/O
                         net (fo=1, routed)           0.092     8.271    reconfigurable                      WRAPPER/CL/u_engine_chirho/ocl_rdata_q_chirho[27]_i_8_n_0
    SLICE_X137Y366.A3                                                 r  reconfigurable pblock_CL            WRAPPER/CL/u_engine_chirho/ocl_rdata_q_chirho[27]_i_4/I5
    SLICE_X137Y366.O6    LUT6 (Prop_G6LUT_SLICEM_I5_O)
                                                      0.100     8.371 r  reconfigurable pblock_CL            WRAPPER/CL/u_engine_chirho/ocl_rdata_q_chirho[27]_i_4/O
                         net (fo=1, routed)           0.643     9.014    reconfigurable                      WRAPPER/CL/u_engine_chirho/ocl_rdata_q_chirho[27]_i_4_n_0
    SLICE_X156Y362.A5                                                 r  reconfigurable pblock_CL            WRAPPER/CL/u_engine_chirho/ocl_rdata_q_chirho[27]_i_1/I4
    SLICE_X156Y362.O6    LUT6 (Prop_B6LUT_SLICEM_I4_O)
                                                      0.052     9.066 r  reconfigurable pblock_CL            WRAPPER/CL/u_engine_chirho/ocl_rdata_q_chirho[27]_i_1/O
                         net (fo=1, routed)           0.059     9.125    reconfigurable                      WRAPPER/CL/u_engine_chirho_n_12
    SLICE_X156Y362.D     FDRE                                         r  reconfigurable pblock_CL            WRAPPER/CL/ocl_rdata_q_chirho_reg[27]/D
  -------------------------------------------------------------------    -------------------------------------------------------

                         (clock clk_main_a0 rise edge)
                                                      4.000     4.000 r                                      
    BJ4                                               0.000     4.000 r  static                              <hidden>
                         net (fo=0)                   0.079     4.079    static                              WRAPPER/IO_SHIM/IBUFDS_CLK_125/I
    HPIOBDIFFINBUF_X0Y130.DIFF_IN_P
                                                                      r  static                              WRAPPER/IO_SHIM/IBUFDS_CLK_125/DIFFINBUF_INST/DIFF_IN_P
    HPIOBDIFFINBUF_X0Y130.O
                         DIFFINBUF (Prop_DIFFINBUF_HPIOBDIFFINBUF_DIFF_IN_P_O)
                                                      0.750     4.829 r  static                              WRAPPER/IO_SHIM/IBUFDS_CLK_125/DIFFINBUF_INST/O
                         net (fo=1, routed)           0.040     4.869    static                              WRAPPER/IO_SHIM/IBUFDS_CLK_125/OUT
    BJ4.I                                                             r  static                              WRAPPER/IO_SHIM/IBUFDS_CLK_125/IBUFCTRL_INST/I
    BJ4.O                IBUFCTRL (Prop_IBUFCTRL_HPIOB_M_I_O)
                                                      0.000     4.869 r  static                              WRAPPER/IO_SHIM/IBUFDS_CLK_125/IBUFCTRL_INST/O
                         net (fo=1, routed)           0.309     5.178    static                              <hidden>
    BUFGCE_X0Y122.I                                                   r  static                              <hidden>
    BUFGCE_X0Y122.O      BUFGCE (Prop_BUFCE_BUFGCE_I_O)
                                                      0.024     5.202 r  static                              <hidden>
                         net (fo=3, routed)           1.690     6.892    static                              <hidden>
    MMCM_X0Y5.CLKIN1                                                  r  static                              <hidden>
    MMCM_X0Y5.CLKOUT0    MMCME4_ADV (Prop_MMCM_CLKIN1_CLKOUT0)
                                                      0.630     7.522 r  static                              <hidden>
                         net (fo=2, routed)           0.215     7.737    static                              <hidden>
    BUFGCE_X0Y135.I                                                   r  static                              <hidden>
    BUFGCE_X0Y135.O      BUFGCE (Prop_BUFCE_BUFGCE_I_O)
                                                      0.024     7.761 r  static                              <hidden>
    X3Y5 (CLOCK_ROOT)    net (fo=182, routed)         2.133     9.894    boundary                            WRAPPER/CL/clk_main_a0
    SLICE_X156Y362.CLK   FDRE                                         r  reconfigurable pblock_CL            WRAPPER/CL/ocl_rdata_q_chirho_reg[27]/C
                         clock pessimism             -0.304     9.591                                            
                         clock uncertainty           -0.059     9.532                                            
    SLICE_X156Y362       FDRE (Setup_BFF_SLICEM_C_D)
                                                      0.025     9.557    reconfigurable   pblock_CL              WRAPPER/CL/ocl_rdata_q_chirho_reg[27]
  -------------------------------------------------------------------
                         required time                          9.557                                            
                         arrival time                          -9.125                                            
  -------------------------------------------------------------------
                         slack                                  0.432                                            

Slack (MET) :             0.453ns  (required time - arrival time)
  Source:                 WRAPPER/CL/cmd_reg_chirho_reg[65]_rep/C
                            (rising edge-triggered cell FDRE clocked by clk_main_a0  {rise@0.000ns fall@2.000ns period=4.000ns})
  Destination:            WRAPPER/CL/ocl_rdata_q_chirho_reg[30]/D
                            (rising edge-triggered cell FDRE clocked by clk_main_a0  {rise@0.000ns fall@2.000ns period=4.000ns})
  Path Group:             clk_main_a0
  Path Type:              Setup (Max at Slow Process Corner)
  Requirement:            4.000ns  (clk_main_a0 rise@4.000ns - clk_main_a0 rise@0.000ns)
  Data Path Delay:        3.441ns  (logic 1.206ns (35.046%)  route 2.235ns (64.954%))
  Logic Levels:           16  (CARRY8=7 LUT1=1 LUT6=6 MUXF7=2)
  Clock Path Skew:        -0.072ns (DCD - SCD + CPR)
    Destination Clock Delay (DCD):    5.856ns = ( 9.856 - 4.000 ) 
    Source Clock Delay      (SCD):    5.625ns
    Clock Pessimism Removal (CPR):    -0.304ns
  Clock Uncertainty:      0.059ns  ((TSJ^2 + DJ^2)^1/2) / 2 + PE
    Total System Jitter     (TSJ):    0.071ns
    Discrete Jitter          (DJ):    0.094ns
    Phase Error              (PE):    0.000ns
  Clock Net Delay (Source):      2.207ns (routing 0.461ns, distribution 1.746ns)
  Clock Net Delay (Destination): 2.095ns (routing 0.421ns, distribution 1.674ns)

    Location             Delay type                Incr(ns)  Path(ns)    Partition      PBlock               Netlist Resource(s)
  -------------------------------------------------------------------    -------------------------------------------------------
                         (clock clk_main_a0 rise edge)
                                                      0.000     0.000 r                                      
    BJ4                                               0.000     0.000 r  static                              <hidden>
                         net (fo=0)                   0.100     0.100    static                              WRAPPER/IO_SHIM/IBUFDS_CLK_125/I
    HPIOBDIFFINBUF_X0Y130.DIFF_IN_P
                                                                      r  static                              WRAPPER/IO_SHIM/IBUFDS_CLK_125/DIFFINBUF_INST/DIFF_IN_P
    HPIOBDIFFINBUF_X0Y130.O
                         DIFFINBUF (Prop_DIFFINBUF_HPIOBDIFFINBUF_DIFF_IN_P_O)
                                                      0.863     0.963 r  static                              WRAPPER/IO_SHIM/IBUFDS_CLK_125/DIFFINBUF_INST/O
                         net (fo=1, routed)           0.050     1.013    static                              WRAPPER/IO_SHIM/IBUFDS_CLK_125/OUT
    BJ4.I                                                             r  static                              WRAPPER/IO_SHIM/IBUFDS_CLK_125/IBUFCTRL_INST/I
    BJ4.O                IBUFCTRL (Prop_IBUFCTRL_HPIOB_M_I_O)
                                                      0.000     1.013 r  static                              WRAPPER/IO_SHIM/IBUFDS_CLK_125/IBUFCTRL_INST/O
                         net (fo=1, routed)           0.348     1.361    static                              <hidden>
    BUFGCE_X0Y122.I                                                   r  static                              <hidden>
    BUFGCE_X0Y122.O      BUFGCE (Prop_BUFCE_BUFGCE_I_O)
                                                      0.028     1.389 r  static                              <hidden>
                         net (fo=3, routed)           1.883     3.272    static                              <hidden>
    MMCM_X0Y5.CLKIN1                                                  r  static                              <hidden>
    MMCM_X0Y5.CLKOUT0    MMCME4_ADV (Prop_MMCM_CLKIN1_CLKOUT0)
                                                     -0.127     3.145 r  static                              <hidden>
                         net (fo=2, routed)           0.245     3.390    static                              <hidden>
    BUFGCE_X0Y135.I                                                   r  static                              <hidden>
    BUFGCE_X0Y135.O      BUFGCE (Prop_BUFCE_BUFGCE_I_O)
                                                      0.028     3.418 r  static                              <hidden>
    X3Y5 (CLOCK_ROOT)    net (fo=182, routed)         2.207     5.625    boundary                            WRAPPER/CL/clk_main_a0
    SLICE_X144Y348.CLK   FDRE                                         r  reconfigurable pblock_CL            WRAPPER/CL/cmd_reg_chirho_reg[65]_rep/C
  -------------------------------------------------------------------    -------------------------------------------------------
    SLICE_X144Y348.Q     FDRE (Prop_BFF2_SLICEL_C_Q)
                                                      0.080     5.705 r  reconfigurable pblock_CL            WRAPPER/CL/cmd_reg_chirho_reg[65]_rep/Q
                         net (fo=86, routed)          0.170     5.875    reconfigurable                      WRAPPER/CL/u_engine_chirho/c$ds_app_arg_reg[9257]_i_3_0
    SLICE_X145Y348.A2                                                 r  reconfigurable pblock_CL            WRAPPER/CL/u_engine_chirho/c$ds_app_arg[9229]_i_4/I2
    SLICE_X145Y348.O6    LUT6 (Prop_B6LUT_SLICEM_I2_O)
                                                      0.125     6.000 f  reconfigurable pblock_CL            WRAPPER/CL/u_engine_chirho/c$ds_app_arg[9229]_i_4/O
                         net (fo=1, routed)           0.017     6.017    reconfigurable                      WRAPPER/CL/u_engine_chirho/c$ds_app_arg[9229]_i_4_n_0
    SLICE_X145Y348.0                                                  f  reconfigurable pblock_CL            WRAPPER/CL/u_engine_chirho/c$ds_app_arg_reg[9229]_i_3/I0
    SLICE_X145Y348.OUT   MUXF7 (Prop_F7MUX_AB_SLICEM_I0_O)
                                                      0.067     6.084 f  reconfigurable pblock_CL            WRAPPER/CL/u_engine_chirho/c$ds_app_arg_reg[9229]_i_3/O
                         net (fo=35, routed)          0.245     6.329    reconfigurable                      WRAPPER/CL/u_engine_chirho/vecArray_0__0[13]
    SLICE_X144Y350.A5                                                 f  reconfigurable pblock_CL            WRAPPER/CL/u_engine_chirho/c$ds_app_arg[9748]_i_16/I0
    SLICE_X144Y350.O6    LUT1 (Prop_F6LUT_SLICEL_I0_O)
                                                      0.049     6.378 r  reconfigurable pblock_CL            WRAPPER/CL/u_engine_chirho/c$ds_app_arg[9748]_i_16/O
                         net (fo=1, routed)           0.011     6.389    reconfigurable                      WRAPPER/CL/u_engine_chirho/c$ds_app_arg[9748]_i_16_n_0
    SLICE_X144Y350.S5                                                 r  reconfigurable pblock_CL            WRAPPER/CL/u_engine_chirho/c$ds_app_arg_reg[9748]_i_8/S[5]
    SLICE_X144Y350.CO7   CARRY8 (Prop_CARRY8_SLICEL_S[5]_CO[7])
                                                      0.155     6.544 r  reconfigurable pblock_CL            WRAPPER/CL/u_engine_chirho/c$ds_app_arg_reg[9748]_i_8/CO[7]
                         net (fo=1, routed)           0.026     6.570    reconfigurable                      WRAPPER/CL/u_engine_chirho/c$ds_app_arg_reg[9748]_i_8_n_0
    SLICE_X144Y351.CIN                                                r  reconfigurable pblock_CL            WRAPPER/CL/u_engine_chirho/c$ds_app_arg_reg[9756]_i_8/CI
    SLICE_X144Y351.CO7   CARRY8 (Prop_CARRY8_SLICEL_CI_CO[7])
                                                      0.015     6.585 r  reconfigurable pblock_CL            WRAPPER/CL/u_engine_chirho/c$ds_app_arg_reg[9756]_i_8/CO[7]
                         net (fo=1, routed)           0.026     6.611    reconfigurable                      WRAPPER/CL/u_engine_chirho/c$ds_app_arg_reg[9756]_i_8_n_0
    SLICE_X144Y352.CIN                                                r  reconfigurable pblock_CL            WRAPPER/CL/u_engine_chirho/c$ds_app_arg_reg[9764]_i_8/CI
    SLICE_X144Y352.CO7   CARRY8 (Prop_CARRY8_SLICEL_CI_CO[7])
                                                      0.015     6.626 r  reconfigurable pblock_CL            WRAPPER/CL/u_engine_chirho/c$ds_app_arg_reg[9764]_i_8/CO[7]
                         net (fo=1, routed)           0.026     6.652    reconfigurable                      WRAPPER/CL/u_engine_chirho/c$ds_app_arg_reg[9764]_i_8_n_0
    SLICE_X144Y353.CIN                                                r  reconfigurable pblock_CL            WRAPPER/CL/u_engine_chirho/c$ds_app_arg_reg[9772]_i_8/CI
    SLICE_X144Y353.CO7   CARRY8 (Prop_CARRY8_SLICEL_CI_CO[7])
                                                      0.015     6.667 r  reconfigurable pblock_CL            WRAPPER/CL/u_engine_chirho/c$ds_app_arg_reg[9772]_i_8/CO[7]
                         net (fo=1, routed)           0.026     6.693    reconfigurable                      WRAPPER/CL/u_engine_chirho/c$ds_app_arg_reg[9772]_i_8_n_0
    SLICE_X144Y354.CIN                                                r  reconfigurable pblock_CL            WRAPPER/CL/u_engine_chirho/c$ds_app_arg_reg[9780]_i_8/CI
    SLICE_X144Y354.CO7   CARRY8 (Prop_CARRY8_SLICEL_CI_CO[7])
                                                      0.015     6.708 r  reconfigurable pblock_CL            WRAPPER/CL/u_engine_chirho/c$ds_app_arg_reg[9780]_i_8/CO[7]
                         net (fo=1, routed)           0.026     6.734    reconfigurable                      WRAPPER/CL/u_engine_chirho/c$ds_app_arg_reg[9780]_i_8_n_0
    SLICE_X144Y355.CIN                                                r  reconfigurable pblock_CL            WRAPPER/CL/u_engine_chirho/c$ds_app_arg_reg[9788]_i_8/CI
    SLICE_X144Y355.CO7   CARRY8 (Prop_CARRY8_SLICEL_CI_CO[7])
                                                      0.015     6.749 r  reconfigurable pblock_CL            WRAPPER/CL/u_engine_chirho/c$ds_app_arg_reg[9788]_i_8/CO[7]
                         net (fo=1, routed)           0.026     6.775    reconfigurable                      WRAPPER/CL/u_engine_chirho/c$ds_app_arg_reg[9788]_i_8_n_0
    SLICE_X144Y356.CIN                                                r  reconfigurable pblock_CL            WRAPPER/CL/u_engine_chirho/c$ds_app_arg_reg[9796]_i_11/CI
    SLICE_X144Y356.O6    CARRY8 (Prop_CARRY8_SLICEL_CI_O[6])
                                                      0.103     6.878 r  reconfigurable pblock_CL            WRAPPER/CL/u_engine_chirho/c$ds_app_arg_reg[9796]_i_11/O[6]
                         net (fo=9, routed)           0.453     7.331    reconfigurable                      WRAPPER/CL/u_engine_chirho/ds40[62]
    SLICE_X140Y365.A6                                                 r  reconfigurable pblock_CL            WRAPPER/CL/u_engine_chirho/c$ds_app_arg[9731]_i_5/I0
    SLICE_X140Y365.O6    LUT6 (Prop_A6LUT_SLICEL_I0_O)
                                                      0.035     7.366 r  reconfigurable pblock_CL            WRAPPER/CL/u_engine_chirho/c$ds_app_arg[9731]_i_5/O
                         net (fo=1, routed)           0.009     7.375    reconfigurable                      WRAPPER/CL/u_engine_chirho/c$ds_app_arg[9731]_i_5_n_0
    SLICE_X140Y365.1                                                  r  reconfigurable pblock_CL            WRAPPER/CL/u_engine_chirho/c$ds_app_arg_reg[9731]_i_2/I1
    SLICE_X140Y365.OUT   MUXF7 (Prop_F7MUX_AB_SLICEL_I1_O)
                                                      0.064     7.439 r  reconfigurable pblock_CL            WRAPPER/CL/u_engine_chirho/c$ds_app_arg_reg[9731]_i_2/O
                         net (fo=2, routed)           0.194     7.633    reconfigurable                      WRAPPER/CL/u_engine_chirho/c$ds_app_arg_reg[9731]_i_2_n_0
    SLICE_X137Y365.A2                                                 r  reconfigurable pblock_CL            WRAPPER/CL/u_engine_chirho/c$ds_app_arg[9731]_i_1/I2
    SLICE_X137Y365.O6    LUT6 (Prop_C6LUT_SLICEM_I2_O)
                                                      0.123     7.756 r  reconfigurable pblock_CL            WRAPPER/CL/u_engine_chirho/c$ds_app_arg[9731]_i_1/O
                         net (fo=5, routed)           0.312     8.068    reconfigurable                      WRAPPER/CL/u_engine_chirho/resp_wire_chirho[446]
    SLICE_X136Y364.A1                                                 r  reconfigurable pblock_CL            WRAPPER/CL/u_engine_chirho/ocl_rdata_q_chirho[30]_i_8/I0
    SLICE_X136Y364.O6    LUT6 (Prop_E6LUT_SLICEL_I0_O)
                                                      0.147     8.215 r  reconfigurable pblock_CL            WRAPPER/CL/u_engine_chirho/ocl_rdata_q_chirho[30]_i_8/O
                         net (fo=1, routed)           0.147     8.362    reconfigurable                      WRAPPER/CL/u_engine_chirho/ocl_rdata_q_chirho[30]_i_8_n_0
    SLICE_X135Y363.A1                                                 r  reconfigurable pblock_CL            WRAPPER/CL/u_engine_chirho/ocl_rdata_q_chirho[30]_i_4/I5
    SLICE_X135Y363.O6    LUT6 (Prop_E6LUT_SLICEL_I5_O)
                                                      0.147     8.509 r  reconfigurable pblock_CL            WRAPPER/CL/u_engine_chirho/ocl_rdata_q_chirho[30]_i_4/O
                         net (fo=1, routed)           0.472     8.981    reconfigurable                      WRAPPER/CL/u_engine_chirho/ocl_rdata_q_chirho[30]_i_4_n_0
    SLICE_X153Y366.A6                                                 r  reconfigurable pblock_CL            WRAPPER/CL/u_engine_chirho/ocl_rdata_q_chirho[30]_i_1/I4
    SLICE_X153Y366.O6    LUT6 (Prop_D6LUT_SLICEL_I4_O)
                                                      0.036     9.017 r  reconfigurable pblock_CL            WRAPPER/CL/u_engine_chirho/ocl_rdata_q_chirho[30]_i_1/O
                         net (fo=1, routed)           0.049     9.066    reconfigurable                      WRAPPER/CL/u_engine_chirho_n_9
    SLICE_X153Y366.D     FDRE                                         r  reconfigurable pblock_CL            WRAPPER/CL/ocl_rdata_q_chirho_reg[30]/D
  -------------------------------------------------------------------    -------------------------------------------------------

                         (clock clk_main_a0 rise edge)
                                                      4.000     4.000 r                                      
    BJ4                                               0.000     4.000 r  static                              <hidden>
                         net (fo=0)                   0.079     4.079    static                              WRAPPER/IO_SHIM/IBUFDS_CLK_125/I
    HPIOBDIFFINBUF_X0Y130.DIFF_IN_P
                                                                      r  static                              WRAPPER/IO_SHIM/IBUFDS_CLK_125/DIFFINBUF_INST/DIFF_IN_P
    HPIOBDIFFINBUF_X0Y130.O
                         DIFFINBUF (Prop_DIFFINBUF_HPIOBDIFFINBUF_DIFF_IN_P_O)
                                                      0.750     4.829 r  static                              WRAPPER/IO_SHIM/IBUFDS_CLK_125/DIFFINBUF_INST/O
                         net (fo=1, routed)           0.040     4.869    static                              WRAPPER/IO_SHIM/IBUFDS_CLK_125/OUT
    BJ4.I                                                             r  static                              WRAPPER/IO_SHIM/IBUFDS_CLK_125/IBUFCTRL_INST/I
    BJ4.O                IBUFCTRL (Prop_IBUFCTRL_HPIOB_M_I_O)
                                                      0.000     4.869 r  static                              WRAPPER/IO_SHIM/IBUFDS_CLK_125/IBUFCTRL_INST/O
                         net (fo=1, routed)           0.309     5.178    static                              <hidden>
    BUFGCE_X0Y122.I                                                   r  static                              <hidden>
    BUFGCE_X0Y122.O      BUFGCE (Prop_BUFCE_BUFGCE_I_O)
                                                      0.024     5.202 r  static                              <hidden>
                         net (fo=3, routed)           1.690     6.892    static                              <hidden>
    MMCM_X0Y5.CLKIN1                                                  r  static                              <hidden>
    MMCM_X0Y5.CLKOUT0    MMCME4_ADV (Prop_MMCM_CLKIN1_CLKOUT0)
                                                      0.630     7.522 r  static                              <hidden>
                         net (fo=2, routed)           0.215     7.737    static                              <hidden>
    BUFGCE_X0Y135.I                                                   r  static                              <hidden>
    BUFGCE_X0Y135.O      BUFGCE (Prop_BUFCE_BUFGCE_I_O)
                                                      0.024     7.761 r  static                              <hidden>
    X3Y5 (CLOCK_ROOT)    net (fo=182, routed)         2.095     9.856    boundary                            WRAPPER/CL/clk_main_a0
    SLICE_X153Y366.CLK   FDRE                                         r  reconfigurable pblock_CL            WRAPPER/CL/ocl_rdata_q_chirho_reg[30]/C
                         clock pessimism             -0.304     9.553                                            
                         clock uncertainty           -0.059     9.494                                            
    SLICE_X153Y366       FDRE (Setup_DFF_SLICEL_C_D)
                                                      0.025     9.519    reconfigurable   pblock_CL              WRAPPER/CL/ocl_rdata_q_chirho_reg[30]
  -------------------------------------------------------------------
                         required time                          9.519                                            
                         arrival time                          -9.066                                            
  -------------------------------------------------------------------
                         slack                                  0.453                                            

Slack (MET) :             0.462ns  (required time - arrival time)
  Source:                 WRAPPER/CL/rst_pipe_chirho/pipe_reg[3][0]/C
                            (rising edge-triggered cell FDRE clocked by clk_main_a0  {rise@0.000ns fall@2.000ns period=4.000ns})
  Destination:            WRAPPER/CL/clk_div_chirho_reg[0]/CLR
                            (recovery check against rising-edge clock clk_main_a0  {rise@0.000ns fall@2.000ns period=4.000ns})
  Path Group:             **async_default**
  Path Type:              Recovery (Max at Slow Process Corner)
  Requirement:            4.000ns  (clk_main_a0 rise@4.000ns - clk_main_a0 rise@0.000ns)
  Data Path Delay:        2.877ns  (logic 0.076ns (2.641%)  route 2.801ns (97.359%))
  Logic Levels:           0  
  Clock Path Skew:        -0.311ns (DCD - SCD + CPR)
    Destination Clock Delay (DCD):    5.729ns = ( 9.729 - 4.000 ) 
    Source Clock Delay      (SCD):    5.741ns
    Clock Pessimism Removal (CPR):    -0.300ns
  Clock Uncertainty:      0.059ns  ((TSJ^2 + DJ^2)^1/2) / 2 + PE
    Total System Jitter     (TSJ):    0.071ns
    Discrete Jitter          (DJ):    0.094ns
    Phase Error              (PE):    0.000ns
  Inter-SLR Compensation: 0.225ns  ((DCD - CCD) * PF)
    Destination Clock Delay (DCD):    5.729ns
    Common Clock Delay      (CCD):    4.227ns
    Prorating Factor         (PF):    0.150
  Clock Net Delay (Source):      2.323ns (routing 0.461ns, distribution 1.862ns)
  Clock Net Delay (Destination): 1.968ns (routing 0.421ns, distribution 1.547ns)

    Location             Delay type                Incr(ns)  Path(ns)    Partition      PBlock               Netlist Resource(s)
  -------------------------------------------------------------------    -------------------------------------------------------
                         (clock clk_main_a0 rise edge)
                                                      0.000     0.000 r                                      
    BJ4                                               0.000     0.000 r  static                              <hidden>
                         net (fo=0)                   0.100     0.100    static                              WRAPPER/IO_SHIM/IBUFDS_CLK_125/I
    HPIOBDIFFINBUF_X0Y130.DIFF_IN_P
                                                                      r  static                              WRAPPER/IO_SHIM/IBUFDS_CLK_125/DIFFINBUF_INST/DIFF_IN_P
    HPIOBDIFFINBUF_X0Y130.O
                         DIFFINBUF (Prop_DIFFINBUF_HPIOBDIFFINBUF_DIFF_IN_P_O)
                                                      0.863     0.963 r  static                              WRAPPER/IO_SHIM/IBUFDS_CLK_125/DIFFINBUF_INST/O
                         net (fo=1, routed)           0.050     1.013    static                              WRAPPER/IO_SHIM/IBUFDS_CLK_125/OUT
    BJ4.I                                                             r  static                              WRAPPER/IO_SHIM/IBUFDS_CLK_125/IBUFCTRL_INST/I
    BJ4.O                IBUFCTRL (Prop_IBUFCTRL_HPIOB_M_I_O)
                                                      0.000     1.013 r  static                              WRAPPER/IO_SHIM/IBUFDS_CLK_125/IBUFCTRL_INST/O
                         net (fo=1, routed)           0.348     1.361    static                              <hidden>
    BUFGCE_X0Y122.I                                                   r  static                              <hidden>
    BUFGCE_X0Y122.O      BUFGCE (Prop_BUFCE_BUFGCE_I_O)
                                                      0.028     1.389 r  static                              <hidden>
                         net (fo=3, routed)           1.883     3.272    static                              <hidden>
    MMCM_X0Y5.CLKIN1                                                  r  static                              <hidden>
    MMCM_X0Y5.CLKOUT0    MMCME4_ADV (Prop_MMCM_CLKIN1_CLKOUT0)
                                                     -0.127     3.145 r  static                              <hidden>
                         net (fo=2, routed)           0.245     3.390    static                              <hidden>
    BUFGCE_X0Y135.I                                                   r  static                              <hidden>
    BUFGCE_X0Y135.O      BUFGCE (Prop_BUFCE_BUFGCE_I_O)
                                                      0.028     3.418 r  static                              <hidden>
    X3Y5 (CLOCK_ROOT)    net (fo=182, routed)         2.323     5.741    boundary                            WRAPPER/CL/rst_pipe_chirho/clk_main_a0
    SLICE_X166Y345.CLK   FDRE                                         r  reconfigurable pblock_CL            WRAPPER/CL/rst_pipe_chirho/pipe_reg[3][0]/C
  -------------------------------------------------------------------    -------------------------------------------------------
    SLICE_X166Y345.Q     FDRE (Prop_EFF_SLICEM_C_Q)
                                                      0.076     5.817 r  reconfigurable pblock_CL            WRAPPER/CL/rst_pipe_chirho/pipe_reg[3][0]/Q
                         net (fo=131, routed)         2.801     8.618    reconfigurable                      WRAPPER/CL/rst_pipe_chirho_n_3
    SLR Crossing[1->0]   
    SLICE_X123Y211.SR    FDCE                                         f  reconfigurable pblock_CL            WRAPPER/CL/clk_div_chirho_reg[0]/CLR  (IS_INVERTED)
  -------------------------------------------------------------------    -------------------------------------------------------

                         (clock clk_main_a0 rise edge)
                                                      4.000     4.000 r                                      
    BJ4                                               0.000     4.000 r  static                              <hidden>
                         net (fo=0)                   0.079     4.079    static                              WRAPPER/IO_SHIM/IBUFDS_CLK_125/I
    HPIOBDIFFINBUF_X0Y130.DIFF_IN_P
                                                                      r  static                              WRAPPER/IO_SHIM/IBUFDS_CLK_125/DIFFINBUF_INST/DIFF_IN_P
    HPIOBDIFFINBUF_X0Y130.O
                         DIFFINBUF (Prop_DIFFINBUF_HPIOBDIFFINBUF_DIFF_IN_P_O)
                                                      0.750     4.829 r  static                              WRAPPER/IO_SHIM/IBUFDS_CLK_125/DIFFINBUF_INST/O
                         net (fo=1, routed)           0.040     4.869    static                              WRAPPER/IO_SHIM/IBUFDS_CLK_125/OUT
    BJ4.I                                                             r  static                              WRAPPER/IO_SHIM/IBUFDS_CLK_125/IBUFCTRL_INST/I
    BJ4.O                IBUFCTRL (Prop_IBUFCTRL_HPIOB_M_I_O)
                                                      0.000     4.869 r  static                              WRAPPER/IO_SHIM/IBUFDS_CLK_125/IBUFCTRL_INST/O
                         net (fo=1, routed)           0.309     5.178    static                              <hidden>
    BUFGCE_X0Y122.I                                                   r  static                              <hidden>
    BUFGCE_X0Y122.O      BUFGCE (Prop_BUFCE_BUFGCE_I_O)
                                                      0.024     5.202 r  static                              <hidden>
                         net (fo=3, routed)           1.690     6.892    static                              <hidden>
    MMCM_X0Y5.CLKIN1                                                  r  static                              <hidden>
    MMCM_X0Y5.CLKOUT0    MMCME4_ADV (Prop_MMCM_CLKIN1_CLKOUT0)
                                                      0.630     7.522 r  static                              <hidden>
                         net (fo=2, routed)           0.215     7.737    static                              <hidden>
    BUFGCE_X0Y135.I                                                   r  static                              <hidden>
    BUFGCE_X0Y135.O      BUFGCE (Prop_BUFCE_BUFGCE_I_O)
                                                      0.024     7.761 r  static                              <hidden>
    X3Y5 (CLOCK_ROOT)    net (fo=182, routed)         1.968     9.729    boundary                            WRAPPER/CL/clk_main_a0
    SLR Crossing[1->0]   
    SLICE_X123Y211.CLK   FDCE                                         r  reconfigurable pblock_CL            WRAPPER/CL/clk_div_chirho_reg[0]/C
                         clock pessimism             -0.300     9.430                                            
                         inter-SLR compensation      -0.225     9.204                                            
                         clock uncertainty           -0.059     9.146                                            
    SLICE_X123Y211       FDCE (Recov_DFF_SLICEL_C_CLR)
                                                     -0.066     9.080    reconfigurable   pblock_CL              WRAPPER/CL/clk_div_chirho_reg[0]
  -------------------------------------------------------------------
                         required time                          9.080                                            
                         arrival time                          -8.618                                            
  -------------------------------------------------------------------
                         slack                                  0.462                                            

Slack (MET) :             0.462ns  (required time - arrival time)
  Source:                 WRAPPER/CL/rst_pipe_chirho/pipe_reg[3][0]/C
                            (rising edge-triggered cell FDRE clocked by clk_main_a0  {rise@0.000ns fall@2.000ns period=4.000ns})
  Destination:            WRAPPER/CL/clk_div_chirho_reg[1]/CLR
                            (recovery check against rising-edge clock clk_main_a0  {rise@0.000ns fall@2.000ns period=4.000ns})
  Path Group:             **async_default**
  Path Type:              Recovery (Max at Slow Process Corner)
  Requirement:            4.000ns  (clk_main_a0 rise@4.000ns - clk_main_a0 rise@0.000ns)
  Data Path Delay:        2.877ns  (logic 0.076ns (2.641%)  route 2.801ns (97.359%))
  Logic Levels:           0  
  Clock Path Skew:        -0.311ns (DCD - SCD + CPR)
    Destination Clock Delay (DCD):    5.729ns = ( 9.729 - 4.000 ) 
    Source Clock Delay      (SCD):    5.741ns
    Clock Pessimism Removal (CPR):    -0.300ns
  Clock Uncertainty:      0.059ns  ((TSJ^2 + DJ^2)^1/2) / 2 + PE
    Total System Jitter     (TSJ):    0.071ns
    Discrete Jitter          (DJ):    0.094ns
    Phase Error              (PE):    0.000ns
  Inter-SLR Compensation: 0.225ns  ((DCD - CCD) * PF)
    Destination Clock Delay (DCD):    5.729ns
    Common Clock Delay      (CCD):    4.227ns
    Prorating Factor         (PF):    0.150
  Clock Net Delay (Source):      2.323ns (routing 0.461ns, distribution 1.862ns)
  Clock Net Delay (Destination): 1.968ns (routing 0.421ns, distribution 1.547ns)

    Location             Delay type                Incr(ns)  Path(ns)    Partition      PBlock               Netlist Resource(s)
  -------------------------------------------------------------------    -------------------------------------------------------
                         (clock clk_main_a0 rise edge)
                                                      0.000     0.000 r                                      
    BJ4                                               0.000     0.000 r  static                              <hidden>
                         net (fo=0)                   0.100     0.100    static                              WRAPPER/IO_SHIM/IBUFDS_CLK_125/I
    HPIOBDIFFINBUF_X0Y130.DIFF_IN_P
                                                                      r  static                              WRAPPER/IO_SHIM/IBUFDS_CLK_125/DIFFINBUF_INST/DIFF_IN_P
    HPIOBDIFFINBUF_X0Y130.O
                         DIFFINBUF (Prop_DIFFINBUF_HPIOBDIFFINBUF_DIFF_IN_P_O)
                                                      0.863     0.963 r  static                              WRAPPER/IO_SHIM/IBUFDS_CLK_125/DIFFINBUF_INST/O
                         net (fo=1, routed)           0.050     1.013    static                              WRAPPER/IO_SHIM/IBUFDS_CLK_125/OUT
    BJ4.I                                                             r  static                              WRAPPER/IO_SHIM/IBUFDS_CLK_125/IBUFCTRL_INST/I
    BJ4.O                IBUFCTRL (Prop_IBUFCTRL_HPIOB_M_I_O)
                                                      0.000     1.013 r  static                              WRAPPER/IO_SHIM/IBUFDS_CLK_125/IBUFCTRL_INST/O
                         net (fo=1, routed)           0.348     1.361    static                              <hidden>
    BUFGCE_X0Y122.I                                                   r  static                              <hidden>
    BUFGCE_X0Y122.O      BUFGCE (Prop_BUFCE_BUFGCE_I_O)
                                                      0.028     1.389 r  static                              <hidden>
                         net (fo=3, routed)           1.883     3.272    static                              <hidden>
    MMCM_X0Y5.CLKIN1                                                  r  static                              <hidden>
    MMCM_X0Y5.CLKOUT0    MMCME4_ADV (Prop_MMCM_CLKIN1_CLKOUT0)
                                                     -0.127     3.145 r  static                              <hidden>
                         net (fo=2, routed)           0.245     3.390    static                              <hidden>
    BUFGCE_X0Y135.I                                                   r  static                              <hidden>
    BUFGCE_X0Y135.O      BUFGCE (Prop_BUFCE_BUFGCE_I_O)
                                                      0.028     3.418 r  static                              <hidden>
    X3Y5 (CLOCK_ROOT)    net (fo=182, routed)         2.323     5.741    boundary                            WRAPPER/CL/rst_pipe_chirho/clk_main_a0
    SLICE_X166Y345.CLK   FDRE                                         r  reconfigurable pblock_CL            WRAPPER/CL/rst_pipe_chirho/pipe_reg[3][0]/C
  -------------------------------------------------------------------    -------------------------------------------------------
    SLICE_X166Y345.Q     FDRE (Prop_EFF_SLICEM_C_Q)
                                                      0.076     5.817 r  reconfigurable pblock_CL            WRAPPER/CL/rst_pipe_chirho/pipe_reg[3][0]/Q
                         net (fo=131, routed)         2.801     8.618    reconfigurable                      WRAPPER/CL/rst_pipe_chirho_n_3
    SLR Crossing[1->0]   
    SLICE_X123Y211.SR    FDCE                                         f  reconfigurable pblock_CL            WRAPPER/CL/clk_div_chirho_reg[1]/CLR  (IS_INVERTED)
  -------------------------------------------------------------------    -------------------------------------------------------

                         (clock clk_main_a0 rise edge)
                                                      4.000     4.000 r                                      
    BJ4                                               0.000     4.000 r  static                              <hidden>
                         net (fo=0)                   0.079     4.079    static                              WRAPPER/IO_SHIM/IBUFDS_CLK_125/I
    HPIOBDIFFINBUF_X0Y130.DIFF_IN_P
                                                                      r  static                              WRAPPER/IO_SHIM/IBUFDS_CLK_125/DIFFINBUF_INST/DIFF_IN_P
    HPIOBDIFFINBUF_X0Y130.O
                         DIFFINBUF (Prop_DIFFINBUF_HPIOBDIFFINBUF_DIFF_IN_P_O)
                                                      0.750     4.829 r  static                              WRAPPER/IO_SHIM/IBUFDS_CLK_125/DIFFINBUF_INST/O
                         net (fo=1, routed)           0.040     4.869    static                              WRAPPER/IO_SHIM/IBUFDS_CLK_125/OUT
    BJ4.I                                                             r  static                              WRAPPER/IO_SHIM/IBUFDS_CLK_125/IBUFCTRL_INST/I
    BJ4.O                IBUFCTRL (Prop_IBUFCTRL_HPIOB_M_I_O)
                                                      0.000     4.869 r  static                              WRAPPER/IO_SHIM/IBUFDS_CLK_125/IBUFCTRL_INST/O
                         net (fo=1, routed)           0.309     5.178    static                              <hidden>
    BUFGCE_X0Y122.I                                                   r  static                              <hidden>
    BUFGCE_X0Y122.O      BUFGCE (Prop_BUFCE_BUFGCE_I_O)
                                                      0.024     5.202 r  static                              <hidden>
                         net (fo=3, routed)           1.690     6.892    static                              <hidden>
    MMCM_X0Y5.CLKIN1                                                  r  static                              <hidden>
    MMCM_X0Y5.CLKOUT0    MMCME4_ADV (Prop_MMCM_CLKIN1_CLKOUT0)
                                                      0.630     7.522 r  static                              <hidden>
                         net (fo=2, routed)           0.215     7.737    static                              <hidden>
    BUFGCE_X0Y135.I                                                   r  static                              <hidden>
    BUFGCE_X0Y135.O      BUFGCE (Prop_BUFCE_BUFGCE_I_O)
                                                      0.024     7.761 r  static                              <hidden>
    X3Y5 (CLOCK_ROOT)    net (fo=182, routed)         1.968     9.729    boundary                            WRAPPER/CL/clk_main_a0
    SLR Crossing[1->0]   
    SLICE_X123Y211.CLK   FDCE                                         r  reconfigurable pblock_CL            WRAPPER/CL/clk_div_chirho_reg[1]/C
                         clock pessimism             -0.300     9.430                                            
                         inter-SLR compensation      -0.225     9.204                                            
                         clock uncertainty           -0.059     9.146                                            
    SLICE_X123Y211       FDCE (Recov_DFF2_SLICEL_C_CLR)
                                                     -0.066     9.080    reconfigurable   pblock_CL              WRAPPER/CL/clk_div_chirho_reg[1]
  -------------------------------------------------------------------
                         required time                          9.080                                            
                         arrival time                          -8.618                                            
  -------------------------------------------------------------------
                         slack                                  0.462                                            

Slack (MET) :             0.469ns  (required time - arrival time)
  Source:                 WRAPPER/CL/cmd_reg_chirho_reg[65]_rep/C
                            (rising edge-triggered cell FDRE clocked by clk_main_a0  {rise@0.000ns fall@2.000ns period=4.000ns})
  Destination:            WRAPPER/CL/ocl_rdata_q_chirho_reg[7]/D
                            (rising edge-triggered cell FDRE clocked by clk_main_a0  {rise@0.000ns fall@2.000ns period=4.000ns})
  Path Group:             clk_main_a0
  Path Type:              Setup (Max at Slow Process Corner)
  Requirement:            4.000ns  (clk_main_a0 rise@4.000ns - clk_main_a0 rise@0.000ns)
  Data Path Delay:        3.452ns  (logic 1.144ns (33.137%)  route 2.308ns (66.863%))
  Logic Levels:           13  (CARRY8=4 LUT1=1 LUT6=6 MUXF7=2)
  Clock Path Skew:        -0.045ns (DCD - SCD + CPR)
    Destination Clock Delay (DCD):    5.883ns = ( 9.883 - 4.000 ) 
    Source Clock Delay      (SCD):    5.625ns
    Clock Pessimism Removal (CPR):    -0.304ns
  Clock Uncertainty:      0.059ns  ((TSJ^2 + DJ^2)^1/2) / 2 + PE
    Total System Jitter     (TSJ):    0.071ns
    Discrete Jitter          (DJ):    0.094ns
    Phase Error              (PE):    0.000ns
  Clock Net Delay (Source):      2.207ns (routing 0.461ns, distribution 1.746ns)
  Clock Net Delay (Destination): 2.122ns (routing 0.421ns, distribution 1.701ns)

    Location             Delay type                Incr(ns)  Path(ns)    Partition      PBlock               Netlist Resource(s)
  -------------------------------------------------------------------    -------------------------------------------------------
                         (clock clk_main_a0 rise edge)
                                                      0.000     0.000 r                                      
    BJ4                                               0.000     0.000 r  static                              <hidden>
                         net (fo=0)                   0.100     0.100    static                              WRAPPER/IO_SHIM/IBUFDS_CLK_125/I
    HPIOBDIFFINBUF_X0Y130.DIFF_IN_P
                                                                      r  static                              WRAPPER/IO_SHIM/IBUFDS_CLK_125/DIFFINBUF_INST/DIFF_IN_P
    HPIOBDIFFINBUF_X0Y130.O
                         DIFFINBUF (Prop_DIFFINBUF_HPIOBDIFFINBUF_DIFF_IN_P_O)
                                                      0.863     0.963 r  static                              WRAPPER/IO_SHIM/IBUFDS_CLK_125/DIFFINBUF_INST/O
                         net (fo=1, routed)           0.050     1.013    static                              WRAPPER/IO_SHIM/IBUFDS_CLK_125/OUT
    BJ4.I                                                             r  static                              WRAPPER/IO_SHIM/IBUFDS_CLK_125/IBUFCTRL_INST/I
    BJ4.O                IBUFCTRL (Prop_IBUFCTRL_HPIOB_M_I_O)
                                                      0.000     1.013 r  static                              WRAPPER/IO_SHIM/IBUFDS_CLK_125/IBUFCTRL_INST/O
                         net (fo=1, routed)           0.348     1.361    static                              <hidden>
    BUFGCE_X0Y122.I                                                   r  static                              <hidden>
    BUFGCE_X0Y122.O      BUFGCE (Prop_BUFCE_BUFGCE_I_O)
                                                      0.028     1.389 r  static                              <hidden>
                         net (fo=3, routed)           1.883     3.272    static                              <hidden>
    MMCM_X0Y5.CLKIN1                                                  r  static                              <hidden>
    MMCM_X0Y5.CLKOUT0    MMCME4_ADV (Prop_MMCM_CLKIN1_CLKOUT0)
                                                     -0.127     3.145 r  static                              <hidden>
                         net (fo=2, routed)           0.245     3.390    static                              <hidden>
    BUFGCE_X0Y135.I                                                   r  static                              <hidden>
    BUFGCE_X0Y135.O      BUFGCE (Prop_BUFCE_BUFGCE_I_O)
                                                      0.028     3.418 r  static                              <hidden>
    X3Y5 (CLOCK_ROOT)    net (fo=182, routed)         2.207     5.625    boundary                            WRAPPER/CL/clk_main_a0
    SLICE_X144Y348.CLK   FDRE                                         r  reconfigurable pblock_CL            WRAPPER/CL/cmd_reg_chirho_reg[65]_rep/C
  -------------------------------------------------------------------    -------------------------------------------------------
    SLICE_X144Y348.Q     FDRE (Prop_BFF2_SLICEL_C_Q)
                                                      0.080     5.705 r  reconfigurable pblock_CL            WRAPPER/CL/cmd_reg_chirho_reg[65]_rep/Q
                         net (fo=86, routed)          0.170     5.875    reconfigurable                      WRAPPER/CL/u_engine_chirho/c$ds_app_arg_reg[9257]_i_3_0
    SLICE_X145Y348.A2                                                 r  reconfigurable pblock_CL            WRAPPER/CL/u_engine_chirho/c$ds_app_arg[9229]_i_4/I2
    SLICE_X145Y348.O6    LUT6 (Prop_B6LUT_SLICEM_I2_O)
                                                      0.125     6.000 f  reconfigurable pblock_CL            WRAPPER/CL/u_engine_chirho/c$ds_app_arg[9229]_i_4/O
                         net (fo=1, routed)           0.017     6.017    reconfigurable                      WRAPPER/CL/u_engine_chirho/c$ds_app_arg[9229]_i_4_n_0
    SLICE_X145Y348.0                                                  f  reconfigurable pblock_CL            WRAPPER/CL/u_engine_chirho/c$ds_app_arg_reg[9229]_i_3/I0
    SLICE_X145Y348.OUT   MUXF7 (Prop_F7MUX_AB_SLICEM_I0_O)
                                                      0.067     6.084 f  reconfigurable pblock_CL            WRAPPER/CL/u_engine_chirho/c$ds_app_arg_reg[9229]_i_3/O
                         net (fo=35, routed)          0.245     6.329    reconfigurable                      WRAPPER/CL/u_engine_chirho/vecArray_0__0[13]
    SLICE_X144Y350.A5                                                 f  reconfigurable pblock_CL            WRAPPER/CL/u_engine_chirho/c$ds_app_arg[9748]_i_16/I0
    SLICE_X144Y350.O6    LUT1 (Prop_F6LUT_SLICEL_I0_O)
                                                      0.049     6.378 r  reconfigurable pblock_CL            WRAPPER/CL/u_engine_chirho/c$ds_app_arg[9748]_i_16/O
                         net (fo=1, routed)           0.011     6.389    reconfigurable                      WRAPPER/CL/u_engine_chirho/c$ds_app_arg[9748]_i_16_n_0
    SLICE_X144Y350.S5                                                 r  reconfigurable pblock_CL            WRAPPER/CL/u_engine_chirho/c$ds_app_arg_reg[9748]_i_8/S[5]
    SLICE_X144Y350.CO7   CARRY8 (Prop_CARRY8_SLICEL_S[5]_CO[7])
                                                      0.155     6.544 r  reconfigurable pblock_CL            WRAPPER/CL/u_engine_chirho/c$ds_app_arg_reg[9748]_i_8/CO[7]
                         net (fo=1, routed)           0.026     6.570    reconfigurable                      WRAPPER/CL/u_engine_chirho/c$ds_app_arg_reg[9748]_i_8_n_0
    SLICE_X144Y351.CIN                                                r  reconfigurable pblock_CL            WRAPPER/CL/u_engine_chirho/c$ds_app_arg_reg[9756]_i_8/CI
    SLICE_X144Y351.CO7   CARRY8 (Prop_CARRY8_SLICEL_CI_CO[7])
                                                      0.015     6.585 r  reconfigurable pblock_CL            WRAPPER/CL/u_engine_chirho/c$ds_app_arg_reg[9756]_i_8/CO[7]
                         net (fo=1, routed)           0.026     6.611    reconfigurable                      WRAPPER/CL/u_engine_chirho/c$ds_app_arg_reg[9756]_i_8_n_0
    SLICE_X144Y352.CIN                                                r  reconfigurable pblock_CL            WRAPPER/CL/u_engine_chirho/c$ds_app_arg_reg[9764]_i_8/CI
    SLICE_X144Y352.CO7   CARRY8 (Prop_CARRY8_SLICEL_CI_CO[7])
                                                      0.015     6.626 r  reconfigurable pblock_CL            WRAPPER/CL/u_engine_chirho/c$ds_app_arg_reg[9764]_i_8/CO[7]
                         net (fo=1, routed)           0.026     6.652    reconfigurable                      WRAPPER/CL/u_engine_chirho/c$ds_app_arg_reg[9764]_i_8_n_0
    SLICE_X144Y353.CIN                                                r  reconfigurable pblock_CL            WRAPPER/CL/u_engine_chirho/c$ds_app_arg_reg[9772]_i_8/CI
    SLICE_X144Y353.O7    CARRY8 (Prop_CARRY8_SLICEL_CI_O[7])
                                                      0.116     6.768 r  reconfigurable pblock_CL            WRAPPER/CL/u_engine_chirho/c$ds_app_arg_reg[9772]_i_8/O[7]
                         net (fo=9, routed)           0.270     7.038    reconfigurable                      WRAPPER/CL/u_engine_chirho/ds40[39]
    SLICE_X142Y354.A3                                                 r  reconfigurable pblock_CL            WRAPPER/CL/u_engine_chirho/c$ds_app_arg[9644]_i_5/I0
    SLICE_X142Y354.O6    LUT6 (Prop_G6LUT_SLICEM_I0_O)
                                                      0.100     7.138 r  reconfigurable pblock_CL            WRAPPER/CL/u_engine_chirho/c$ds_app_arg[9644]_i_5/O
                         net (fo=1, routed)           0.017     7.155    reconfigurable                      WRAPPER/CL/u_engine_chirho/c$ds_app_arg[9644]_i_5_n_0
    SLICE_X142Y354.1                                                  r  reconfigurable pblock_CL            WRAPPER/CL/u_engine_chirho/c$ds_app_arg_reg[9644]_i_2/I1
    SLICE_X142Y354.OUT   MUXF7 (Prop_F7MUX_GH_SLICEM_I1_O)
                                                      0.067     7.222 r  reconfigurable pblock_CL            WRAPPER/CL/u_engine_chirho/c$ds_app_arg_reg[9644]_i_2/O
                         net (fo=2, routed)           0.275     7.497    reconfigurable                      WRAPPER/CL/u_engine_chirho/c$ds_app_arg_reg[9644]_i_2_n_0
    SLICE_X141Y356.A3                                                 r  reconfigurable pblock_CL            WRAPPER/CL/u_engine_chirho/c$ds_app_arg[9644]_i_1/I3
    SLICE_X141Y356.O6    LUT6 (Prop_G6LUT_SLICEM_I3_O)
                                                      0.100     7.597 r  reconfigurable pblock_CL            WRAPPER/CL/u_engine_chirho/c$ds_app_arg[9644]_i_1/O
                         net (fo=5, routed)           0.437     8.034    reconfigurable                      WRAPPER/CL/u_engine_chirho/resp_wire_chirho[359]
    SLICE_X134Y361.A3                                                 r  reconfigurable pblock_CL            WRAPPER/CL/u_engine_chirho/ocl_rdata_q_chirho[7]_i_7/I1
    SLICE_X134Y361.O6    LUT6 (Prop_F6LUT_SLICEL_I1_O)
                                                      0.097     8.131 r  reconfigurable pblock_CL            WRAPPER/CL/u_engine_chirho/ocl_rdata_q_chirho[7]_i_7/O
                         net (fo=1, routed)           0.157     8.288    reconfigurable                      WRAPPER/CL/u_engine_chirho/ocl_rdata_q_chirho[7]_i_7_n_0
    SLICE_X134Y361.A2                                                 r  reconfigurable pblock_CL            WRAPPER/CL/u_engine_chirho/ocl_rdata_q_chirho[7]_i_4/I3
    SLICE_X134Y361.O6    LUT6 (Prop_D6LUT_SLICEL_I3_O)
                                                      0.122     8.410 r  reconfigurable pblock_CL            WRAPPER/CL/u_engine_chirho/ocl_rdata_q_chirho[7]_i_4/O
                         net (fo=1, routed)           0.582     8.992    reconfigurable                      WRAPPER/CL/u_engine_chirho/ocl_rdata_q_chirho[7]_i_4_n_0
    SLICE_X155Y361.A6                                                 r  reconfigurable pblock_CL            WRAPPER/CL/u_engine_chirho/ocl_rdata_q_chirho[7]_i_1/I4
    SLICE_X155Y361.O6    LUT6 (Prop_B6LUT_SLICEL_I4_O)
                                                      0.036     9.028 r  reconfigurable pblock_CL            WRAPPER/CL/u_engine_chirho/ocl_rdata_q_chirho[7]_i_1/O
                         net (fo=1, routed)           0.049     9.077    reconfigurable                      WRAPPER/CL/u_engine_chirho_n_32
    SLICE_X155Y361.D     FDRE                                         r  reconfigurable pblock_CL            WRAPPER/CL/ocl_rdata_q_chirho_reg[7]/D
  -------------------------------------------------------------------    -------------------------------------------------------

                         (clock clk_main_a0 rise edge)
                                                      4.000     4.000 r                                      
    BJ4                                               0.000     4.000 r  static                              <hidden>
                         net (fo=0)                   0.079     4.079    static                              WRAPPER/IO_SHIM/IBUFDS_CLK_125/I
    HPIOBDIFFINBUF_X0Y130.DIFF_IN_P
                                                                      r  static                              WRAPPER/IO_SHIM/IBUFDS_CLK_125/DIFFINBUF_INST/DIFF_IN_P
    HPIOBDIFFINBUF_X0Y130.O
                         DIFFINBUF (Prop_DIFFINBUF_HPIOBDIFFINBUF_DIFF_IN_P_O)
                                                      0.750     4.829 r  static                              WRAPPER/IO_SHIM/IBUFDS_CLK_125/DIFFINBUF_INST/O
                         net (fo=1, routed)           0.040     4.869    static                              WRAPPER/IO_SHIM/IBUFDS_CLK_125/OUT
    BJ4.I                                                             r  static                              WRAPPER/IO_SHIM/IBUFDS_CLK_125/IBUFCTRL_INST/I
    BJ4.O                IBUFCTRL (Prop_IBUFCTRL_HPIOB_M_I_O)
                                                      0.000     4.869 r  static                              WRAPPER/IO_SHIM/IBUFDS_CLK_125/IBUFCTRL_INST/O
                         net (fo=1, routed)           0.309     5.178    static                              <hidden>
    BUFGCE_X0Y122.I                                                   r  static                              <hidden>
    BUFGCE_X0Y122.O      BUFGCE (Prop_BUFCE_BUFGCE_I_O)
                                                      0.024     5.202 r  static                              <hidden>
                         net (fo=3, routed)           1.690     6.892    static                              <hidden>
    MMCM_X0Y5.CLKIN1                                                  r  static                              <hidden>
    MMCM_X0Y5.CLKOUT0    MMCME4_ADV (Prop_MMCM_CLKIN1_CLKOUT0)
                                                      0.630     7.522 r  static                              <hidden>
                         net (fo=2, routed)           0.215     7.737    static                              <hidden>
    BUFGCE_X0Y135.I                                                   r  static                              <hidden>
    BUFGCE_X0Y135.O      BUFGCE (Prop_BUFCE_BUFGCE_I_O)
                                                      0.024     7.761 r  static                              <hidden>
    X3Y5 (CLOCK_ROOT)    net (fo=182, routed)         2.122     9.883    boundary                            WRAPPER/CL/clk_main_a0
    SLICE_X155Y361.CLK   FDRE                                         r  reconfigurable pblock_CL            WRAPPER/CL/ocl_rdata_q_chirho_reg[7]/C
                         clock pessimism             -0.304     9.580                                            
                         clock uncertainty           -0.059     9.521                                            
    SLICE_X155Y361       FDRE (Setup_BFF_SLICEL_C_D)
                                                      0.025     9.546    reconfigurable   pblock_CL              WRAPPER/CL/ocl_rdata_q_chirho_reg[7]
  -------------------------------------------------------------------
                         required time                          9.546                                            
                         arrival time                          -9.077                                            
  -------------------------------------------------------------------
                         slack                                  0.469                                            

Slack (MET) :             8.779ns  (required time - arrival time)
  Source:                 <hidden>
                            (rising edge-triggered cell FDCE clocked by clk_hbm_ref  {rise@0.000ns fall@5.000ns period=10.000ns})
  Destination:            <hidden>
                            (rising edge-triggered cell FDRE clocked by clk_hbm_ref  {rise@0.000ns fall@5.000ns period=10.000ns})
  Path Group:             clk_hbm_ref
  Path Type:              Setup (Max at Slow Process Corner)
  Requirement:            10.000ns  (clk_hbm_ref rise@10.000ns - clk_hbm_ref rise@0.000ns)
  Data Path Delay:        1.084ns  (logic 0.079ns (7.289%)  route 1.005ns (92.711%))
  Logic Levels:           0  
  Clock Path Skew:        -0.068ns (DCD - SCD + CPR)
    Destination Clock Delay (DCD):    6.509ns = ( 16.509 - 10.000 ) 
    Source Clock Delay      (SCD):    6.462ns
    Clock Pessimism Removal (CPR):    -0.115ns
  Clock Uncertainty:      0.094ns  ((TSJ^2 + DJ^2)^1/2) / 2 + PE
    Total System Jitter     (TSJ):    0.071ns
    Discrete Jitter          (DJ):    0.175ns
    Phase Error              (PE):    0.000ns
  Clock Net Delay (Source):      3.116ns (routing 1.109ns, distribution 2.007ns)
  Clock Net Delay (Destination): 2.813ns (routing 1.008ns, distribution 1.805ns)

    Location             Delay type                Incr(ns)  Path(ns)    Partition      Netlist Resource(s)
  -------------------------------------------------------------------    ----------------------------------
                         (clock clk_hbm_ref rise edge)
                                                      0.000     0.000 r                 
    BJ4                                               0.000     0.000 r  static         <hidden>
                         net (fo=0)                   0.100     0.100    static         WRAPPER/IO_SHIM/IBUFDS_CLK_125/I
    HPIOBDIFFINBUF_X0Y130.DIFF_IN_P
                                                                      r  static         WRAPPER/IO_SHIM/IBUFDS_CLK_125/DIFFINBUF_INST/DIFF_IN_P
    HPIOBDIFFINBUF_X0Y130.O
                         DIFFINBUF (Prop_DIFFINBUF_HPIOBDIFFINBUF_DIFF_IN_P_O)
                                                      0.863     0.963 r  static         WRAPPER/IO_SHIM/IBUFDS_CLK_125/DIFFINBUF_INST/O
                         net (fo=1, routed)           0.050     1.013    static         WRAPPER/IO_SHIM/IBUFDS_CLK_125/OUT
    BJ4.I                                                             r  static         WRAPPER/IO_SHIM/IBUFDS_CLK_125/IBUFCTRL_INST/I
    BJ4.O                IBUFCTRL (Prop_IBUFCTRL_HPIOB_M_I_O)
                                                      0.000     1.013 r  static         WRAPPER/IO_SHIM/IBUFDS_CLK_125/IBUFCTRL_INST/O
                         net (fo=1, routed)           0.348     1.361    static         <hidden>
    BUFGCE_X0Y122.I                                                   r  static         <hidden>
    BUFGCE_X0Y122.O      BUFGCE (Prop_BUFCE_BUFGCE_I_O)
                                                      0.028     1.389 r  static         <hidden>
                         net (fo=3, routed)           1.811     3.200    static         <hidden>
    SLR Crossing[1->0]   
    MMCM_X0Y2.CLKIN1                                                  r  static         <hidden>
    MMCM_X0Y2.CLKOUT0    MMCME4_ADV (Prop_MMCM_CLKIN1_CLKOUT0)
                                                     -0.127     3.073 r  static         <hidden>
                         net (fo=2, routed)           0.245     3.318    static         <hidden>
    BUFGCE_X0Y65.I                                                    r  static         <hidden>
    BUFGCE_X0Y65.O       BUFGCE (Prop_BUFCE_BUFGCE_I_O)
                                                      0.028     3.346 r  static         <hidden>
    X3Y5 (CLOCK_ROOT)    net (fo=232, routed)         3.116     6.462    static         <hidden>
    SLICE_X176Y171.CLK   FDCE                                         r  static         <hidden>
  -------------------------------------------------------------------    ----------------------------------
    SLICE_X176Y171.Q     FDCE (Prop_FFF2_SLICEM_C_Q)
                                                      0.079     6.541 r  static         <hidden>
                         net (fo=1, routed)           1.005     7.545    static         <hidden>
    SLICE_X180Y168.D     FDRE                                         r  static         <hidden>
  -------------------------------------------------------------------    ----------------------------------

                         (clock clk_hbm_ref rise edge)
                                                     10.000    10.000 r                 
    BJ4                                               0.000    10.000 r  static         <hidden>
                         net (fo=0)                   0.079    10.079    static         WRAPPER/IO_SHIM/IBUFDS_CLK_125/I
    HPIOBDIFFINBUF_X0Y130.DIFF_IN_P
                                                                      r  static         WRAPPER/IO_SHIM/IBUFDS_CLK_125/DIFFINBUF_INST/DIFF_IN_P
    HPIOBDIFFINBUF_X0Y130.O
                         DIFFINBUF (Prop_DIFFINBUF_HPIOBDIFFINBUF_DIFF_IN_P_O)
                                                      0.750    10.829 r  static         WRAPPER/IO_SHIM/IBUFDS_CLK_125/DIFFINBUF_INST/O
                         net (fo=1, routed)           0.040    10.869    static         WRAPPER/IO_SHIM/IBUFDS_CLK_125/OUT
    BJ4.I                                                             r  static         WRAPPER/IO_SHIM/IBUFDS_CLK_125/IBUFCTRL_INST/I
    BJ4.O                IBUFCTRL (Prop_IBUFCTRL_HPIOB_M_I_O)
                                                      0.000    10.869 r  static         WRAPPER/IO_SHIM/IBUFDS_CLK_125/IBUFCTRL_INST/O
                         net (fo=1, routed)           0.309    11.178    static         <hidden>
    BUFGCE_X0Y122.I                                                   r  static         <hidden>
    BUFGCE_X0Y122.O      BUFGCE (Prop_BUFCE_BUFGCE_I_O)
                                                      0.024    11.202 r  static         <hidden>
                         net (fo=3, routed)           1.624    12.826    static         <hidden>
    SLR Crossing[1->0]   
    MMCM_X0Y2.CLKIN1                                                  r  static         <hidden>
    MMCM_X0Y2.CLKOUT0    MMCME4_ADV (Prop_MMCM_CLKIN1_CLKOUT0)
                                                      0.630    13.456 r  static         <hidden>
                         net (fo=2, routed)           0.216    13.672    static         <hidden>
    BUFGCE_X0Y65.I                                                    r  static         <hidden>
    BUFGCE_X0Y65.O       BUFGCE (Prop_BUFCE_BUFGCE_I_O)
                                                      0.024    13.696 r  static         <hidden>
    X3Y5 (CLOCK_ROOT)    net (fo=232, routed)         2.813    16.509    static         <hidden>
    SLICE_X180Y168.CLK   FDRE                                         r  static         <hidden>
                         clock pessimism             -0.115    16.394                     
                         clock uncertainty           -0.094    16.300                     
    SLICE_X180Y168       FDRE (Setup_GFF2_SLICEM_C_D)
                                                      0.025    16.325    static           <hidden>
  -------------------------------------------------------------------
                         required time                         16.325                     
                         arrival time                          -7.545                     
  -------------------------------------------------------------------
                         slack                                  8.779                     

Slack (MET) :             9.029ns  (required time - arrival time)
  Source:                 <hidden>
                            (rising edge-triggered cell FDCE clocked by clk_hbm_ref  {rise@0.000ns fall@5.000ns period=10.000ns})
  Destination:            <hidden>
                            (rising edge-triggered cell FDRE clocked by clk_hbm_ref  {rise@0.000ns fall@5.000ns period=10.000ns})
  Path Group:             clk_hbm_ref
  Path Type:              Setup (Max at Slow Process Corner)
  Requirement:            10.000ns  (clk_hbm_ref rise@10.000ns - clk_hbm_ref rise@0.000ns)
  Data Path Delay:        0.832ns  (logic 0.078ns (9.370%)  route 0.754ns (90.630%))
  Logic Levels:           0  
  Clock Path Skew:        -0.070ns (DCD - SCD + CPR)
    Destination Clock Delay (DCD):    6.509ns = ( 16.509 - 10.000 ) 
    Source Clock Delay      (SCD):    6.464ns
    Clock Pessimism Removal (CPR):    -0.115ns
  Clock Uncertainty:      0.094ns  ((TSJ^2 + DJ^2)^1/2) / 2 + PE
    Total System Jitter     (TSJ):    0.071ns
    Discrete Jitter          (DJ):    0.175ns
    Phase Error              (PE):    0.000ns
  Clock Net Delay (Source):      3.118ns (routing 1.109ns, distribution 2.009ns)
  Clock Net Delay (Destination): 2.813ns (routing 1.008ns, distribution 1.805ns)

    Location             Delay type                Incr(ns)  Path(ns)    Partition      Netlist Resource(s)
  -------------------------------------------------------------------    ----------------------------------
                         (clock clk_hbm_ref rise edge)
                                                      0.000     0.000 r                 
    BJ4                                               0.000     0.000 r  static         <hidden>
                         net (fo=0)                   0.100     0.100    static         WRAPPER/IO_SHIM/IBUFDS_CLK_125/I
    HPIOBDIFFINBUF_X0Y130.DIFF_IN_P
                                                                      r  static         WRAPPER/IO_SHIM/IBUFDS_CLK_125/DIFFINBUF_INST/DIFF_IN_P
    HPIOBDIFFINBUF_X0Y130.O
                         DIFFINBUF (Prop_DIFFINBUF_HPIOBDIFFINBUF_DIFF_IN_P_O)
                                                      0.863     0.963 r  static         WRAPPER/IO_SHIM/IBUFDS_CLK_125/DIFFINBUF_INST/O
                         net (fo=1, routed)           0.050     1.013    static         WRAPPER/IO_SHIM/IBUFDS_CLK_125/OUT
    BJ4.I                                                             r  static         WRAPPER/IO_SHIM/IBUFDS_CLK_125/IBUFCTRL_INST/I
    BJ4.O                IBUFCTRL (Prop_IBUFCTRL_HPIOB_M_I_O)
                                                      0.000     1.013 r  static         WRAPPER/IO_SHIM/IBUFDS_CLK_125/IBUFCTRL_INST/O
                         net (fo=1, routed)           0.348     1.361    static         <hidden>
    BUFGCE_X0Y122.I                                                   r  static         <hidden>
    BUFGCE_X0Y122.O      BUFGCE (Prop_BUFCE_BUFGCE_I_O)
                                                      0.028     1.389 r  static         <hidden>
                         net (fo=3, routed)           1.811     3.200    static         <hidden>
    SLR Crossing[1->0]   
    MMCM_X0Y2.CLKIN1                                                  r  static         <hidden>
    MMCM_X0Y2.CLKOUT0    MMCME4_ADV (Prop_MMCM_CLKIN1_CLKOUT0)
                                                     -0.127     3.073 r  static         <hidden>
                         net (fo=2, routed)           0.245     3.318    static         <hidden>
    BUFGCE_X0Y65.I                                                    r  static         <hidden>
    BUFGCE_X0Y65.O       BUFGCE (Prop_BUFCE_BUFGCE_I_O)
                                                      0.028     3.346 r  static         <hidden>
    X3Y5 (CLOCK_ROOT)    net (fo=232, routed)         3.118     6.464    static         <hidden>
    SLICE_X176Y171.CLK   FDCE                                         r  static         <hidden>
  -------------------------------------------------------------------    ----------------------------------
    SLICE_X176Y171.Q     FDCE (Prop_DFF_SLICEM_C_Q)
                                                      0.078     6.542 r  static         <hidden>
                         net (fo=1, routed)           0.754     7.296    static         <hidden>
    SLICE_X180Y168.D     FDRE                                         r  static         <hidden>
  -------------------------------------------------------------------    ----------------------------------

                         (clock clk_hbm_ref rise edge)
                                                     10.000    10.000 r                 
    BJ4                                               0.000    10.000 r  static         <hidden>
                         net (fo=0)                   0.079    10.079    static         WRAPPER/IO_SHIM/IBUFDS_CLK_125/I
    HPIOBDIFFINBUF_X0Y130.DIFF_IN_P
                                                                      r  static         WRAPPER/IO_SHIM/IBUFDS_CLK_125/DIFFINBUF_INST/DIFF_IN_P
    HPIOBDIFFINBUF_X0Y130.O
                         DIFFINBUF (Prop_DIFFINBUF_HPIOBDIFFINBUF_DIFF_IN_P_O)
                                                      0.750    10.829 r  static         WRAPPER/IO_SHIM/IBUFDS_CLK_125/DIFFINBUF_INST/O
                         net (fo=1, routed)           0.040    10.869    static         WRAPPER/IO_SHIM/IBUFDS_CLK_125/OUT
    BJ4.I                                                             r  static         WRAPPER/IO_SHIM/IBUFDS_CLK_125/IBUFCTRL_INST/I
    BJ4.O                IBUFCTRL (Prop_IBUFCTRL_HPIOB_M_I_O)
                                                      0.000    10.869 r  static         WRAPPER/IO_SHIM/IBUFDS_CLK_125/IBUFCTRL_INST/O
                         net (fo=1, routed)           0.309    11.178    static         <hidden>
    BUFGCE_X0Y122.I                                                   r  static         <hidden>
    BUFGCE_X0Y122.O      BUFGCE (Prop_BUFCE_BUFGCE_I_O)
                                                      0.024    11.202 r  static         <hidden>
                         net (fo=3, routed)           1.624    12.826    static         <hidden>
    SLR Crossing[1->0]   
    MMCM_X0Y2.CLKIN1                                                  r  static         <hidden>
    MMCM_X0Y2.CLKOUT0    MMCME4_ADV (Prop_MMCM_CLKIN1_CLKOUT0)
                                                      0.630    13.456 r  static         <hidden>
                         net (fo=2, routed)           0.216    13.672    static         <hidden>
    BUFGCE_X0Y65.I                                                    r  static         <hidden>
    BUFGCE_X0Y65.O       BUFGCE (Prop_BUFCE_BUFGCE_I_O)
                                                      0.024    13.696 r  static         <hidden>
    X3Y5 (CLOCK_ROOT)    net (fo=232, routed)         2.813    16.509    static         <hidden>
    SLICE_X180Y168.CLK   FDRE                                         r  static         <hidden>
                         clock pessimism             -0.115    16.394                     
                         clock uncertainty           -0.094    16.300                     
    SLICE_X180Y168       FDRE (Setup_EFF2_SLICEM_C_D)
                                                      0.025    16.325    static           <hidden>
  -------------------------------------------------------------------
                         required time                         16.325                     
                         arrival time                          -7.296                     
  -------------------------------------------------------------------
                         slack                                  9.029                     

Slack (MET) :             9.053ns  (required time - arrival time)
  Source:                 <hidden>
                            (rising edge-triggered cell FDCE clocked by clk_hbm_ref  {rise@0.000ns fall@5.000ns period=10.000ns})
  Destination:            <hidden>
                            (rising edge-triggered cell FDRE clocked by clk_hbm_ref  {rise@0.000ns fall@5.000ns period=10.000ns})
  Path Group:             clk_hbm_ref
  Path Type:              Setup (Max at Slow Process Corner)
  Requirement:            10.000ns  (clk_hbm_ref rise@10.000ns - clk_hbm_ref rise@0.000ns)
  Data Path Delay:        0.812ns  (logic 0.079ns (9.730%)  route 0.733ns (90.270%))
  Logic Levels:           0  
  Clock Path Skew:        -0.066ns (DCD - SCD + CPR)
    Destination Clock Delay (DCD):    6.492ns = ( 16.492 - 10.000 ) 
    Source Clock Delay      (SCD):    6.443ns
    Clock Pessimism Removal (CPR):    -0.115ns
  Clock Uncertainty:      0.094ns  ((TSJ^2 + DJ^2)^1/2) / 2 + PE
    Total System Jitter     (TSJ):    0.071ns
    Discrete Jitter          (DJ):    0.175ns
    Phase Error              (PE):    0.000ns
  Clock Net Delay (Source):      3.097ns (routing 1.109ns, distribution 1.988ns)
  Clock Net Delay (Destination): 2.796ns (routing 1.008ns, distribution 1.788ns)

    Location             Delay type                Incr(ns)  Path(ns)    Partition      Netlist Resource(s)
  -------------------------------------------------------------------    ----------------------------------
                         (clock clk_hbm_ref rise edge)
                                                      0.000     0.000 r                 
    BJ4                                               0.000     0.000 r  static         <hidden>
                         net (fo=0)                   0.100     0.100    static         WRAPPER/IO_SHIM/IBUFDS_CLK_125/I
    HPIOBDIFFINBUF_X0Y130.DIFF_IN_P
                                                                      r  static         WRAPPER/IO_SHIM/IBUFDS_CLK_125/DIFFINBUF_INST/DIFF_IN_P
    HPIOBDIFFINBUF_X0Y130.O
                         DIFFINBUF (Prop_DIFFINBUF_HPIOBDIFFINBUF_DIFF_IN_P_O)
                                                      0.863     0.963 r  static         WRAPPER/IO_SHIM/IBUFDS_CLK_125/DIFFINBUF_INST/O
                         net (fo=1, routed)           0.050     1.013    static         WRAPPER/IO_SHIM/IBUFDS_CLK_125/OUT
    BJ4.I                                                             r  static         WRAPPER/IO_SHIM/IBUFDS_CLK_125/IBUFCTRL_INST/I
    BJ4.O                IBUFCTRL (Prop_IBUFCTRL_HPIOB_M_I_O)
                                                      0.000     1.013 r  static         WRAPPER/IO_SHIM/IBUFDS_CLK_125/IBUFCTRL_INST/O
                         net (fo=1, routed)           0.348     1.361    static         <hidden>
    BUFGCE_X0Y122.I                                                   r  static         <hidden>
    BUFGCE_X0Y122.O      BUFGCE (Prop_BUFCE_BUFGCE_I_O)
                                                      0.028     1.389 r  static         <hidden>
                         net (fo=3, routed)           1.811     3.200    static         <hidden>
    SLR Crossing[1->0]   
    MMCM_X0Y2.CLKIN1                                                  r  static         <hidden>
    MMCM_X0Y2.CLKOUT0    MMCME4_ADV (Prop_MMCM_CLKIN1_CLKOUT0)
                                                     -0.127     3.073 r  static         <hidden>
                         net (fo=2, routed)           0.245     3.318    static         <hidden>
    BUFGCE_X0Y65.I                                                    r  static         <hidden>
    BUFGCE_X0Y65.O       BUFGCE (Prop_BUFCE_BUFGCE_I_O)
                                                      0.028     3.346 r  static         <hidden>
    X3Y5 (CLOCK_ROOT)    net (fo=232, routed)         3.097     6.443    static         <hidden>
    SLICE_X176Y152.CLK   FDCE                                         r  static         <hidden>
  -------------------------------------------------------------------    ----------------------------------
    SLICE_X176Y152.Q     FDCE (Prop_FFF2_SLICEM_C_Q)
                                                      0.079     6.522 r  static         <hidden>
                         net (fo=1, routed)           0.733     7.254    static         <hidden>
    SLICE_X178Y145.D     FDRE                                         r  static         <hidden>
  -------------------------------------------------------------------    ----------------------------------

                         (clock clk_hbm_ref rise edge)
                                                     10.000    10.000 r                 
    BJ4                                               0.000    10.000 r  static         <hidden>
                         net (fo=0)                   0.079    10.079    static         WRAPPER/IO_SHIM/IBUFDS_CLK_125/I
    HPIOBDIFFINBUF_X0Y130.DIFF_IN_P
                                                                      r  static         WRAPPER/IO_SHIM/IBUFDS_CLK_125/DIFFINBUF_INST/DIFF_IN_P
    HPIOBDIFFINBUF_X0Y130.O
                         DIFFINBUF (Prop_DIFFINBUF_HPIOBDIFFINBUF_DIFF_IN_P_O)
                                                      0.750    10.829 r  static         WRAPPER/IO_SHIM/IBUFDS_CLK_125/DIFFINBUF_INST/O
                         net (fo=1, routed)           0.040    10.869    static         WRAPPER/IO_SHIM/IBUFDS_CLK_125/OUT
    BJ4.I                                                             r  static         WRAPPER/IO_SHIM/IBUFDS_CLK_125/IBUFCTRL_INST/I
    BJ4.O                IBUFCTRL (Prop_IBUFCTRL_HPIOB_M_I_O)
                                                      0.000    10.869 r  static         WRAPPER/IO_SHIM/IBUFDS_CLK_125/IBUFCTRL_INST/O
                         net (fo=1, routed)           0.309    11.178    static         <hidden>
    BUFGCE_X0Y122.I                                                   r  static         <hidden>
    BUFGCE_X0Y122.O      BUFGCE (Prop_BUFCE_BUFGCE_I_O)
                                                      0.024    11.202 r  static         <hidden>
                         net (fo=3, routed)           1.624    12.826    static         <hidden>
    SLR Crossing[1->0]   
    MMCM_X0Y2.CLKIN1                                                  r  static         <hidden>
    MMCM_X0Y2.CLKOUT0    MMCME4_ADV (Prop_MMCM_CLKIN1_CLKOUT0)
                                                      0.630    13.456 r  static         <hidden>
                         net (fo=2, routed)           0.216    13.672    static         <hidden>
    BUFGCE_X0Y65.I                                                    r  static         <hidden>
    BUFGCE_X0Y65.O       BUFGCE (Prop_BUFCE_BUFGCE_I_O)
                                                      0.024    13.696 r  static         <hidden>
    X3Y5 (CLOCK_ROOT)    net (fo=232, routed)         2.796    16.492    static         <hidden>
    SLICE_X178Y145.CLK   FDRE                                         r  static         <hidden>
                         clock pessimism             -0.115    16.377                     
                         clock uncertainty           -0.094    16.283                     
    SLICE_X178Y145       FDRE (Setup_EFF_SLICEL_C_D)
                                                      0.025    16.308    static           <hidden>
  -------------------------------------------------------------------
                         required time                         16.308                     
                         arrival time                          -7.254                     
  -------------------------------------------------------------------
                         slack                                  9.053                     

Slack (MET) :             9.056ns  (required time - arrival time)
  Source:                 <hidden>
                            (rising edge-triggered cell FDCE clocked by clk_hbm_ref  {rise@0.000ns fall@5.000ns period=10.000ns})
  Destination:            <hidden>
                            (rising edge-triggered cell FDRE clocked by clk_hbm_ref  {rise@0.000ns fall@5.000ns period=10.000ns})
  Path Group:             clk_hbm_ref
  Path Type:              Setup (Max at Slow Process Corner)
  Requirement:            10.000ns  (clk_hbm_ref rise@10.000ns - clk_hbm_ref rise@0.000ns)
  Data Path Delay:        0.813ns  (logic 0.079ns (9.712%)  route 0.734ns (90.288%))
  Logic Levels:           0  
  Clock Path Skew:        -0.061ns (DCD - SCD + CPR)
    Destination Clock Delay (DCD):    6.515ns = ( 16.515 - 10.000 ) 
    Source Clock Delay      (SCD):    6.461ns
    Clock Pessimism Removal (CPR):    -0.115ns
  Clock Uncertainty:      0.094ns  ((TSJ^2 + DJ^2)^1/2) / 2 + PE
    Total System Jitter     (TSJ):    0.071ns
    Discrete Jitter          (DJ):    0.175ns
    Phase Error              (PE):    0.000ns
  Clock Net Delay (Source):      3.115ns (routing 1.109ns, distribution 2.006ns)
  Clock Net Delay (Destination): 2.819ns (routing 1.008ns, distribution 1.811ns)

    Location             Delay type                Incr(ns)  Path(ns)    Partition      Netlist Resource(s)
  -------------------------------------------------------------------    ----------------------------------
                         (clock clk_hbm_ref rise edge)
                                                      0.000     0.000 r                 
    BJ4                                               0.000     0.000 r  static         <hidden>
                         net (fo=0)                   0.100     0.100    static         WRAPPER/IO_SHIM/IBUFDS_CLK_125/I
    HPIOBDIFFINBUF_X0Y130.DIFF_IN_P
                                                                      r  static         WRAPPER/IO_SHIM/IBUFDS_CLK_125/DIFFINBUF_INST/DIFF_IN_P
    HPIOBDIFFINBUF_X0Y130.O
                         DIFFINBUF (Prop_DIFFINBUF_HPIOBDIFFINBUF_DIFF_IN_P_O)
                                                      0.863     0.963 r  static         WRAPPER/IO_SHIM/IBUFDS_CLK_125/DIFFINBUF_INST/O
                         net (fo=1, routed)           0.050     1.013    static         WRAPPER/IO_SHIM/IBUFDS_CLK_125/OUT
    BJ4.I                                                             r  static         WRAPPER/IO_SHIM/IBUFDS_CLK_125/IBUFCTRL_INST/I
    BJ4.O                IBUFCTRL (Prop_IBUFCTRL_HPIOB_M_I_O)
                                                      0.000     1.013 r  static         WRAPPER/IO_SHIM/IBUFDS_CLK_125/IBUFCTRL_INST/O
                         net (fo=1, routed)           0.348     1.361    static         <hidden>
    BUFGCE_X0Y122.I                                                   r  static         <hidden>
    BUFGCE_X0Y122.O      BUFGCE (Prop_BUFCE_BUFGCE_I_O)
                                                      0.028     1.389 r  static         <hidden>
                         net (fo=3, routed)           1.811     3.200    static         <hidden>
    SLR Crossing[1->0]   
    MMCM_X0Y2.CLKIN1                                                  r  static         <hidden>
    MMCM_X0Y2.CLKOUT0    MMCME4_ADV (Prop_MMCM_CLKIN1_CLKOUT0)
                                                     -0.127     3.073 r  static         <hidden>
                         net (fo=2, routed)           0.245     3.318    static         <hidden>
    BUFGCE_X0Y65.I                                                    r  static         <hidden>
    BUFGCE_X0Y65.O       BUFGCE (Prop_BUFCE_BUFGCE_I_O)
                                                      0.028     3.346 r  static         <hidden>
    X3Y5 (CLOCK_ROOT)    net (fo=232, routed)         3.115     6.461    static         <hidden>
    SLICE_X176Y169.CLK   FDCE                                         r  static         <hidden>
  -------------------------------------------------------------------    ----------------------------------
    SLICE_X176Y169.Q     FDCE (Prop_EFF2_SLICEM_C_Q)
                                                      0.079     6.540 r  static         <hidden>
                         net (fo=1, routed)           0.734     7.274    static         <hidden>
    SLICE_X180Y169.D     FDRE                                         r  static         <hidden>
  -------------------------------------------------------------------    ----------------------------------

                         (clock clk_hbm_ref rise edge)
                                                     10.000    10.000 r                 
    BJ4                                               0.000    10.000 r  static         <hidden>
                         net (fo=0)                   0.079    10.079    static         WRAPPER/IO_SHIM/IBUFDS_CLK_125/I
    HPIOBDIFFINBUF_X0Y130.DIFF_IN_P
                                                                      r  static         WRAPPER/IO_SHIM/IBUFDS_CLK_125/DIFFINBUF_INST/DIFF_IN_P
    HPIOBDIFFINBUF_X0Y130.O
                         DIFFINBUF (Prop_DIFFINBUF_HPIOBDIFFINBUF_DIFF_IN_P_O)
                                                      0.750    10.829 r  static         WRAPPER/IO_SHIM/IBUFDS_CLK_125/DIFFINBUF_INST/O
                         net (fo=1, routed)           0.040    10.869    static         WRAPPER/IO_SHIM/IBUFDS_CLK_125/OUT
    BJ4.I                                                             r  static         WRAPPER/IO_SHIM/IBUFDS_CLK_125/IBUFCTRL_INST/I
    BJ4.O                IBUFCTRL (Prop_IBUFCTRL_HPIOB_M_I_O)
                                                      0.000    10.869 r  static         WRAPPER/IO_SHIM/IBUFDS_CLK_125/IBUFCTRL_INST/O
                         net (fo=1, routed)           0.309    11.178    static         <hidden>
    BUFGCE_X0Y122.I                                                   r  static         <hidden>
    BUFGCE_X0Y122.O      BUFGCE (Prop_BUFCE_BUFGCE_I_O)
                                                      0.024    11.202 r  static         <hidden>
                         net (fo=3, routed)           1.624    12.826    static         <hidden>
    SLR Crossing[1->0]   
    MMCM_X0Y2.CLKIN1                                                  r  static         <hidden>
    MMCM_X0Y2.CLKOUT0    MMCME4_ADV (Prop_MMCM_CLKIN1_CLKOUT0)
                                                      0.630    13.456 r  static         <hidden>
                         net (fo=2, routed)           0.216    13.672    static         <hidden>
    BUFGCE_X0Y65.I                                                    r  static         <hidden>
    BUFGCE_X0Y65.O       BUFGCE (Prop_BUFCE_BUFGCE_I_O)
                                                      0.024    13.696 r  static         <hidden>
    X3Y5 (CLOCK_ROOT)    net (fo=232, routed)         2.819    16.515    static         <hidden>
    SLICE_X180Y169.CLK   FDRE                                         r  static         <hidden>
                         clock pessimism             -0.115    16.400                     
                         clock uncertainty           -0.094    16.305                     
    SLICE_X180Y169       FDRE (Setup_FFF2_SLICEM_C_D)
                                                      0.025    16.330    static           <hidden>
  -------------------------------------------------------------------
                         required time                         16.330                     
                         arrival time                          -7.274                     
  -------------------------------------------------------------------
                         slack                                  9.056                     

Slack (MET) :             9.075ns  (required time - arrival time)
  Source:                 <hidden>
                            (rising edge-triggered cell FDCE clocked by clk_hbm_ref  {rise@0.000ns fall@5.000ns period=10.000ns})
  Destination:            <hidden>
                            (rising edge-triggered cell FDRE clocked by clk_hbm_ref  {rise@0.000ns fall@5.000ns period=10.000ns})
  Path Group:             clk_hbm_ref
  Path Type:              Setup (Max at Slow Process Corner)
  Requirement:            10.000ns  (clk_hbm_ref rise@10.000ns - clk_hbm_ref rise@0.000ns)
  Data Path Delay:        0.788ns  (logic 0.076ns (9.644%)  route 0.712ns (90.356%))
  Logic Levels:           0  
  Clock Path Skew:        -0.068ns (DCD - SCD + CPR)
    Destination Clock Delay (DCD):    6.492ns = ( 16.492 - 10.000 ) 
    Source Clock Delay      (SCD):    6.445ns
    Clock Pessimism Removal (CPR):    -0.115ns
  Clock Uncertainty:      0.094ns  ((TSJ^2 + DJ^2)^1/2) / 2 + PE
    Total System Jitter     (TSJ):    0.071ns
    Discrete Jitter          (DJ):    0.175ns
    Phase Error              (PE):    0.000ns
  Clock Net Delay (Source):      3.099ns (routing 1.109ns, distribution 1.990ns)
  Clock Net Delay (Destination): 2.796ns (routing 1.008ns, distribution 1.788ns)

    Location             Delay type                Incr(ns)  Path(ns)    Partition      Netlist Resource(s)
  -------------------------------------------------------------------    ----------------------------------
                         (clock clk_hbm_ref rise edge)
                                                      0.000     0.000 r                 
    BJ4                                               0.000     0.000 r  static         <hidden>
                         net (fo=0)                   0.100     0.100    static         WRAPPER/IO_SHIM/IBUFDS_CLK_125/I
    HPIOBDIFFINBUF_X0Y130.DIFF_IN_P
                                                                      r  static         WRAPPER/IO_SHIM/IBUFDS_CLK_125/DIFFINBUF_INST/DIFF_IN_P
    HPIOBDIFFINBUF_X0Y130.O
                         DIFFINBUF (Prop_DIFFINBUF_HPIOBDIFFINBUF_DIFF_IN_P_O)
                                                      0.863     0.963 r  static         WRAPPER/IO_SHIM/IBUFDS_CLK_125/DIFFINBUF_INST/O
                         net (fo=1, routed)           0.050     1.013    static         WRAPPER/IO_SHIM/IBUFDS_CLK_125/OUT
    BJ4.I                                                             r  static         WRAPPER/IO_SHIM/IBUFDS_CLK_125/IBUFCTRL_INST/I
    BJ4.O                IBUFCTRL (Prop_IBUFCTRL_HPIOB_M_I_O)
                                                      0.000     1.013 r  static         WRAPPER/IO_SHIM/IBUFDS_CLK_125/IBUFCTRL_INST/O
                         net (fo=1, routed)           0.348     1.361    static         <hidden>
    BUFGCE_X0Y122.I                                                   r  static         <hidden>
    BUFGCE_X0Y122.O      BUFGCE (Prop_BUFCE_BUFGCE_I_O)
                                                      0.028     1.389 r  static         <hidden>
                         net (fo=3, routed)           1.811     3.200    static         <hidden>
    SLR Crossing[1->0]   
    MMCM_X0Y2.CLKIN1                                                  r  static         <hidden>
    MMCM_X0Y2.CLKOUT0    MMCME4_ADV (Prop_MMCM_CLKIN1_CLKOUT0)
                                                     -0.127     3.073 r  static         <hidden>
                         net (fo=2, routed)           0.245     3.318    static         <hidden>
    BUFGCE_X0Y65.I                                                    r  static         <hidden>
    BUFGCE_X0Y65.O       BUFGCE (Prop_BUFCE_BUFGCE_I_O)
                                                      0.028     3.346 r  static         <hidden>
    X3Y5 (CLOCK_ROOT)    net (fo=232, routed)         3.099     6.445    static         <hidden>
    SLICE_X176Y145.CLK   FDCE                                         r  static         <hidden>
  -------------------------------------------------------------------    ----------------------------------
    SLICE_X176Y145.Q     FDCE (Prop_EFF_SLICEM_C_Q)
                                                      0.076     6.521 r  static         <hidden>
                         net (fo=1, routed)           0.712     7.233    static         <hidden>
    SLICE_X178Y145.D     FDRE                                         r  static         <hidden>
  -------------------------------------------------------------------    ----------------------------------

                         (clock clk_hbm_ref rise edge)
                                                     10.000    10.000 r                 
    BJ4                                               0.000    10.000 r  static         <hidden>
                         net (fo=0)                   0.079    10.079    static         WRAPPER/IO_SHIM/IBUFDS_CLK_125/I
    HPIOBDIFFINBUF_X0Y130.DIFF_IN_P
                                                                      r  static         WRAPPER/IO_SHIM/IBUFDS_CLK_125/DIFFINBUF_INST/DIFF_IN_P
    HPIOBDIFFINBUF_X0Y130.O
                         DIFFINBUF (Prop_DIFFINBUF_HPIOBDIFFINBUF_DIFF_IN_P_O)
                                                      0.750    10.829 r  static         WRAPPER/IO_SHIM/IBUFDS_CLK_125/DIFFINBUF_INST/O
                         net (fo=1, routed)           0.040    10.869    static         WRAPPER/IO_SHIM/IBUFDS_CLK_125/OUT
    BJ4.I                                                             r  static         WRAPPER/IO_SHIM/IBUFDS_CLK_125/IBUFCTRL_INST/I
    BJ4.O                IBUFCTRL (Prop_IBUFCTRL_HPIOB_M_I_O)
                                                      0.000    10.869 r  static         WRAPPER/IO_SHIM/IBUFDS_CLK_125/IBUFCTRL_INST/O
                         net (fo=1, routed)           0.309    11.178    static         <hidden>
    BUFGCE_X0Y122.I                                                   r  static         <hidden>
    BUFGCE_X0Y122.O      BUFGCE (Prop_BUFCE_BUFGCE_I_O)
                                                      0.024    11.202 r  static         <hidden>
                         net (fo=3, routed)           1.624    12.826    static         <hidden>
    SLR Crossing[1->0]   
    MMCM_X0Y2.CLKIN1                                                  r  static         <hidden>
    MMCM_X0Y2.CLKOUT0    MMCME4_ADV (Prop_MMCM_CLKIN1_CLKOUT0)
                                                      0.630    13.456 r  static         <hidden>
                         net (fo=2, routed)           0.216    13.672    static         <hidden>
    BUFGCE_X0Y65.I                                                    r  static         <hidden>
    BUFGCE_X0Y65.O       BUFGCE (Prop_BUFCE_BUFGCE_I_O)
                                                      0.024    13.696 r  static         <hidden>
    X3Y5 (CLOCK_ROOT)    net (fo=232, routed)         2.796    16.492    static         <hidden>
    SLICE_X178Y145.CLK   FDRE                                         r  static         <hidden>
                         clock pessimism             -0.115    16.377                     
                         clock uncertainty           -0.094    16.283                     
    SLICE_X178Y145       FDRE (Setup_FFF2_SLICEL_C_D)
                                                      0.025    16.308    static           <hidden>
  -------------------------------------------------------------------
                         required time                         16.308                     
                         arrival time                          -7.233                     
  -------------------------------------------------------------------
                         slack                                  9.075                     

Slack (MET) :             9.089ns  (required time - arrival time)
  Source:                 <hidden>
                            (rising edge-triggered cell FDCE clocked by clk_hbm_ref  {rise@0.000ns fall@5.000ns period=10.000ns})
  Destination:            <hidden>
                            (rising edge-triggered cell FDRE clocked by clk_hbm_ref  {rise@0.000ns fall@5.000ns period=10.000ns})
  Path Group:             clk_hbm_ref
  Path Type:              Setup (Max at Slow Process Corner)
  Requirement:            10.000ns  (clk_hbm_ref rise@10.000ns - clk_hbm_ref rise@0.000ns)
  Data Path Delay:        0.758ns  (logic 0.076ns (10.023%)  route 0.682ns (89.977%))
  Logic Levels:           0  
  Clock Path Skew:        -0.084ns (DCD - SCD + CPR)
    Destination Clock Delay (DCD):    6.490ns = ( 16.490 - 10.000 ) 
    Source Clock Delay      (SCD):    6.459ns
    Clock Pessimism Removal (CPR):    -0.115ns
  Clock Uncertainty:      0.094ns  ((TSJ^2 + DJ^2)^1/2) / 2 + PE
    Total System Jitter     (TSJ):    0.071ns
    Discrete Jitter          (DJ):    0.175ns
    Phase Error              (PE):    0.000ns
  Clock Net Delay (Source):      3.113ns (routing 1.109ns, distribution 2.004ns)
  Clock Net Delay (Destination): 2.794ns (routing 1.008ns, distribution 1.786ns)

    Location             Delay type                Incr(ns)  Path(ns)    Partition      Netlist Resource(s)
  -------------------------------------------------------------------    ----------------------------------
                         (clock clk_hbm_ref rise edge)
                                                      0.000     0.000 r                 
    BJ4                                               0.000     0.000 r  static         <hidden>
                         net (fo=0)                   0.100     0.100    static         WRAPPER/IO_SHIM/IBUFDS_CLK_125/I
    HPIOBDIFFINBUF_X0Y130.DIFF_IN_P
                                                                      r  static         WRAPPER/IO_SHIM/IBUFDS_CLK_125/DIFFINBUF_INST/DIFF_IN_P
    HPIOBDIFFINBUF_X0Y130.O
                         DIFFINBUF (Prop_DIFFINBUF_HPIOBDIFFINBUF_DIFF_IN_P_O)
                                                      0.863     0.963 r  static         WRAPPER/IO_SHIM/IBUFDS_CLK_125/DIFFINBUF_INST/O
                         net (fo=1, routed)           0.050     1.013    static         WRAPPER/IO_SHIM/IBUFDS_CLK_125/OUT
    BJ4.I                                                             r  static         WRAPPER/IO_SHIM/IBUFDS_CLK_125/IBUFCTRL_INST/I
    BJ4.O                IBUFCTRL (Prop_IBUFCTRL_HPIOB_M_I_O)
                                                      0.000     1.013 r  static         WRAPPER/IO_SHIM/IBUFDS_CLK_125/IBUFCTRL_INST/O
                         net (fo=1, routed)           0.348     1.361    static         <hidden>
    BUFGCE_X0Y122.I                                                   r  static         <hidden>
    BUFGCE_X0Y122.O      BUFGCE (Prop_BUFCE_BUFGCE_I_O)
                                                      0.028     1.389 r  static         <hidden>
                         net (fo=3, routed)           1.811     3.200    static         <hidden>
    SLR Crossing[1->0]   
    MMCM_X0Y2.CLKIN1                                                  r  static         <hidden>
    MMCM_X0Y2.CLKOUT0    MMCME4_ADV (Prop_MMCM_CLKIN1_CLKOUT0)
                                                     -0.127     3.073 r  static         <hidden>
                         net (fo=2, routed)           0.245     3.318    static         <hidden>
    BUFGCE_X0Y65.I                                                    r  static         <hidden>
    BUFGCE_X0Y65.O       BUFGCE (Prop_BUFCE_BUFGCE_I_O)
                                                      0.028     3.346 r  static         <hidden>
    X3Y5 (CLOCK_ROOT)    net (fo=232, routed)         3.113     6.459    static         <hidden>
    SLICE_X176Y143.CLK   FDCE                                         r  static         <hidden>
  -------------------------------------------------------------------    ----------------------------------
    SLICE_X176Y143.Q     FDCE (Prop_FFF_SLICEM_C_Q)
                                                      0.076     6.535 r  static         <hidden>
                         net (fo=1, routed)           0.682     7.217    static         <hidden>
    SLICE_X178Y145.D     FDRE                                         r  static         <hidden>
  -------------------------------------------------------------------    ----------------------------------

                         (clock clk_hbm_ref rise edge)
                                                     10.000    10.000 r                 
    BJ4                                               0.000    10.000 r  static         <hidden>
                         net (fo=0)                   0.079    10.079    static         WRAPPER/IO_SHIM/IBUFDS_CLK_125/I
    HPIOBDIFFINBUF_X0Y130.DIFF_IN_P
                                                                      r  static         WRAPPER/IO_SHIM/IBUFDS_CLK_125/DIFFINBUF_INST/DIFF_IN_P
    HPIOBDIFFINBUF_X0Y130.O
                         DIFFINBUF (Prop_DIFFINBUF_HPIOBDIFFINBUF_DIFF_IN_P_O)
                                                      0.750    10.829 r  static         WRAPPER/IO_SHIM/IBUFDS_CLK_125/DIFFINBUF_INST/O
                         net (fo=1, routed)           0.040    10.869    static         WRAPPER/IO_SHIM/IBUFDS_CLK_125/OUT
    BJ4.I                                                             r  static         WRAPPER/IO_SHIM/IBUFDS_CLK_125/IBUFCTRL_INST/I
    BJ4.O                IBUFCTRL (Prop_IBUFCTRL_HPIOB_M_I_O)
                                                      0.000    10.869 r  static         WRAPPER/IO_SHIM/IBUFDS_CLK_125/IBUFCTRL_INST/O
                         net (fo=1, routed)           0.309    11.178    static         <hidden>
    BUFGCE_X0Y122.I                                                   r  static         <hidden>
    BUFGCE_X0Y122.O      BUFGCE (Prop_BUFCE_BUFGCE_I_O)
                                                      0.024    11.202 r  static         <hidden>
                         net (fo=3, routed)           1.624    12.826    static         <hidden>
    SLR Crossing[1->0]   
    MMCM_X0Y2.CLKIN1                                                  r  static         <hidden>
    MMCM_X0Y2.CLKOUT0    MMCME4_ADV (Prop_MMCM_CLKIN1_CLKOUT0)
                                                      0.630    13.456 r  static         <hidden>
                         net (fo=2, routed)           0.216    13.672    static         <hidden>
    BUFGCE_X0Y65.I                                                    r  static         <hidden>
    BUFGCE_X0Y65.O       BUFGCE (Prop_BUFCE_BUFGCE_I_O)
                                                      0.024    13.696 r  static         <hidden>
    X3Y5 (CLOCK_ROOT)    net (fo=232, routed)         2.794    16.490    static         <hidden>
    SLICE_X178Y145.CLK   FDRE                                         r  static         <hidden>
                         clock pessimism             -0.115    16.375                     
                         clock uncertainty           -0.094    16.281                     
    SLICE_X178Y145       FDRE (Setup_CFF2_SLICEL_C_D)
                                                      0.025    16.306    static           <hidden>
  -------------------------------------------------------------------
                         required time                         16.306                     
                         arrival time                          -7.217                     
  -------------------------------------------------------------------
                         slack                                  9.089                     

Slack (MET) :             9.101ns  (required time - arrival time)
  Source:                 <hidden>
                            (rising edge-triggered cell FDCE clocked by clk_hbm_ref  {rise@0.000ns fall@5.000ns period=10.000ns})
  Destination:            <hidden>
                            (rising edge-triggered cell FDRE clocked by clk_hbm_ref  {rise@0.000ns fall@5.000ns period=10.000ns})
  Path Group:             clk_hbm_ref
  Path Type:              Setup (Max at Slow Process Corner)
  Requirement:            10.000ns  (clk_hbm_ref rise@10.000ns - clk_hbm_ref rise@0.000ns)
  Data Path Delay:        0.758ns  (logic 0.079ns (10.429%)  route 0.679ns (89.571%))
  Logic Levels:           0  
  Clock Path Skew:        -0.072ns (DCD - SCD + CPR)
    Destination Clock Delay (DCD):    6.515ns = ( 16.515 - 10.000 ) 
    Source Clock Delay      (SCD):    6.472ns
    Clock Pessimism Removal (CPR):    -0.115ns
  Clock Uncertainty:      0.094ns  ((TSJ^2 + DJ^2)^1/2) / 2 + PE
    Total System Jitter     (TSJ):    0.071ns
    Discrete Jitter          (DJ):    0.175ns
    Phase Error              (PE):    0.000ns
  Clock Net Delay (Source):      3.126ns (routing 1.109ns, distribution 2.017ns)
  Clock Net Delay (Destination): 2.819ns (routing 1.008ns, distribution 1.811ns)

    Location             Delay type                Incr(ns)  Path(ns)    Partition      Netlist Resource(s)
  -------------------------------------------------------------------    ----------------------------------
                         (clock clk_hbm_ref rise edge)
                                                      0.000     0.000 r                 
    BJ4                                               0.000     0.000 r  static         <hidden>
                         net (fo=0)                   0.100     0.100    static         WRAPPER/IO_SHIM/IBUFDS_CLK_125/I
    HPIOBDIFFINBUF_X0Y130.DIFF_IN_P
                                                                      r  static         WRAPPER/IO_SHIM/IBUFDS_CLK_125/DIFFINBUF_INST/DIFF_IN_P
    HPIOBDIFFINBUF_X0Y130.O
                         DIFFINBUF (Prop_DIFFINBUF_HPIOBDIFFINBUF_DIFF_IN_P_O)
                                                      0.863     0.963 r  static         WRAPPER/IO_SHIM/IBUFDS_CLK_125/DIFFINBUF_INST/O
                         net (fo=1, routed)           0.050     1.013    static         WRAPPER/IO_SHIM/IBUFDS_CLK_125/OUT
    BJ4.I                                                             r  static         WRAPPER/IO_SHIM/IBUFDS_CLK_125/IBUFCTRL_INST/I
    BJ4.O                IBUFCTRL (Prop_IBUFCTRL_HPIOB_M_I_O)
                                                      0.000     1.013 r  static         WRAPPER/IO_SHIM/IBUFDS_CLK_125/IBUFCTRL_INST/O
                         net (fo=1, routed)           0.348     1.361    static         <hidden>
    BUFGCE_X0Y122.I                                                   r  static         <hidden>
    BUFGCE_X0Y122.O      BUFGCE (Prop_BUFCE_BUFGCE_I_O)
                                                      0.028     1.389 r  static         <hidden>
                         net (fo=3, routed)           1.811     3.200    static         <hidden>
    SLR Crossing[1->0]   
    MMCM_X0Y2.CLKIN1                                                  r  static         <hidden>
    MMCM_X0Y2.CLKOUT0    MMCME4_ADV (Prop_MMCM_CLKIN1_CLKOUT0)
                                                     -0.127     3.073 r  static         <hidden>
                         net (fo=2, routed)           0.245     3.318    static         <hidden>
    BUFGCE_X0Y65.I                                                    r  static         <hidden>
    BUFGCE_X0Y65.O       BUFGCE (Prop_BUFCE_BUFGCE_I_O)
                                                      0.028     3.346 r  static         <hidden>
    X3Y5 (CLOCK_ROOT)    net (fo=232, routed)         3.126     6.472    static         <hidden>
    SLICE_X176Y168.CLK   FDCE                                         r  static         <hidden>
  -------------------------------------------------------------------    ----------------------------------
    SLICE_X176Y168.Q     FDCE (Prop_EFF2_SLICEM_C_Q)
                                                      0.079     6.551 r  static         <hidden>
                         net (fo=1, routed)           0.679     7.229    static         <hidden>
    SLICE_X180Y169.D     FDRE                                         r  static         <hidden>
  -------------------------------------------------------------------    ----------------------------------

                         (clock clk_hbm_ref rise edge)
                                                     10.000    10.000 r                 
    BJ4                                               0.000    10.000 r  static         <hidden>
                         net (fo=0)                   0.079    10.079    static         WRAPPER/IO_SHIM/IBUFDS_CLK_125/I
    HPIOBDIFFINBUF_X0Y130.DIFF_IN_P
                                                                      r  static         WRAPPER/IO_SHIM/IBUFDS_CLK_125/DIFFINBUF_INST/DIFF_IN_P
    HPIOBDIFFINBUF_X0Y130.O
                         DIFFINBUF (Prop_DIFFINBUF_HPIOBDIFFINBUF_DIFF_IN_P_O)
                                                      0.750    10.829 r  static         WRAPPER/IO_SHIM/IBUFDS_CLK_125/DIFFINBUF_INST/O
                         net (fo=1, routed)           0.040    10.869    static         WRAPPER/IO_SHIM/IBUFDS_CLK_125/OUT
    BJ4.I                                                             r  static         WRAPPER/IO_SHIM/IBUFDS_CLK_125/IBUFCTRL_INST/I
    BJ4.O                IBUFCTRL (Prop_IBUFCTRL_HPIOB_M_I_O)
                                                      0.000    10.869 r  static         WRAPPER/IO_SHIM/IBUFDS_CLK_125/IBUFCTRL_INST/O
                         net (fo=1, routed)           0.309    11.178    static         <hidden>
    BUFGCE_X0Y122.I                                                   r  static         <hidden>
    BUFGCE_X0Y122.O      BUFGCE (Prop_BUFCE_BUFGCE_I_O)
                                                      0.024    11.202 r  static         <hidden>
                         net (fo=3, routed)           1.624    12.826    static         <hidden>
    SLR Crossing[1->0]   
    MMCM_X0Y2.CLKIN1                                                  r  static         <hidden>
    MMCM_X0Y2.CLKOUT0    MMCME4_ADV (Prop_MMCM_CLKIN1_CLKOUT0)
                                                      0.630    13.456 r  static         <hidden>
                         net (fo=2, routed)           0.216    13.672    static         <hidden>
    BUFGCE_X0Y65.I                                                    r  static         <hidden>
    BUFGCE_X0Y65.O       BUFGCE (Prop_BUFCE_BUFGCE_I_O)
                                                      0.024    13.696 r  static         <hidden>
    X3Y5 (CLOCK_ROOT)    net (fo=232, routed)         2.819    16.515    static         <hidden>
    SLICE_X180Y169.CLK   FDRE                                         r  static         <hidden>
                         clock pessimism             -0.115    16.400                     
                         clock uncertainty           -0.094    16.305                     
    SLICE_X180Y169       FDRE (Setup_FFF_SLICEM_C_D)
                                                      0.025    16.330    static           <hidden>
  -------------------------------------------------------------------
                         required time                         16.330                     
                         arrival time                          -7.229                     
  -------------------------------------------------------------------
                         slack                                  9.101                     

Slack (MET) :             9.228ns  (required time - arrival time)
  Source:                 <hidden>
                            (rising edge-triggered cell FDCE clocked by clk_hbm_ref  {rise@0.000ns fall@5.000ns period=10.000ns})
  Destination:            <hidden>
                            (rising edge-triggered cell FDRE clocked by clk_hbm_ref  {rise@0.000ns fall@5.000ns period=10.000ns})
  Path Group:             clk_hbm_ref
  Path Type:              Setup (Max at Slow Process Corner)
  Requirement:            10.000ns  (clk_hbm_ref rise@10.000ns - clk_hbm_ref rise@0.000ns)
  Data Path Delay:        0.653ns  (logic 0.076ns (11.639%)  route 0.577ns (88.361%))
  Logic Levels:           0  
  Clock Path Skew:        -0.049ns (DCD - SCD + CPR)
    Destination Clock Delay (DCD):    6.499ns = ( 16.499 - 10.000 ) 
    Source Clock Delay      (SCD):    6.434ns
    Clock Pessimism Removal (CPR):    -0.115ns
  Clock Uncertainty:      0.094ns  ((TSJ^2 + DJ^2)^1/2) / 2 + PE
    Total System Jitter     (TSJ):    0.071ns
    Discrete Jitter          (DJ):    0.175ns
    Phase Error              (PE):    0.000ns
  Clock Net Delay (Source):      3.088ns (routing 1.109ns, distribution 1.979ns)
  Clock Net Delay (Destination): 2.803ns (routing 1.008ns, distribution 1.795ns)

    Location             Delay type                Incr(ns)  Path(ns)    Partition      Netlist Resource(s)
  -------------------------------------------------------------------    ----------------------------------
                         (clock clk_hbm_ref rise edge)
                                                      0.000     0.000 r                 
    BJ4                                               0.000     0.000 r  static         <hidden>
                         net (fo=0)                   0.100     0.100    static         WRAPPER/IO_SHIM/IBUFDS_CLK_125/I
    HPIOBDIFFINBUF_X0Y130.DIFF_IN_P
                                                                      r  static         WRAPPER/IO_SHIM/IBUFDS_CLK_125/DIFFINBUF_INST/DIFF_IN_P
    HPIOBDIFFINBUF_X0Y130.O
                         DIFFINBUF (Prop_DIFFINBUF_HPIOBDIFFINBUF_DIFF_IN_P_O)
                                                      0.863     0.963 r  static         WRAPPER/IO_SHIM/IBUFDS_CLK_125/DIFFINBUF_INST/O
                         net (fo=1, routed)           0.050     1.013    static         WRAPPER/IO_SHIM/IBUFDS_CLK_125/OUT
    BJ4.I                                                             r  static         WRAPPER/IO_SHIM/IBUFDS_CLK_125/IBUFCTRL_INST/I
    BJ4.O                IBUFCTRL (Prop_IBUFCTRL_HPIOB_M_I_O)
                                                      0.000     1.013 r  static         WRAPPER/IO_SHIM/IBUFDS_CLK_125/IBUFCTRL_INST/O
                         net (fo=1, routed)           0.348     1.361    static         <hidden>
    BUFGCE_X0Y122.I                                                   r  static         <hidden>
    BUFGCE_X0Y122.O      BUFGCE (Prop_BUFCE_BUFGCE_I_O)
                                                      0.028     1.389 r  static         <hidden>
                         net (fo=3, routed)           1.811     3.200    static         <hidden>
    SLR Crossing[1->0]   
    MMCM_X0Y2.CLKIN1                                                  r  static         <hidden>
    MMCM_X0Y2.CLKOUT0    MMCME4_ADV (Prop_MMCM_CLKIN1_CLKOUT0)
                                                     -0.127     3.073 r  static         <hidden>
                         net (fo=2, routed)           0.245     3.318    static         <hidden>
    BUFGCE_X0Y65.I                                                    r  static         <hidden>
    BUFGCE_X0Y65.O       BUFGCE (Prop_BUFCE_BUFGCE_I_O)
                                                      0.028     3.346 r  static         <hidden>
    X3Y5 (CLOCK_ROOT)    net (fo=232, routed)         3.088     6.434    static         <hidden>
    SLICE_X176Y153.CLK   FDCE                                         r  static         <hidden>
  -------------------------------------------------------------------    ----------------------------------
    SLICE_X176Y153.Q     FDCE (Prop_EFF_SLICEM_C_Q)
                                                      0.076     6.510 r  static         <hidden>
                         net (fo=1, routed)           0.577     7.087    static         <hidden>
    SLICE_X179Y143.D     FDRE                                         r  static         <hidden>
  -------------------------------------------------------------------    ----------------------------------

                         (clock clk_hbm_ref rise edge)
                                                     10.000    10.000 r                 
    BJ4                                               0.000    10.000 r  static         <hidden>
                         net (fo=0)                   0.079    10.079    static         WRAPPER/IO_SHIM/IBUFDS_CLK_125/I
    HPIOBDIFFINBUF_X0Y130.DIFF_IN_P
                                                                      r  static         WRAPPER/IO_SHIM/IBUFDS_CLK_125/DIFFINBUF_INST/DIFF_IN_P
    HPIOBDIFFINBUF_X0Y130.O
                         DIFFINBUF (Prop_DIFFINBUF_HPIOBDIFFINBUF_DIFF_IN_P_O)
                                                      0.750    10.829 r  static         WRAPPER/IO_SHIM/IBUFDS_CLK_125/DIFFINBUF_INST/O
                         net (fo=1, routed)           0.040    10.869    static         WRAPPER/IO_SHIM/IBUFDS_CLK_125/OUT
    BJ4.I                                                             r  static         WRAPPER/IO_SHIM/IBUFDS_CLK_125/IBUFCTRL_INST/I
    BJ4.O                IBUFCTRL (Prop_IBUFCTRL_HPIOB_M_I_O)
                                                      0.000    10.869 r  static         WRAPPER/IO_SHIM/IBUFDS_CLK_125/IBUFCTRL_INST/O
                         net (fo=1, routed)           0.309    11.178    static         <hidden>
    BUFGCE_X0Y122.I                                                   r  static         <hidden>
    BUFGCE_X0Y122.O      BUFGCE (Prop_BUFCE_BUFGCE_I_O)
                                                      0.024    11.202 r  static         <hidden>
                         net (fo=3, routed)           1.624    12.826    static         <hidden>
    SLR Crossing[1->0]   
    MMCM_X0Y2.CLKIN1                                                  r  static         <hidden>
    MMCM_X0Y2.CLKOUT0    MMCME4_ADV (Prop_MMCM_CLKIN1_CLKOUT0)
                                                      0.630    13.456 r  static         <hidden>
                         net (fo=2, routed)           0.216    13.672    static         <hidden>
    BUFGCE_X0Y65.I                                                    r  static         <hidden>
    BUFGCE_X0Y65.O       BUFGCE (Prop_BUFCE_BUFGCE_I_O)
                                                      0.024    13.696 r  static         <hidden>
    X3Y5 (CLOCK_ROOT)    net (fo=232, routed)         2.803    16.499    static         <hidden>
    SLICE_X179Y143.CLK   FDRE                                         r  static         <hidden>
                         clock pessimism             -0.115    16.384                     
                         clock uncertainty           -0.094    16.290                     
    SLICE_X179Y143       FDRE (Setup_EFF_SLICEM_C_D)
                                                      0.025    16.315    static           <hidden>
  -------------------------------------------------------------------
                         required time                         16.315                     
                         arrival time                          -7.087                     
  -------------------------------------------------------------------
                         slack                                  9.228                     

Slack (MET) :             9.277ns  (required time - arrival time)
  Source:                 <hidden>
                            (rising edge-triggered cell FDCE clocked by clk_hbm_ref  {rise@0.000ns fall@5.000ns period=10.000ns})
  Destination:            <hidden>
                            (rising edge-triggered cell FDRE clocked by clk_hbm_ref  {rise@0.000ns fall@5.000ns period=10.000ns})
  Path Group:             clk_hbm_ref
  Path Type:              Setup (Max at Slow Process Corner)
  Requirement:            10.000ns  (clk_hbm_ref rise@10.000ns - clk_hbm_ref rise@0.000ns)
  Data Path Delay:        0.599ns  (logic 0.079ns (13.190%)  route 0.520ns (86.810%))
  Logic Levels:           0  
  Clock Path Skew:        -0.054ns (DCD - SCD + CPR)
    Destination Clock Delay (DCD):    6.509ns = ( 16.509 - 10.000 ) 
    Source Clock Delay      (SCD):    6.449ns
    Clock Pessimism Removal (CPR):    -0.115ns
  Clock Uncertainty:      0.094ns  ((TSJ^2 + DJ^2)^1/2) / 2 + PE
    Total System Jitter     (TSJ):    0.071ns
    Discrete Jitter          (DJ):    0.175ns
    Phase Error              (PE):    0.000ns
  Clock Net Delay (Source):      3.103ns (routing 1.109ns, distribution 1.994ns)
  Clock Net Delay (Destination): 2.813ns (routing 1.008ns, distribution 1.805ns)

    Location             Delay type                Incr(ns)  Path(ns)    Partition      Netlist Resource(s)
  -------------------------------------------------------------------    ----------------------------------
                         (clock clk_hbm_ref rise edge)
                                                      0.000     0.000 r                 
    BJ4                                               0.000     0.000 r  static         <hidden>
                         net (fo=0)                   0.100     0.100    static         WRAPPER/IO_SHIM/IBUFDS_CLK_125/I
    HPIOBDIFFINBUF_X0Y130.DIFF_IN_P
                                                                      r  static         WRAPPER/IO_SHIM/IBUFDS_CLK_125/DIFFINBUF_INST/DIFF_IN_P
    HPIOBDIFFINBUF_X0Y130.O
                         DIFFINBUF (Prop_DIFFINBUF_HPIOBDIFFINBUF_DIFF_IN_P_O)
                                                      0.863     0.963 r  static         WRAPPER/IO_SHIM/IBUFDS_CLK_125/DIFFINBUF_INST/O
                         net (fo=1, routed)           0.050     1.013    static         WRAPPER/IO_SHIM/IBUFDS_CLK_125/OUT
    BJ4.I                                                             r  static         WRAPPER/IO_SHIM/IBUFDS_CLK_125/IBUFCTRL_INST/I
    BJ4.O                IBUFCTRL (Prop_IBUFCTRL_HPIOB_M_I_O)
                                                      0.000     1.013 r  static         WRAPPER/IO_SHIM/IBUFDS_CLK_125/IBUFCTRL_INST/O
                         net (fo=1, routed)           0.348     1.361    static         <hidden>
    BUFGCE_X0Y122.I                                                   r  static         <hidden>
    BUFGCE_X0Y122.O      BUFGCE (Prop_BUFCE_BUFGCE_I_O)
                                                      0.028     1.389 r  static         <hidden>
                         net (fo=3, routed)           1.811     3.200    static         <hidden>
    SLR Crossing[1->0]   
    MMCM_X0Y2.CLKIN1                                                  r  static         <hidden>
    MMCM_X0Y2.CLKOUT0    MMCME4_ADV (Prop_MMCM_CLKIN1_CLKOUT0)
                                                     -0.127     3.073 r  static         <hidden>
                         net (fo=2, routed)           0.245     3.318    static         <hidden>
    BUFGCE_X0Y65.I                                                    r  static         <hidden>
    BUFGCE_X0Y65.O       BUFGCE (Prop_BUFCE_BUFGCE_I_O)
                                                      0.028     3.346 r  static         <hidden>
    X3Y5 (CLOCK_ROOT)    net (fo=232, routed)         3.103     6.449    static         <hidden>
    SLICE_X177Y167.CLK   FDCE                                         r  static         <hidden>
  -------------------------------------------------------------------    ----------------------------------
    SLICE_X177Y167.Q     FDCE (Prop_EFF_SLICEL_C_Q)
                                                      0.079     6.528 r  static         <hidden>
                         net (fo=1, routed)           0.520     7.048    static         <hidden>
    SLICE_X180Y168.D     FDRE                                         r  static         <hidden>
  -------------------------------------------------------------------    ----------------------------------

                         (clock clk_hbm_ref rise edge)
                                                     10.000    10.000 r                 
    BJ4                                               0.000    10.000 r  static         <hidden>
                         net (fo=0)                   0.079    10.079    static         WRAPPER/IO_SHIM/IBUFDS_CLK_125/I
    HPIOBDIFFINBUF_X0Y130.DIFF_IN_P
                                                                      r  static         WRAPPER/IO_SHIM/IBUFDS_CLK_125/DIFFINBUF_INST/DIFF_IN_P
    HPIOBDIFFINBUF_X0Y130.O
                         DIFFINBUF (Prop_DIFFINBUF_HPIOBDIFFINBUF_DIFF_IN_P_O)
                                                      0.750    10.829 r  static         WRAPPER/IO_SHIM/IBUFDS_CLK_125/DIFFINBUF_INST/O
                         net (fo=1, routed)           0.040    10.869    static         WRAPPER/IO_SHIM/IBUFDS_CLK_125/OUT
    BJ4.I                                                             r  static         WRAPPER/IO_SHIM/IBUFDS_CLK_125/IBUFCTRL_INST/I
    BJ4.O                IBUFCTRL (Prop_IBUFCTRL_HPIOB_M_I_O)
                                                      0.000    10.869 r  static         WRAPPER/IO_SHIM/IBUFDS_CLK_125/IBUFCTRL_INST/O
                         net (fo=1, routed)           0.309    11.178    static         <hidden>
    BUFGCE_X0Y122.I                                                   r  static         <hidden>
    BUFGCE_X0Y122.O      BUFGCE (Prop_BUFCE_BUFGCE_I_O)
                                                      0.024    11.202 r  static         <hidden>
                         net (fo=3, routed)           1.624    12.826    static         <hidden>
    SLR Crossing[1->0]   
    MMCM_X0Y2.CLKIN1                                                  r  static         <hidden>
    MMCM_X0Y2.CLKOUT0    MMCME4_ADV (Prop_MMCM_CLKIN1_CLKOUT0)
                                                      0.630    13.456 r  static         <hidden>
                         net (fo=2, routed)           0.216    13.672    static         <hidden>
    BUFGCE_X0Y65.I                                                    r  static         <hidden>
    BUFGCE_X0Y65.O       BUFGCE (Prop_BUFCE_BUFGCE_I_O)
                                                      0.024    13.696 r  static         <hidden>
    X3Y5 (CLOCK_ROOT)    net (fo=232, routed)         2.813    16.509    static         <hidden>
    SLICE_X180Y168.CLK   FDRE                                         r  static         <hidden>
                         clock pessimism             -0.115    16.394                     
                         clock uncertainty           -0.094    16.300                     
    SLICE_X180Y168       FDRE (Setup_EFF_SLICEM_C_D)
                                                      0.025    16.325    static           <hidden>
  -------------------------------------------------------------------
                         required time                         16.325                     
                         arrival time                          -7.048                     
  -------------------------------------------------------------------
                         slack                                  9.277                     

Slack (MET) :             9.282ns  (required time - arrival time)
  Source:                 <hidden>
                            (rising edge-triggered cell FDCE clocked by clk_hbm_ref  {rise@0.000ns fall@5.000ns period=10.000ns})
  Destination:            <hidden>
                            (rising edge-triggered cell FDRE clocked by clk_hbm_ref  {rise@0.000ns fall@5.000ns period=10.000ns})
  Path Group:             clk_hbm_ref
  Path Type:              Setup (Max at Slow Process Corner)
  Requirement:            10.000ns  (clk_hbm_ref rise@10.000ns - clk_hbm_ref rise@0.000ns)
  Data Path Delay:        0.582ns  (logic 0.078ns (13.392%)  route 0.504ns (86.608%))
  Logic Levels:           0  
  Clock Path Skew:        -0.067ns (DCD - SCD + CPR)
    Destination Clock Delay (DCD):    6.509ns = ( 16.509 - 10.000 ) 
    Source Clock Delay      (SCD):    6.461ns
    Clock Pessimism Removal (CPR):    -0.115ns
  Clock Uncertainty:      0.094ns  ((TSJ^2 + DJ^2)^1/2) / 2 + PE
    Total System Jitter     (TSJ):    0.071ns
    Discrete Jitter          (DJ):    0.175ns
    Phase Error              (PE):    0.000ns
  Clock Net Delay (Source):      3.115ns (routing 1.109ns, distribution 2.006ns)
  Clock Net Delay (Destination): 2.813ns (routing 1.008ns, distribution 1.805ns)

    Location             Delay type                Incr(ns)  Path(ns)    Partition      Netlist Resource(s)
  -------------------------------------------------------------------    ----------------------------------
                         (clock clk_hbm_ref rise edge)
                                                      0.000     0.000 r                 
    BJ4                                               0.000     0.000 r  static         <hidden>
                         net (fo=0)                   0.100     0.100    static         WRAPPER/IO_SHIM/IBUFDS_CLK_125/I
    HPIOBDIFFINBUF_X0Y130.DIFF_IN_P
                                                                      r  static         WRAPPER/IO_SHIM/IBUFDS_CLK_125/DIFFINBUF_INST/DIFF_IN_P
    HPIOBDIFFINBUF_X0Y130.O
                         DIFFINBUF (Prop_DIFFINBUF_HPIOBDIFFINBUF_DIFF_IN_P_O)
                                                      0.863     0.963 r  static         WRAPPER/IO_SHIM/IBUFDS_CLK_125/DIFFINBUF_INST/O
                         net (fo=1, routed)           0.050     1.013    static         WRAPPER/IO_SHIM/IBUFDS_CLK_125/OUT
    BJ4.I                                                             r  static         WRAPPER/IO_SHIM/IBUFDS_CLK_125/IBUFCTRL_INST/I
    BJ4.O                IBUFCTRL (Prop_IBUFCTRL_HPIOB_M_I_O)
                                                      0.000     1.013 r  static         WRAPPER/IO_SHIM/IBUFDS_CLK_125/IBUFCTRL_INST/O
                         net (fo=1, routed)           0.348     1.361    static         <hidden>
    BUFGCE_X0Y122.I                                                   r  static         <hidden>
    BUFGCE_X0Y122.O      BUFGCE (Prop_BUFCE_BUFGCE_I_O)
                                                      0.028     1.389 r  static         <hidden>
                         net (fo=3, routed)           1.811     3.200    static         <hidden>
    SLR Crossing[1->0]   
    MMCM_X0Y2.CLKIN1                                                  r  static         <hidden>
    MMCM_X0Y2.CLKOUT0    MMCME4_ADV (Prop_MMCM_CLKIN1_CLKOUT0)
                                                     -0.127     3.073 r  static         <hidden>
                         net (fo=2, routed)           0.245     3.318    static         <hidden>
    BUFGCE_X0Y65.I                                                    r  static         <hidden>
    BUFGCE_X0Y65.O       BUFGCE (Prop_BUFCE_BUFGCE_I_O)
                                                      0.028     3.346 r  static         <hidden>
    X3Y5 (CLOCK_ROOT)    net (fo=232, routed)         3.115     6.461    static         <hidden>
    SLICE_X176Y169.CLK   FDCE                                         r  static         <hidden>
  -------------------------------------------------------------------    ----------------------------------
    SLICE_X176Y169.Q     FDCE (Prop_GFF_SLICEM_C_Q)
                                                      0.078     6.539 r  static         <hidden>
                         net (fo=1, routed)           0.504     7.043    static         <hidden>
    SLICE_X180Y168.D     FDRE                                         r  static         <hidden>
  -------------------------------------------------------------------    ----------------------------------

                         (clock clk_hbm_ref rise edge)
                                                     10.000    10.000 r                 
    BJ4                                               0.000    10.000 r  static         <hidden>
                         net (fo=0)                   0.079    10.079    static         WRAPPER/IO_SHIM/IBUFDS_CLK_125/I
    HPIOBDIFFINBUF_X0Y130.DIFF_IN_P
                                                                      r  static         WRAPPER/IO_SHIM/IBUFDS_CLK_125/DIFFINBUF_INST/DIFF_IN_P
    HPIOBDIFFINBUF_X0Y130.O
                         DIFFINBUF (Prop_DIFFINBUF_HPIOBDIFFINBUF_DIFF_IN_P_O)
                                                      0.750    10.829 r  static         WRAPPER/IO_SHIM/IBUFDS_CLK_125/DIFFINBUF_INST/O
                         net (fo=1, routed)           0.040    10.869    static         WRAPPER/IO_SHIM/IBUFDS_CLK_125/OUT
    BJ4.I                                                             r  static         WRAPPER/IO_SHIM/IBUFDS_CLK_125/IBUFCTRL_INST/I
    BJ4.O                IBUFCTRL (Prop_IBUFCTRL_HPIOB_M_I_O)
                                                      0.000    10.869 r  static         WRAPPER/IO_SHIM/IBUFDS_CLK_125/IBUFCTRL_INST/O
                         net (fo=1, routed)           0.309    11.178    static         <hidden>
    BUFGCE_X0Y122.I                                                   r  static         <hidden>
    BUFGCE_X0Y122.O      BUFGCE (Prop_BUFCE_BUFGCE_I_O)
                                                      0.024    11.202 r  static         <hidden>
                         net (fo=3, routed)           1.624    12.826    static         <hidden>
    SLR Crossing[1->0]   
    MMCM_X0Y2.CLKIN1                                                  r  static         <hidden>
    MMCM_X0Y2.CLKOUT0    MMCME4_ADV (Prop_MMCM_CLKIN1_CLKOUT0)
                                                      0.630    13.456 r  static         <hidden>
                         net (fo=2, routed)           0.216    13.672    static         <hidden>
    BUFGCE_X0Y65.I                                                    r  static         <hidden>
    BUFGCE_X0Y65.O       BUFGCE (Prop_BUFCE_BUFGCE_I_O)
                                                      0.024    13.696 r  static         <hidden>
    X3Y5 (CLOCK_ROOT)    net (fo=232, routed)         2.813    16.509    static         <hidden>
    SLICE_X180Y168.CLK   FDRE                                         r  static         <hidden>
                         clock pessimism             -0.115    16.394                     
                         clock uncertainty           -0.094    16.300                     
    SLICE_X180Y168       FDRE (Setup_HFF_SLICEM_C_D)
                                                      0.025    16.325    static           <hidden>
  -------------------------------------------------------------------
                         required time                         16.325                     
                         arrival time                          -7.043                     
  -------------------------------------------------------------------
                         slack                                  9.282                     

Slack (MET) :             10.520ns  (required time - arrival time)
  Source:                 <hidden>
                            (falling edge-triggered cell FDPE clocked by clk_spi  {rise@0.000ns fall@20.000ns period=40.000ns})
  Destination:            <hidden>
                            (output port clocked by clk_spi  {rise@0.000ns fall@20.000ns period=40.000ns})
  Path Group:             clk_spi
  Path Type:              Max at Slow Process Corner
  Requirement:            20.000ns  (clk_spi rise@40.000ns - clk_spi fall@20.000ns)
  Data Path Delay:        5.791ns  (logic 1.787ns (30.860%)  route 4.004ns (69.140%))
  Logic Levels:           7  (LUT5=2 LUT6=4 OBUFT=1)
  Output Delay:           0.000ns
  Clock Path Skew:        -3.454ns (DCD - SCD + CPR)
    Destination Clock Delay (DCD):    0.000ns = ( 40.000 - 40.000 ) 
    Source Clock Delay      (SCD):    3.454ns = ( 23.454 - 20.000 ) 
    Clock Pessimism Removal (CPR):    0.000ns
  Clock Uncertainty:      0.235ns  ((TSJ^2 + TIJ^2)^1/2 + DJ) / 2 + PE + DCD
    Total System Jitter     (TSJ):    0.071ns
    Total Input Jitter      (TIJ):    0.000ns
    Discrete Jitter          (DJ):    0.000ns
    Phase Error              (PE):    0.000ns
    Duty Cycle Distortion   (DCD):    0.200ns

    Location             Delay type                Incr(ns)  Path(ns)    Partition      Netlist Resource(s)
  -------------------------------------------------------------------    ----------------------------------
                         (clock clk_spi fall edge)   20.000    20.000 f                 
    BH5                                               0.000    20.000 f  static         <hidden>
                         net (fo=0)                   0.000    20.000    static         WRAPPER/IO_SHIM/IBUF_SCK/I
    BH5.PAD                                                           f  static         WRAPPER/IO_SHIM/IBUF_SCK/INBUF_INST/PAD
    BH5.O                INBUF (Prop_INBUF_HPIOB_M_PAD_O)
                                                      0.743    20.743 f  static         WRAPPER/IO_SHIM/IBUF_SCK/INBUF_INST/O
                         net (fo=1, routed)           0.000    20.743    static         WRAPPER/IO_SHIM/IBUF_SCK/OUT
    BH5.I                                                             f  static         WRAPPER/IO_SHIM/IBUF_SCK/IBUFCTRL_INST/I
    BH5.O                IBUFCTRL (Prop_IBUFCTRL_HPIOB_M_I_O)
                                                      0.000    20.743 f  static         WRAPPER/IO_SHIM/IBUF_SCK/IBUFCTRL_INST/O
                         net (fo=3, routed)           2.711    23.454    static         <hidden>
    SLICE_X180Y373.CLK   FDPE                                         r  static         <hidden>  (IS_INVERTED)
  -------------------------------------------------------------------    ----------------------------------
    SLICE_X180Y373.Q     FDPE (Prop_EFF_SLICEM_C_Q)
                                                      0.076    23.530 r  static         <hidden>
                         net (fo=9, routed)           0.538    24.068    static         <hidden>
    SLICE_X182Y400.A2                                                 r  static         <hidden>
    SLICE_X182Y400.O6    LUT5 (Prop_G6LUT_SLICEM_I4_O)
                                                      0.123    24.191 r  static         <hidden>
                         net (fo=1, routed)           0.255    24.446    static         <hidden>
    SLICE_X182Y385.A5                                                 r  static         <hidden>
    SLICE_X182Y385.O6    LUT6 (Prop_H6LUT_SLICEM_I5_O)
                                                      0.053    24.499 r  static         <hidden>
                         net (fo=1, routed)           0.260    24.759    static         <hidden>
    SLICE_X180Y378.A3                                                 r  static         <hidden>
    SLICE_X180Y378.O6    LUT6 (Prop_F6LUT_SLICEM_I1_O)
                                                      0.098    24.857 r  static         <hidden>
                         net (fo=1, routed)           0.318    25.175    static         <hidden>
    SLICE_X178Y377.A2                                                 r  static         <hidden>
    SLICE_X178Y377.O6    LUT6 (Prop_G6LUT_SLICEL_I5_O)
                                                      0.123    25.298 r  static         <hidden>
                         net (fo=1, routed)           0.084    25.382    static         <hidden>
    SLICE_X178Y376.A4                                                 r  static         <hidden>
    SLICE_X178Y376.O6    LUT5 (Prop_C6LUT_SLICEL_I0_O)
                                                      0.088    25.470 r  static         <hidden>
                         net (fo=1, routed)           0.286    25.756    static         <hidden>
    SLICE_X178Y376.A2                                                 r  static         <hidden>
    SLICE_X178Y376.O6    LUT6 (Prop_H6LUT_SLICEL_I0_O)
                                                      0.124    25.880 r  static         <hidden>
                         net (fo=1, routed)           2.263    28.143    static         <hidden>
    BK8.I                                                             r  static         <hidden>
    BK8.O                OBUFT (Prop_OUTBUF_HPIOB_S_I_O)
                                                      1.102    29.245 r  static         <hidden>
                         net (fo=0)                   0.000    29.245    static         <hidden>
    BK8                                                               r  static         <hidden>
  -------------------------------------------------------------------    ----------------------------------

                         (clock clk_spi rise edge)   40.000    40.000 r                 
                         clock pessimism              0.000    40.000                     
                         clock uncertainty           -0.235    39.765                     
                         output delay                -0.000    39.765                     
  -------------------------------------------------------------------
                         required time                         39.765                     
                         arrival time                         -29.245                     
  -------------------------------------------------------------------
                         slack                                 10.520                     

Slack (MET) :             13.157ns  (required time - arrival time)
  Source:                 WRAPPER/RL/RL_DEBUG_BRIDGE/inst/bs_switch_1/inst/BSCAN_SWITCH.EXT_BSCAN.bscan_switch/state_reg[0]/C
                            (rising edge-triggered cell FDRE clocked by WRAPPER/RL/RL_DEBUG_BRIDGE/inst/axi_jtag/inst/u_jtag_proc/tck_i_reg/Q  {rise@0.000ns fall@16.000ns period=32.000ns})
  Destination:            WRAPPER/RL/RL_DEBUG_BRIDGE/inst/bsip/inst/USE_SOFTBSCAN.U_BSCAN_TAP/U_BASETAP/TDO_O_reg/D
                            (falling edge-triggered cell FDCE clocked by WRAPPER/RL/RL_DEBUG_BRIDGE/inst/axi_jtag/inst/u_jtag_proc/tck_i_reg/Q  {rise@0.000ns fall@16.000ns period=32.000ns})
  Path Group:             WRAPPER/RL/RL_DEBUG_BRIDGE/inst/axi_jtag/inst/u_jtag_proc/tck_i_reg/Q
  Path Type:              Setup (Max at Slow Process Corner)
  Requirement:            16.000ns  (WRAPPER/RL/RL_DEBUG_BRIDGE/inst/axi_jtag/inst/u_jtag_proc/tck_i_reg/Q fall@16.000ns - WRAPPER/RL/RL_DEBUG_BRIDGE/inst/axi_jtag/inst/u_jtag_proc/tck_i_reg/Q rise@0.000ns)
  Data Path Delay:        2.263ns  (logic 0.645ns (28.500%)  route 1.618ns (71.500%))
  Logic Levels:           4  (LUT3=2 LUT5=1 LUT6=1)
  Clock Path Skew:        -0.339ns (DCD - SCD + CPR)
    Destination Clock Delay (DCD):    6.237ns = ( 22.237 - 16.000 ) 
    Source Clock Delay      (SCD):    6.883ns
    Clock Pessimism Removal (CPR):    0.308ns
  Clock Uncertainty:      0.266ns  ((TSJ^2 + DJ^2)^1/2) / 2 + PE + DCD
    Total System Jitter     (TSJ):    0.071ns
    Discrete Jitter          (DJ):    0.112ns
    Phase Error              (PE):    0.000ns
    Duty Cycle Distortion   (DCD):    0.200ns
  Clock Net Delay (Source):      2.444ns (routing 1.039ns, distribution 1.405ns)
  Clock Net Delay (Destination): 2.183ns (routing 0.945ns, distribution 1.238ns)

    Location             Delay type                Incr(ns)  Path(ns)    Partition      Netlist Resource(s)
  -------------------------------------------------------------------    ----------------------------------
                         (clock WRAPPER/RL/RL_DEBUG_BRIDGE/inst/axi_jtag/inst/u_jtag_proc/tck_i_reg/Q rise edge)
                                                      0.000     0.000 r                 
    BJ4                                               0.000     0.000 r  static         <hidden>
                         net (fo=0)                   0.100     0.100    static         WRAPPER/IO_SHIM/IBUFDS_CLK_125/I
    HPIOBDIFFINBUF_X0Y130.DIFF_IN_P
                                                                      r  static         WRAPPER/IO_SHIM/IBUFDS_CLK_125/DIFFINBUF_INST/DIFF_IN_P
    HPIOBDIFFINBUF_X0Y130.O
                         DIFFINBUF (Prop_DIFFINBUF_HPIOBDIFFINBUF_DIFF_IN_P_O)
                                                      0.863     0.963 r  static         WRAPPER/IO_SHIM/IBUFDS_CLK_125/DIFFINBUF_INST/O
                         net (fo=1, routed)           0.050     1.013    static         WRAPPER/IO_SHIM/IBUFDS_CLK_125/OUT
    BJ4.I                                                             r  static         WRAPPER/IO_SHIM/IBUFDS_CLK_125/IBUFCTRL_INST/I
    BJ4.O                IBUFCTRL (Prop_IBUFCTRL_HPIOB_M_I_O)
                                                      0.000     1.013 r  static         WRAPPER/IO_SHIM/IBUFDS_CLK_125/IBUFCTRL_INST/O
                         net (fo=1, routed)           0.348     1.361    static         <hidden>
    BUFGCE_X0Y122.I                                                   r  static         <hidden>
    BUFGCE_X0Y122.O      BUFGCE (Prop_BUFCE_BUFGCE_I_O)
                                                      0.028     1.389 r  static         <hidden>
                         net (fo=3, routed)           1.822     3.211    static         <hidden>
    SLR Crossing[1->0]   
    PLL_X0Y5.CLKIN                                                    r  static         <hidden>
    PLL_X0Y5.CLKOUT0     PLLE4_ADV (Prop_PLL_CLKIN_CLKOUT0)
                                                      0.033     3.244 r  static         <hidden>
                         net (fo=1, routed)           0.270     3.514    static         <hidden>
    BUFGCE_X0Y56.I                                                    r  static         <hidden>
    BUFGCE_X0Y56.O       BUFGCE (Prop_BUFCE_BUFGCE_I_O)
                                                      0.028     3.542 r  static         <hidden>
    X5Y4 (CLOCK_ROOT)    net (fo=1635, routed)        2.444     5.986    static         WRAPPER/RL/RL_DEBUG_BRIDGE/inst/axi_jtag/inst/u_jtag_proc/s_axi_aclk
    SLR Crossing[0->1]   
    SLICE_X196Y412.CLK                                                r  static         WRAPPER/RL/RL_DEBUG_BRIDGE/inst/axi_jtag/inst/u_jtag_proc/tck_i_reg/C
    SLICE_X196Y412.Q     FDRE (Prop_CFF_SLICEM_C_Q)
                                                      0.078     6.064 r  static         WRAPPER/RL/RL_DEBUG_BRIDGE/inst/axi_jtag/inst/u_jtag_proc/tck_i_reg/Q
                         net (fo=25, routed)          0.820     6.883    static         WRAPPER/RL/RL_DEBUG_BRIDGE/inst/bs_switch_1/inst/BSCAN_SWITCH.EXT_BSCAN.bscan_switch/s_bscan_tck
    SLICE_X181Y397.CLK   FDRE                                         r  static         WRAPPER/RL/RL_DEBUG_BRIDGE/inst/bs_switch_1/inst/BSCAN_SWITCH.EXT_BSCAN.bscan_switch/state_reg[0]/C
  -------------------------------------------------------------------    ----------------------------------
    SLICE_X181Y397.Q     FDRE (Prop_GFF_SLICEL_C_Q)
                                                      0.079     6.962 r  static         WRAPPER/RL/RL_DEBUG_BRIDGE/inst/bs_switch_1/inst/BSCAN_SWITCH.EXT_BSCAN.bscan_switch/state_reg[0]/Q
                         net (fo=10, routed)          1.043     8.005    static         WRAPPER/RL/RL_DEBUG_BRIDGE/inst/bs_switch_1/inst/BSCAN_SWITCH.EXT_BSCAN.bscan_switch/state[0]
    SLICE_X180Y389.A1                                                 r  static         WRAPPER/RL/RL_DEBUG_BRIDGE/inst/bs_switch_1/inst/BSCAN_SWITCH.EXT_BSCAN.bscan_switch/s_bscan_tdo_INST_0_i_1/I2
    SLICE_X180Y389.O5    LUT3 (Prop_D5LUT_SLICEM_I2_O)
                                                      0.158     8.163 r  static         WRAPPER/RL/RL_DEBUG_BRIDGE/inst/bs_switch_1/inst/BSCAN_SWITCH.EXT_BSCAN.bscan_switch/s_bscan_tdo_INST_0_i_1/O
                         net (fo=1, routed)           0.224     8.387    static         WRAPPER/RL/RL_DEBUG_BRIDGE/inst/bs_switch_1/inst/BSCAN_SWITCH.EXT_BSCAN.bscan_switch/s_bscan_tdo_INST_0_i_1_n_0
    SLICE_X180Y392.A1                                                 r  static         WRAPPER/RL/RL_DEBUG_BRIDGE/inst/bs_switch_1/inst/BSCAN_SWITCH.EXT_BSCAN.bscan_switch/s_bscan_tdo_INST_0/I3
    SLICE_X180Y392.O6    LUT6 (Prop_H6LUT_SLICEM_I3_O)
                                                      0.152     8.539 r  static         WRAPPER/RL/RL_DEBUG_BRIDGE/inst/bs_switch_1/inst/BSCAN_SWITCH.EXT_BSCAN.bscan_switch/s_bscan_tdo_INST_0/O
                         net (fo=1, routed)           0.141     8.680    static         WRAPPER/RL/RL_DEBUG_BRIDGE/inst/bsip/inst/USE_SOFTBSCAN.U_BSCAN_TAP/U_BASETAP/tdo
    SLICE_X181Y393.A2                                                 r  static         WRAPPER/RL/RL_DEBUG_BRIDGE/inst/bsip/inst/USE_SOFTBSCAN.U_BSCAN_TAP/U_BASETAP/dr_tdo_inferred_i_1/I1
    SLICE_X181Y393.O6    LUT5 (Prop_F6LUT_SLICEL_I1_O)
                                                      0.123     8.803 r  static         WRAPPER/RL/RL_DEBUG_BRIDGE/inst/bsip/inst/USE_SOFTBSCAN.U_BSCAN_TAP/U_BASETAP/dr_tdo_inferred_i_1/O
                         net (fo=1, routed)           0.195     8.998    static         WRAPPER/RL/RL_DEBUG_BRIDGE/inst/bsip/inst/USE_SOFTBSCAN.U_BSCAN_TAP/U_BASETAP/dr_tdo
    SLICE_X183Y394.A2                                                 r  static         WRAPPER/RL/RL_DEBUG_BRIDGE/inst/bsip/inst/USE_SOFTBSCAN.U_BSCAN_TAP/U_BASETAP/tdo_rise_edge_inferred_i_1/I2
    SLICE_X183Y394.O5    LUT3 (Prop_H5LUT_SLICEL_I2_O)
                                                      0.133     9.131 r  static         WRAPPER/RL/RL_DEBUG_BRIDGE/inst/bsip/inst/USE_SOFTBSCAN.U_BSCAN_TAP/U_BASETAP/tdo_rise_edge_inferred_i_1/O
                         net (fo=1, routed)           0.015     9.146    static         WRAPPER/RL/RL_DEBUG_BRIDGE/inst/bsip/inst/USE_SOFTBSCAN.U_BSCAN_TAP/U_BASETAP/tdo_rise_edge
    SLICE_X183Y394.D     FDCE                                         r  static         WRAPPER/RL/RL_DEBUG_BRIDGE/inst/bsip/inst/USE_SOFTBSCAN.U_BSCAN_TAP/U_BASETAP/TDO_O_reg/D
  -------------------------------------------------------------------    ----------------------------------

                         (clock WRAPPER/RL/RL_DEBUG_BRIDGE/inst/axi_jtag/inst/u_jtag_proc/tck_i_reg/Q fall edge)
                                                     16.000    16.000 r                 
    BJ4                                               0.000    16.000 r  static         <hidden>
                         net (fo=0)                   0.079    16.079    static         WRAPPER/IO_SHIM/IBUFDS_CLK_125/I
    HPIOBDIFFINBUF_X0Y130.DIFF_IN_P
                                                                      r  static         WRAPPER/IO_SHIM/IBUFDS_CLK_125/DIFFINBUF_INST/DIFF_IN_P
    HPIOBDIFFINBUF_X0Y130.O
                         DIFFINBUF (Prop_DIFFINBUF_HPIOBDIFFINBUF_DIFF_IN_P_O)
                                                      0.750    16.829 r  static         WRAPPER/IO_SHIM/IBUFDS_CLK_125/DIFFINBUF_INST/O
                         net (fo=1, routed)           0.040    16.869    static         WRAPPER/IO_SHIM/IBUFDS_CLK_125/OUT
    BJ4.I                                                             r  static         WRAPPER/IO_SHIM/IBUFDS_CLK_125/IBUFCTRL_INST/I
    BJ4.O                IBUFCTRL (Prop_IBUFCTRL_HPIOB_M_I_O)
                                                      0.000    16.869 r  static         WRAPPER/IO_SHIM/IBUFDS_CLK_125/IBUFCTRL_INST/O
                         net (fo=1, routed)           0.309    17.178    static         <hidden>
    BUFGCE_X0Y122.I                                                   r  static         <hidden>
    BUFGCE_X0Y122.O      BUFGCE (Prop_BUFCE_BUFGCE_I_O)
                                                      0.024    17.202 r  static         <hidden>
                         net (fo=3, routed)           1.632    18.834    static         <hidden>
    SLR Crossing[1->0]   
    PLL_X0Y5.CLKIN                                                    r  static         <hidden>
    PLL_X0Y5.CLKOUT0     PLLE4_ADV (Prop_PLL_CLKIN_CLKOUT0)
                                                      0.430    19.264 r  static         <hidden>
                         net (fo=1, routed)           0.231    19.495    static         <hidden>
    BUFGCE_X0Y56.I                                                    r  static         <hidden>
    BUFGCE_X0Y56.O       BUFGCE (Prop_BUFCE_BUFGCE_I_O)
                                                      0.024    19.519 r  static         <hidden>
    X5Y4 (CLOCK_ROOT)    net (fo=1635, routed)        2.183    21.702    static         WRAPPER/RL/RL_DEBUG_BRIDGE/inst/axi_jtag/inst/u_jtag_proc/s_axi_aclk
    SLR Crossing[0->1]   
    SLICE_X196Y412.CLK                                                r  static         WRAPPER/RL/RL_DEBUG_BRIDGE/inst/axi_jtag/inst/u_jtag_proc/tck_i_reg/C
    SLICE_X196Y412.Q     FDRE (Prop_CFF_SLICEM_C_Q)
                                                      0.058    21.760 f  static         WRAPPER/RL/RL_DEBUG_BRIDGE/inst/axi_jtag/inst/u_jtag_proc/tck_i_reg/Q
                         net (fo=25, routed)          0.477    22.237    static         WRAPPER/RL/RL_DEBUG_BRIDGE/inst/bsip/inst/USE_SOFTBSCAN.U_BSCAN_TAP/U_BASETAP/REG_O_reg[5]
    SLICE_X183Y394.CLK   FDCE                                         r  static         WRAPPER/RL/RL_DEBUG_BRIDGE/inst/bsip/inst/USE_SOFTBSCAN.U_BSCAN_TAP/U_BASETAP/TDO_O_reg/C  (IS_INVERTED)
                         clock pessimism              0.308    22.544                     
                         clock uncertainty           -0.266    22.278                     
    SLICE_X183Y394       FDCE (Setup_HFF2_SLICEL_C_D)
                                                      0.025    22.303    static           WRAPPER/RL/RL_DEBUG_BRIDGE/inst/bsip/inst/USE_SOFTBSCAN.U_BSCAN_TAP/U_BASETAP/TDO_O_reg
  -------------------------------------------------------------------
                         required time                         22.303                     
                         arrival time                          -9.146                     
  -------------------------------------------------------------------
                         slack                                 13.157                     

Slack (MET) :             30.856ns  (required time - arrival time)
  Source:                 WRAPPER/RL/RL_DEBUG_BRIDGE/inst/bs_switch_1/inst/BSCAN_SWITCH.EXT_BSCAN.bscan_switch/portno_reg[0]/C
                            (rising edge-triggered cell FDRE clocked by WRAPPER/RL/RL_DEBUG_BRIDGE/inst/axi_jtag/inst/u_jtag_proc/tck_i_reg/Q  {rise@0.000ns fall@16.000ns period=32.000ns})
  Destination:            WRAPPER/RL/RL_DEBUG_BRIDGE/inst/bs_switch_1/inst/BSCAN_SWITCH.EXT_BSCAN.bscan_switch/temp_curid_reg[31]/D
                            (rising edge-triggered cell FDRE clocked by WRAPPER/RL/RL_DEBUG_BRIDGE/inst/axi_jtag/inst/u_jtag_proc/tck_i_reg/Q  {rise@0.000ns fall@16.000ns period=32.000ns})
  Path Group:             WRAPPER/RL/RL_DEBUG_BRIDGE/inst/axi_jtag/inst/u_jtag_proc/tck_i_reg/Q
  Path Type:              Setup (Max at Slow Process Corner)
  Requirement:            32.000ns  (WRAPPER/RL/RL_DEBUG_BRIDGE/inst/axi_jtag/inst/u_jtag_proc/tck_i_reg/Q rise@32.000ns - WRAPPER/RL/RL_DEBUG_BRIDGE/inst/axi_jtag/inst/u_jtag_proc/tck_i_reg/Q rise@0.000ns)
  Data Path Delay:        0.735ns  (logic 0.133ns (18.096%)  route 0.602ns (81.904%))
  Logic Levels:           1  (LUT3=1)
  Clock Path Skew:        -0.368ns (DCD - SCD + CPR)
    Destination Clock Delay (DCD):    6.250ns = ( 38.250 - 32.000 ) 
    Source Clock Delay      (SCD):    6.924ns
    Clock Pessimism Removal (CPR):    0.306ns
  Clock Uncertainty:      0.066ns  ((TSJ^2 + DJ^2)^1/2) / 2 + PE
    Total System Jitter     (TSJ):    0.071ns
    Discrete Jitter          (DJ):    0.112ns
    Phase Error              (PE):    0.000ns
  Clock Net Delay (Source):      2.444ns (routing 1.039ns, distribution 1.405ns)
  Clock Net Delay (Destination): 2.183ns (routing 0.945ns, distribution 1.238ns)

    Location             Delay type                Incr(ns)  Path(ns)    Partition      Netlist Resource(s)
  -------------------------------------------------------------------    ----------------------------------
                         (clock WRAPPER/RL/RL_DEBUG_BRIDGE/inst/axi_jtag/inst/u_jtag_proc/tck_i_reg/Q rise edge)
                                                      0.000     0.000 r                 
    BJ4                                               0.000     0.000 r  static         <hidden>
                         net (fo=0)                   0.100     0.100    static         WRAPPER/IO_SHIM/IBUFDS_CLK_125/I
    HPIOBDIFFINBUF_X0Y130.DIFF_IN_P
                                                                      r  static         WRAPPER/IO_SHIM/IBUFDS_CLK_125/DIFFINBUF_INST/DIFF_IN_P
    HPIOBDIFFINBUF_X0Y130.O
                         DIFFINBUF (Prop_DIFFINBUF_HPIOBDIFFINBUF_DIFF_IN_P_O)
                                                      0.863     0.963 r  static         WRAPPER/IO_SHIM/IBUFDS_CLK_125/DIFFINBUF_INST/O
                         net (fo=1, routed)           0.050     1.013    static         WRAPPER/IO_SHIM/IBUFDS_CLK_125/OUT
    BJ4.I                                                             r  static         WRAPPER/IO_SHIM/IBUFDS_CLK_125/IBUFCTRL_INST/I
    BJ4.O                IBUFCTRL (Prop_IBUFCTRL_HPIOB_M_I_O)
                                                      0.000     1.013 r  static         WRAPPER/IO_SHIM/IBUFDS_CLK_125/IBUFCTRL_INST/O
                         net (fo=1, routed)           0.348     1.361    static         <hidden>
    BUFGCE_X0Y122.I                                                   r  static         <hidden>
    BUFGCE_X0Y122.O      BUFGCE (Prop_BUFCE_BUFGCE_I_O)
                                                      0.028     1.389 r  static         <hidden>
                         net (fo=3, routed)           1.822     3.211    static         <hidden>
    SLR Crossing[1->0]   
    PLL_X0Y5.CLKIN                                                    r  static         <hidden>
    PLL_X0Y5.CLKOUT0     PLLE4_ADV (Prop_PLL_CLKIN_CLKOUT0)
                                                      0.033     3.244 r  static         <hidden>
                         net (fo=1, routed)           0.270     3.514    static         <hidden>
    BUFGCE_X0Y56.I                                                    r  static         <hidden>
    BUFGCE_X0Y56.O       BUFGCE (Prop_BUFCE_BUFGCE_I_O)
                                                      0.028     3.542 r  static         <hidden>
    X5Y4 (CLOCK_ROOT)    net (fo=1635, routed)        2.444     5.986    static         WRAPPER/RL/RL_DEBUG_BRIDGE/inst/axi_jtag/inst/u_jtag_proc/s_axi_aclk
    SLR Crossing[0->1]   
    SLICE_X196Y412.CLK                                                r  static         WRAPPER/RL/RL_DEBUG_BRIDGE/inst/axi_jtag/inst/u_jtag_proc/tck_i_reg/C
    SLICE_X196Y412.Q     FDRE (Prop_CFF_SLICEM_C_Q)
                                                      0.078     6.064 r  static         WRAPPER/RL/RL_DEBUG_BRIDGE/inst/axi_jtag/inst/u_jtag_proc/tck_i_reg/Q
                         net (fo=25, routed)          0.860     6.924    static         WRAPPER/RL/RL_DEBUG_BRIDGE/inst/bs_switch_1/inst/BSCAN_SWITCH.EXT_BSCAN.bscan_switch/s_bscan_tck
    SLICE_X181Y393.CLK   FDRE                                         r  static         WRAPPER/RL/RL_DEBUG_BRIDGE/inst/bs_switch_1/inst/BSCAN_SWITCH.EXT_BSCAN.bscan_switch/portno_reg[0]/C
  -------------------------------------------------------------------    ----------------------------------
    SLICE_X181Y393.Q     FDRE (Prop_HFF2_SLICEL_C_Q)
                                                      0.080     7.004 r  static         WRAPPER/RL/RL_DEBUG_BRIDGE/inst/bs_switch_1/inst/BSCAN_SWITCH.EXT_BSCAN.bscan_switch/portno_reg[0]/Q
                         net (fo=6, routed)           0.153     7.157    static         WRAPPER/RL/RL_DEBUG_BRIDGE/inst/bs_switch_1/inst/BSCAN_SWITCH.EXT_BSCAN.bscan_switch/portno[0]
    SLICE_X180Y395.A5                                                 r  static         WRAPPER/RL/RL_DEBUG_BRIDGE/inst/bs_switch_1/inst/BSCAN_SWITCH.EXT_BSCAN.bscan_switch/s_bscan_tdo_INST_0_i_3/I1
    SLICE_X180Y395.O6    LUT3 (Prop_A6LUT_SLICEM_I1_O)
                                                      0.053     7.210 r  static         WRAPPER/RL/RL_DEBUG_BRIDGE/inst/bs_switch_1/inst/BSCAN_SWITCH.EXT_BSCAN.bscan_switch/s_bscan_tdo_INST_0_i_3/O
                         net (fo=2, routed)           0.449     7.659    static         WRAPPER/RL/RL_DEBUG_BRIDGE/inst/bs_switch_1/inst/BSCAN_SWITCH.EXT_BSCAN.bscan_switch/s_bscan_tdo_INST_0_i_3_n_0
    SLICE_X178Y398.D     FDRE                                         r  static         WRAPPER/RL/RL_DEBUG_BRIDGE/inst/bs_switch_1/inst/BSCAN_SWITCH.EXT_BSCAN.bscan_switch/temp_curid_reg[31]/D
  -------------------------------------------------------------------    ----------------------------------

                         (clock WRAPPER/RL/RL_DEBUG_BRIDGE/inst/axi_jtag/inst/u_jtag_proc/tck_i_reg/Q rise edge)
                                                     32.000    32.000 r                 
    BJ4                                               0.000    32.000 r  static         <hidden>
                         net (fo=0)                   0.079    32.079    static         WRAPPER/IO_SHIM/IBUFDS_CLK_125/I
    HPIOBDIFFINBUF_X0Y130.DIFF_IN_P
                                                                      r  static         WRAPPER/IO_SHIM/IBUFDS_CLK_125/DIFFINBUF_INST/DIFF_IN_P
    HPIOBDIFFINBUF_X0Y130.O
                         DIFFINBUF (Prop_DIFFINBUF_HPIOBDIFFINBUF_DIFF_IN_P_O)
                                                      0.750    32.829 r  static         WRAPPER/IO_SHIM/IBUFDS_CLK_125/DIFFINBUF_INST/O
                         net (fo=1, routed)           0.040    32.869    static         WRAPPER/IO_SHIM/IBUFDS_CLK_125/OUT
    BJ4.I                                                             r  static         WRAPPER/IO_SHIM/IBUFDS_CLK_125/IBUFCTRL_INST/I
    BJ4.O                IBUFCTRL (Prop_IBUFCTRL_HPIOB_M_I_O)
                                                      0.000    32.869 r  static         WRAPPER/IO_SHIM/IBUFDS_CLK_125/IBUFCTRL_INST/O
                         net (fo=1, routed)           0.309    33.178    static         <hidden>
    BUFGCE_X0Y122.I                                                   r  static         <hidden>
    BUFGCE_X0Y122.O      BUFGCE (Prop_BUFCE_BUFGCE_I_O)
                                                      0.024    33.202 r  static         <hidden>
                         net (fo=3, routed)           1.632    34.834    static         <hidden>
    SLR Crossing[1->0]   
    PLL_X0Y5.CLKIN                                                    r  static         <hidden>
    PLL_X0Y5.CLKOUT0     PLLE4_ADV (Prop_PLL_CLKIN_CLKOUT0)
                                                      0.430    35.264 r  static         <hidden>
                         net (fo=1, routed)           0.231    35.495    static         <hidden>
    BUFGCE_X0Y56.I                                                    r  static         <hidden>
    BUFGCE_X0Y56.O       BUFGCE (Prop_BUFCE_BUFGCE_I_O)
                                                      0.024    35.519 r  static         <hidden>
    X5Y4 (CLOCK_ROOT)    net (fo=1635, routed)        2.183    37.702    static         WRAPPER/RL/RL_DEBUG_BRIDGE/inst/axi_jtag/inst/u_jtag_proc/s_axi_aclk
    SLR Crossing[0->1]   
    SLICE_X196Y412.CLK                                                r  static         WRAPPER/RL/RL_DEBUG_BRIDGE/inst/axi_jtag/inst/u_jtag_proc/tck_i_reg/C
    SLICE_X196Y412.Q     FDRE (Prop_CFF_SLICEM_C_Q)
                                                      0.058    37.760 r  static         WRAPPER/RL/RL_DEBUG_BRIDGE/inst/axi_jtag/inst/u_jtag_proc/tck_i_reg/Q
                         net (fo=25, routed)          0.490    38.250    static         WRAPPER/RL/RL_DEBUG_BRIDGE/inst/bs_switch_1/inst/BSCAN_SWITCH.EXT_BSCAN.bscan_switch/s_bscan_tck
    SLICE_X178Y398.CLK   FDRE                                         r  static         WRAPPER/RL/RL_DEBUG_BRIDGE/inst/bs_switch_1/inst/BSCAN_SWITCH.EXT_BSCAN.bscan_switch/temp_curid_reg[31]/C
                         clock pessimism              0.306    38.555                     
                         clock uncertainty           -0.066    38.489                     
    SLICE_X178Y398       FDRE (Setup_FFF_SLICEL_C_D)
                                                      0.025    38.514    static           WRAPPER/RL/RL_DEBUG_BRIDGE/inst/bs_switch_1/inst/BSCAN_SWITCH.EXT_BSCAN.bscan_switch/temp_curid_reg[31]
  -------------------------------------------------------------------
                         required time                         38.514                     
                         arrival time                          -7.659                     
  -------------------------------------------------------------------
                         slack                                 30.856                     




