==================================================
Running CL builds
==================================================
cl               : cl_minikanren_chirho
mode             : small_shell     
flow             : BuildAll        
aws_clk_gen      : None            
clock_recipe_a   : A1              
clock_recipe_b   : B2              
clock_recipe_c   : C0              
clock_recipe_hbm : H2              
place_direct     : SSI_SpreadLogic_high
phy_opt_direct   : AggressiveExplore
route_direct     : AggressiveExplore
build_tag        : None            
encrypt          : False           
==================================================

AWS FPGA: 2026-01-26 21:38:58 - Build starts


****** Vivado v2024.2 (64-bit)
  **** SW Build 5239630 on Fri Nov 08 22:34:34 MST 2024
  **** IP Build 5239520 on Sun Nov 10 16:12:51 MST 2024
  **** SharedData Build 5239561 on Fri Nov 08 14:39:27 MST 2024
  **** Start of session at: Mon Jan 26 21:39:00 2026
    ** Copyright 1986-2022 Xilinx, Inc. All Rights Reserved.
    ** Copyright 2022-2024 Advanced Micro Devices, Inc. All Rights Reserved.

source build_all.tcl
# proc print {message} {
#     set prefix "\nAWS FPGA: ([clock format [clock seconds] -format %T]): "
#     append output $prefix $message "\n"
#     puts $output
# }
# proc check_timing_path { {verbose 1} } {
# 
#   set setupPaths [get_timing_paths -max_paths 1 -slack_lesser_than 0 -setup]
#   set holdPaths  [get_timing_paths -max_paths 1 -slack_lesser_than 0 -hold]
# 
#   if {$verbose>0} {
#     print "Checking the negative slack path of the existing design"
#   }
# 
#   if {[llength $setupPaths] == 0 && [llength $holdPaths] == 0} {
#     if {$verbose>0} {
#       print "SUCCESS: Design has no negative slack path"
#     }
#     return 0
#   } else {
#     if {$verbose>0} {
#       print "CRITICAL WARNING: Found $setupPaths negative setup slack paths and $holdPaths negative hold slack hold paths"
#     }
#     return 1
#   }
# }
# proc create_dir {name path {verbose 0}} {
# 
#     # Better to use absolute path
#     set cur [pwd]
#     # Check if the $path exists
#     if {![file isdirectory $path]} {
#         error "$path doesn't exist"
#     }
#     cd $path
#     set path_abs [pwd]
# 
#     cd $cur
#     # Check and create the directory if not exists
#     if {![file isdirectory $path_abs/$name]} {
#         file mkdir $path_abs/$name
#         if {$verbose>0} {
#             print "Creating new folder $path_abs/$name"
#         }
#     } elseif {$verbose>0} {
#         print "Found existing folder $path_abs/$name. Folder creation skipped"
#     }
#     return $path_abs/$name
# }
# proc display_proj {} {
#     global VIVADO_TOOL_VERSION
#     global CL
#     global SHELL_MODE
#     global BUILD_FLOW
#     global PLACE_DIRECT
#     global PHY_OPT_DIRECT
#     global ROUTE_DIRECT
#     global TAG
#     global clock_recipe_a
#     global clock_recipe_b
#     global clock_recipe_c
#     global clock_recipe_hbm
# 
# 
#     set rpt "
#     ==================================================
#     Running CL builds w/ updated build tag
#     ==================================================
#     vivado_tool      : $VIVADO_TOOL_VERSION
#     cl               : $CL
#     mode             : $SHELL_MODE
#     clock_recipe_a   : $clock_recipe_a
#     clock_recipe_b   : $clock_recipe_b
#     clock_recipe_c   : $clock_recipe_c
#     clock_recipe_hbm : $clock_recipe_hbm
#     flow             : $BUILD_FLOW
#     place_direct     : $PLACE_DIRECT
#     phy_opt_direct   : $PHY_OPT_DIRECT
#     route_direct     : $ROUTE_DIRECT
#     build_tag        : $TAG
#     ==================================================
#     "
#     puts "$rpt"
# }
# set PLACE_DIRECT     [lindex $argv 0]
# set PHY_OPT_DIRECT   [lindex $argv 1]
# set ROUTE_DIRECT     [lindex $argv 2]
# set clock_recipe_a   [lindex $argv 3]
# set clock_recipe_b   [lindex $argv 4]
# set clock_recipe_c   [lindex $argv 5]
# set clock_recipe_hbm [lindex $argv 6]
# set DEVICE_TYPE "xcvu47p-fsvh2892-2-e"
# if { [info exists ::env(BUILD_FLOW)] } {
#   set BUILD_FLOW $::env(BUILD_FLOW)
# } else {
#   set BUILD_FLOW "BuildAll"
# }
# if { [info exists ::env(CL)] } {
#   set CL $::env(CL)
# } else {
#   set CL "cl_dram_hbm_dma"
# }
# if { [info exists ::env(SHELL_MODE)] } {
#   set SHELL_MODE $::env(SHELL_MODE)
# } else {
#   set SHELL_MODE "xdma_shell"
# }
# if { [info exists ::env(BUILD_TAG)] } {
#   set TAG $::env(BUILD_TAG)
# } else {
#   set TAG "00_00_0000-999999"
# }
# if { [info exists ::env(HDK_SHELL_DIR)] } {
#     set HDK_SHELL_DIR $::env(HDK_SHELL_DIR)
# } else {
#     print "ERROR: HDK_SHELL_DIR not set. Please run hdk_setup.sh to set required env variables."
#     exit
# }
# if { [info exists ::env(HDK_SHELL_DESIGN_DIR)] } {
#     set HDK_SHELL_DESIGN_DIR $::env(HDK_SHELL_DESIGN_DIR)
# } else {
#     print "ERROR: HDK_SHELL_DESIGN_DIR not set. Please run hdk_setup.sh to set required env variables."
#     exit
# }
# if { [info exists ::env(HDK_COMMON_DIR)] } {
#     set HDK_COMMON_DIR $::env(HDK_COMMON_DIR)
# } else {
#     print "ERROR: HDK_COMMON_DIR not set. Please run hdk_setup.sh to set required env variables."
#     exit
# }
# if { [info exists ::env(HDK_IP_SRC_DIR)] } {
#     set HDK_IP_SRC_DIR $::env(HDK_IP_SRC_DIR)
# } else {
#     print "ERROR: HDK_IP_SRC_DIR not set. Please run hdk_setup.sh to set required env variables."
#     exit
# }
# if { [info exists ::env(HDK_BD_SRC_DIR)] } {
#     set HDK_BD_SRC_DIR $::env(HDK_BD_SRC_DIR)
# } else {
#     print "ERROR: HDK_BD_SRC_DIR not set. Please run hdk_setup.sh to set required env variables."
#     exit
# }
# if { [info exists ::env(HDK_BD_GEN_DIR)] } {
#     set HDK_BD_GEN_DIR $::env(HDK_BD_GEN_DIR)
# } else {
#     print "ERROR: HDK_BD_GEN_DIR not set. Please run hdk_setup.sh to set required env variables."
#     exit
# }
# if { [info exists ::env(CL_DIR)] } {
#     set CL_DIR $::env(CL_DIR)
# } else {
#     print "ERROR: CL_DIR not set. Please run hdk_setup.sh to set required env variables."
#     exit
# }
# if { [info exists ::env(VIVADO_TOOL_VERSION)] } {
#     set VIVADO_TOOL_VERSION $::env(VIVADO_TOOL_VERSION)
# } else {
#     print "ERROR: VIVADO_TOOL_VERSION not set. Please run hdk_setup.sh to set required env variables."
#     exit
# }
# if { [info exists ::env(ENCRYPT)] } {
#     set ENCRYPT $::env(ENCRYPT)
# } else {
#     set ENCRYPT 1
# }
# display_proj

    ==================================================
    Running CL builds w/ updated build tag
    ==================================================
    vivado_tool      : 2024.2
    cl               : cl_minikanren_chirho
    mode             : small_shell
    clock_recipe_a   : A1
    clock_recipe_b   : B2
    clock_recipe_c   : C0
    clock_recipe_hbm : H2
    flow             : BuildAll
    place_direct     : SSI_SpreadLogic_high
    phy_opt_direct   : AggressiveExplore
    route_direct     : AggressiveExplore
    build_tag        : 2026_01_26-213858
    ==================================================
    
# set scripts_dir [pwd]
# set build_dir [file dirname $scripts_dir]
# create_dir "reports"              $build_dir
# create_dir "checkpoints"          $build_dir
# create_dir "src_post_encryption"  $build_dir
# set design_dir       "${CL_DIR}/design"
# set constraints_dir  "${build_dir}/constraints"
# set reports_dir      "${build_dir}/reports"
# set checkpoints_dir  "${build_dir}/checkpoints"
# set reports_dir      "${build_dir}/reports"
# set src_post_enc_dir "${build_dir}/src_post_encryption"
# cd $scripts_dir
# print "Generating clock contraints for CL source clocks"

AWS FPGA: (21:39:02): Generating clock contraints for CL source clocks

# source $HDK_SHELL_DIR/build/scripts/aws_gen_clk_constraints.tcl
## switch $clock_recipe_a {
##     "A0" {
##         #NOT SUPPORTED# set clk_main_a0_period        8
##         #NOT SUPPORTED# set clk_main_a0_half_period   4
##         set clk_main_a0_period        4
##         set clk_main_a0_half_period   2
##         set clk_extra_a1_period      16
##         set clk_extra_a1_half_period  8
##         set clk_extra_a2_period       5.333
##         set clk_extra_a2_half_period  2.667
##         set clk_extra_a3_period       4
##         set clk_extra_a3_half_period  2
##     }
##     "A1" {
##         set clk_main_a0_period        4
##         set clk_main_a0_half_period   2
##         set clk_extra_a1_period       8
##         set clk_extra_a1_half_period  4
##         set clk_extra_a2_period       2.667
##         set clk_extra_a2_half_period  1.333
##         set clk_extra_a3_period       2
##         set clk_extra_a3_half_period  1
##     }
##     "A2" {
##         #NOT SUPPORTED# set clk_main_a0_period        64
##         #NOT SUPPORTED# set clk_main_a0_half_period   32
##         set clk_main_a0_period         4
##         set clk_main_a0_half_period    2
##         set clk_extra_a1_period      128
##         set clk_extra_a1_half_period  64
##         set clk_extra_a2_period        8
##         set clk_extra_a2_half_period   4
##         set clk_extra_a3_period       16
##         set clk_extra_a3_half_period   8
##     }
##     default {
##         puts "$clock_recipe_a is NOT a valid clock_recipe_a."
##     }
## }
## switch $clock_recipe_b {
##     "B0" {
##         set clk_extra_b0_period       4
##         set clk_extra_b0_half_period  2
##         set clk_extra_b1_period       8
##         set clk_extra_b1_half_period  4
##     }
##     "B1" {
##         set clk_extra_b0_period       8
##         set clk_extra_b0_half_period  4
##         set clk_extra_b1_period      16
##         set clk_extra_b1_half_period  8
##     }
##     "B2" {
##         set clk_extra_b0_period       2.222
##         set clk_extra_b0_half_period  1.111
##         set clk_extra_b1_period       4.444
##         set clk_extra_b1_half_period  2.222
##     }
##     "B3" {
##         set clk_extra_b0_period       4
##         set clk_extra_b0_half_period  2
##         set clk_extra_b1_period      16
##         set clk_extra_b1_half_period  8
##     }
##     "B4" {
##         set clk_extra_b0_period       3.333
##         set clk_extra_b0_half_period  1.667
##         set clk_extra_b1_period      13.333
##         set clk_extra_b1_half_period  6.667
##     }
##     "B5" {
##         set clk_extra_b0_period       2.5
##         set clk_extra_b0_half_period  1.25
##         set clk_extra_b1_period      10
##         set clk_extra_b1_half_period  5
##     }
##     default {
##         puts "$clock_recipe_b is NOT a valid clock_recipe_b."
##     }
## }
## switch $clock_recipe_c {
##     "C0" {
##         set clk_extra_c0_period       3.333
##         set clk_extra_c0_half_period  1.667
##         set clk_extra_c1_period       2.5
##         set clk_extra_c1_half_period  1.25
##     }
##     "C1" {
##         set clk_extra_c0_period       6.667
##         set clk_extra_c0_half_period  3.333
##         set clk_extra_c1_period       5
##         set clk_extra_c1_half_period  2.5
##     }
##     "C2" {
##         set clk_extra_c0_period      13.333
##         set clk_extra_c0_half_period  6.667
##         set clk_extra_c1_period      10
##         set clk_extra_c1_half_period  5
##     }
##     "C3" {
##         set clk_extra_c0_period       5
##         set clk_extra_c0_half_period  2.5
##         set clk_extra_c1_period       3.75
##         set clk_extra_c1_half_period  1.875
##     }
##     default {
##         puts "$clock_recipe_c is NOT a valid clock_recipe_c."
##     }
## }
## switch $clock_recipe_hbm {
##     "H0" {
##         set clk_hbm_axi_period       4
##         set clk_hbm_axi_half_period  2
##     }
##     "H1" {
##         set clk_hbm_axi_period       8
##         set clk_hbm_axi_half_period  4
##     }
##     "H2" {
##         set clk_hbm_axi_period       2.222
##         set clk_hbm_axi_half_period  1.111
##     }
##     "H3" {
##         set clk_hbm_axi_period       3.333
##         set clk_hbm_axi_half_period  1.667
##     }
##     "H4" {
##         set clk_hbm_axi_period       2.5
##         set clk_hbm_axi_half_period  1.25
##     }
##     default {
##         puts "$clock_recipe_hbm is NOT a valid clock_recipe_hbm."
##     }
## }
## set pin_clk_extra_a1 "\[get_pins -of_objects \[get_cells -hierarchical -regexp .*AWS_CLK_GEN/CLK_GRP_A_EN_I.CLK_MMCM_A_I/inst/CLK_CORE_DRP_I/clk_inst/mmcme4_adv_inst\] -filter {NAME=~*CLKOUT0}\]"
## set pin_clk_extra_a2 "\[get_pins -of_objects \[get_cells -hierarchical -regexp .*AWS_CLK_GEN/CLK_GRP_A_EN_I.CLK_MMCM_A_I/inst/CLK_CORE_DRP_I/clk_inst/mmcme4_adv_inst\] -filter {NAME=~*CLKOUT1}\]"
## set pin_clk_extra_a3 "\[get_pins -of_objects \[get_cells -hierarchical -regexp .*AWS_CLK_GEN/CLK_GRP_A_EN_I.CLK_MMCM_A_I/inst/CLK_CORE_DRP_I/clk_inst/mmcme4_adv_inst\] -filter {NAME=~*CLKOUT2}\]"
## set pin_clk_extra_b0 "\[get_pins -of_objects \[get_cells -hierarchical -regexp .*AWS_CLK_GEN/CLK_GRP_B_EN_I.CLK_MMCM_B_I/inst/CLK_CORE_DRP_I/clk_inst/mmcme4_adv_inst\] -filter {NAME=~*CLKOUT0}\]"
## set pin_clk_extra_b1 "\[get_pins -of_objects \[get_cells -hierarchical -regexp .*AWS_CLK_GEN/CLK_GRP_B_EN_I.CLK_MMCM_B_I/inst/CLK_CORE_DRP_I/clk_inst/mmcme4_adv_inst\] -filter {NAME=~*CLKOUT1}\]"
## set pin_clk_extra_c0 "\[get_pins -of_objects \[get_cells -hierarchical -regexp .*AWS_CLK_GEN/CLK_GRP_C_EN_I.CLK_MMCM_C_I/inst/CLK_CORE_DRP_I/clk_inst/mmcme4_adv_inst\] -filter {NAME=~*CLKOUT0}\]"
## set pin_clk_extra_c1 "\[get_pins -of_objects \[get_cells -hierarchical -regexp .*AWS_CLK_GEN/CLK_GRP_C_EN_I.CLK_MMCM_C_I/inst/CLK_CORE_DRP_I/clk_inst/mmcme4_adv_inst\] -filter {NAME=~*CLKOUT1}\]"
## set pin_clk_hbm_axi  "\[get_pins -of_objects \[get_cells -hierarchical -regexp .*AWS_CLK_GEN/CLK_HBM_EN_I.CLK_MMCM_HBM_I/inst/CLK_CORE_DRP_I/clk_inst/mmcme4_adv_inst\] -filter {NAME=~*CLKOUT0}\]"
## if { [file exists $CL_DIR/build/constraints/generated_cl_clocks_aws.xdc] } {
##     puts "Deleting old CL clocks constraints file since it will be replaced.";
##     file delete -force $CL_DIR/build/constraints/generated_cl_clocks_aws.xdc
## }
Deleting old CL clocks constraints file since it will be replaced.
## set clocks_file [open "$CL_DIR/build/constraints/generated_cl_clocks_aws.xdc" w]
## puts $clocks_file "#-------------------------------------------------------------------------"
## puts $clocks_file "# Do not edit this file! It is auto-generated from $argv0."
## puts $clocks_file "#-------------------------------------------------------------------------"
## puts $clocks_file "###############################################################################                          "
## puts $clocks_file "# OOC Source Clocks                                                                                      "
## puts $clocks_file "###############################################################################                          "
## puts $clocks_file "#CL HBM reference clock @100MHz                                                                          "
## puts $clocks_file "create_clock -period 10.000 -name clk_hbm_ref  -waveform {0.000 5.000} \[get_ports clk_hbm_ref\]       \n"
## puts $clocks_file "# Group A Clocks"
## puts $clocks_file "create_clock -period $clk_main_a0_period  -name clk_main_a0 -waveform {0.000 $clk_main_a0_half_period}  \[get_ports clk_main_a0\]"
## close $clocks_file
# print "Checking for source code encryption"

AWS FPGA: (21:39:02): Checking for source code encryption

# source encrypt.tcl
## set src_dir "${CL_DIR}/design"
## set dst_dir "${CL_DIR}/build/src_post_encryption"
## file copy -force ${src_dir}/cl_minikanren_chirho.sv ${dst_dir}/
## file copy -force ${src_dir}/searchEngineChirho.v ${dst_dir}/
## file copy -force ${src_dir}/cl_minikanren_chirho_defines.vh ${dst_dir}/
## file copy -force ${src_dir}/cl_id_defines.vh ${dst_dir}/
## puts "Skipped encryption - copied files directly"
Skipped encryption - copied files directly
# switch $BUILD_FLOW {
#   "SynthCL" {
#     source ${scripts_dir}/synth_${CL}.tcl
#   }
# 
#   "ImplCL" {
#     source ${scripts_dir}/build_level_1_cl.tcl
#   }
# 
#   default {
#     source ${scripts_dir}/synth_${CL}.tcl
#     source ${scripts_dir}/build_level_1_cl.tcl
#   }
# }
## source ${HDK_SHELL_DIR}/build/scripts/synth_cl_header.tcl
### print "Creating in-memory synthesis project"

AWS FPGA: (21:39:02): Creating in-memory synthesis project

### set_param sta.enableAutoGenClkNamePersistence 0
### create_project -in_memory -part $DEVICE_TYPE -force
### set_property XPM_LIBRARIES {XPM_CDC XPM_MEMORY XPM_FIFO} [current_project]
### print "Reading common AWS components"

AWS FPGA: (21:39:02): Reading common AWS components

### read_verilog -sv [ list \
###   ${HDK_SHELL_DESIGN_DIR}/../../lib/interfaces.sv \
###   ${HDK_SHELL_DESIGN_DIR}/../../lib/aws_clk_gen.sv \
###   ${HDK_SHELL_DESIGN_DIR}/../../lib/aws_clk_regs.sv \
###   ${HDK_SHELL_DESIGN_DIR}/../../lib/axil_to_cfg_cnv.sv \
###   ${HDK_SHELL_DESIGN_DIR}/../../lib/axis_flop_fifo.sv \
###   ${HDK_SHELL_DESIGN_DIR}/../../lib/lib_pipe.sv \
###   ${HDK_SHELL_DESIGN_DIR}/../../lib/bram_1w1r.sv \
###   ${HDK_SHELL_DESIGN_DIR}/../../lib/bram_2rw.sv \
###   ${HDK_SHELL_DESIGN_DIR}/../../lib/xpm_fifo.sv \
###   ${HDK_SHELL_DESIGN_DIR}/../../lib/flop_fifo.sv \
###   ${HDK_SHELL_DESIGN_DIR}/../../lib/flop_fifo_in.sv \
###   ${HDK_SHELL_DESIGN_DIR}/../../lib/cdc_async_fifo.sv \
###   ${HDK_SHELL_DESIGN_DIR}/../../lib/cdc_sync.sv \
###   ${HDK_SHELL_DESIGN_DIR}/../../lib/ft_fifo_p.v \
###   ${HDK_SHELL_DESIGN_DIR}/../../lib/ft_fifo.v \
###   ${HDK_SHELL_DESIGN_DIR}/../../lib/ram_fifo_ft.sv \
###   ${HDK_SHELL_DESIGN_DIR}/../../lib/rr_arb.sv \
###   ${HDK_SHELL_DESIGN_DIR}/sh_ddr/synth/sync.v \
###   ${HDK_SHELL_DESIGN_DIR}/sh_ddr/synth/flop_ccf.sv \
###   ${HDK_SHELL_DESIGN_DIR}/sh_ddr/synth/ccf_ctl.v \
###   ${HDK_SHELL_DESIGN_DIR}/sh_ddr/synth/mgt_acc_axl.sv \
###   ${HDK_SHELL_DESIGN_DIR}/sh_ddr/synth/mgt_gen_axl.sv \
###   ${HDK_SHELL_DESIGN_DIR}/sh_ddr/synth/sh_ddr.sv \
###   ${HDK_SHELL_DESIGN_DIR}/interfaces/cl_ports.vh
### ]
### print "Reading AWS Constraints"

AWS FPGA: (21:39:02): Reading AWS Constraints

### read_xdc ${HDK_SHELL_DIR}/build/constraints/cl_pins.xdc
### read_xdc ${CL_DIR}/build/constraints/generated_cl_clocks_aws.xdc
### read_xdc -ref ${CL} ${HDK_SHELL_DIR}/build/constraints/cl_ddr_timing_aws.xdc
### set_property USED_IN {synthesis implementation OUT_OF_CONTEXT} [get_files generated_cl_clocks_aws.xdc]
### set_property PROCESSING_ORDER EARLY [get_files generated_cl_clocks_aws.xdc]
### set_property USED_IN {synthesis implementation} [get_files cl_ddr_timing_aws.xdc]
### set_property PROCESSING_ORDER LATE   [get_files cl_ddr_timing_aws.xdc]
## print "Reading miniKanren source codes"

AWS FPGA: (21:39:02): Reading miniKanren source codes

## read_verilog -sv ${CL_DIR}/design/cl_minikanren_chirho.sv
## read_verilog     ${CL_DIR}/design/searchEngineChirho.v
## read_verilog -sv ${CL_DIR}/design/cl_minikanren_chirho_defines.vh
## read_verilog -sv ${CL_DIR}/design/cl_id_defines.vh
## print "Reading user constraints"

AWS FPGA: (21:39:02): Reading user constraints

## read_xdc [ list \
##   ${constraints_dir}/cl_synth_user.xdc \
##   ${constraints_dir}/cl_timing_user.xdc
## ]
## set_property PROCESSING_ORDER LATE [get_files cl_synth_user.xdc]
## set_property PROCESSING_ORDER LATE [get_files cl_timing_user.xdc]
## print "Starting synthesizing customer design ${CL}"

AWS FPGA: (21:39:02): Starting synthesizing customer design cl_minikanren_chirho

## update_compile_order -fileset sources_1
## synth_design -mode out_of_context \
##              -top ${CL} \
##              -verilog_define XSDB_SLV_DIS \
##              -part ${DEVICE_TYPE} \
##              -keep_equivalent_registers
Command: synth_design -mode out_of_context -top cl_minikanren_chirho -verilog_define XSDB_SLV_DIS -part xcvu47p-fsvh2892-2-e -keep_equivalent_registers
Starting synth_design
Attempting to get a license for feature 'Synthesis' and/or device 'xcvu47p'
INFO: [Common 17-349] Got license for feature 'Synthesis' and/or device 'xcvu47p'
INFO: [Device 21-403] Loading part xcvu47p-fsvh2892-2-e
INFO: [Synth 8-7079] Multithreading enabled for synth_design using a maximum of 7 processes.
INFO: [Synth 8-7078] Launching helper process for spawning children vivado processes
INFO: [Synth 8-7075] Helper process launched with PID 17144
---------------------------------------------------------------------------------
Starting RTL Elaboration : Time (s): cpu = 00:00:04 ; elapsed = 00:00:04 . Memory (MB): peak = 2884.027 ; gain = 284.863 ; free physical = 56177 ; free virtual = 71090
---------------------------------------------------------------------------------
WARNING: [Synth 8-11065] parameter 'NUM_LOC' becomes localparam in 'ram_fifo_ft' with formal parameter declaration list [/home/ubuntu/aws-fpga/hdk/common/lib/ram_fifo_ft.sv:43]
INFO: [Synth 8-6157] synthesizing module 'cl_minikanren_chirho' [/home/ubuntu/aws-fpga/hdk/cl/developer_designs/cl_minikanren_chirho/design/cl_minikanren_chirho.sv:11]
INFO: [Synth 8-6157] synthesizing module 'OBUF' [/opt/Xilinx/Vivado/2024.2/scripts/rt/data/unisim_comp.v:99428]
INFO: [Synth 8-6155] done synthesizing module 'OBUF' (0#1) [/opt/Xilinx/Vivado/2024.2/scripts/rt/data/unisim_comp.v:99428]
INFO: [Synth 8-6157] synthesizing module 'IOBUFE3' [/opt/Xilinx/Vivado/2024.2/scripts/rt/data/unisim_comp.v:80787]
INFO: [Synth 8-6155] done synthesizing module 'IOBUFE3' (0#1) [/opt/Xilinx/Vivado/2024.2/scripts/rt/data/unisim_comp.v:80787]
INFO: [Synth 8-6157] synthesizing module 'IOBUFDS' [/opt/Xilinx/Vivado/2024.2/scripts/rt/data/unisim_comp.v:80408]
INFO: [Synth 8-6155] done synthesizing module 'IOBUFDS' (0#1) [/opt/Xilinx/Vivado/2024.2/scripts/rt/data/unisim_comp.v:80408]
INFO: [Synth 8-6157] synthesizing module 'IBUFDS' [/opt/Xilinx/Vivado/2024.2/scripts/rt/data/unisim_comp.v:75840]
INFO: [Synth 8-6155] done synthesizing module 'IBUFDS' (0#1) [/opt/Xilinx/Vivado/2024.2/scripts/rt/data/unisim_comp.v:75840]
INFO: [Synth 8-6157] synthesizing module 'lib_pipe' [/home/ubuntu/aws-fpga/hdk/common/lib/lib_pipe.sv:23]
INFO: [Synth 8-6155] done synthesizing module 'lib_pipe' (0#1) [/home/ubuntu/aws-fpga/hdk/common/lib/lib_pipe.sv:23]
INFO: [Synth 8-155] case statement is not full and has no default [/home/ubuntu/aws-fpga/hdk/cl/developer_designs/cl_minikanren_chirho/design/cl_minikanren_chirho.sv:366]
INFO: [Synth 8-155] case statement is not full and has no default [/home/ubuntu/aws-fpga/hdk/cl/developer_designs/cl_minikanren_chirho/design/cl_minikanren_chirho.sv:351]
INFO: [Synth 8-155] case statement is not full and has no default [/home/ubuntu/aws-fpga/hdk/cl/developer_designs/cl_minikanren_chirho/design/cl_minikanren_chirho.sv:410]
INFO: [Synth 8-6157] synthesizing module 'searchEngineChirho' [/home/ubuntu/aws-fpga/hdk/cl/developer_designs/cl_minikanren_chirho/design/searchEngineChirho.v:6]
INFO: [Synth 8-6155] done synthesizing module 'searchEngineChirho' (0#1) [/home/ubuntu/aws-fpga/hdk/cl/developer_designs/cl_minikanren_chirho/design/searchEngineChirho.v:6]
INFO: [Synth 8-6155] done synthesizing module 'cl_minikanren_chirho' (0#1) [/home/ubuntu/aws-fpga/hdk/cl/developer_designs/cl_minikanren_chirho/design/cl_minikanren_chirho.sv:11]
WARNING: [Synth 8-3917] design cl_minikanren_chirho has port cl_sh_flr_done driven by constant 1
WARNING: [Synth 8-3917] design cl_minikanren_chirho has port cl_sh_status0[31] driven by constant 0
WARNING: [Synth 8-3917] design cl_minikanren_chirho has port cl_sh_status0[30] driven by constant 0
WARNING: [Synth 8-3917] design cl_minikanren_chirho has port cl_sh_status0[29] driven by constant 0
WARNING: [Synth 8-3917] design cl_minikanren_chirho has port cl_sh_status0[28] driven by constant 0
WARNING: [Synth 8-3917] design cl_minikanren_chirho has port cl_sh_status0[27] driven by constant 0
WARNING: [Synth 8-3917] design cl_minikanren_chirho has port cl_sh_status0[26] driven by constant 0
WARNING: [Synth 8-3917] design cl_minikanren_chirho has port cl_sh_status0[25] driven by constant 0
WARNING: [Synth 8-3917] design cl_minikanren_chirho has port cl_sh_status0[24] driven by constant 0
WARNING: [Synth 8-3917] design cl_minikanren_chirho has port cl_sh_status0[23] driven by constant 0
WARNING: [Synth 8-3917] design cl_minikanren_chirho has port cl_sh_status0[22] driven by constant 0
WARNING: [Synth 8-3917] design cl_minikanren_chirho has port cl_sh_status0[21] driven by constant 0
WARNING: [Synth 8-3917] design cl_minikanren_chirho has port cl_sh_status0[20] driven by constant 0
WARNING: [Synth 8-3917] design cl_minikanren_chirho has port cl_sh_status0[19] driven by constant 0
WARNING: [Synth 8-3917] design cl_minikanren_chirho has port cl_sh_status0[18] driven by constant 0
WARNING: [Synth 8-3917] design cl_minikanren_chirho has port cl_sh_status0[17] driven by constant 0
WARNING: [Synth 8-3917] design cl_minikanren_chirho has port cl_sh_status0[16] driven by constant 0
WARNING: [Synth 8-3917] design cl_minikanren_chirho has port cl_sh_status0[15] driven by constant 0
WARNING: [Synth 8-3917] design cl_minikanren_chirho has port cl_sh_status0[14] driven by constant 0
WARNING: [Synth 8-3917] design cl_minikanren_chirho has port cl_sh_status0[13] driven by constant 0
WARNING: [Synth 8-3917] design cl_minikanren_chirho has port cl_sh_status0[12] driven by constant 0
WARNING: [Synth 8-3917] design cl_minikanren_chirho has port cl_sh_status0[11] driven by constant 0
WARNING: [Synth 8-3917] design cl_minikanren_chirho has port cl_sh_status0[10] driven by constant 0
WARNING: [Synth 8-3917] design cl_minikanren_chirho has port cl_sh_status0[9] driven by constant 0
WARNING: [Synth 8-3917] design cl_minikanren_chirho has port cl_sh_status0[8] driven by constant 0
WARNING: [Synth 8-3917] design cl_minikanren_chirho has port cl_sh_status0[7] driven by constant 0
WARNING: [Synth 8-3917] design cl_minikanren_chirho has port cl_sh_status0[6] driven by constant 0
WARNING: [Synth 8-3917] design cl_minikanren_chirho has port cl_sh_status0[5] driven by constant 0
WARNING: [Synth 8-3917] design cl_minikanren_chirho has port cl_sh_status0[4] driven by constant 0
WARNING: [Synth 8-3917] design cl_minikanren_chirho has port cl_sh_status0[3] driven by constant 0
WARNING: [Synth 8-3917] design cl_minikanren_chirho has port cl_sh_status0[2] driven by constant 0
WARNING: [Synth 8-3917] design cl_minikanren_chirho has port cl_sh_status0[1] driven by constant 0
WARNING: [Synth 8-3917] design cl_minikanren_chirho has port cl_sh_status0[0] driven by constant 0
WARNING: [Synth 8-3917] design cl_minikanren_chirho has port cl_sh_status1[31] driven by constant 0
WARNING: [Synth 8-3917] design cl_minikanren_chirho has port cl_sh_status1[30] driven by constant 0
WARNING: [Synth 8-3917] design cl_minikanren_chirho has port cl_sh_status1[29] driven by constant 0
WARNING: [Synth 8-3917] design cl_minikanren_chirho has port cl_sh_status1[28] driven by constant 0
WARNING: [Synth 8-3917] design cl_minikanren_chirho has port cl_sh_status1[27] driven by constant 0
WARNING: [Synth 8-3917] design cl_minikanren_chirho has port cl_sh_status1[26] driven by constant 0
WARNING: [Synth 8-3917] design cl_minikanren_chirho has port cl_sh_status1[25] driven by constant 0
WARNING: [Synth 8-3917] design cl_minikanren_chirho has port cl_sh_status1[24] driven by constant 0
WARNING: [Synth 8-3917] design cl_minikanren_chirho has port cl_sh_status1[23] driven by constant 0
WARNING: [Synth 8-3917] design cl_minikanren_chirho has port cl_sh_status1[22] driven by constant 0
WARNING: [Synth 8-3917] design cl_minikanren_chirho has port cl_sh_status1[21] driven by constant 0
WARNING: [Synth 8-3917] design cl_minikanren_chirho has port cl_sh_status1[20] driven by constant 0
WARNING: [Synth 8-3917] design cl_minikanren_chirho has port cl_sh_status1[19] driven by constant 0
WARNING: [Synth 8-3917] design cl_minikanren_chirho has port cl_sh_status1[18] driven by constant 0
WARNING: [Synth 8-3917] design cl_minikanren_chirho has port cl_sh_status1[17] driven by constant 0
WARNING: [Synth 8-3917] design cl_minikanren_chirho has port cl_sh_status1[16] driven by constant 0
WARNING: [Synth 8-3917] design cl_minikanren_chirho has port cl_sh_status1[15] driven by constant 0
WARNING: [Synth 8-3917] design cl_minikanren_chirho has port cl_sh_status1[14] driven by constant 0
WARNING: [Synth 8-3917] design cl_minikanren_chirho has port cl_sh_status1[13] driven by constant 0
WARNING: [Synth 8-3917] design cl_minikanren_chirho has port cl_sh_status1[12] driven by constant 0
WARNING: [Synth 8-3917] design cl_minikanren_chirho has port cl_sh_status1[11] driven by constant 0
WARNING: [Synth 8-3917] design cl_minikanren_chirho has port cl_sh_status1[10] driven by constant 0
WARNING: [Synth 8-3917] design cl_minikanren_chirho has port cl_sh_status1[9] driven by constant 0
WARNING: [Synth 8-3917] design cl_minikanren_chirho has port cl_sh_status1[8] driven by constant 0
WARNING: [Synth 8-3917] design cl_minikanren_chirho has port cl_sh_status1[7] driven by constant 0
WARNING: [Synth 8-3917] design cl_minikanren_chirho has port cl_sh_status1[6] driven by constant 0
WARNING: [Synth 8-3917] design cl_minikanren_chirho has port cl_sh_status1[5] driven by constant 0
WARNING: [Synth 8-3917] design cl_minikanren_chirho has port cl_sh_status1[4] driven by constant 0
WARNING: [Synth 8-3917] design cl_minikanren_chirho has port cl_sh_status1[3] driven by constant 0
WARNING: [Synth 8-3917] design cl_minikanren_chirho has port cl_sh_status1[2] driven by constant 0
WARNING: [Synth 8-3917] design cl_minikanren_chirho has port cl_sh_status1[1] driven by constant 0
WARNING: [Synth 8-3917] design cl_minikanren_chirho has port cl_sh_status1[0] driven by constant 0
WARNING: [Synth 8-3917] design cl_minikanren_chirho has port cl_sh_status2[31] driven by constant 0
WARNING: [Synth 8-3917] design cl_minikanren_chirho has port cl_sh_status2[30] driven by constant 0
WARNING: [Synth 8-3917] design cl_minikanren_chirho has port cl_sh_status2[29] driven by constant 0
WARNING: [Synth 8-3917] design cl_minikanren_chirho has port cl_sh_status2[28] driven by constant 0
WARNING: [Synth 8-3917] design cl_minikanren_chirho has port cl_sh_status2[27] driven by constant 0
WARNING: [Synth 8-3917] design cl_minikanren_chirho has port cl_sh_status2[26] driven by constant 0
WARNING: [Synth 8-3917] design cl_minikanren_chirho has port cl_sh_status2[25] driven by constant 0
WARNING: [Synth 8-3917] design cl_minikanren_chirho has port cl_sh_status2[24] driven by constant 0
WARNING: [Synth 8-3917] design cl_minikanren_chirho has port cl_sh_status2[23] driven by constant 0
WARNING: [Synth 8-3917] design cl_minikanren_chirho has port cl_sh_status2[22] driven by constant 0
WARNING: [Synth 8-3917] design cl_minikanren_chirho has port cl_sh_status2[21] driven by constant 0
WARNING: [Synth 8-3917] design cl_minikanren_chirho has port cl_sh_status2[20] driven by constant 0
WARNING: [Synth 8-3917] design cl_minikanren_chirho has port cl_sh_status2[19] driven by constant 0
WARNING: [Synth 8-3917] design cl_minikanren_chirho has port cl_sh_status2[18] driven by constant 0
WARNING: [Synth 8-3917] design cl_minikanren_chirho has port cl_sh_status2[17] driven by constant 0
WARNING: [Synth 8-3917] design cl_minikanren_chirho has port cl_sh_status2[16] driven by constant 0
WARNING: [Synth 8-3917] design cl_minikanren_chirho has port cl_sh_status2[15] driven by constant 0
WARNING: [Synth 8-3917] design cl_minikanren_chirho has port cl_sh_status2[14] driven by constant 0
WARNING: [Synth 8-3917] design cl_minikanren_chirho has port cl_sh_status2[13] driven by constant 0
WARNING: [Synth 8-3917] design cl_minikanren_chirho has port cl_sh_status2[12] driven by constant 0
WARNING: [Synth 8-3917] design cl_minikanren_chirho has port cl_sh_status2[11] driven by constant 0
WARNING: [Synth 8-3917] design cl_minikanren_chirho has port cl_sh_status2[10] driven by constant 0
WARNING: [Synth 8-3917] design cl_minikanren_chirho has port cl_sh_status2[9] driven by constant 0
WARNING: [Synth 8-3917] design cl_minikanren_chirho has port cl_sh_status2[8] driven by constant 0
WARNING: [Synth 8-3917] design cl_minikanren_chirho has port cl_sh_status2[7] driven by constant 0
WARNING: [Synth 8-3917] design cl_minikanren_chirho has port cl_sh_status2[6] driven by constant 0
WARNING: [Synth 8-3917] design cl_minikanren_chirho has port cl_sh_status2[5] driven by constant 0
WARNING: [Synth 8-3917] design cl_minikanren_chirho has port cl_sh_status2[4] driven by constant 0
WARNING: [Synth 8-3917] design cl_minikanren_chirho has port cl_sh_status2[3] driven by constant 0
WARNING: [Synth 8-3917] design cl_minikanren_chirho has port cl_sh_status2[2] driven by constant 0
WARNING: [Synth 8-3917] design cl_minikanren_chirho has port cl_sh_status2[1] driven by constant 0
WARNING: [Synth 8-3917] design cl_minikanren_chirho has port cl_sh_status2[0] driven by constant 0
WARNING: [Synth 8-3917] design cl_minikanren_chirho has port cl_sh_id0[31] driven by constant 1
WARNING: [Synth 8-3917] design cl_minikanren_chirho has port cl_sh_id0[30] driven by constant 1
WARNING: [Synth 8-3917] design cl_minikanren_chirho has port cl_sh_id0[29] driven by constant 1
INFO: [Common 17-14] Message 'Synth 8-3917' appears 100 times and further instances of the messages will be disabled. Use the Tcl command set_msg_config to change the current settings.
WARNING: [Synth 8-7129] Port cl_sh_ddr_axi_awready in module sh_ddr is either unconnected or has no load
WARNING: [Synth 8-7129] Port cl_sh_ddr_axi_wready in module sh_ddr is either unconnected or has no load
WARNING: [Synth 8-7129] Port cl_sh_ddr_axi_bid[15] in module sh_ddr is either unconnected or has no load
WARNING: [Synth 8-7129] Port cl_sh_ddr_axi_bid[14] in module sh_ddr is either unconnected or has no load
WARNING: [Synth 8-7129] Port cl_sh_ddr_axi_bid[13] in module sh_ddr is either unconnected or has no load
WARNING: [Synth 8-7129] Port cl_sh_ddr_axi_bid[12] in module sh_ddr is either unconnected or has no load
WARNING: [Synth 8-7129] Port cl_sh_ddr_axi_bid[11] in module sh_ddr is either unconnected or has no load
WARNING: [Synth 8-7129] Port cl_sh_ddr_axi_bid[10] in module sh_ddr is either unconnected or has no load
WARNING: [Synth 8-7129] Port cl_sh_ddr_axi_bid[9] in module sh_ddr is either unconnected or has no load
WARNING: [Synth 8-7129] Port cl_sh_ddr_axi_bid[8] in module sh_ddr is either unconnected or has no load
WARNING: [Synth 8-7129] Port cl_sh_ddr_axi_bid[7] in module sh_ddr is either unconnected or has no load
WARNING: [Synth 8-7129] Port cl_sh_ddr_axi_bid[6] in module sh_ddr is either unconnected or has no load
WARNING: [Synth 8-7129] Port cl_sh_ddr_axi_bid[5] in module sh_ddr is either unconnected or has no load
WARNING: [Synth 8-7129] Port cl_sh_ddr_axi_bid[4] in module sh_ddr is either unconnected or has no load
WARNING: [Synth 8-7129] Port cl_sh_ddr_axi_bid[3] in module sh_ddr is either unconnected or has no load
WARNING: [Synth 8-7129] Port cl_sh_ddr_axi_bid[2] in module sh_ddr is either unconnected or has no load
WARNING: [Synth 8-7129] Port cl_sh_ddr_axi_bid[1] in module sh_ddr is either unconnected or has no load
WARNING: [Synth 8-7129] Port cl_sh_ddr_axi_bid[0] in module sh_ddr is either unconnected or has no load
WARNING: [Synth 8-7129] Port cl_sh_ddr_axi_bresp[1] in module sh_ddr is either unconnected or has no load
WARNING: [Synth 8-7129] Port cl_sh_ddr_axi_bresp[0] in module sh_ddr is either unconnected or has no load
WARNING: [Synth 8-7129] Port cl_sh_ddr_axi_bvalid in module sh_ddr is either unconnected or has no load
WARNING: [Synth 8-7129] Port cl_sh_ddr_axi_arready in module sh_ddr is either unconnected or has no load
WARNING: [Synth 8-7129] Port cl_sh_ddr_axi_rid[15] in module sh_ddr is either unconnected or has no load
WARNING: [Synth 8-7129] Port cl_sh_ddr_axi_rid[14] in module sh_ddr is either unconnected or has no load
WARNING: [Synth 8-7129] Port cl_sh_ddr_axi_rid[13] in module sh_ddr is either unconnected or has no load
WARNING: [Synth 8-7129] Port cl_sh_ddr_axi_rid[12] in module sh_ddr is either unconnected or has no load
WARNING: [Synth 8-7129] Port cl_sh_ddr_axi_rid[11] in module sh_ddr is either unconnected or has no load
WARNING: [Synth 8-7129] Port cl_sh_ddr_axi_rid[10] in module sh_ddr is either unconnected or has no load
WARNING: [Synth 8-7129] Port cl_sh_ddr_axi_rid[9] in module sh_ddr is either unconnected or has no load
WARNING: [Synth 8-7129] Port cl_sh_ddr_axi_rid[8] in module sh_ddr is either unconnected or has no load
WARNING: [Synth 8-7129] Port cl_sh_ddr_axi_rid[7] in module sh_ddr is either unconnected or has no load
WARNING: [Synth 8-7129] Port cl_sh_ddr_axi_rid[6] in module sh_ddr is either unconnected or has no load
WARNING: [Synth 8-7129] Port cl_sh_ddr_axi_rid[5] in module sh_ddr is either unconnected or has no load
WARNING: [Synth 8-7129] Port cl_sh_ddr_axi_rid[4] in module sh_ddr is either unconnected or has no load
WARNING: [Synth 8-7129] Port cl_sh_ddr_axi_rid[3] in module sh_ddr is either unconnected or has no load
WARNING: [Synth 8-7129] Port cl_sh_ddr_axi_rid[2] in module sh_ddr is either unconnected or has no load
WARNING: [Synth 8-7129] Port cl_sh_ddr_axi_rid[1] in module sh_ddr is either unconnected or has no load
WARNING: [Synth 8-7129] Port cl_sh_ddr_axi_rid[0] in module sh_ddr is either unconnected or has no load
WARNING: [Synth 8-7129] Port cl_sh_ddr_axi_rdata[511] in module sh_ddr is either unconnected or has no load
WARNING: [Synth 8-7129] Port cl_sh_ddr_axi_rdata[510] in module sh_ddr is either unconnected or has no load
WARNING: [Synth 8-7129] Port cl_sh_ddr_axi_rdata[509] in module sh_ddr is either unconnected or has no load
WARNING: [Synth 8-7129] Port cl_sh_ddr_axi_rdata[508] in module sh_ddr is either unconnected or has no load
WARNING: [Synth 8-7129] Port cl_sh_ddr_axi_rdata[507] in module sh_ddr is either unconnected or has no load
WARNING: [Synth 8-7129] Port cl_sh_ddr_axi_rdata[506] in module sh_ddr is either unconnected or has no load
WARNING: [Synth 8-7129] Port cl_sh_ddr_axi_rdata[505] in module sh_ddr is either unconnected or has no load
WARNING: [Synth 8-7129] Port cl_sh_ddr_axi_rdata[504] in module sh_ddr is either unconnected or has no load
WARNING: [Synth 8-7129] Port cl_sh_ddr_axi_rdata[503] in module sh_ddr is either unconnected or has no load
WARNING: [Synth 8-7129] Port cl_sh_ddr_axi_rdata[502] in module sh_ddr is either unconnected or has no load
WARNING: [Synth 8-7129] Port cl_sh_ddr_axi_rdata[501] in module sh_ddr is either unconnected or has no load
WARNING: [Synth 8-7129] Port cl_sh_ddr_axi_rdata[500] in module sh_ddr is either unconnected or has no load
WARNING: [Synth 8-7129] Port cl_sh_ddr_axi_rdata[499] in module sh_ddr is either unconnected or has no load
WARNING: [Synth 8-7129] Port cl_sh_ddr_axi_rdata[498] in module sh_ddr is either unconnected or has no load
WARNING: [Synth 8-7129] Port cl_sh_ddr_axi_rdata[497] in module sh_ddr is either unconnected or has no load
WARNING: [Synth 8-7129] Port cl_sh_ddr_axi_rdata[496] in module sh_ddr is either unconnected or has no load
WARNING: [Synth 8-7129] Port cl_sh_ddr_axi_rdata[495] in module sh_ddr is either unconnected or has no load
WARNING: [Synth 8-7129] Port cl_sh_ddr_axi_rdata[494] in module sh_ddr is either unconnected or has no load
WARNING: [Synth 8-7129] Port cl_sh_ddr_axi_rdata[493] in module sh_ddr is either unconnected or has no load
WARNING: [Synth 8-7129] Port cl_sh_ddr_axi_rdata[492] in module sh_ddr is either unconnected or has no load
WARNING: [Synth 8-7129] Port cl_sh_ddr_axi_rdata[491] in module sh_ddr is either unconnected or has no load
WARNING: [Synth 8-7129] Port cl_sh_ddr_axi_rdata[490] in module sh_ddr is either unconnected or has no load
WARNING: [Synth 8-7129] Port cl_sh_ddr_axi_rdata[489] in module sh_ddr is either unconnected or has no load
WARNING: [Synth 8-7129] Port cl_sh_ddr_axi_rdata[488] in module sh_ddr is either unconnected or has no load
WARNING: [Synth 8-7129] Port cl_sh_ddr_axi_rdata[487] in module sh_ddr is either unconnected or has no load
WARNING: [Synth 8-7129] Port cl_sh_ddr_axi_rdata[486] in module sh_ddr is either unconnected or has no load
WARNING: [Synth 8-7129] Port cl_sh_ddr_axi_rdata[485] in module sh_ddr is either unconnected or has no load
WARNING: [Synth 8-7129] Port cl_sh_ddr_axi_rdata[484] in module sh_ddr is either unconnected or has no load
WARNING: [Synth 8-7129] Port cl_sh_ddr_axi_rdata[483] in module sh_ddr is either unconnected or has no load
WARNING: [Synth 8-7129] Port cl_sh_ddr_axi_rdata[482] in module sh_ddr is either unconnected or has no load
WARNING: [Synth 8-7129] Port cl_sh_ddr_axi_rdata[481] in module sh_ddr is either unconnected or has no load
WARNING: [Synth 8-7129] Port cl_sh_ddr_axi_rdata[480] in module sh_ddr is either unconnected or has no load
WARNING: [Synth 8-7129] Port cl_sh_ddr_axi_rdata[479] in module sh_ddr is either unconnected or has no load
WARNING: [Synth 8-7129] Port cl_sh_ddr_axi_rdata[478] in module sh_ddr is either unconnected or has no load
WARNING: [Synth 8-7129] Port cl_sh_ddr_axi_rdata[477] in module sh_ddr is either unconnected or has no load
WARNING: [Synth 8-7129] Port cl_sh_ddr_axi_rdata[476] in module sh_ddr is either unconnected or has no load
WARNING: [Synth 8-7129] Port cl_sh_ddr_axi_rdata[475] in module sh_ddr is either unconnected or has no load
WARNING: [Synth 8-7129] Port cl_sh_ddr_axi_rdata[474] in module sh_ddr is either unconnected or has no load
WARNING: [Synth 8-7129] Port cl_sh_ddr_axi_rdata[473] in module sh_ddr is either unconnected or has no load
WARNING: [Synth 8-7129] Port cl_sh_ddr_axi_rdata[472] in module sh_ddr is either unconnected or has no load
WARNING: [Synth 8-7129] Port cl_sh_ddr_axi_rdata[471] in module sh_ddr is either unconnected or has no load
WARNING: [Synth 8-7129] Port cl_sh_ddr_axi_rdata[470] in module sh_ddr is either unconnected or has no load
WARNING: [Synth 8-7129] Port cl_sh_ddr_axi_rdata[469] in module sh_ddr is either unconnected or has no load
WARNING: [Synth 8-7129] Port cl_sh_ddr_axi_rdata[468] in module sh_ddr is either unconnected or has no load
WARNING: [Synth 8-7129] Port cl_sh_ddr_axi_rdata[467] in module sh_ddr is either unconnected or has no load
WARNING: [Synth 8-7129] Port cl_sh_ddr_axi_rdata[466] in module sh_ddr is either unconnected or has no load
WARNING: [Synth 8-7129] Port cl_sh_ddr_axi_rdata[465] in module sh_ddr is either unconnected or has no load
WARNING: [Synth 8-7129] Port cl_sh_ddr_axi_rdata[464] in module sh_ddr is either unconnected or has no load
WARNING: [Synth 8-7129] Port cl_sh_ddr_axi_rdata[463] in module sh_ddr is either unconnected or has no load
WARNING: [Synth 8-7129] Port cl_sh_ddr_axi_rdata[462] in module sh_ddr is either unconnected or has no load
WARNING: [Synth 8-7129] Port cl_sh_ddr_axi_rdata[461] in module sh_ddr is either unconnected or has no load
WARNING: [Synth 8-7129] Port cl_sh_ddr_axi_rdata[460] in module sh_ddr is either unconnected or has no load
WARNING: [Synth 8-7129] Port cl_sh_ddr_axi_rdata[459] in module sh_ddr is either unconnected or has no load
WARNING: [Synth 8-7129] Port cl_sh_ddr_axi_rdata[458] in module sh_ddr is either unconnected or has no load
WARNING: [Synth 8-7129] Port cl_sh_ddr_axi_rdata[457] in module sh_ddr is either unconnected or has no load
WARNING: [Synth 8-7129] Port cl_sh_ddr_axi_rdata[456] in module sh_ddr is either unconnected or has no load
WARNING: [Synth 8-7129] Port cl_sh_ddr_axi_rdata[455] in module sh_ddr is either unconnected or has no load
WARNING: [Synth 8-7129] Port cl_sh_ddr_axi_rdata[454] in module sh_ddr is either unconnected or has no load
WARNING: [Synth 8-7129] Port cl_sh_ddr_axi_rdata[453] in module sh_ddr is either unconnected or has no load
WARNING: [Synth 8-7129] Port cl_sh_ddr_axi_rdata[452] in module sh_ddr is either unconnected or has no load
WARNING: [Synth 8-7129] Port cl_sh_ddr_axi_rdata[451] in module sh_ddr is either unconnected or has no load
WARNING: [Synth 8-7129] Port cl_sh_ddr_axi_rdata[450] in module sh_ddr is either unconnected or has no load
INFO: [Common 17-14] Message 'Synth 8-7129' appears 100 times and further instances of the messages will be disabled. Use the Tcl command set_msg_config to change the current settings.
---------------------------------------------------------------------------------
Finished RTL Elaboration : Time (s): cpu = 00:00:06 ; elapsed = 00:00:06 . Memory (MB): peak = 3007.699 ; gain = 408.535 ; free physical = 56030 ; free virtual = 70945
---------------------------------------------------------------------------------
---------------------------------------------------------------------------------
Start Handling Custom Attributes
---------------------------------------------------------------------------------
---------------------------------------------------------------------------------
Finished Handling Custom Attributes : Time (s): cpu = 00:00:06 ; elapsed = 00:00:06 . Memory (MB): peak = 3019.574 ; gain = 420.410 ; free physical = 56030 ; free virtual = 70945
---------------------------------------------------------------------------------
---------------------------------------------------------------------------------
Finished RTL Optimization Phase 1 : Time (s): cpu = 00:00:06 ; elapsed = 00:00:06 . Memory (MB): peak = 3019.574 ; gain = 420.410 ; free physical = 56030 ; free virtual = 70945
---------------------------------------------------------------------------------
Netlist sorting complete. Time (s): cpu = 00:00:00.25 ; elapsed = 00:00:00.25 . Memory (MB): peak = 3033.512 ; gain = 0.000 ; free physical = 56026 ; free virtual = 70941
INFO: [Netlist 29-17] Analyzing 91 Unisim elements for replacement
INFO: [Netlist 29-28] Unisim Transformation completed in 0 CPU seconds
INFO: [Project 1-570] Preparing netlist for logic optimization

Processing XDC Constraints
Initializing timing engine
Parsing XDC File [/home/ubuntu/aws-fpga/hdk/cl/developer_designs/cl_minikanren_chirho/build/constraints/generated_cl_clocks_aws.xdc]
Finished Parsing XDC File [/home/ubuntu/aws-fpga/hdk/cl/developer_designs/cl_minikanren_chirho/build/constraints/generated_cl_clocks_aws.xdc]
Parsing XDC File [/home/ubuntu/aws-fpga/hdk/common/shell_stable/build/constraints/cl_pins.xdc]
Finished Parsing XDC File [/home/ubuntu/aws-fpga/hdk/common/shell_stable/build/constraints/cl_pins.xdc]
INFO: [Project 1-236] Implementation specific constraints were found while reading constraint file [/home/ubuntu/aws-fpga/hdk/common/shell_stable/build/constraints/cl_pins.xdc]. These constraints will be ignored for synthesis but will be used in implementation. Impacted constraints are listed in the file [.Xil/cl_minikanren_chirho_propImpl.xdc].
Resolution: To avoid this warning, move constraints listed in [.Xil/cl_minikanren_chirho_propImpl.xdc] to another XDC file and exclude this new file from synthesis with the used_in_synthesis property (File Properties dialog in GUI) and re-run elaboration/synthesis.
Parsing XDC File [/home/ubuntu/aws-fpga/hdk/common/shell_stable/build/constraints/cl_ddr_timing_aws.xdc]
WARNING: [Vivado 12-508] No pins matched 'get_pins -of_objects [get_cells -hierarchical -filter { NAME =~ *ram_reg*}] -filter {REF_PIN_NAME == CLK}'. [/home/ubuntu/aws-fpga/hdk/common/shell_stable/build/constraints/cl_ddr_timing_aws.xdc:26]
WARNING: [Vivado 12-508] No pins matched '*'. [/home/ubuntu/aws-fpga/hdk/common/shell_stable/build/constraints/cl_ddr_timing_aws.xdc:30]
Finished Parsing XDC File [/home/ubuntu/aws-fpga/hdk/common/shell_stable/build/constraints/cl_ddr_timing_aws.xdc]
WARNING: [Project 1-498] One or more constraints failed evaluation while reading constraint file [/home/ubuntu/aws-fpga/hdk/common/shell_stable/build/constraints/cl_ddr_timing_aws.xdc] and the design contains unresolved black boxes. These constraints will be read post-synthesis (as long as their source constraint file is marked as used_in_implementation) and should be applied correctly then. You should review the constraints listed in the file [.Xil/cl_minikanren_chirho_propImpl.xdc] and check the run log file to verify that these constraints were correctly applied.
Parsing XDC File [/home/ubuntu/aws-fpga/hdk/cl/developer_designs/cl_minikanren_chirho/build/constraints/cl_synth_user.xdc]
Finished Parsing XDC File [/home/ubuntu/aws-fpga/hdk/cl/developer_designs/cl_minikanren_chirho/build/constraints/cl_synth_user.xdc]
Parsing XDC File [/home/ubuntu/aws-fpga/hdk/cl/developer_designs/cl_minikanren_chirho/build/constraints/cl_timing_user.xdc]
Finished Parsing XDC File [/home/ubuntu/aws-fpga/hdk/cl/developer_designs/cl_minikanren_chirho/build/constraints/cl_timing_user.xdc]
Completed Processing XDC Constraints

Netlist sorting complete. Time (s): cpu = 00:00:00 ; elapsed = 00:00:00 . Memory (MB): peak = 3524.301 ; gain = 0.000 ; free physical = 55733 ; free virtual = 70706
INFO: [Project 1-111] Unisim Transformation Summary:
  A total of 91 instances were transformed.
  IBUFDS => IBUFDS (DIFFINBUF, IBUFCTRL): 1 instance 
  IOBUFDS => IOBUFDS (DIFFINBUF, IBUFCTRL, INV, OBUFT(x2)): 18 instances
  IOBUFE3 => IOBUFE3 (IBUFCTRL, INBUF, OBUFT_DCIEN): 72 instances

Constraint Validation Runtime : Time (s): cpu = 00:00:00.04 ; elapsed = 00:00:00.04 . Memory (MB): peak = 3524.301 ; gain = 0.000 ; free physical = 55737 ; free virtual = 70710
---------------------------------------------------------------------------------
Finished Constraint Validation : Time (s): cpu = 00:00:27 ; elapsed = 00:00:40 . Memory (MB): peak = 3524.301 ; gain = 925.137 ; free physical = 55738 ; free virtual = 70712
---------------------------------------------------------------------------------
---------------------------------------------------------------------------------
Start Loading Part and Timing Information
---------------------------------------------------------------------------------
Loading part: xcvu47p-fsvh2892-2-e
INFO: [Synth 8-6742] Reading net delay rules and data
---------------------------------------------------------------------------------
Finished Loading Part and Timing Information : Time (s): cpu = 00:00:27 ; elapsed = 00:00:40 . Memory (MB): peak = 3532.305 ; gain = 933.141 ; free physical = 55738 ; free virtual = 70712
---------------------------------------------------------------------------------
---------------------------------------------------------------------------------
Start Applying 'set_property' XDC Constraints
---------------------------------------------------------------------------------
---------------------------------------------------------------------------------
Finished applying 'set_property' XDC Constraints : Time (s): cpu = 00:00:28 ; elapsed = 00:00:41 . Memory (MB): peak = 3532.305 ; gain = 933.141 ; free physical = 55738 ; free virtual = 70712
---------------------------------------------------------------------------------
WARNING: [Synth 8-3936] Found unconnected internal register 'ocl_araddr_q_chirho_reg' and it is trimmed from '32' to '8' bits. [/home/ubuntu/aws-fpga/hdk/cl/developer_designs/cl_minikanren_chirho/design/cl_minikanren_chirho.sv:321]
WARNING: [Synth 8-3936] Found unconnected internal register 'wr_addr_chirho_reg' and it is trimmed from '32' to '8' bits. [/home/ubuntu/aws-fpga/hdk/cl/developer_designs/cl_minikanren_chirho/design/cl_minikanren_chirho.sv:356]
WARNING: [Synth 8-3936] Found unconnected internal register 'ocl_awaddr_q_chirho_reg' and it is trimmed from '32' to '8' bits. [/home/ubuntu/aws-fpga/hdk/cl/developer_designs/cl_minikanren_chirho/design/cl_minikanren_chirho.sv:317]
INFO: [Synth 8-802] inferred FSM for state register 'wr_state_chirho_reg' in module 'cl_minikanren_chirho'
INFO: [Synth 8-802] inferred FSM for state register 'rd_state_chirho_reg' in module 'cl_minikanren_chirho'
---------------------------------------------------------------------------------------------------
                   State |                     New Encoding |                Previous Encoding 
---------------------------------------------------------------------------------------------------
          WR_IDLE_CHIRHO |                              001 |                               00
          WR_DATA_CHIRHO |                              010 |                               01
          WR_RESP_CHIRHO |                              100 |                               10
---------------------------------------------------------------------------------------------------
INFO: [Synth 8-3354] encoded FSM with state register 'wr_state_chirho_reg' using encoding 'one-hot' in module 'cl_minikanren_chirho'
---------------------------------------------------------------------------------------------------
                   State |                     New Encoding |                Previous Encoding 
---------------------------------------------------------------------------------------------------
          RD_IDLE_CHIRHO |                                0 |                               00
          RD_DATA_CHIRHO |                                1 |                               01
---------------------------------------------------------------------------------------------------
INFO: [Synth 8-3354] encoded FSM with state register 'rd_state_chirho_reg' using encoding 'sequential' in module 'cl_minikanren_chirho'
---------------------------------------------------------------------------------
Finished RTL Optimization Phase 2 : Time (s): cpu = 00:00:39 ; elapsed = 00:00:52 . Memory (MB): peak = 3532.305 ; gain = 933.141 ; free physical = 55776 ; free virtual = 70751
---------------------------------------------------------------------------------
---------------------------------------------------------------------------------
Start RTL Component Statistics 
---------------------------------------------------------------------------------
Detailed RTL Component Info : 
+---Adders : 
	   2 Input   64 Bit       Adders := 9     
	   2 Input    4 Bit       Adders := 2     
	   2 Input    3 Bit       Adders := 1     
	   2 Input    2 Bit       Adders := 4     
	   3 Input    2 Bit       Adders := 2     
	   3 Input    1 Bit       Adders := 4     
+---XORs : 
	   2 Input      2 Bit         XORs := 4     
	   2 Input      1 Bit         XORs := 4     
+---Registers : 
	             9797 Bit    Registers := 1     
	               70 Bit    Registers := 1     
	               42 Bit    Registers := 3     
	               32 Bit    Registers := 6     
	                8 Bit    Registers := 4     
	                3 Bit    Registers := 1     
	                2 Bit    Registers := 18    
	                1 Bit    Registers := 40    
+---Muxes : 
	   2 Input 9797 Bit        Muxes := 2     
	   3 Input   70 Bit        Muxes := 1     
	   2 Input   42 Bit        Muxes := 1     
	   2 Input   32 Bit        Muxes := 2     
	   2 Input    1 Bit        Muxes := 9     
	   5 Input    1 Bit        Muxes := 1     
	   3 Input    1 Bit        Muxes := 8     
---------------------------------------------------------------------------------
Finished RTL Component Statistics 
---------------------------------------------------------------------------------
---------------------------------------------------------------------------------
Start Part Resource Summary
---------------------------------------------------------------------------------
Part Resources:
DSPs: 9024 (col length:94)
BRAMs: 4032 (col length: RAMB18 288 RAMB36 144)
---------------------------------------------------------------------------------
Finished Part Resource Summary
---------------------------------------------------------------------------------
---------------------------------------------------------------------------------
Start Cross Boundary and Area Optimization
---------------------------------------------------------------------------------
WARNING: [Synth 8-7080] Parallel synthesis criteria is not met
---------------------------------------------------------------------------------
Finished Cross Boundary and Area Optimization : Time (s): cpu = 00:01:16 ; elapsed = 00:01:29 . Memory (MB): peak = 3533.305 ; gain = 934.141 ; free physical = 55730 ; free virtual = 70707
---------------------------------------------------------------------------------
---------------------------------------------------------------------------------
Start Applying XDC Timing Constraints
---------------------------------------------------------------------------------
---------------------------------------------------------------------------------
Finished Applying XDC Timing Constraints : Time (s): cpu = 00:01:23 ; elapsed = 00:01:40 . Memory (MB): peak = 3743.457 ; gain = 1144.293 ; free physical = 55533 ; free virtual = 70527
---------------------------------------------------------------------------------
---------------------------------------------------------------------------------
Start Timing Optimization
---------------------------------------------------------------------------------
---------------------------------------------------------------------------------
Finished Timing Optimization : Time (s): cpu = 00:03:02 ; elapsed = 00:03:20 . Memory (MB): peak = 4249.762 ; gain = 1650.598 ; free physical = 54999 ; free virtual = 70021
---------------------------------------------------------------------------------
---------------------------------------------------------------------------------
Start Technology Mapping
---------------------------------------------------------------------------------
---------------------------------------------------------------------------------
Finished Technology Mapping : Time (s): cpu = 00:03:19 ; elapsed = 00:03:37 . Memory (MB): peak = 4249.762 ; gain = 1650.598 ; free physical = 55015 ; free virtual = 70009
---------------------------------------------------------------------------------
---------------------------------------------------------------------------------
Start IO Insertion
---------------------------------------------------------------------------------
---------------------------------------------------------------------------------
Start Flattening Before IO Insertion
---------------------------------------------------------------------------------
---------------------------------------------------------------------------------
Finished Flattening Before IO Insertion
---------------------------------------------------------------------------------
---------------------------------------------------------------------------------
Start Final Netlist Cleanup
---------------------------------------------------------------------------------
---------------------------------------------------------------------------------
Finished Final Netlist Cleanup
---------------------------------------------------------------------------------
WARNING: [Synth 8-3295] tying undriven pin SH_DDR:rst_n to constant 0
WARNING: [Synth 8-3295] tying undriven pin SH_DDR:stat_rst_n to constant 0
WARNING: [Synth 8-3295] tying undriven pin SH_DDR:sh_ddr_stat_bus_wr to constant 0
WARNING: [Synth 8-3295] tying undriven pin SH_DDR:sh_ddr_stat_bus_rd to constant 0
---------------------------------------------------------------------------------
Finished IO Insertion : Time (s): cpu = 00:03:26 ; elapsed = 00:03:43 . Memory (MB): peak = 4249.762 ; gain = 1650.598 ; free physical = 55015 ; free virtual = 70010
---------------------------------------------------------------------------------
---------------------------------------------------------------------------------
Start Renaming Generated Instances
---------------------------------------------------------------------------------
---------------------------------------------------------------------------------
Finished Renaming Generated Instances : Time (s): cpu = 00:03:26 ; elapsed = 00:03:43 . Memory (MB): peak = 4249.762 ; gain = 1650.598 ; free physical = 55015 ; free virtual = 70010
---------------------------------------------------------------------------------
---------------------------------------------------------------------------------
Start Rebuilding User Hierarchy
---------------------------------------------------------------------------------
---------------------------------------------------------------------------------
Finished Rebuilding User Hierarchy : Time (s): cpu = 00:03:28 ; elapsed = 00:03:45 . Memory (MB): peak = 4249.762 ; gain = 1650.598 ; free physical = 55016 ; free virtual = 70010
---------------------------------------------------------------------------------
---------------------------------------------------------------------------------
Start Renaming Generated Ports
---------------------------------------------------------------------------------
---------------------------------------------------------------------------------
Finished Renaming Generated Ports : Time (s): cpu = 00:03:28 ; elapsed = 00:03:45 . Memory (MB): peak = 4249.762 ; gain = 1650.598 ; free physical = 55016 ; free virtual = 70010
---------------------------------------------------------------------------------
---------------------------------------------------------------------------------
Start Handling Custom Attributes
---------------------------------------------------------------------------------
---------------------------------------------------------------------------------
Finished Handling Custom Attributes : Time (s): cpu = 00:03:31 ; elapsed = 00:03:49 . Memory (MB): peak = 4249.762 ; gain = 1650.598 ; free physical = 55016 ; free virtual = 70010
---------------------------------------------------------------------------------
---------------------------------------------------------------------------------
Start Renaming Generated Nets
---------------------------------------------------------------------------------
---------------------------------------------------------------------------------
Finished Renaming Generated Nets : Time (s): cpu = 00:03:31 ; elapsed = 00:03:49 . Memory (MB): peak = 4249.762 ; gain = 1650.598 ; free physical = 55016 ; free virtual = 70010
---------------------------------------------------------------------------------
---------------------------------------------------------------------------------
Start Writing Synthesis Report
---------------------------------------------------------------------------------

Report BlackBoxes: 
+-+--------------+----------+
| |BlackBox name |Instances |
+-+--------------+----------+
+-+--------------+----------+

Report Cell Usage: 
+------+--------+------+
|      |Cell    |Count |
+------+--------+------+
|1     |CARRY8  |   140|
|2     |LUT1    |   138|
|3     |LUT2    |    28|
|4     |LUT3    |  8034|
|5     |LUT4    |  2079|
|6     |LUT5    |   625|
|7     |LUT6    | 14368|
|8     |MUXF7   |  1823|
|9     |MUXF8   |    68|
|10    |FDCE    |    60|
|11    |FDPE    |   513|
|12    |FDRE    |  9451|
|13    |FDSE    |     1|
|14    |IBUFDS  |     1|
|15    |IOBUFDS |    18|
|16    |IOBUFE3 |    72|
|17    |OBUF    |    35|
+------+--------+------+
---------------------------------------------------------------------------------
Finished Writing Synthesis Report : Time (s): cpu = 00:03:32 ; elapsed = 00:03:49 . Memory (MB): peak = 4249.762 ; gain = 1650.598 ; free physical = 55016 ; free virtual = 70010
---------------------------------------------------------------------------------
Synthesis finished with 0 errors, 0 critical warnings and 5650 warnings.
Synthesis Optimization Runtime : Time (s): cpu = 00:03:15 ; elapsed = 00:03:20 . Memory (MB): peak = 4249.762 ; gain = 1145.871 ; free physical = 55016 ; free virtual = 70010
Synthesis Optimization Complete : Time (s): cpu = 00:03:32 ; elapsed = 00:03:49 . Memory (MB): peak = 4249.762 ; gain = 1650.598 ; free physical = 55016 ; free virtual = 70010
INFO: [Project 1-571] Translating synthesized netlist
Netlist sorting complete. Time (s): cpu = 00:00:00.26 ; elapsed = 00:00:00.26 . Memory (MB): peak = 4249.762 ; gain = 0.000 ; free physical = 55173 ; free virtual = 70167
INFO: [Netlist 29-17] Analyzing 2122 Unisim elements for replacement
INFO: [Netlist 29-28] Unisim Transformation completed in 0 CPU seconds
WARNING: [Netlist 29-101] Netlist 'cl_minikanren_chirho' is not ideal for floorplanning, since the cellview 'searchEngineChirho' contains a large number of primitives.  Please consider enabling hierarchy in synthesis if you want to do floorplanning.
INFO: [Project 1-570] Preparing netlist for logic optimization
Parsing XDC File [/home/ubuntu/aws-fpga/hdk/cl/developer_designs/cl_minikanren_chirho/build/constraints/generated_cl_clocks_aws.xdc]
Finished Parsing XDC File [/home/ubuntu/aws-fpga/hdk/cl/developer_designs/cl_minikanren_chirho/build/constraints/generated_cl_clocks_aws.xdc]
Parsing XDC File [/home/ubuntu/aws-fpga/hdk/common/shell_stable/build/constraints/cl_pins.xdc]
CRITICAL WARNING: [Vivado 12-1815] Setting property 'IOSTANDARD' is not allowed for GT terminals. [/home/ubuntu/aws-fpga/hdk/common/shell_stable/build/constraints/cl_pins.xdc:205]
CRITICAL WARNING: [Vivado 12-1815] Setting property 'IOSTANDARD' is not allowed for GT terminals. [/home/ubuntu/aws-fpga/hdk/common/shell_stable/build/constraints/cl_pins.xdc:223]
Finished Parsing XDC File [/home/ubuntu/aws-fpga/hdk/common/shell_stable/build/constraints/cl_pins.xdc]
Parsing XDC File [/home/ubuntu/aws-fpga/hdk/common/shell_stable/build/constraints/cl_ddr_timing_aws.xdc]
WARNING: [Vivado 12-180] No cells matched '*'. [/home/ubuntu/aws-fpga/hdk/common/shell_stable/build/constraints/cl_ddr_timing_aws.xdc:26]
WARNING: [Vivado 12-508] No pins matched 'get_pins -of_objects [get_cells -hierarchical -filter { NAME =~ *ram_reg*}] -filter {REF_PIN_NAME == CLK}'. [/home/ubuntu/aws-fpga/hdk/common/shell_stable/build/constraints/cl_ddr_timing_aws.xdc:26]
WARNING: [Vivado 12-180] No cells matched '*'. [/home/ubuntu/aws-fpga/hdk/common/shell_stable/build/constraints/cl_ddr_timing_aws.xdc:26]
CRITICAL WARNING: [Vivado 12-4739] set_false_path:No valid object(s) found for '-from [get_pins -of_objects [get_cells -hierarchical -filter { NAME =~ *ram_reg*}] -filter {REF_PIN_NAME == CLK}]'. [/home/ubuntu/aws-fpga/hdk/common/shell_stable/build/constraints/cl_ddr_timing_aws.xdc:26]
Resolution: Check if the specified object(s) exists in the current design. If it does, ensure that the correct design hierarchy was specified for the object. If you are working with clocks, make sure create_clock was used to create the clock object before it is referenced.
WARNING: [Vivado 12-508] No pins matched '*'. [/home/ubuntu/aws-fpga/hdk/common/shell_stable/build/constraints/cl_ddr_timing_aws.xdc:30]
INFO: [Timing 38-35] Done setting XDC timing constraints. [/home/ubuntu/aws-fpga/hdk/common/shell_stable/build/constraints/cl_ddr_timing_aws.xdc:30]
WARNING: [Vivado 12-1008] No clocks found for command 'get_clocks -of_objects [get_pins -hierarchical -filter NAME=~*SH_DDR/genblk1.IS_DDR_PRESENT.DDR4_0/inst/u_ddr4_infrastructure/gen_mmcme4.u_mmcme_adv_inst/CLKOUT0]'. [/home/ubuntu/aws-fpga/hdk/common/shell_stable/build/constraints/cl_ddr_timing_aws.xdc:30]
Resolution: Verify the create_clock command was called to create the clock object before it is referenced.
INFO: [Vivado 12-626] No clocks found. Please use 'create_clock' or 'create_generated_clock' command to create clocks. [/home/ubuntu/aws-fpga/hdk/common/shell_stable/build/constraints/cl_ddr_timing_aws.xdc:30]
get_clocks: Time (s): cpu = 00:00:07 ; elapsed = 00:00:06 . Memory (MB): peak = 4357.445 ; gain = 79.395 ; free physical = 55150 ; free virtual = 70146
CRITICAL WARNING: [Vivado 12-4739] set_clock_groups:No valid object(s) found for '-group [get_clocks -of_objects [get_pins -hierarchical -filter NAME=~*SH_DDR/genblk1.IS_DDR_PRESENT.DDR4_0/inst/u_ddr4_infrastructure/gen_mmcme4.u_mmcme_adv_inst/CLKOUT0]]'. [/home/ubuntu/aws-fpga/hdk/common/shell_stable/build/constraints/cl_ddr_timing_aws.xdc:30]
Resolution: Check if the specified object(s) exists in the current design. If it does, ensure that the correct design hierarchy was specified for the object. If you are working with clocks, make sure create_clock was used to create the clock object before it is referenced.
CRITICAL WARNING: [Vivado 12-4739] set_clock_groups:No valid object(s) found for '-group '. [/home/ubuntu/aws-fpga/hdk/common/shell_stable/build/constraints/cl_ddr_timing_aws.xdc:30]
Resolution: Check if the specified object(s) exists in the current design. If it does, ensure that the correct design hierarchy was specified for the object. If you are working with clocks, make sure create_clock was used to create the clock object before it is referenced.
CRITICAL WARNING: [Vivado 12-5201] set_clock_groups: cannot set the clock group when only one non-empty group remains. [/home/ubuntu/aws-fpga/hdk/common/shell_stable/build/constraints/cl_ddr_timing_aws.xdc:30]
Finished Parsing XDC File [/home/ubuntu/aws-fpga/hdk/common/shell_stable/build/constraints/cl_ddr_timing_aws.xdc]
Parsing XDC File [/home/ubuntu/aws-fpga/hdk/cl/developer_designs/cl_minikanren_chirho/build/constraints/cl_synth_user.xdc]
Finished Parsing XDC File [/home/ubuntu/aws-fpga/hdk/cl/developer_designs/cl_minikanren_chirho/build/constraints/cl_synth_user.xdc]
Parsing XDC File [/home/ubuntu/aws-fpga/hdk/cl/developer_designs/cl_minikanren_chirho/build/constraints/cl_timing_user.xdc]
Finished Parsing XDC File [/home/ubuntu/aws-fpga/hdk/cl/developer_designs/cl_minikanren_chirho/build/constraints/cl_timing_user.xdc]
INFO: [Opt 31-138] Pushed 0 inverter(s) to 0 load pin(s).
Netlist sorting complete. Time (s): cpu = 00:00:00 ; elapsed = 00:00:00 . Memory (MB): peak = 4357.445 ; gain = 0.000 ; free physical = 55150 ; free virtual = 70147
INFO: [Project 1-111] Unisim Transformation Summary:
  A total of 91 instances were transformed.
  IBUFDS => IBUFDS (DIFFINBUF, IBUFCTRL): 1 instance 
  IOBUFDS => IOBUFDS (DIFFINBUF, IBUFCTRL, INV, OBUFT(x2)): 18 instances
  IOBUFE3 => IOBUFE3 (IBUFCTRL, INBUF, OBUFT_DCIEN): 72 instances

Synth Design complete | Checksum: 147f120e
INFO: [Common 17-83] Releasing license: Synthesis
43 Infos, 218 Warnings, 6 Critical Warnings and 0 Errors encountered.
synth_design completed successfully
synth_design: Time (s): cpu = 00:04:08 ; elapsed = 00:04:22 . Memory (MB): peak = 4357.445 ; gain = 2996.852 ; free physical = 55150 ; free virtual = 70147
INFO: [Common 17-2834] synth_design peak Physical Memory [PSS] (MB): overall = 3868.359; main = 3736.353; forked = 323.548
INFO: [Common 17-2834] synth_design peak Virtual Memory [VSS] (MB): overall = 5159.168; main = 4357.449; forked = 909.402
## source ${HDK_SHELL_DIR}/build/scripts/synth_cl_footer.tcl
### print "Writing post-synth design checkpoint"

AWS FPGA: (21:43:26): Writing post-synth design checkpoint

### write_checkpoint -force ${checkpoints_dir}/${CL}.${TAG}.post_synth.dcp
INFO: [Timing 38-35] Done setting XDC timing constraints.
INFO: [Timing 38-480] Writing timing data to binary archive.
Wrote PlaceDB: Time (s): cpu = 00:00:00.07 ; elapsed = 00:00:00.02 . Memory (MB): peak = 4389.461 ; gain = 0.000 ; free physical = 55149 ; free virtual = 70147
Wrote PulsedLatchDB: Time (s): cpu = 00:00:00 ; elapsed = 00:00:00 . Memory (MB): peak = 4389.461 ; gain = 0.000 ; free physical = 55149 ; free virtual = 70147
Writing XDEF routing.
Write ShapeDB Complete: Time (s): cpu = 00:00:00.2 ; elapsed = 00:00:00.05 . Memory (MB): peak = 4389.461 ; gain = 0.000 ; free physical = 55149 ; free virtual = 70148
Writing XDEF routing logical nets.
Writing XDEF routing special nets.
Wrote RouteStorage: Time (s): cpu = 00:00:00.15 ; elapsed = 00:00:00.03 . Memory (MB): peak = 4389.461 ; gain = 0.000 ; free physical = 55149 ; free virtual = 70148
Wrote Netlist Cache: Time (s): cpu = 00:00:00 ; elapsed = 00:00:00 . Memory (MB): peak = 4389.461 ; gain = 0.000 ; free physical = 55149 ; free virtual = 70148
Wrote Device Cache: Time (s): cpu = 00:00:00.05 ; elapsed = 00:00:00.02 . Memory (MB): peak = 4389.461 ; gain = 0.000 ; free physical = 55148 ; free virtual = 70150
Write Physdb Complete: Time (s): cpu = 00:00:00.31 ; elapsed = 00:00:00.07 . Memory (MB): peak = 4389.461 ; gain = 0.000 ; free physical = 55148 ; free virtual = 70150
INFO: [Common 17-1381] The checkpoint '/home/ubuntu/aws-fpga/hdk/cl/developer_designs/cl_minikanren_chirho/build/checkpoints/cl_minikanren_chirho.2026_01_26-213858.post_synth.dcp' has been generated.
### source ${HDK_SHELL_DIR}/build/scripts/check_ddr_bram.tcl
#### print "Checking if MiG BRAM is initialized"

AWS FPGA: (21:43:30): Checking if MiG BRAM is initialized

WARNING: [Vivado 12-180] No cells matched '*'.
#### set ram_inst [get_cells -hierarchical -filter \
####   {NAME=~*mcs0/inst/lmb_bram_I/U0/inst_blk_mem_gen/gnbram.gnative_mem_map_bmg.native_mem_map_blk_mem_gen/valid.cstr/ramloop[0].ram.r/prim_noinit.ram/DEVICE_8SERIES.WITH_BMM_INFO.TRUE_DP.SIMPLE_PRIM36.SERIES8_TDP_SP36_NO_ECC_ATTR.ram}
#### ]
#### if {$ram_inst != ""} {
####   set bram_value_0 "256'h0000000000000000000000000000000000000000000000000000000000000000"
####   set bram_init_value [get_property INIT_2C $ram_inst]
#### 
####   if {$bram_init_value == $bram_value_0} {
####       print "CRITICAL WARNING: MiG BRAM is not populated with ELF file. This results in Calibration Failure!!"
####   } else {
####       print "MiG BRAM is initialized. INIT_2C = $bram_init_value"
####   }
#### 
#### } else {
####   print "Skip DDR calibration check"
#### }

AWS FPGA: (21:43:30): Skip DDR calibration check

### close_project
### set_param sta.enableAutoGenClkNamePersistence 1
## set AWS_DCP_DIR "${HDK_SHELL_DIR}/build/checkpoints/from_aws/"
## print "Start linking customer design ${CL}"

AWS FPGA: (21:43:31): Start linking customer design cl_minikanren_chirho

## add_files ${AWS_DCP_DIR}/cl_bb_routed.${SHELL_MODE}.dcp
## add_files ${checkpoints_dir}/${CL}.${TAG}.post_synth.dcp
## set_property SCOPED_TO_CELLS {WRAPPER/CL} \
##              [get_files ${checkpoints_dir}/${CL}.${TAG}.post_synth.dcp]
## link_design -mode default \
##             -reconfig_partitions {WRAPPER/CL} \
##             -top top
Command: link_design -mode default -reconfig_partitions WRAPPER/CL -top top
Design is defaulting to srcset: sources_1
Design is defaulting to constrset: constrs_1
Design is defaulting to dcp part: xcvu47p-fsvh2892-2-e
INFO: [Project 1-454] Reading design checkpoint '/home/ubuntu/aws-fpga/hdk/cl/developer_designs/cl_minikanren_chirho/build/checkpoints/cl_minikanren_chirho.2026_01_26-213858.post_synth.dcp' for cell 'WRAPPER/CL'
INFO: [Constraints 18-13253] Total boundary pins count on instance CL is 4575
INFO: [Constraints 18-13252] Boundary pins count for instance CL is greater than 1000, which could increase runtime to stitch this dcp to netlist.
INFO: [Constraints 18-13251] 501 boundary pins have been processed..
INFO: [Constraints 18-13251] 1002 boundary pins have been processed..
INFO: [Constraints 18-13251] 1503 boundary pins have been processed..
INFO: [Constraints 18-13251] 2004 boundary pins have been processed..
INFO: [Constraints 18-13251] 2505 boundary pins have been processed..
INFO: [Constraints 18-13251] 3006 boundary pins have been processed..
INFO: [Constraints 18-13251] 3507 boundary pins have been processed..
INFO: [Constraints 18-13251] 4008 boundary pins have been processed..
INFO: [Constraints 18-13251] 4509 boundary pins have been processed..
Netlist sorting complete. Time (s): cpu = 00:00:00.32 ; elapsed = 00:00:00.32 . Memory (MB): peak = 4389.461 ; gain = 0.000 ; free physical = 55138 ; free virtual = 70139
INFO: [Netlist 29-17] Analyzing 2287 Unisim elements for replacement
INFO: [Netlist 29-28] Unisim Transformation completed in 0 CPU seconds
INFO: [Project 1-479] Netlist was created with Vivado 2024.1
INFO: [Project 1-570] Preparing netlist for logic optimization
WARNING: [Constraints 18-550] Could not create 'DRIVE' constraint because net 'WRAPPER/IO_SHIM/rst_dimm_en' is not directly connected to top level port. 'DRIVE' is ignored for synthesis but preserved for implementation.
WARNING: [Constraints 18-550] Could not create 'SLEW' constraint because net 'WRAPPER/IO_SHIM/rst_dimm_en' is not directly connected to top level port. 'SLEW' is ignored for synthesis but preserved for implementation.
WARNING: [Constraints 18-550] Could not create 'IBUF_LOW_PWR' constraint because net 'WRAPPER/IO_SHIM/spi_cs_n' is not directly connected to top level port. 'IBUF_LOW_PWR' is ignored for synthesis but preserved for implementation.
WARNING: [Constraints 18-550] Could not create 'DRIVE' constraint because net 'WRAPPER/IO_SHIM/spi_miso' is not directly connected to top level port. 'DRIVE' is ignored for synthesis but preserved for implementation.
WARNING: [Constraints 18-550] Could not create 'SLEW' constraint because net 'WRAPPER/IO_SHIM/spi_miso' is not directly connected to top level port. 'SLEW' is ignored for synthesis but preserved for implementation.
WARNING: [Constraints 18-550] Could not create 'DRIVE' constraint because net 'WRAPPER/IO_SHIM/spi_miso_ts' is not directly connected to top level port. 'DRIVE' is ignored for synthesis but preserved for implementation.
WARNING: [Constraints 18-550] Could not create 'SLEW' constraint because net 'WRAPPER/IO_SHIM/spi_miso_ts' is not directly connected to top level port. 'SLEW' is ignored for synthesis but preserved for implementation.
WARNING: [Constraints 18-550] Could not create 'IBUF_LOW_PWR' constraint because net 'WRAPPER/IO_SHIM/spi_mosi' is not directly connected to top level port. 'IBUF_LOW_PWR' is ignored for synthesis but preserved for implementation.
WARNING: [Constraints 18-550] Could not create 'IBUF_LOW_PWR' constraint because net 'WRAPPER/IO_SHIM/spi_sck' is not directly connected to top level port. 'IBUF_LOW_PWR' is ignored for synthesis but preserved for implementation.
WARNING: [Constraints 18-550] Could not create 'IBUF_LOW_PWR' constraint because net 'WRAPPER/IO_SHIM/uc_pcie_perst_n' is not directly connected to top level port. 'IBUF_LOW_PWR' is ignored for synthesis but preserved for implementation.
WARNING: [Constraints 18-550] Could not create 'IBUF_LOW_PWR' constraint because net 'WRAPPER/IO_SHIM/vr_alert_n' is not directly connected to top level port. 'IBUF_LOW_PWR' is ignored for synthesis but preserved for implementation.
Parsing XDC File [/home/ubuntu/aws-fpga/hdk/common/shell_stable/build/checkpoints/from_aws/cl_bb_routed.small_shell/top_board.xdc]
Finished Parsing XDC File [/home/ubuntu/aws-fpga/hdk/common/shell_stable/build/checkpoints/from_aws/cl_bb_routed.small_shell/top_board.xdc]
Parsing XDC File [/home/ubuntu/aws-fpga/hdk/common/shell_stable/build/checkpoints/from_aws/cl_bb_routed.small_shell/top_early.xdc]
WARNING: [Constraints 18-619] A clock with name 'CLK_DIMM_DP' already exists, overwriting the previous clock with the same name. [/proj/chiron/zhcz/F2/2024_1/f2/design/ip/cl_ip/cl_ip.gen/sources_1/ip/cl_ddr4/par/cl_ddr4.xdc:7]
Finished Parsing XDC File [/home/ubuntu/aws-fpga/hdk/common/shell_stable/build/checkpoints/from_aws/cl_bb_routed.small_shell/top_early.xdc]
Parsing XDC File [/home/ubuntu/aws-fpga/hdk/cl/developer_designs/cl_minikanren_chirho/build/checkpoints/cl_minikanren_chirho.2026_01_26-213858.post_synth/cl_minikanren_chirho_early.xdc] for cell 'WRAPPER/CL'
Finished Parsing XDC File [/home/ubuntu/aws-fpga/hdk/cl/developer_designs/cl_minikanren_chirho/build/checkpoints/cl_minikanren_chirho.2026_01_26-213858.post_synth/cl_minikanren_chirho_early.xdc] for cell 'WRAPPER/CL'
Parsing XDC File [/home/ubuntu/aws-fpga/hdk/common/shell_stable/build/checkpoints/from_aws/cl_bb_routed.small_shell/top.xdc]
INFO: [Constraints 18-4422] SNAPPING_MODE is set so implementation will use the DERIVED_RANGES which may be different then the GRID_RANGES. [/proj/chiron/zhcz/scratch/F2_BUILD_2024_Vivado_2024-10-21-15-03-11299/build/hpr_AltSpreadLogic_low_AggressiveExplore/constraints/floorplan/small_shell/level_1_fp_cl.xdc:18]
INFO: [Constraints 18-4421] A LAGUNA range, without usable sites, was added to DERIVED_RANGES for purposes of keeping the Programmable Unit together within the reconfigurable pblock. [/proj/chiron/zhcz/scratch/F2_BUILD_2024_Vivado_2024-10-21-15-03-11299/build/hpr_AltSpreadLogic_low_AggressiveExplore/constraints/floorplan/small_shell/level_1_fp_cl.xdc:18]
resize_pblock: Time (s): cpu = 00:00:05 ; elapsed = 00:00:06 . Memory (MB): peak = 4389.461 ; gain = 0.000 ; free physical = 55127 ; free virtual = 70129
Finished Parsing XDC File [/home/ubuntu/aws-fpga/hdk/common/shell_stable/build/checkpoints/from_aws/cl_bb_routed.small_shell/top.xdc]
Parsing XDC File [/home/ubuntu/aws-fpga/hdk/cl/developer_designs/cl_minikanren_chirho/build/checkpoints/cl_minikanren_chirho.2026_01_26-213858.post_synth/cl_minikanren_chirho.xdc] for cell 'WRAPPER/CL'
Finished Parsing XDC File [/home/ubuntu/aws-fpga/hdk/cl/developer_designs/cl_minikanren_chirho/build/checkpoints/cl_minikanren_chirho.2026_01_26-213858.post_synth/cl_minikanren_chirho.xdc] for cell 'WRAPPER/CL'
Parsing XDC File [/home/ubuntu/aws-fpga/hdk/common/shell_stable/build/checkpoints/from_aws/cl_bb_routed.small_shell/top_late.xdc]
INFO: [Vivado 12-24630] Instance: 'WRAPPER/CL' is a DFX HD.RECONFIGURABLE module.
INFO: [Timing 38-35] Done setting XDC timing constraints. [/proj/chiron/zhcz/scratch/F2_BUILD_2024_Vivado_2024-10-21-15-03-11299/build/hpr_AltSpreadLogic_low_AggressiveExplore/constraints/timing/io_timing.xdc:20]
INFO: [Timing 38-2] Deriving generated clocks [/proj/chiron/zhcz/scratch/F2_BUILD_2024_Vivado_2024-10-21-15-03-11299/build/hpr_AltSpreadLogic_low_AggressiveExplore/constraints/timing/io_timing.xdc:20]
WARNING: [Vivado 12-627] No clocks matched 'mmcm_clkout0'. [/proj/chiron/zhcz/scratch/F2_BUILD_2024_Vivado_2024-10-21-15-03-11299/build/hpr_AltSpreadLogic_low_AggressiveExplore/constraints/timing/io_timing.xdc:20]
WARNING: [Vivado 12-627] No clocks matched 'mmcm_clkout1'. [/proj/chiron/zhcz/scratch/F2_BUILD_2024_Vivado_2024-10-21-15-03-11299/build/hpr_AltSpreadLogic_low_AggressiveExplore/constraints/timing/io_timing.xdc:20]
WARNING: [Vivado 12-627] No clocks matched 'mmcm_clkout2'. [/proj/chiron/zhcz/scratch/F2_BUILD_2024_Vivado_2024-10-21-15-03-11299/build/hpr_AltSpreadLogic_low_AggressiveExplore/constraints/timing/io_timing.xdc:20]
WARNING: [Vivado 12-627] No clocks matched 'mmcm_clkout3'. [/proj/chiron/zhcz/scratch/F2_BUILD_2024_Vivado_2024-10-21-15-03-11299/build/hpr_AltSpreadLogic_low_AggressiveExplore/constraints/timing/io_timing.xdc:20]
WARNING: [Vivado 12-627] No clocks matched 'mmcm_clkout4'. [/proj/chiron/zhcz/scratch/F2_BUILD_2024_Vivado_2024-10-21-15-03-11299/build/hpr_AltSpreadLogic_low_AggressiveExplore/constraints/timing/io_timing.xdc:20]
WARNING: [Vivado 12-627] No clocks matched 'mmcm_clkout5'. [/proj/chiron/zhcz/scratch/F2_BUILD_2024_Vivado_2024-10-21-15-03-11299/build/hpr_AltSpreadLogic_low_AggressiveExplore/constraints/timing/io_timing.xdc:20]
WARNING: [Vivado 12-627] No clocks matched 'mmcm_clkout6'. [/proj/chiron/zhcz/scratch/F2_BUILD_2024_Vivado_2024-10-21-15-03-11299/build/hpr_AltSpreadLogic_low_AggressiveExplore/constraints/timing/io_timing.xdc:20]
WARNING: [Vivado 12-627] No clocks matched 'pll_clk[0]'. [/proj/chiron/zhcz/scratch/F2_BUILD_2024_Vivado_2024-10-21-15-03-11299/build/hpr_AltSpreadLogic_low_AggressiveExplore/constraints/timing/io_timing.xdc:20]
WARNING: [Vivado 12-627] No clocks matched 'pll_clk[1]'. [/proj/chiron/zhcz/scratch/F2_BUILD_2024_Vivado_2024-10-21-15-03-11299/build/hpr_AltSpreadLogic_low_AggressiveExplore/constraints/timing/io_timing.xdc:20]
WARNING: [Vivado 12-627] No clocks matched 'pll_clk[2]'. [/proj/chiron/zhcz/scratch/F2_BUILD_2024_Vivado_2024-10-21-15-03-11299/build/hpr_AltSpreadLogic_low_AggressiveExplore/constraints/timing/io_timing.xdc:20]
WARNING: [Vivado 12-627] No clocks matched 'pll_clk[0]_DIV'. [/proj/chiron/zhcz/scratch/F2_BUILD_2024_Vivado_2024-10-21-15-03-11299/build/hpr_AltSpreadLogic_low_AggressiveExplore/constraints/timing/io_timing.xdc:20]
WARNING: [Vivado 12-627] No clocks matched 'pll_clk[2]_DIV'. [/proj/chiron/zhcz/scratch/F2_BUILD_2024_Vivado_2024-10-21-15-03-11299/build/hpr_AltSpreadLogic_low_AggressiveExplore/constraints/timing/io_timing.xdc:20]
WARNING: [Vivado 12-627] No clocks matched 'pll_clk[1]_DIV'. [/proj/chiron/zhcz/scratch/F2_BUILD_2024_Vivado_2024-10-21-15-03-11299/build/hpr_AltSpreadLogic_low_AggressiveExplore/constraints/timing/io_timing.xdc:20]
get_clocks: Time (s): cpu = 00:00:08 ; elapsed = 00:00:06 . Memory (MB): peak = 4426.273 ; gain = 36.812 ; free physical = 55103 ; free virtual = 70104
WARNING: [Vivado 12-627] No clocks matched 'mmcm_clkout0'. [/proj/chiron/zhcz/scratch/F2_BUILD_2024_Vivado_2024-10-21-15-03-11299/build/hpr_AltSpreadLogic_low_AggressiveExplore/constraints/timing/io_timing.xdc:21]
WARNING: [Vivado 12-627] No clocks matched 'mmcm_clkout1'. [/proj/chiron/zhcz/scratch/F2_BUILD_2024_Vivado_2024-10-21-15-03-11299/build/hpr_AltSpreadLogic_low_AggressiveExplore/constraints/timing/io_timing.xdc:21]
WARNING: [Vivado 12-627] No clocks matched 'mmcm_clkout2'. [/proj/chiron/zhcz/scratch/F2_BUILD_2024_Vivado_2024-10-21-15-03-11299/build/hpr_AltSpreadLogic_low_AggressiveExplore/constraints/timing/io_timing.xdc:21]
WARNING: [Vivado 12-627] No clocks matched 'mmcm_clkout3'. [/proj/chiron/zhcz/scratch/F2_BUILD_2024_Vivado_2024-10-21-15-03-11299/build/hpr_AltSpreadLogic_low_AggressiveExplore/constraints/timing/io_timing.xdc:21]
WARNING: [Vivado 12-627] No clocks matched 'mmcm_clkout4'. [/proj/chiron/zhcz/scratch/F2_BUILD_2024_Vivado_2024-10-21-15-03-11299/build/hpr_AltSpreadLogic_low_AggressiveExplore/constraints/timing/io_timing.xdc:21]
WARNING: [Vivado 12-627] No clocks matched 'mmcm_clkout5'. [/proj/chiron/zhcz/scratch/F2_BUILD_2024_Vivado_2024-10-21-15-03-11299/build/hpr_AltSpreadLogic_low_AggressiveExplore/constraints/timing/io_timing.xdc:21]
WARNING: [Vivado 12-627] No clocks matched 'mmcm_clkout6'. [/proj/chiron/zhcz/scratch/F2_BUILD_2024_Vivado_2024-10-21-15-03-11299/build/hpr_AltSpreadLogic_low_AggressiveExplore/constraints/timing/io_timing.xdc:21]
WARNING: [Vivado 12-627] No clocks matched 'pll_clk[0]'. [/proj/chiron/zhcz/scratch/F2_BUILD_2024_Vivado_2024-10-21-15-03-11299/build/hpr_AltSpreadLogic_low_AggressiveExplore/constraints/timing/io_timing.xdc:21]
WARNING: [Vivado 12-627] No clocks matched 'pll_clk[1]'. [/proj/chiron/zhcz/scratch/F2_BUILD_2024_Vivado_2024-10-21-15-03-11299/build/hpr_AltSpreadLogic_low_AggressiveExplore/constraints/timing/io_timing.xdc:21]
WARNING: [Vivado 12-627] No clocks matched 'pll_clk[2]'. [/proj/chiron/zhcz/scratch/F2_BUILD_2024_Vivado_2024-10-21-15-03-11299/build/hpr_AltSpreadLogic_low_AggressiveExplore/constraints/timing/io_timing.xdc:21]
WARNING: [Vivado 12-627] No clocks matched 'pll_clk[0]_DIV'. [/proj/chiron/zhcz/scratch/F2_BUILD_2024_Vivado_2024-10-21-15-03-11299/build/hpr_AltSpreadLogic_low_AggressiveExplore/constraints/timing/io_timing.xdc:21]
WARNING: [Vivado 12-627] No clocks matched 'pll_clk[2]_DIV'. [/proj/chiron/zhcz/scratch/F2_BUILD_2024_Vivado_2024-10-21-15-03-11299/build/hpr_AltSpreadLogic_low_AggressiveExplore/constraints/timing/io_timing.xdc:21]
WARNING: [Vivado 12-627] No clocks matched 'pll_clk[1]_DIV'. [/proj/chiron/zhcz/scratch/F2_BUILD_2024_Vivado_2024-10-21-15-03-11299/build/hpr_AltSpreadLogic_low_AggressiveExplore/constraints/timing/io_timing.xdc:21]
WARNING: [Vivado 12-627] No clocks matched 'mmcm_clkout0'. [/proj/chiron/zhcz/scratch/F2_BUILD_2024_Vivado_2024-10-21-15-03-11299/build/hpr_AltSpreadLogic_low_AggressiveExplore/constraints/timing/io_timing.xdc:23]
WARNING: [Vivado 12-627] No clocks matched 'mmcm_clkout1'. [/proj/chiron/zhcz/scratch/F2_BUILD_2024_Vivado_2024-10-21-15-03-11299/build/hpr_AltSpreadLogic_low_AggressiveExplore/constraints/timing/io_timing.xdc:23]
WARNING: [Vivado 12-627] No clocks matched 'mmcm_clkout2'. [/proj/chiron/zhcz/scratch/F2_BUILD_2024_Vivado_2024-10-21-15-03-11299/build/hpr_AltSpreadLogic_low_AggressiveExplore/constraints/timing/io_timing.xdc:23]
WARNING: [Vivado 12-627] No clocks matched 'mmcm_clkout3'. [/proj/chiron/zhcz/scratch/F2_BUILD_2024_Vivado_2024-10-21-15-03-11299/build/hpr_AltSpreadLogic_low_AggressiveExplore/constraints/timing/io_timing.xdc:23]
WARNING: [Vivado 12-627] No clocks matched 'mmcm_clkout4'. [/proj/chiron/zhcz/scratch/F2_BUILD_2024_Vivado_2024-10-21-15-03-11299/build/hpr_AltSpreadLogic_low_AggressiveExplore/constraints/timing/io_timing.xdc:23]
WARNING: [Vivado 12-627] No clocks matched 'mmcm_clkout5'. [/proj/chiron/zhcz/scratch/F2_BUILD_2024_Vivado_2024-10-21-15-03-11299/build/hpr_AltSpreadLogic_low_AggressiveExplore/constraints/timing/io_timing.xdc:23]
WARNING: [Vivado 12-627] No clocks matched 'mmcm_clkout6'. [/proj/chiron/zhcz/scratch/F2_BUILD_2024_Vivado_2024-10-21-15-03-11299/build/hpr_AltSpreadLogic_low_AggressiveExplore/constraints/timing/io_timing.xdc:23]
WARNING: [Vivado 12-627] No clocks matched 'pll_clk[0]'. [/proj/chiron/zhcz/scratch/F2_BUILD_2024_Vivado_2024-10-21-15-03-11299/build/hpr_AltSpreadLogic_low_AggressiveExplore/constraints/timing/io_timing.xdc:23]
WARNING: [Vivado 12-627] No clocks matched 'pll_clk[1]'. [/proj/chiron/zhcz/scratch/F2_BUILD_2024_Vivado_2024-10-21-15-03-11299/build/hpr_AltSpreadLogic_low_AggressiveExplore/constraints/timing/io_timing.xdc:23]
WARNING: [Vivado 12-627] No clocks matched 'pll_clk[2]'. [/proj/chiron/zhcz/scratch/F2_BUILD_2024_Vivado_2024-10-21-15-03-11299/build/hpr_AltSpreadLogic_low_AggressiveExplore/constraints/timing/io_timing.xdc:23]
WARNING: [Vivado 12-627] No clocks matched 'pll_clk[0]_DIV'. [/proj/chiron/zhcz/scratch/F2_BUILD_2024_Vivado_2024-10-21-15-03-11299/build/hpr_AltSpreadLogic_low_AggressiveExplore/constraints/timing/io_timing.xdc:23]
WARNING: [Vivado 12-627] No clocks matched 'pll_clk[2]_DIV'. [/proj/chiron/zhcz/scratch/F2_BUILD_2024_Vivado_2024-10-21-15-03-11299/build/hpr_AltSpreadLogic_low_AggressiveExplore/constraints/timing/io_timing.xdc:23]
WARNING: [Vivado 12-627] No clocks matched 'pll_clk[1]_DIV'. [/proj/chiron/zhcz/scratch/F2_BUILD_2024_Vivado_2024-10-21-15-03-11299/build/hpr_AltSpreadLogic_low_AggressiveExplore/constraints/timing/io_timing.xdc:23]
WARNING: [Vivado 12-627] No clocks matched 'mmcm_clkout0'. [/proj/chiron/zhcz/scratch/F2_BUILD_2024_Vivado_2024-10-21-15-03-11299/build/hpr_AltSpreadLogic_low_AggressiveExplore/constraints/timing/io_timing.xdc:24]
WARNING: [Vivado 12-627] No clocks matched 'mmcm_clkout1'. [/proj/chiron/zhcz/scratch/F2_BUILD_2024_Vivado_2024-10-21-15-03-11299/build/hpr_AltSpreadLogic_low_AggressiveExplore/constraints/timing/io_timing.xdc:24]
WARNING: [Vivado 12-627] No clocks matched 'mmcm_clkout2'. [/proj/chiron/zhcz/scratch/F2_BUILD_2024_Vivado_2024-10-21-15-03-11299/build/hpr_AltSpreadLogic_low_AggressiveExplore/constraints/timing/io_timing.xdc:24]
WARNING: [Vivado 12-627] No clocks matched 'mmcm_clkout3'. [/proj/chiron/zhcz/scratch/F2_BUILD_2024_Vivado_2024-10-21-15-03-11299/build/hpr_AltSpreadLogic_low_AggressiveExplore/constraints/timing/io_timing.xdc:24]
WARNING: [Vivado 12-627] No clocks matched 'mmcm_clkout4'. [/proj/chiron/zhcz/scratch/F2_BUILD_2024_Vivado_2024-10-21-15-03-11299/build/hpr_AltSpreadLogic_low_AggressiveExplore/constraints/timing/io_timing.xdc:24]
WARNING: [Vivado 12-627] No clocks matched 'mmcm_clkout5'. [/proj/chiron/zhcz/scratch/F2_BUILD_2024_Vivado_2024-10-21-15-03-11299/build/hpr_AltSpreadLogic_low_AggressiveExplore/constraints/timing/io_timing.xdc:24]
WARNING: [Vivado 12-627] No clocks matched 'mmcm_clkout6'. [/proj/chiron/zhcz/scratch/F2_BUILD_2024_Vivado_2024-10-21-15-03-11299/build/hpr_AltSpreadLogic_low_AggressiveExplore/constraints/timing/io_timing.xdc:24]
WARNING: [Vivado 12-627] No clocks matched 'pll_clk[0]'. [/proj/chiron/zhcz/scratch/F2_BUILD_2024_Vivado_2024-10-21-15-03-11299/build/hpr_AltSpreadLogic_low_AggressiveExplore/constraints/timing/io_timing.xdc:24]
WARNING: [Vivado 12-627] No clocks matched 'pll_clk[1]'. [/proj/chiron/zhcz/scratch/F2_BUILD_2024_Vivado_2024-10-21-15-03-11299/build/hpr_AltSpreadLogic_low_AggressiveExplore/constraints/timing/io_timing.xdc:24]
WARNING: [Vivado 12-627] No clocks matched 'pll_clk[2]'. [/proj/chiron/zhcz/scratch/F2_BUILD_2024_Vivado_2024-10-21-15-03-11299/build/hpr_AltSpreadLogic_low_AggressiveExplore/constraints/timing/io_timing.xdc:24]
WARNING: [Vivado 12-627] No clocks matched 'pll_clk[0]_DIV'. [/proj/chiron/zhcz/scratch/F2_BUILD_2024_Vivado_2024-10-21-15-03-11299/build/hpr_AltSpreadLogic_low_AggressiveExplore/constraints/timing/io_timing.xdc:24]
WARNING: [Vivado 12-627] No clocks matched 'pll_clk[2]_DIV'. [/proj/chiron/zhcz/scratch/F2_BUILD_2024_Vivado_2024-10-21-15-03-11299/build/hpr_AltSpreadLogic_low_AggressiveExplore/constraints/timing/io_timing.xdc:24]
WARNING: [Vivado 12-627] No clocks matched 'pll_clk[1]_DIV'. [/proj/chiron/zhcz/scratch/F2_BUILD_2024_Vivado_2024-10-21-15-03-11299/build/hpr_AltSpreadLogic_low_AggressiveExplore/constraints/timing/io_timing.xdc:24]
WARNING: [Vivado 12-627] No clocks matched 'mmcm_clkout0'. [/proj/chiron/zhcz/scratch/F2_BUILD_2024_Vivado_2024-10-21-15-03-11299/build/hpr_AltSpreadLogic_low_AggressiveExplore/constraints/timing/io_timing.xdc:26]
WARNING: [Vivado 12-627] No clocks matched 'mmcm_clkout1'. [/proj/chiron/zhcz/scratch/F2_BUILD_2024_Vivado_2024-10-21-15-03-11299/build/hpr_AltSpreadLogic_low_AggressiveExplore/constraints/timing/io_timing.xdc:26]
WARNING: [Vivado 12-627] No clocks matched 'mmcm_clkout2'. [/proj/chiron/zhcz/scratch/F2_BUILD_2024_Vivado_2024-10-21-15-03-11299/build/hpr_AltSpreadLogic_low_AggressiveExplore/constraints/timing/io_timing.xdc:26]
WARNING: [Vivado 12-627] No clocks matched 'mmcm_clkout3'. [/proj/chiron/zhcz/scratch/F2_BUILD_2024_Vivado_2024-10-21-15-03-11299/build/hpr_AltSpreadLogic_low_AggressiveExplore/constraints/timing/io_timing.xdc:26]
WARNING: [Vivado 12-627] No clocks matched 'mmcm_clkout4'. [/proj/chiron/zhcz/scratch/F2_BUILD_2024_Vivado_2024-10-21-15-03-11299/build/hpr_AltSpreadLogic_low_AggressiveExplore/constraints/timing/io_timing.xdc:26]
WARNING: [Vivado 12-627] No clocks matched 'mmcm_clkout5'. [/proj/chiron/zhcz/scratch/F2_BUILD_2024_Vivado_2024-10-21-15-03-11299/build/hpr_AltSpreadLogic_low_AggressiveExplore/constraints/timing/io_timing.xdc:26]
WARNING: [Vivado 12-627] No clocks matched 'mmcm_clkout6'. [/proj/chiron/zhcz/scratch/F2_BUILD_2024_Vivado_2024-10-21-15-03-11299/build/hpr_AltSpreadLogic_low_AggressiveExplore/constraints/timing/io_timing.xdc:26]
WARNING: [Vivado 12-627] No clocks matched 'pll_clk[0]'. [/proj/chiron/zhcz/scratch/F2_BUILD_2024_Vivado_2024-10-21-15-03-11299/build/hpr_AltSpreadLogic_low_AggressiveExplore/constraints/timing/io_timing.xdc:26]
WARNING: [Vivado 12-627] No clocks matched 'pll_clk[1]'. [/proj/chiron/zhcz/scratch/F2_BUILD_2024_Vivado_2024-10-21-15-03-11299/build/hpr_AltSpreadLogic_low_AggressiveExplore/constraints/timing/io_timing.xdc:26]
WARNING: [Vivado 12-627] No clocks matched 'pll_clk[2]'. [/proj/chiron/zhcz/scratch/F2_BUILD_2024_Vivado_2024-10-21-15-03-11299/build/hpr_AltSpreadLogic_low_AggressiveExplore/constraints/timing/io_timing.xdc:26]
WARNING: [Vivado 12-627] No clocks matched 'pll_clk[0]_DIV'. [/proj/chiron/zhcz/scratch/F2_BUILD_2024_Vivado_2024-10-21-15-03-11299/build/hpr_AltSpreadLogic_low_AggressiveExplore/constraints/timing/io_timing.xdc:26]
WARNING: [Vivado 12-627] No clocks matched 'pll_clk[2]_DIV'. [/proj/chiron/zhcz/scratch/F2_BUILD_2024_Vivado_2024-10-21-15-03-11299/build/hpr_AltSpreadLogic_low_AggressiveExplore/constraints/timing/io_timing.xdc:26]
WARNING: [Vivado 12-627] No clocks matched 'pll_clk[1]_DIV'. [/proj/chiron/zhcz/scratch/F2_BUILD_2024_Vivado_2024-10-21-15-03-11299/build/hpr_AltSpreadLogic_low_AggressiveExplore/constraints/timing/io_timing.xdc:26]
WARNING: [Vivado 12-627] No clocks matched 'mmcm_clkout0'. [/proj/chiron/zhcz/scratch/F2_BUILD_2024_Vivado_2024-10-21-15-03-11299/build/hpr_AltSpreadLogic_low_AggressiveExplore/constraints/timing/io_timing.xdc:27]
WARNING: [Vivado 12-627] No clocks matched 'mmcm_clkout1'. [/proj/chiron/zhcz/scratch/F2_BUILD_2024_Vivado_2024-10-21-15-03-11299/build/hpr_AltSpreadLogic_low_AggressiveExplore/constraints/timing/io_timing.xdc:27]
WARNING: [Vivado 12-627] No clocks matched 'mmcm_clkout2'. [/proj/chiron/zhcz/scratch/F2_BUILD_2024_Vivado_2024-10-21-15-03-11299/build/hpr_AltSpreadLogic_low_AggressiveExplore/constraints/timing/io_timing.xdc:27]
WARNING: [Vivado 12-627] No clocks matched 'mmcm_clkout3'. [/proj/chiron/zhcz/scratch/F2_BUILD_2024_Vivado_2024-10-21-15-03-11299/build/hpr_AltSpreadLogic_low_AggressiveExplore/constraints/timing/io_timing.xdc:27]
WARNING: [Vivado 12-627] No clocks matched 'mmcm_clkout4'. [/proj/chiron/zhcz/scratch/F2_BUILD_2024_Vivado_2024-10-21-15-03-11299/build/hpr_AltSpreadLogic_low_AggressiveExplore/constraints/timing/io_timing.xdc:27]
WARNING: [Vivado 12-627] No clocks matched 'mmcm_clkout5'. [/proj/chiron/zhcz/scratch/F2_BUILD_2024_Vivado_2024-10-21-15-03-11299/build/hpr_AltSpreadLogic_low_AggressiveExplore/constraints/timing/io_timing.xdc:27]
WARNING: [Vivado 12-627] No clocks matched 'mmcm_clkout6'. [/proj/chiron/zhcz/scratch/F2_BUILD_2024_Vivado_2024-10-21-15-03-11299/build/hpr_AltSpreadLogic_low_AggressiveExplore/constraints/timing/io_timing.xdc:27]
WARNING: [Vivado 12-627] No clocks matched 'pll_clk[0]'. [/proj/chiron/zhcz/scratch/F2_BUILD_2024_Vivado_2024-10-21-15-03-11299/build/hpr_AltSpreadLogic_low_AggressiveExplore/constraints/timing/io_timing.xdc:27]
WARNING: [Vivado 12-627] No clocks matched 'pll_clk[1]'. [/proj/chiron/zhcz/scratch/F2_BUILD_2024_Vivado_2024-10-21-15-03-11299/build/hpr_AltSpreadLogic_low_AggressiveExplore/constraints/timing/io_timing.xdc:27]
WARNING: [Vivado 12-627] No clocks matched 'pll_clk[2]'. [/proj/chiron/zhcz/scratch/F2_BUILD_2024_Vivado_2024-10-21-15-03-11299/build/hpr_AltSpreadLogic_low_AggressiveExplore/constraints/timing/io_timing.xdc:27]
WARNING: [Vivado 12-627] No clocks matched 'pll_clk[0]_DIV'. [/proj/chiron/zhcz/scratch/F2_BUILD_2024_Vivado_2024-10-21-15-03-11299/build/hpr_AltSpreadLogic_low_AggressiveExplore/constraints/timing/io_timing.xdc:27]
WARNING: [Vivado 12-627] No clocks matched 'pll_clk[2]_DIV'. [/proj/chiron/zhcz/scratch/F2_BUILD_2024_Vivado_2024-10-21-15-03-11299/build/hpr_AltSpreadLogic_low_AggressiveExplore/constraints/timing/io_timing.xdc:27]
WARNING: [Vivado 12-627] No clocks matched 'pll_clk[1]_DIV'. [/proj/chiron/zhcz/scratch/F2_BUILD_2024_Vivado_2024-10-21-15-03-11299/build/hpr_AltSpreadLogic_low_AggressiveExplore/constraints/timing/io_timing.xdc:27]
WARNING: [Vivado 12-627] No clocks matched 'mmcm_clkout0'. [/proj/chiron/zhcz/scratch/F2_BUILD_2024_Vivado_2024-10-21-15-03-11299/build/hpr_AltSpreadLogic_low_AggressiveExplore/constraints/timing/io_timing.xdc:50]
WARNING: [Vivado 12-627] No clocks matched 'mmcm_clkout1'. [/proj/chiron/zhcz/scratch/F2_BUILD_2024_Vivado_2024-10-21-15-03-11299/build/hpr_AltSpreadLogic_low_AggressiveExplore/constraints/timing/io_timing.xdc:50]
WARNING: [Vivado 12-627] No clocks matched 'mmcm_clkout2'. [/proj/chiron/zhcz/scratch/F2_BUILD_2024_Vivado_2024-10-21-15-03-11299/build/hpr_AltSpreadLogic_low_AggressiveExplore/constraints/timing/io_timing.xdc:50]
WARNING: [Vivado 12-627] No clocks matched 'mmcm_clkout3'. [/proj/chiron/zhcz/scratch/F2_BUILD_2024_Vivado_2024-10-21-15-03-11299/build/hpr_AltSpreadLogic_low_AggressiveExplore/constraints/timing/io_timing.xdc:50]
WARNING: [Vivado 12-627] No clocks matched 'mmcm_clkout4'. [/proj/chiron/zhcz/scratch/F2_BUILD_2024_Vivado_2024-10-21-15-03-11299/build/hpr_AltSpreadLogic_low_AggressiveExplore/constraints/timing/io_timing.xdc:50]
WARNING: [Vivado 12-627] No clocks matched 'mmcm_clkout5'. [/proj/chiron/zhcz/scratch/F2_BUILD_2024_Vivado_2024-10-21-15-03-11299/build/hpr_AltSpreadLogic_low_AggressiveExplore/constraints/timing/io_timing.xdc:50]
WARNING: [Vivado 12-627] No clocks matched 'mmcm_clkout6'. [/proj/chiron/zhcz/scratch/F2_BUILD_2024_Vivado_2024-10-21-15-03-11299/build/hpr_AltSpreadLogic_low_AggressiveExplore/constraints/timing/io_timing.xdc:50]
WARNING: [Vivado 12-627] No clocks matched 'pll_clk[0]'. [/proj/chiron/zhcz/scratch/F2_BUILD_2024_Vivado_2024-10-21-15-03-11299/build/hpr_AltSpreadLogic_low_AggressiveExplore/constraints/timing/io_timing.xdc:50]
WARNING: [Vivado 12-627] No clocks matched 'pll_clk[1]'. [/proj/chiron/zhcz/scratch/F2_BUILD_2024_Vivado_2024-10-21-15-03-11299/build/hpr_AltSpreadLogic_low_AggressiveExplore/constraints/timing/io_timing.xdc:50]
WARNING: [Vivado 12-627] No clocks matched 'pll_clk[2]'. [/proj/chiron/zhcz/scratch/F2_BUILD_2024_Vivado_2024-10-21-15-03-11299/build/hpr_AltSpreadLogic_low_AggressiveExplore/constraints/timing/io_timing.xdc:50]
WARNING: [Vivado 12-627] No clocks matched 'pll_clk[0]_DIV'. [/proj/chiron/zhcz/scratch/F2_BUILD_2024_Vivado_2024-10-21-15-03-11299/build/hpr_AltSpreadLogic_low_AggressiveExplore/constraints/timing/io_timing.xdc:50]
WARNING: [Vivado 12-627] No clocks matched 'pll_clk[2]_DIV'. [/proj/chiron/zhcz/scratch/F2_BUILD_2024_Vivado_2024-10-21-15-03-11299/build/hpr_AltSpreadLogic_low_AggressiveExplore/constraints/timing/io_timing.xdc:50]
WARNING: [Vivado 12-627] No clocks matched 'pll_clk[1]_DIV'. [/proj/chiron/zhcz/scratch/F2_BUILD_2024_Vivado_2024-10-21-15-03-11299/build/hpr_AltSpreadLogic_low_AggressiveExplore/constraints/timing/io_timing.xdc:50]
WARNING: [Vivado 12-627] No clocks matched 'mmcm_clkout0'. [/proj/chiron/zhcz/scratch/F2_BUILD_2024_Vivado_2024-10-21-15-03-11299/build/hpr_AltSpreadLogic_low_AggressiveExplore/constraints/timing/io_timing.xdc:51]
WARNING: [Vivado 12-627] No clocks matched 'mmcm_clkout1'. [/proj/chiron/zhcz/scratch/F2_BUILD_2024_Vivado_2024-10-21-15-03-11299/build/hpr_AltSpreadLogic_low_AggressiveExplore/constraints/timing/io_timing.xdc:51]
WARNING: [Vivado 12-627] No clocks matched 'mmcm_clkout2'. [/proj/chiron/zhcz/scratch/F2_BUILD_2024_Vivado_2024-10-21-15-03-11299/build/hpr_AltSpreadLogic_low_AggressiveExplore/constraints/timing/io_timing.xdc:51]
WARNING: [Vivado 12-627] No clocks matched 'mmcm_clkout3'. [/proj/chiron/zhcz/scratch/F2_BUILD_2024_Vivado_2024-10-21-15-03-11299/build/hpr_AltSpreadLogic_low_AggressiveExplore/constraints/timing/io_timing.xdc:51]
WARNING: [Vivado 12-627] No clocks matched 'mmcm_clkout4'. [/proj/chiron/zhcz/scratch/F2_BUILD_2024_Vivado_2024-10-21-15-03-11299/build/hpr_AltSpreadLogic_low_AggressiveExplore/constraints/timing/io_timing.xdc:51]
WARNING: [Vivado 12-627] No clocks matched 'mmcm_clkout5'. [/proj/chiron/zhcz/scratch/F2_BUILD_2024_Vivado_2024-10-21-15-03-11299/build/hpr_AltSpreadLogic_low_AggressiveExplore/constraints/timing/io_timing.xdc:51]
WARNING: [Vivado 12-627] No clocks matched 'mmcm_clkout6'. [/proj/chiron/zhcz/scratch/F2_BUILD_2024_Vivado_2024-10-21-15-03-11299/build/hpr_AltSpreadLogic_low_AggressiveExplore/constraints/timing/io_timing.xdc:51]
WARNING: [Vivado 12-627] No clocks matched 'pll_clk[0]'. [/proj/chiron/zhcz/scratch/F2_BUILD_2024_Vivado_2024-10-21-15-03-11299/build/hpr_AltSpreadLogic_low_AggressiveExplore/constraints/timing/io_timing.xdc:51]
WARNING: [Vivado 12-627] No clocks matched 'pll_clk[1]'. [/proj/chiron/zhcz/scratch/F2_BUILD_2024_Vivado_2024-10-21-15-03-11299/build/hpr_AltSpreadLogic_low_AggressiveExplore/constraints/timing/io_timing.xdc:51]
INFO: [Common 17-14] Message 'Vivado 12-627' appears 100 times and further instances of the messages will be disabled. Use the Tcl command set_msg_config to change the current settings. [/proj/chiron/zhcz/scratch/F2_BUILD_2024_Vivado_2024-10-21-15-03-11299/build/hpr_AltSpreadLogic_low_AggressiveExplore/constraints/timing/io_timing.xdc:51]
Finished Parsing XDC File [/home/ubuntu/aws-fpga/hdk/common/shell_stable/build/checkpoints/from_aws/cl_bb_routed.small_shell/top_late.xdc]
INFO: [Designutils 20-5722] Start Reading Physical Databases.
Reading placement.
Read Netlist Cache: Time (s): cpu = 00:00:00.01 ; elapsed = 00:00:00.01 . Memory (MB): peak = 4431.273 ; gain = 4.000 ; free physical = 55095 ; free virtual = 70096
Reading placer database...
Read Device Cache: Time (s): cpu = 00:00:00.02 ; elapsed = 00:00:00.03 . Memory (MB): peak = 4441.109 ; gain = 9.836 ; free physical = 55079 ; free virtual = 70081
Read PlaceDB: Time (s): cpu = 00:00:00.36 ; elapsed = 00:00:00.36 . Memory (MB): peak = 4451.492 ; gain = 8.000 ; free physical = 55071 ; free virtual = 70073
Read PulsedLatchDB: Time (s): cpu = 00:00:00 ; elapsed = 00:00:00 . Memory (MB): peak = 4452.492 ; gain = 0.000 ; free physical = 55071 ; free virtual = 70073
Reading routing.
Read RouteStorage: Time (s): cpu = 00:00:00.23 ; elapsed = 00:00:00.24 . Memory (MB): peak = 4460.875 ; gain = 8.383 ; free physical = 55063 ; free virtual = 70065
Read Physdb Files: Time (s): cpu = 00:00:00.66 ; elapsed = 00:00:00.68 . Memory (MB): peak = 4460.875 ; gain = 33.602 ; free physical = 55063 ; free virtual = 70065
Restored from archive | CPU: 1.250000 secs | Memory: 17.098190 MB |
Finished XDEF File Restore: Time (s): cpu = 00:00:01 ; elapsed = 00:00:01 . Memory (MB): peak = 4460.875 ; gain = 33.602 ; free physical = 55063 ; free virtual = 70065
WARNING: [Constraints 18-4434] Global Clock Buffer 'SL/UC_PCIE4_BRIDGE/inst/pcie4_ip_i/inst/bufg_gt_sysclk' is LOCed to site 'BUFG_GT_X1Y120'. Using a LOC constraint to assign the placement of a Global Clock Buffer can result in sub-optimal placement results.
Resolution: Remove the LOC constraint and use the CLOCK_REGION constraint to assign a Global Clock Buffer to a CLOCK_REGION.
WARNING: [Constraints 18-4434] Global Clock Buffer 'WRAPPER/IO_SHIM/BUFG_CLK_125' is LOCed to site 'BUFGCE_X0Y122'. Using a LOC constraint to assign the placement of a Global Clock Buffer can result in sub-optimal placement results.
Resolution: Remove the LOC constraint and use the CLOCK_REGION constraint to assign a Global Clock Buffer to a CLOCK_REGION.
WARNING: [Constraints 18-4434] Global Clock Buffer 'WRAPPER/IO_SHIM/BUFG_CLK_HBM_EXT' is LOCed to site 'BUFGCE_X0Y70'. Using a LOC constraint to assign the placement of a Global Clock Buffer can result in sub-optimal placement results.
Resolution: Remove the LOC constraint and use the CLOCK_REGION constraint to assign a Global Clock Buffer to a CLOCK_REGION.
WARNING: [Constraints 18-4434] Global Clock Buffer 'WRAPPER/IO_SHIM/BUFG_CLK_HBM_INT' is LOCed to site 'BUFGCE_X0Y65'. Using a LOC constraint to assign the placement of a Global Clock Buffer can result in sub-optimal placement results.
Resolution: Remove the LOC constraint and use the CLOCK_REGION constraint to assign a Global Clock Buffer to a CLOCK_REGION.
WARNING: [Constraints 18-4434] Global Clock Buffer 'WRAPPER/IO_SHIM/PLL_CLK_CORE/inst/clkout1_buf' is LOCed to site 'BUFGCE_X0Y56'. Using a LOC constraint to assign the placement of a Global Clock Buffer can result in sub-optimal placement results.
Resolution: Remove the LOC constraint and use the CLOCK_REGION constraint to assign a Global Clock Buffer to a CLOCK_REGION.
WARNING: [Constraints 18-4434] Global Clock Buffer 'WRAPPER/IO_SHIM/PLL_CLK_CORE/inst/clkout2_buf' is LOCed to site 'BUFGCE_X0Y58'. Using a LOC constraint to assign the placement of a Global Clock Buffer can result in sub-optimal placement results.
Resolution: Remove the LOC constraint and use the CLOCK_REGION constraint to assign a Global Clock Buffer to a CLOCK_REGION.
WARNING: [Constraints 18-4434] Global Clock Buffer 'WRAPPER/IO_SHIM/RL_CLKS/BUFG_CLK_A_EXT' is LOCed to site 'BUFGCE_X0Y135'. Using a LOC constraint to assign the placement of a Global Clock Buffer can result in sub-optimal placement results.
Resolution: Remove the LOC constraint and use the CLOCK_REGION constraint to assign a Global Clock Buffer to a CLOCK_REGION.
WARNING: [Constraints 18-4434] Global Clock Buffer 'WRAPPER/IO_SHIM/RL_CLKS/BUFG_CLK_A_INT' is LOCed to site 'BUFGCE_X0Y136'. Using a LOC constraint to assign the placement of a Global Clock Buffer can result in sub-optimal placement results.
Resolution: Remove the LOC constraint and use the CLOCK_REGION constraint to assign a Global Clock Buffer to a CLOCK_REGION.
WARNING: [Constraints 18-4434] Global Clock Buffer 'WRAPPER/RL/HOST_PCIE4C/inst/bufg_gt_sysclk' is LOCed to site 'BUFG_GT_X1Y78'. Using a LOC constraint to assign the placement of a Global Clock Buffer can result in sub-optimal placement results.
Resolution: Remove the LOC constraint and use the CLOCK_REGION constraint to assign a Global Clock Buffer to a CLOCK_REGION.
Parsing XDC File [/home/ubuntu/aws-fpga/hdk/cl/developer_designs/cl_minikanren_chirho/build/checkpoints/cl_minikanren_chirho.2026_01_26-213858.post_synth/cl_minikanren_chirho_late.xdc] for cell 'WRAPPER/CL'
Finished Parsing XDC File [/home/ubuntu/aws-fpga/hdk/cl/developer_designs/cl_minikanren_chirho/build/checkpoints/cl_minikanren_chirho.2026_01_26-213858.post_synth/cl_minikanren_chirho_late.xdc] for cell 'WRAPPER/CL'
INFO: [Designutils 20-5722] Start Reading Physical Databases.
Reading placement.
Read Netlist Cache: Time (s): cpu = 00:00:00 ; elapsed = 00:00:00 . Memory (MB): peak = 4478.875 ; gain = 0.000 ; free physical = 55048 ; free virtual = 70049
Reading placer database...
Read Device Cache: Time (s): cpu = 00:00:00.02 ; elapsed = 00:00:00.02 . Memory (MB): peak = 4489.711 ; gain = 10.836 ; free physical = 55032 ; free virtual = 70033
CRITICAL WARNING: [Constraints 18-4866] Site IOB_X0Y207 had a top level port PCIE_RP_PERSTN on sitetype net OUTBUF_O which was overwritten!
CRITICAL WARNING: [Constraints 18-4866] Site IOB_X0Y207 had a top level port PCIE_RP_PERSTN on sitetype net PULL_PAD which was overwritten!
CRITICAL WARNING: [Constraints 18-4866] Site IOB_X0Y207 had a top level port PCIE_RP_PERSTN on sitetype net IO which was overwritten!
CRITICAL WARNING: [Constraints 18-4866] Site IOB_X0Y181 had a top level port PCIE_EP_PERSTN on sitetype net OUTBUF_O which was overwritten!
CRITICAL WARNING: [Constraints 18-4866] Site IOB_X0Y181 had a top level port PCIE_EP_PERSTN on sitetype net PULL_PAD which was overwritten!
CRITICAL WARNING: [Constraints 18-4866] Site IOB_X0Y181 had a top level port PCIE_EP_PERSTN on sitetype net IO which was overwritten!
Read PlaceDB: Time (s): cpu = 00:00:00.02 ; elapsed = 00:00:00.02 . Memory (MB): peak = 4492.094 ; gain = 0.000 ; free physical = 55032 ; free virtual = 70033
Read PulsedLatchDB: Time (s): cpu = 00:00:00 ; elapsed = 00:00:00 . Memory (MB): peak = 4492.094 ; gain = 0.000 ; free physical = 55032 ; free virtual = 70033
Reading routing.
Read RouteStorage: Time (s): cpu = 00:00:00.01 ; elapsed = 00:00:00.01 . Memory (MB): peak = 4493.094 ; gain = 1.000 ; free physical = 55032 ; free virtual = 70033
Read Physdb Files: Time (s): cpu = 00:00:00.06 ; elapsed = 00:00:00.06 . Memory (MB): peak = 4493.094 ; gain = 14.219 ; free physical = 55032 ; free virtual = 70033
Restored from archive | CPU: 0.060000 secs | Memory: 0.004349 MB |
Finished XDEF File Restore: Time (s): cpu = 00:00:00.06 ; elapsed = 00:00:00.07 . Memory (MB): peak = 4493.094 ; gain = 14.219 ; free physical = 55032 ; free virtual = 70033
Netlist sorting complete. Time (s): cpu = 00:00:00.04 ; elapsed = 00:00:00.05 . Memory (MB): peak = 4529.992 ; gain = 0.000 ; free physical = 54992 ; free virtual = 69994
INFO: [Project 1-111] Unisim Transformation Summary:
  A total of 100 instances were transformed.
  IBUF => IBUF (IBUFCTRL, INBUF): 6 instances
  IBUFDS => IBUFDS (DIFFINBUF, IBUFCTRL): 2 instances
  IOBUF => IOBUF (IBUFCTRL, INBUF, OBUFT): 2 instances
  IOBUFDS => IOBUFDS (DIFFINBUF, IBUFCTRL, INV, OBUFT(x2)): 18 instances
  IOBUFE3 => IOBUFE3 (IBUFCTRL, INBUF, OBUFT_DCIEN): 72 instances

25 Infos, 121 Warnings, 6 Critical Warnings and 0 Errors encountered.
link_design completed successfully
link_design: Time (s): cpu = 00:01:18 ; elapsed = 00:01:16 . Memory (MB): peak = 4529.992 ; gain = 140.531 ; free physical = 54992 ; free virtual = 69994
## print "Writing post-link design checkpoint"

AWS FPGA: (21:44:46): Writing post-link design checkpoint

## write_checkpoint -force ${checkpoints_dir}/${CL}.${TAG}.post_link.dcp
INFO: [Timing 38-480] Writing timing data to binary archive.
Write ShapeDB Complete: Time (s): cpu = 00:00:00.22 ; elapsed = 00:00:00.04 . Memory (MB): peak = 4562.270 ; gain = 15.367 ; free physical = 54972 ; free virtual = 69986
Wrote PlaceDB: Time (s): cpu = 00:00:02 ; elapsed = 00:00:00.44 . Memory (MB): peak = 4565.762 ; gain = 18.859 ; free physical = 54922 ; free virtual = 69957
Wrote PulsedLatchDB: Time (s): cpu = 00:00:00 ; elapsed = 00:00:00 . Memory (MB): peak = 4565.762 ; gain = 0.000 ; free physical = 54921 ; free virtual = 69957
Writing XDEF routing.
Writing XDEF routing logical nets.
Writing XDEF routing special nets.
Wrote RouteStorage: Time (s): cpu = 00:00:00.64 ; elapsed = 00:00:00.14 . Memory (MB): peak = 4583.020 ; gain = 17.258 ; free physical = 54897 ; free virtual = 69937
Wrote Netlist Cache: Time (s): cpu = 00:00:00.05 ; elapsed = 00:00:00.01 . Memory (MB): peak = 4585.691 ; gain = 2.672 ; free physical = 54897 ; free virtual = 69938
Wrote Device Cache: Time (s): cpu = 00:00:00.04 ; elapsed = 00:00:00.01 . Memory (MB): peak = 4587.691 ; gain = 2.000 ; free physical = 54896 ; free virtual = 69940
Write Physdb Complete: Time (s): cpu = 00:00:03 ; elapsed = 00:00:00.62 . Memory (MB): peak = 4587.691 ; gain = 40.789 ; free physical = 54896 ; free virtual = 69940
INFO: [Common 17-1381] The checkpoint '/home/ubuntu/aws-fpga/hdk/cl/developer_designs/cl_minikanren_chirho/build/checkpoints/cl_minikanren_chirho.2026_01_26-213858.post_link.dcp' has been generated.
## source $HDK_SHELL_DIR/build/scripts/aws_clock_properties.tcl
### proc proc_set_mmcm {mmcm_cell clkfbout_mult_f divclk_divide clkout0_divide_f {clkout1_divide 1} {clkout2_divide 1}} {
###     set cell_name [get_cells -quiet $mmcm_cell]
###     if {$cell_name != ""} {
###         set_property CLKFBOUT_MULT_F  $clkfbout_mult_f  $cell_name
###         set_property DIVCLK_DIVIDE    $divclk_divide    $cell_name
###         set_property CLKOUT0_DIVIDE_F $clkout0_divide_f $cell_name
###         set_property CLKOUT1_DIVIDE   $clkout1_divide   $cell_name
###         set_property CLKOUT2_DIVIDE   $clkout2_divide   $cell_name
###     } else {
###         puts "\nCRITICAL WARNING: $mmcm_cell cell not found. Clock recipe for this MMCM not applied.\n"
###     }
### }
### set RL_A0_MMCM "WRAPPER/IO_SHIM/RL_CLKS/MMCM_CLK_MAIN_A/inst/CLK_CORE_DRP_I/clk_inst/mmcme4_adv_inst"
### set GRP_A_MMCM "WRAPPER/CL/AWS_CLK_GEN/CLK_GRP_A_EN_I.CLK_MMCM_A_I/inst/CLK_CORE_DRP_I/clk_inst/mmcme4_adv_inst"
### set GRP_B_MMCM "WRAPPER/CL/AWS_CLK_GEN/CLK_GRP_B_EN_I.CLK_MMCM_B_I/inst/CLK_CORE_DRP_I/clk_inst/mmcme4_adv_inst"
### set GRP_C_MMCM "WRAPPER/CL/AWS_CLK_GEN/CLK_GRP_C_EN_I.CLK_MMCM_C_I/inst/CLK_CORE_DRP_I/clk_inst/mmcme4_adv_inst"
### set GRP_H_MMCM "WRAPPER/CL/AWS_CLK_GEN/CLK_HBM_EN_I.CLK_MMCM_HBM_I/inst/CLK_CORE_DRP_I/clk_inst/mmcme4_adv_inst"
### if {[string compare $clock_recipe_a "A1"] == 0} {
###     #
###     # clk_main_a0
###     #
###     set CLKFBOUT_MULT_F  9.5
###     set DIVCLK_DIVIDE    1
###     set CLKOUT0_DIVIDE_F 4.750
###     proc_set_mmcm $RL_A0_MMCM $CLKFBOUT_MULT_F $DIVCLK_DIVIDE $CLKOUT0_DIVIDE_F
### 
###     #
###     # clk_extra_a1, clk_extra_a2, clk_extra_a3
###     #
###     set CLKFBOUT_MULT_F  15
###     set DIVCLK_DIVIDE    1
###     set CLKOUT0_DIVIDE_F 12
###     set CLKOUT1_DIVIDE   4
###     set CLKOUT2_DIVIDE   3
###     proc_set_mmcm $GRP_A_MMCM $CLKFBOUT_MULT_F $DIVCLK_DIVIDE $CLKOUT0_DIVIDE_F $CLKOUT1_DIVIDE $CLKOUT2_DIVIDE
### 
### } elseif {[string compare $clock_recipe_a "A2"] == 0} {
###     #
###     # clk_main_a0
###     #
###     #NOT SUPPORTED# set CLKFBOUT_MULT_F  63.625
###     #NOT SUPPORTED# set DIVCLK_DIVIDE    8
###     #NOT SUPPORTED# set CLKOUT0_DIVIDE_F 63.625
###     set CLKFBOUT_MULT_F  9.5
###     set DIVCLK_DIVIDE    1
###     set CLKOUT0_DIVIDE_F 4.750
###     proc_set_mmcm $RL_A0_MMCM $CLKFBOUT_MULT_F $DIVCLK_DIVIDE $CLKOUT0_DIVIDE_F
### 
###     #
###     # clk_extra_a1, clk_extra_a2, clk_extra_a3
###     #
###     set CLKFBOUT_MULT_F  12.500
###     set DIVCLK_DIVIDE    1
###     set CLKOUT0_DIVIDE_F 80
###     set CLKOUT1_DIVIDE   10
###     set CLKOUT2_DIVIDE   20
###     proc_set_mmcm $GRP_A_MMCM $CLKFBOUT_MULT_F $DIVCLK_DIVIDE $CLKOUT0_DIVIDE_F $CLKOUT1_DIVIDE $CLKOUT2_DIVIDE
### 
### } else { #A0
###     #
###     # clk_main_a0
###     #
###     #NOT SUPPORTED# set CLKFBOUT_MULT_F  9.625
###     #NOT SUPPORTED# set DIVCLK_DIVIDE    1
###     #NOT SUPPORTED# set CLKOUT0_DIVIDE_F 9.625
###     set CLKFBOUT_MULT_F  9.5
###     set DIVCLK_DIVIDE    1
###     set CLKOUT0_DIVIDE_F 4.750
###     proc_set_mmcm $RL_A0_MMCM $CLKFBOUT_MULT_F $DIVCLK_DIVIDE $CLKOUT0_DIVIDE_F
### 
###     #
###     # clk_extra_a1, clk_extra_a2, clk_extra_a3
###     #
###     set CLKFBOUT_MULT_F  15
###     set DIVCLK_DIVIDE    1
###     set CLKOUT0_DIVIDE_F 24
###     set CLKOUT1_DIVIDE   8
###     set CLKOUT2_DIVIDE   6
###     proc_set_mmcm $GRP_A_MMCM $CLKFBOUT_MULT_F $DIVCLK_DIVIDE $CLKOUT0_DIVIDE_F $CLKOUT1_DIVIDE $CLKOUT2_DIVIDE
### }

CRITICAL WARNING: WRAPPER/CL/AWS_CLK_GEN/CLK_GRP_A_EN_I.CLK_MMCM_A_I/inst/CLK_CORE_DRP_I/clk_inst/mmcme4_adv_inst cell not found. Clock recipe for this MMCM not applied.

### if {[string compare $clock_recipe_b "B1"] == 0} {
###     set CLKFBOUT_MULT_F  11.875
###     set DIVCLK_DIVIDE    1
###     set CLKOUT0_DIVIDE_F 9.5
###     set CLKOUT1_DIVIDE   19
### } elseif {[string compare $clock_recipe_b "B2"] == 0} {
###     set CLKFBOUT_MULT_F  11.250
###     set DIVCLK_DIVIDE    1
###     set CLKOUT0_DIVIDE_F 2.5
###     set CLKOUT1_DIVIDE   5
### } elseif {[string compare $clock_recipe_b "B3"] == 0} {
###     set CLKFBOUT_MULT_F  11.875
###     set DIVCLK_DIVIDE    1
###     set CLKOUT0_DIVIDE_F 4.750
###     set CLKOUT1_DIVIDE   19
### } elseif {[string compare $clock_recipe_b "B4"] == 0} {
###     set CLKFBOUT_MULT_F  12
###     set DIVCLK_DIVIDE    1
###     set CLKOUT0_DIVIDE_F 4
###     set CLKOUT1_DIVIDE   16
### } elseif {[string compare $clock_recipe_b "B5"] == 0} {
###     set CLKFBOUT_MULT_F  12
###     set DIVCLK_DIVIDE    1
###     set CLKOUT0_DIVIDE_F 3
###     set CLKOUT1_DIVIDE   12
### } else { #B0
###     set CLKFBOUT_MULT_F  12.5
###     set DIVCLK_DIVIDE    1
###     set CLKOUT0_DIVIDE_F 5
###     set CLKOUT1_DIVIDE   10
### }
### proc_set_mmcm $GRP_B_MMCM $CLKFBOUT_MULT_F $DIVCLK_DIVIDE $CLKOUT0_DIVIDE_F $CLKOUT1_DIVIDE

CRITICAL WARNING: WRAPPER/CL/AWS_CLK_GEN/CLK_GRP_B_EN_I.CLK_MMCM_B_I/inst/CLK_CORE_DRP_I/clk_inst/mmcme4_adv_inst cell not found. Clock recipe for this MMCM not applied.

### if {[string compare $clock_recipe_c "C1"] == 0} {
###     set CLKFBOUT_MULT_F  12
###     set DIVCLK_DIVIDE    1
###     set CLKOUT0_DIVIDE_F 8
###     set CLKOUT1_DIVIDE   6
### } elseif {[string compare $clock_recipe_c "C2"] == 0} {
###     set CLKFBOUT_MULT_F  12
###     set DIVCLK_DIVIDE    1
###     set CLKOUT0_DIVIDE_F 16
###     set CLKOUT1_DIVIDE   12
### } elseif {[string compare $clock_recipe_c "C3"] == 0} {
###     set CLKFBOUT_MULT_F  8
###     set DIVCLK_DIVIDE    1
###     set CLKOUT0_DIVIDE_F 4
###     set CLKOUT1_DIVIDE   3
### } else { #C0
###     set CLKFBOUT_MULT_F  12
###     set DIVCLK_DIVIDE    1
###     set CLKOUT0_DIVIDE_F 4
###     set CLKOUT1_DIVIDE   3
### }
### proc_set_mmcm $GRP_C_MMCM $CLKFBOUT_MULT_F $DIVCLK_DIVIDE $CLKOUT0_DIVIDE_F $CLKOUT1_DIVIDE

CRITICAL WARNING: WRAPPER/CL/AWS_CLK_GEN/CLK_GRP_C_EN_I.CLK_MMCM_C_I/inst/CLK_CORE_DRP_I/clk_inst/mmcme4_adv_inst cell not found. Clock recipe for this MMCM not applied.

### if {[string compare $clock_recipe_hbm "H1"] == 0} {
###     set CLKFBOUT_MULT_F  11.875
###     set DIVCLK_DIVIDE    1
###     set CLKOUT0_DIVIDE_F 9.5
### } elseif {[string compare $clock_recipe_hbm "H2"] == 0} {
###     set CLKFBOUT_MULT_F  11.250
###     set DIVCLK_DIVIDE    1
###     set CLKOUT0_DIVIDE_F 2.5
### } elseif {[string compare $clock_recipe_hbm "H3"] == 0} {
###     set CLKFBOUT_MULT_F  12
###     set DIVCLK_DIVIDE    1
###     set CLKOUT0_DIVIDE_F 4
### } elseif {[string compare $clock_recipe_hbm "H4"] == 0} {
###     set CLKFBOUT_MULT_F  12
###     set DIVCLK_DIVIDE    1
###     set CLKOUT0_DIVIDE_F 3
### } else { #H0
###     set CLKFBOUT_MULT_F  12.5
###     set DIVCLK_DIVIDE    1
###     set CLKOUT0_DIVIDE_F 5
### }
### proc_set_mmcm $GRP_H_MMCM $CLKFBOUT_MULT_F $DIVCLK_DIVIDE $CLKOUT0_DIVIDE_F $CLKOUT1_DIVIDE

CRITICAL WARNING: WRAPPER/CL/AWS_CLK_GEN/CLK_HBM_EN_I.CLK_MMCM_HBM_I/inst/CLK_CORE_DRP_I/clk_inst/mmcme4_adv_inst cell not found. Clock recipe for this MMCM not applied.

### puts "INFO: aws_clock_properties.tcl successfully applied clock recipes to MMCMs"
INFO: aws_clock_properties.tcl successfully applied clock recipes to MMCMs
## read_xdc ${HDK_SHELL_DIR}/build/constraints/${SHELL_MODE}_level_1_fp_cl.xdc
Parsing XDC File [/home/ubuntu/aws-fpga/hdk/common/shell_stable/build/constraints/small_shell_level_1_fp_cl.xdc]
CRITICAL WARNING: [Vivado 12-795] Pblock 'pblock_CL' already exists. [/home/ubuntu/aws-fpga/hdk/common/shell_stable/build/constraints/small_shell_level_1_fp_cl.xdc:28]
resize_pblock: Time (s): cpu = 00:00:06 ; elapsed = 00:00:06 . Memory (MB): peak = 4587.691 ; gain = 0.000 ; free physical = 54895 ; free virtual = 69910
resize_pblock: Time (s): cpu = 00:00:06 ; elapsed = 00:00:06 . Memory (MB): peak = 4587.691 ; gain = 0.000 ; free physical = 54902 ; free virtual = 69917
resize_pblock: Time (s): cpu = 00:00:06 ; elapsed = 00:00:06 . Memory (MB): peak = 4587.691 ; gain = 0.000 ; free physical = 54902 ; free virtual = 69917
resize_pblock: Time (s): cpu = 00:00:06 ; elapsed = 00:00:06 . Memory (MB): peak = 4587.691 ; gain = 0.000 ; free physical = 54902 ; free virtual = 69917
resize_pblock: Time (s): cpu = 00:00:06 ; elapsed = 00:00:06 . Memory (MB): peak = 4587.691 ; gain = 0.000 ; free physical = 54902 ; free virtual = 69917
resize_pblock: Time (s): cpu = 00:00:06 ; elapsed = 00:00:06 . Memory (MB): peak = 4587.691 ; gain = 0.000 ; free physical = 54902 ; free virtual = 69917
resize_pblock: Time (s): cpu = 00:00:06 ; elapsed = 00:00:06 . Memory (MB): peak = 4587.691 ; gain = 0.000 ; free physical = 54902 ; free virtual = 69917
resize_pblock: Time (s): cpu = 00:00:05 ; elapsed = 00:00:05 . Memory (MB): peak = 4587.691 ; gain = 0.000 ; free physical = 54902 ; free virtual = 69917
resize_pblock: Time (s): cpu = 00:00:05 ; elapsed = 00:00:05 . Memory (MB): peak = 4587.691 ; gain = 0.000 ; free physical = 54902 ; free virtual = 69917
Finished Parsing XDC File [/home/ubuntu/aws-fpga/hdk/common/shell_stable/build/constraints/small_shell_level_1_fp_cl.xdc]
read_xdc: Time (s): cpu = 00:00:56 ; elapsed = 00:00:56 . Memory (MB): peak = 4587.691 ; gain = 0.000 ; free physical = 54902 ; free virtual = 69917
## read_xdc ${constraints_dir}/${SHELL_MODE}_cl_pnr_user.xdc
Parsing XDC File [/home/ubuntu/aws-fpga/hdk/cl/developer_designs/cl_minikanren_chirho/build/constraints/small_shell_cl_pnr_user.xdc]
Finished Parsing XDC File [/home/ubuntu/aws-fpga/hdk/cl/developer_designs/cl_minikanren_chirho/build/constraints/small_shell_cl_pnr_user.xdc]
## source ${HDK_SHELL_DIR}/build/scripts/ddr_io_train.tcl
WARNING: [Vivado 12-180] No cells matched 'WRAPPER/CL/SH_DDR/genblk1.IS_DDR_PRESENT.DDR4_0'.
### set DDR_CELL [get_cells WRAPPER/CL/SH_DDR/genblk1.IS_DDR_PRESENT.DDR4_0]
### if {$DDR_CELL != ""} {
###     set_property MIG_FLOORPLAN_MODE FULL [get_cells WRAPPER/CL/SH_DDR/genblk1.IS_DDR_PRESENT.DDR4_0]
### } else {
###     print "Skipped ddr_io_train.tcl. No DDR Core in the design"
### }

AWS FPGA: (21:45:47): Skipped ddr_io_train.tcl. No DDR Core in the design

## print "Start optimizing customer design ${CL}"

AWS FPGA: (21:45:47): Start optimizing customer design cl_minikanren_chirho

## opt_design
Command: opt_design
Attempting to get a license for feature 'Implementation' and/or device 'xcvu47p'
INFO: [Common 17-349] Got license for feature 'Implementation' and/or device 'xcvu47p'
Running DRC as a precondition to command opt_design

Starting DRC Task
INFO: [DRC 23-27] Running DRC with 8 threads
WARNING: [DRC 23-814] Not all possible (connectivity based) DRCs may have been run because this design is seen as Abstract Shell.
INFO: [Project 1-461] DRC finished with 0 Errors
INFO: [Project 1-462] Please refer to the DRC report (report_drc) for more information.

Time (s): cpu = 00:00:11 ; elapsed = 00:00:06 . Memory (MB): peak = 4747.312 ; gain = 159.621 ; free physical = 54764 ; free virtual = 69789

Starting Cache Timing Information Task
Ending Cache Timing Information Task | Checksum: 21d853d31

Time (s): cpu = 00:00:00.65 ; elapsed = 00:00:00.21 . Memory (MB): peak = 4747.312 ; gain = 0.000 ; free physical = 54764 ; free virtual = 69789

Starting Logic Optimization Task

Phase 1 Initialization

Phase 1.1 Core Generation And Design Setup
Phase 1.1 Core Generation And Design Setup | Checksum: 21d853d31

Time (s): cpu = 00:00:00.71 ; elapsed = 00:00:00.64 . Memory (MB): peak = 4898.125 ; gain = 0.000 ; free physical = 54584 ; free virtual = 69610

Phase 1.2 Setup Constraints And Sort Netlist
Phase 1.2 Setup Constraints And Sort Netlist | Checksum: 21d853d31

Time (s): cpu = 00:00:00.85 ; elapsed = 00:00:00.71 . Memory (MB): peak = 4898.125 ; gain = 0.000 ; free physical = 54584 ; free virtual = 69610
Phase 1 Initialization | Checksum: 21d853d31

Time (s): cpu = 00:00:00.94 ; elapsed = 00:00:00.74 . Memory (MB): peak = 4898.125 ; gain = 0.000 ; free physical = 54584 ; free virtual = 69610

Phase 2 Timer Update And Timing Data Collection

Phase 2.1 Timer Update
Phase 2.1 Timer Update | Checksum: 21d853d31

Time (s): cpu = 00:00:02 ; elapsed = 00:00:01 . Memory (MB): peak = 4898.125 ; gain = 0.000 ; free physical = 54584 ; free virtual = 69610

Phase 2.2 Timing Data Collection
Phase 2.2 Timing Data Collection | Checksum: 21d853d31

Time (s): cpu = 00:00:03 ; elapsed = 00:00:01 . Memory (MB): peak = 4898.125 ; gain = 0.000 ; free physical = 54584 ; free virtual = 69610
Phase 2 Timer Update And Timing Data Collection | Checksum: 21d853d31

Time (s): cpu = 00:00:03 ; elapsed = 00:00:01 . Memory (MB): peak = 4898.125 ; gain = 0.000 ; free physical = 54584 ; free virtual = 69610

Phase 3 Retarget
INFO: [Opt 31-1851] Number of loadless carry chains removed were: 0
INFO: [Opt 31-1834] Total Chains To Be Transformed Were: 0 AND Number of Transformed insts Created are: 0
INFO: [Opt 31-1566] Pulled 1 inverters resulting in an inversion of 5 pins
INFO: [Opt 31-138] Pushed 6 inverter(s) to 114 load pin(s).
INFO: [Opt 31-49] Retargeted 0 cell(s).
Phase 3 Retarget | Checksum: 2107cec59

Time (s): cpu = 00:00:04 ; elapsed = 00:00:03 . Memory (MB): peak = 4898.125 ; gain = 0.000 ; free physical = 54591 ; free virtual = 69617
Retarget | Checksum: 2107cec59
INFO: [Opt 31-389] Phase Retarget created 3 cells and removed 9 cells
INFO: [Opt 31-1021] In phase Retarget, 2222 netlist objects are constrained preventing optimization. Please run opt_design with -debug_log to get more detail. 

Phase 4 Constant propagation
INFO: [Opt 31-138] Pushed 0 inverter(s) to 0 load pin(s).
Phase 4 Constant propagation | Checksum: 291745f80

Time (s): cpu = 00:00:05 ; elapsed = 00:00:03 . Memory (MB): peak = 4898.125 ; gain = 0.000 ; free physical = 54591 ; free virtual = 69617
Constant propagation | Checksum: 291745f80
INFO: [Opt 31-389] Phase Constant propagation created 0 cells and removed 20 cells
INFO: [Opt 31-1021] In phase Constant propagation, 5327 netlist objects are constrained preventing optimization. Please run opt_design with -debug_log to get more detail. 

Phase 5 Sweep
INFO: [Constraints 18-11670] Building netlist checker database with flags, 0x8
Done building netlist checker database: Time (s): cpu = 00:00:00.01 ; elapsed = 00:00:00.01 . Memory (MB): peak = 4898.125 ; gain = 0.000 ; free physical = 54591 ; free virtual = 69617
INFO: [Constraints 18-11670] Building netlist checker database with flags, 0x8
Done building netlist checker database: Time (s): cpu = 00:00:00.01 ; elapsed = 00:00:00.01 . Memory (MB): peak = 4898.125 ; gain = 0.000 ; free physical = 54594 ; free virtual = 69619
Phase 5 Sweep | Checksum: 23548f264

Time (s): cpu = 00:00:06 ; elapsed = 00:00:04 . Memory (MB): peak = 4898.125 ; gain = 0.000 ; free physical = 54594 ; free virtual = 69619
Sweep | Checksum: 23548f264
INFO: [Opt 31-389] Phase Sweep created 0 cells and removed 54 cells
INFO: [Opt 31-1021] In phase Sweep, 80152 netlist objects are constrained preventing optimization. Please run opt_design with -debug_log to get more detail. 

Phase 6 BUFG optimization
INFO: [Opt 31-194] Inserted BUFG WRAPPER/CL/clk_engine_chirho_BUFG_inst to drive 9798 load(s) on clock net WRAPPER/CL/clk_engine_chirho_BUFGCE
INFO: [Opt 31-193] Inserted 1 BUFG(s) on clock nets
INFO: [Opt 31-1077] Phase BUFG optimization inserted 0 global clock buffer(s) for CLOCK_LOW_FANOUT.
Phase 6 BUFG optimization | Checksum: 2b9122458

Time (s): cpu = 00:00:07 ; elapsed = 00:00:05 . Memory (MB): peak = 4898.125 ; gain = 0.000 ; free physical = 54594 ; free virtual = 69619
BUFG optimization | Checksum: 2b9122458
INFO: [Opt 31-662] Phase BUFG optimization created 1 cells of which 1 are BUFGs and removed 0 cells.
INFO: [Opt 31-1021] In phase BUFG optimization, 12 netlist objects are constrained preventing optimization. Please run opt_design with -debug_log to get more detail. 

Phase 7 Shift Register Optimization
INFO: [Opt 31-1064] SRL Remap converted 0 SRLs to 0 registers and converted 0 registers of register chains to 0 SRLs
Phase 7 Shift Register Optimization | Checksum: 2b9122458

Time (s): cpu = 00:00:07 ; elapsed = 00:00:05 . Memory (MB): peak = 4898.125 ; gain = 0.000 ; free physical = 54596 ; free virtual = 69621
Shift Register Optimization | Checksum: 2b9122458
INFO: [Opt 31-389] Phase Shift Register Optimization created 0 cells and removed 0 cells

Phase 8 Post Processing Netlist
Phase 8 Post Processing Netlist | Checksum: 2b9122458

Time (s): cpu = 00:00:07 ; elapsed = 00:00:05 . Memory (MB): peak = 4898.125 ; gain = 0.000 ; free physical = 54596 ; free virtual = 69621
Post Processing Netlist | Checksum: 2b9122458
INFO: [Opt 31-389] Phase Post Processing Netlist created 0 cells and removed 0 cells
INFO: [Opt 31-1021] In phase Post Processing Netlist, 3577 netlist objects are constrained preventing optimization. Please run opt_design with -debug_log to get more detail. 

Phase 9 Finalization

Phase 9.1 Finalizing Design Cores and Updating Shapes
Phase 9.1 Finalizing Design Cores and Updating Shapes | Checksum: 20e3557ea

Time (s): cpu = 00:00:09 ; elapsed = 00:00:06 . Memory (MB): peak = 4898.125 ; gain = 0.000 ; free physical = 54598 ; free virtual = 69623

Phase 9.2 Verifying Netlist Connectivity

Starting Connectivity Check Task

Time (s): cpu = 00:00:00.11 ; elapsed = 00:00:00.11 . Memory (MB): peak = 4898.125 ; gain = 0.000 ; free physical = 54598 ; free virtual = 69623
Phase 9.2 Verifying Netlist Connectivity | Checksum: 20e3557ea

Time (s): cpu = 00:00:09 ; elapsed = 00:00:06 . Memory (MB): peak = 4898.125 ; gain = 0.000 ; free physical = 54598 ; free virtual = 69623
Phase 9 Finalization | Checksum: 20e3557ea

Time (s): cpu = 00:00:09 ; elapsed = 00:00:06 . Memory (MB): peak = 4898.125 ; gain = 0.000 ; free physical = 54598 ; free virtual = 69623
Opt_design Change Summary
=========================


-------------------------------------------------------------------------------------------------------------------------
|  Phase                        |  #Cells created  |  #Cells Removed  |  #Constrained objects preventing optimizations  |
-------------------------------------------------------------------------------------------------------------------------
|  Retarget                     |               3  |               9  |                                           2222  |
|  Constant propagation         |               0  |              20  |                                           5327  |
|  Sweep                        |               0  |              54  |                                          80152  |
|  BUFG optimization            |               1  |               0  |                                             12  |
|  Shift Register Optimization  |               0  |               0  |                                              0  |
|  Post Processing Netlist      |               0  |               0  |                                           3577  |
-------------------------------------------------------------------------------------------------------------------------


Ending Logic Optimization Task | Checksum: 20e3557ea

Time (s): cpu = 00:00:09 ; elapsed = 00:00:06 . Memory (MB): peak = 4898.125 ; gain = 0.000 ; free physical = 54598 ; free virtual = 69623

Starting Power Optimization Task
INFO: [Pwropt 34-132] Skipping clock gating for clocks with a period < 2.00 ns.
Ending Power Optimization Task | Checksum: 20e3557ea

Time (s): cpu = 00:00:00.14 ; elapsed = 00:00:00.08 . Memory (MB): peak = 4898.125 ; gain = 0.000 ; free physical = 54598 ; free virtual = 69623

Starting Final Cleanup Task
Ending Final Cleanup Task | Checksum: 20e3557ea

Time (s): cpu = 00:00:00.09 ; elapsed = 00:00:00.03 . Memory (MB): peak = 4898.125 ; gain = 0.000 ; free physical = 54598 ; free virtual = 69623

Starting Netlist Obfuscation Task
Netlist sorting complete. Time (s): cpu = 00:00:00.04 ; elapsed = 00:00:00.03 . Memory (MB): peak = 4898.125 ; gain = 0.000 ; free physical = 54598 ; free virtual = 69623
Ending Netlist Obfuscation Task | Checksum: 20e3557ea

Time (s): cpu = 00:00:00.13 ; elapsed = 00:00:00.06 . Memory (MB): peak = 4898.125 ; gain = 0.000 ; free physical = 54598 ; free virtual = 69623
INFO: [Common 17-83] Releasing license: Implementation
29 Infos, 1 Warnings, 0 Critical Warnings and 0 Errors encountered.
opt_design completed successfully
opt_design: Time (s): cpu = 00:00:24 ; elapsed = 00:00:16 . Memory (MB): peak = 4898.125 ; gain = 310.434 ; free physical = 54598 ; free virtual = 69623
## if {[llength [get_cells -quiet WRAPPER/CL/CL_HBM/HBM_PRESENT_EQ_1.HBM_WRAPPER_I/HBM_CORE_I/inst]] > 0} {
##     puts "INFO: HBM found, setting DONT_TOUCH to 0"
##     set_property DONT_TOUCH 0 [get_cells WRAPPER/CL/CL_HBM/HBM_PRESENT_EQ_1.HBM_WRAPPER_I/HBM_CORE_I/inst]
## }
## print "Writing post-opt design checkpoint and report"

AWS FPGA: (21:46:03): Writing post-opt design checkpoint and report

## write_checkpoint -force ${checkpoints_dir}/${CL}.${TAG}.post_opt.dcp
INFO: [Timing 38-480] Writing timing data to binary archive.
Write ShapeDB Complete: Time (s): cpu = 00:00:00.23 ; elapsed = 00:00:00.04 . Memory (MB): peak = 4906.129 ; gain = 8.004 ; free physical = 54572 ; free virtual = 69613
Wrote PlaceDB: Time (s): cpu = 00:00:02 ; elapsed = 00:00:00.46 . Memory (MB): peak = 4906.129 ; gain = 8.004 ; free physical = 54547 ; free virtual = 69602
Wrote PulsedLatchDB: Time (s): cpu = 00:00:00 ; elapsed = 00:00:00 . Memory (MB): peak = 4906.129 ; gain = 0.000 ; free physical = 54547 ; free virtual = 69603
Writing XDEF routing.
Writing XDEF routing logical nets.
Writing XDEF routing special nets.
Wrote RouteStorage: Time (s): cpu = 00:00:00.71 ; elapsed = 00:00:00.15 . Memory (MB): peak = 4906.129 ; gain = 0.000 ; free physical = 54545 ; free virtual = 69604
Wrote Netlist Cache: Time (s): cpu = 00:00:00.04 ; elapsed = 00:00:00.02 . Memory (MB): peak = 4906.129 ; gain = 0.000 ; free physical = 54545 ; free virtual = 69606
Wrote Device Cache: Time (s): cpu = 00:00:00.05 ; elapsed = 00:00:00.01 . Memory (MB): peak = 4906.129 ; gain = 0.000 ; free physical = 54545 ; free virtual = 69609
Write Physdb Complete: Time (s): cpu = 00:00:03 ; elapsed = 00:00:00.66 . Memory (MB): peak = 4906.129 ; gain = 8.004 ; free physical = 54545 ; free virtual = 69610
INFO: [Common 17-1381] The checkpoint '/home/ubuntu/aws-fpga/hdk/cl/developer_designs/cl_minikanren_chirho/build/checkpoints/cl_minikanren_chirho.2026_01_26-213858.post_opt.dcp' has been generated.
## report_timing -delay_type max \
##               -path_type full_clock_expanded \
##               -max_paths 10 \
##               -nworst 1 \
##               -input_pins \
##               -slice_pins \
##               -sort_by group \
##               -significant_digits 3 \
##               -file ${reports_dir}/${CL}.${TAG}.post_opt_timing.rpt
INFO: [Timing 38-91] UpdateTimingParams: Speed grade: -2, Temperature grade: E, Delay Type: max.
INFO: [Timing 38-191] Multithreading enabled for timing update using a maximum of 8 CPUs
INFO: [Timing 38-35] Done setting XDC timing constraints.
INFO: [Timing 38-78] ReportTimingParams: -max_paths 10 -nworst 1 -delay_type max -sort_by group.
report_timing: Time (s): cpu = 00:00:54 ; elapsed = 00:00:54 . Memory (MB): peak = 5450.383 ; gain = 544.254 ; free physical = 53840 ; free virtual = 69011
## print "Start placing customer design ${CL}"

AWS FPGA: (21:47:02): Start placing customer design cl_minikanren_chirho

## place_design -directive $PLACE_DIRECT -no_bufg_opt
Command: place_design -directive SSI_SpreadLogic_high -no_bufg_opt
Attempting to get a license for feature 'Implementation' and/or device 'xcvu47p'
INFO: [Common 17-349] Got license for feature 'Implementation' and/or device 'xcvu47p'
INFO: [Common 17-83] Releasing license: Implementation
INFO: [DRC 23-27] Running DRC with 8 threads
WARNING: [DRC 23-814] Not all possible (connectivity based) DRCs may have been run because this design is seen as Abstract Shell.
INFO: [Vivado_Tcl 4-198] DRC finished with 0 Errors
INFO: [Vivado_Tcl 4-199] Please refer to the DRC report (report_drc) for more information.
INFO: [Vivado_Tcl 4-2302] The placer was invoked with the 'SSI_SpreadLogic_high' directive.
Running DRC as a precondition to command place_design
INFO: [DRC 23-27] Running DRC with 8 threads
WARNING: [DRC 23-814] Not all possible (connectivity based) DRCs may have been run because this design is seen as Abstract Shell.
INFO: [Vivado_Tcl 4-198] DRC finished with 0 Errors
INFO: [Vivado_Tcl 4-199] Please refer to the DRC report (report_drc) for more information.
INFO: [Place 30-611] Multithreading enabled for place_design using a maximum of 8 CPUs

Starting Placer Task

Phase 1 Placer Initialization

Phase 1.1 Placer Initialization Netlist Sorting
Netlist sorting complete. Time (s): cpu = 00:00:00.04 ; elapsed = 00:00:00.05 . Memory (MB): peak = 5450.383 ; gain = 0.000 ; free physical = 53839 ; free virtual = 69012
Phase 1.1 Placer Initialization Netlist Sorting | Checksum: 15da6a6f0

Time (s): cpu = 00:00:00.2 ; elapsed = 00:00:00.13 . Memory (MB): peak = 5450.383 ; gain = 0.000 ; free physical = 53839 ; free virtual = 69012
Netlist sorting complete. Time (s): cpu = 00:00:00.03 ; elapsed = 00:00:00.03 . Memory (MB): peak = 5450.383 ; gain = 0.000 ; free physical = 53839 ; free virtual = 69012
WARNING: [Constraints 18-5648] For reconfigurable module WRAPPER/CL, the top/bottom edges of its PBLOCK pblock_CL are aligned with clock regions. With this type of floorplan, it has limited routability at PBLOCK top/bottom edges due to routing containment requirement. The edge tiles (only listed 10) are CLEM_X112Y480 CLEL_R_X112Y480 CLEL_R_X113Y480 CLEM_X114Y480 CLEM_X115Y480 CLEL_R_X115Y480 CLEM_X117Y480 CLEL_R_X118Y480 CLEM_X119Y480 CLEM_X120Y480 : . Tool will infer PROHIBIT on those tiles to enhancement routability at the edges of PBLOCK. You may also make the PBLOCK not aligned to clock region at top/bottom edges as a solution. Please refer 'Design Consideration' in UG909 for guidelines. 
INFO: [Constraints 18-12184] Site SLICE_X176Y480 is prohibited due to Sites belong to FSR edge tile CLEM_X112Y480 of Pblock pblock_CL
INFO: [Constraints 18-12184] Site SLICE_X177Y480 is prohibited due to Sites belong to FSR edge tile CLEL_R_X112Y480 of Pblock pblock_CL
INFO: [Constraints 18-12184] Site SLICE_X178Y480 is prohibited due to Sites belong to FSR edge tile CLEL_R_X113Y480 of Pblock pblock_CL
INFO: [Constraints 18-12184] Site SLICE_X179Y480 is prohibited due to Sites belong to FSR edge tile CLEM_X114Y480 of Pblock pblock_CL
INFO: [Constraints 18-12184] Site SLICE_X180Y480 is prohibited due to Sites belong to FSR edge tile CLEM_X115Y480 of Pblock pblock_CL
INFO: [Constraints 18-12184] Site SLICE_X181Y480 is prohibited due to Sites belong to FSR edge tile CLEL_R_X115Y480 of Pblock pblock_CL
INFO: [Constraints 18-12184] Site SLICE_X184Y480 is prohibited due to Sites belong to FSR edge tile CLEM_X117Y480 of Pblock pblock_CL
INFO: [Constraints 18-12184] Site SLICE_X185Y480 is prohibited due to Sites belong to FSR edge tile CLEL_R_X118Y480 of Pblock pblock_CL
INFO: [Constraints 18-12184] Site SLICE_X186Y480 is prohibited due to Sites belong to FSR edge tile CLEM_X119Y480 of Pblock pblock_CL
INFO: [Constraints 18-12184] Site SLICE_X187Y480 is prohibited due to Sites belong to FSR edge tile CLEM_X120Y480 of Pblock pblock_CL
INFO: [Constraints 18-12184] Site SLICE_X188Y480 is prohibited due to Sites belong to FSR edge tile CLEL_R_X120Y480 of Pblock pblock_CL
INFO: [Constraints 18-12184] Site SLICE_X189Y480 is prohibited due to Sites belong to FSR edge tile CLEL_L_X121Y480 of Pblock pblock_CL
INFO: [Constraints 18-12184] Site SLICE_X190Y480 is prohibited due to Sites belong to FSR edge tile CLEL_R_X121Y480 of Pblock pblock_CL
INFO: [Constraints 18-12184] Site SLICE_X191Y480 is prohibited due to Sites belong to FSR edge tile CLEM_X122Y480 of Pblock pblock_CL
INFO: [Constraints 18-12184] Site SLICE_X192Y480 is prohibited due to Sites belong to FSR edge tile CLEM_X123Y480 of Pblock pblock_CL
INFO: [Constraints 18-12184] Site SLICE_X193Y480 is prohibited due to Sites belong to FSR edge tile CLEL_R_X123Y480 of Pblock pblock_CL
INFO: [Constraints 18-12184] Site SLICE_X196Y480 is prohibited due to Sites belong to FSR edge tile CLEM_X125Y480 of Pblock pblock_CL
INFO: [Constraints 18-12184] Site SLICE_X197Y480 is prohibited due to Sites belong to FSR edge tile CLEM_X126Y480 of Pblock pblock_CL
INFO: [Constraints 18-12184] Site SLICE_X198Y480 is prohibited due to Sites belong to FSR edge tile CLEL_R_X126Y480 of Pblock pblock_CL
INFO: [Constraints 18-12184] Site SLICE_X199Y480 is prohibited due to Sites belong to FSR edge tile CLEL_L_X127Y480 of Pblock pblock_CL
INFO: [Constraints 18-12184] Site SLICE_X200Y480 is prohibited due to Sites belong to FSR edge tile CLEL_R_X127Y480 of Pblock pblock_CL
INFO: [Constraints 18-12184] Site SLICE_X201Y480 is prohibited due to Sites belong to FSR edge tile CLEM_X128Y480 of Pblock pblock_CL
INFO: [Constraints 18-12184] Site SLICE_X202Y480 is prohibited due to Sites belong to FSR edge tile CLEL_R_X128Y480 of Pblock pblock_CL
INFO: [Constraints 18-12184] Site SLICE_X203Y480 is prohibited due to Sites belong to FSR edge tile CLEL_L_X129Y480 of Pblock pblock_CL
INFO: [Constraints 18-12184] Site SLICE_X204Y480 is prohibited due to Sites belong to FSR edge tile CLEL_R_X129Y480 of Pblock pblock_CL
INFO: [Constraints 18-12184] Site SLICE_X205Y480 is prohibited due to Sites belong to FSR edge tile CLEM_X130Y480 of Pblock pblock_CL
INFO: [Constraints 18-12184] Site SLICE_X206Y480 is prohibited due to Sites belong to FSR edge tile CLEM_X131Y480 of Pblock pblock_CL
INFO: [Constraints 18-12184] Site SLICE_X207Y480 is prohibited due to Sites belong to FSR edge tile CLEL_R_X131Y480 of Pblock pblock_CL
INFO: [Constraints 18-12184] Site SLICE_X208Y480 is prohibited due to Sites belong to FSR edge tile CLEM_X132Y480 of Pblock pblock_CL
INFO: [Constraints 18-12184] Site SLICE_X209Y480 is prohibited due to Sites belong to FSR edge tile CLEL_R_X132Y480 of Pblock pblock_CL
INFO: [Constraints 18-12184] Site SLICE_X210Y480 is prohibited due to Sites belong to FSR edge tile CLEM_X133Y480 of Pblock pblock_CL
INFO: [Constraints 18-12184] Site SLICE_X211Y480 is prohibited due to Sites belong to FSR edge tile CLEL_R_X133Y480 of Pblock pblock_CL
INFO: [Constraints 18-12184] Site SLICE_X212Y480 is prohibited due to Sites belong to FSR edge tile CLEM_X134Y480 of Pblock pblock_CL
INFO: [Constraints 18-12184] Site SLICE_X213Y480 is prohibited due to Sites belong to FSR edge tile CLEL_R_X134Y480 of Pblock pblock_CL
INFO: [Constraints 18-12184] Site SLICE_X216Y480 is prohibited due to Sites belong to FSR edge tile CLEM_X136Y480 of Pblock pblock_CL
INFO: [Constraints 18-12184] Site SLICE_X217Y480 is prohibited due to Sites belong to FSR edge tile CLEM_X137Y480 of Pblock pblock_CL
INFO: [Constraints 18-12184] Site SLICE_X218Y480 is prohibited due to Sites belong to FSR edge tile CLEL_R_X137Y480 of Pblock pblock_CL
INFO: [Constraints 18-12184] Site SLICE_X219Y480 is prohibited due to Sites belong to FSR edge tile CLEL_R_X138Y480 of Pblock pblock_CL
INFO: [Constraints 18-12184] Site SLICE_X220Y480 is prohibited due to Sites belong to FSR edge tile CLEM_X139Y480 of Pblock pblock_CL
INFO: [Constraints 18-12184] Site SLICE_X221Y480 is prohibited due to Sites belong to FSR edge tile CLEL_R_X140Y480 of Pblock pblock_CL
INFO: [Constraints 18-12184] Site SLICE_X222Y480 is prohibited due to Sites belong to FSR edge tile CLEM_R_X141Y480 of Pblock pblock_CL
INFO: [Constraints 18-12184] Site SLICE_X223Y480 is prohibited due to Sites belong to FSR edge tile CLEL_R_X141Y480 of Pblock pblock_CL
INFO: [Constraints 18-12184] Site SLICE_X224Y480 is prohibited due to Sites belong to FSR edge tile CLEL_R_X142Y480 of Pblock pblock_CL
INFO: [Constraints 18-12184] Site SLICE_X227Y480 is prohibited due to Sites belong to FSR edge tile CLEM_R_X144Y480 of Pblock pblock_CL
INFO: [Constraints 18-12184] Site SLICE_X228Y480 is prohibited due to Sites belong to FSR edge tile CLEL_R_X144Y480 of Pblock pblock_CL
INFO: [Constraints 18-12184] Site SLICE_X229Y480 is prohibited due to Sites belong to FSR edge tile CLEM_R_X145Y480 of Pblock pblock_CL
INFO: [Constraints 18-12184] Site SLICE_X230Y480 is prohibited due to Sites belong to FSR edge tile CLEM_R_X146Y480 of Pblock pblock_CL
INFO: [Constraints 18-12184] Site SLICE_X231Y480 is prohibited due to Sites belong to FSR edge tile CLEL_R_X146Y480 of Pblock pblock_CL
INFO: [Constraints 18-12184] Site SLICE_X232Y480 is prohibited due to Sites belong to FSR edge tile CLEM_R_X147Y480 of Pblock pblock_CL
INFO: [Constraints 18-12184] Site SLICE_X176Y119 is prohibited due to Sites belong to FSR edge tile CLEM_X112Y119 of Pblock pblock_CL
INFO: [Constraints 18-12184] Site SLICE_X177Y119 is prohibited due to Sites belong to FSR edge tile CLEL_R_X112Y119 of Pblock pblock_CL
INFO: [Constraints 18-12184] Site SLICE_X178Y119 is prohibited due to Sites belong to FSR edge tile CLEL_R_X113Y119 of Pblock pblock_CL
INFO: [Constraints 18-12184] Site SLICE_X179Y119 is prohibited due to Sites belong to FSR edge tile CLEM_X114Y119 of Pblock pblock_CL
INFO: [Constraints 18-12184] Site SLICE_X180Y119 is prohibited due to Sites belong to FSR edge tile CLEM_X115Y119 of Pblock pblock_CL
INFO: [Constraints 18-12184] Site SLICE_X181Y119 is prohibited due to Sites belong to FSR edge tile CLEL_R_X115Y119 of Pblock pblock_CL
INFO: [Constraints 18-12184] Site SLICE_X182Y119 is prohibited due to Sites belong to FSR edge tile CLEM_X116Y119 of Pblock pblock_CL
INFO: [Constraints 18-12184] Site SLICE_X183Y119 is prohibited due to Sites belong to FSR edge tile CLEL_R_X116Y119 of Pblock pblock_CL
INFO: [Constraints 18-12184] Site SLICE_X184Y119 is prohibited due to Sites belong to FSR edge tile CLEM_X117Y119 of Pblock pblock_CL
INFO: [Constraints 18-12184] Site SLICE_X185Y119 is prohibited due to Sites belong to FSR edge tile CLEL_R_X118Y119 of Pblock pblock_CL
INFO: [Constraints 18-12184] Site SLICE_X186Y119 is prohibited due to Sites belong to FSR edge tile CLEM_X119Y119 of Pblock pblock_CL
INFO: [Constraints 18-12184] Site SLICE_X187Y119 is prohibited due to Sites belong to FSR edge tile CLEM_X120Y119 of Pblock pblock_CL
INFO: [Constraints 18-12184] Site SLICE_X188Y119 is prohibited due to Sites belong to FSR edge tile CLEL_R_X120Y119 of Pblock pblock_CL
INFO: [Constraints 18-12184] Site SLICE_X189Y119 is prohibited due to Sites belong to FSR edge tile CLEL_L_X121Y119 of Pblock pblock_CL
INFO: [Constraints 18-12184] Site SLICE_X190Y119 is prohibited due to Sites belong to FSR edge tile CLEL_R_X121Y119 of Pblock pblock_CL
INFO: [Constraints 18-12184] Site SLICE_X191Y119 is prohibited due to Sites belong to FSR edge tile CLEM_X122Y119 of Pblock pblock_CL
INFO: [Constraints 18-12184] Site SLICE_X192Y119 is prohibited due to Sites belong to FSR edge tile CLEM_X123Y119 of Pblock pblock_CL
INFO: [Constraints 18-12184] Site SLICE_X193Y119 is prohibited due to Sites belong to FSR edge tile CLEL_R_X123Y119 of Pblock pblock_CL
INFO: [Constraints 18-12184] Site SLICE_X194Y119 is prohibited due to Sites belong to FSR edge tile CLEM_X124Y119 of Pblock pblock_CL
INFO: [Constraints 18-12184] Site SLICE_X195Y119 is prohibited due to Sites belong to FSR edge tile CLEL_R_X124Y119 of Pblock pblock_CL
INFO: [Constraints 18-12184] Site SLICE_X196Y119 is prohibited due to Sites belong to FSR edge tile CLEM_X125Y119 of Pblock pblock_CL
INFO: [Constraints 18-12184] Site SLICE_X197Y119 is prohibited due to Sites belong to FSR edge tile CLEM_X126Y119 of Pblock pblock_CL
INFO: [Constraints 18-12184] Site SLICE_X198Y119 is prohibited due to Sites belong to FSR edge tile CLEL_R_X126Y119 of Pblock pblock_CL
INFO: [Constraints 18-12184] Site SLICE_X199Y119 is prohibited due to Sites belong to FSR edge tile CLEL_L_X127Y119 of Pblock pblock_CL
INFO: [Constraints 18-12184] Site SLICE_X200Y119 is prohibited due to Sites belong to FSR edge tile CLEL_R_X127Y119 of Pblock pblock_CL
INFO: [Constraints 18-12184] Site SLICE_X201Y119 is prohibited due to Sites belong to FSR edge tile CLEM_X128Y119 of Pblock pblock_CL
INFO: [Constraints 18-12184] Site SLICE_X202Y119 is prohibited due to Sites belong to FSR edge tile CLEL_R_X128Y119 of Pblock pblock_CL
INFO: [Constraints 18-12184] Site SLICE_X203Y119 is prohibited due to Sites belong to FSR edge tile CLEL_L_X129Y119 of Pblock pblock_CL
INFO: [Constraints 18-12184] Site SLICE_X204Y119 is prohibited due to Sites belong to FSR edge tile CLEL_R_X129Y119 of Pblock pblock_CL
INFO: [Constraints 18-12184] Site SLICE_X205Y119 is prohibited due to Sites belong to FSR edge tile CLEM_X130Y119 of Pblock pblock_CL
INFO: [Constraints 18-12184] Site SLICE_X206Y119 is prohibited due to Sites belong to FSR edge tile CLEM_X131Y119 of Pblock pblock_CL
INFO: [Constraints 18-12184] Site SLICE_X207Y119 is prohibited due to Sites belong to FSR edge tile CLEL_R_X131Y119 of Pblock pblock_CL
INFO: [Constraints 18-12184] Site SLICE_X208Y119 is prohibited due to Sites belong to FSR edge tile CLEM_X132Y119 of Pblock pblock_CL
INFO: [Constraints 18-12184] Site SLICE_X209Y119 is prohibited due to Sites belong to FSR edge tile CLEL_R_X132Y119 of Pblock pblock_CL
INFO: [Constraints 18-12184] Site SLICE_X210Y119 is prohibited due to Sites belong to FSR edge tile CLEM_X133Y119 of Pblock pblock_CL
INFO: [Constraints 18-12184] Site SLICE_X211Y119 is prohibited due to Sites belong to FSR edge tile CLEL_R_X133Y119 of Pblock pblock_CL
INFO: [Constraints 18-12184] Site SLICE_X212Y119 is prohibited due to Sites belong to FSR edge tile CLEM_X134Y119 of Pblock pblock_CL
INFO: [Constraints 18-12184] Site SLICE_X213Y119 is prohibited due to Sites belong to FSR edge tile CLEL_R_X134Y119 of Pblock pblock_CL
INFO: [Constraints 18-12184] Site SLICE_X214Y119 is prohibited due to Sites belong to FSR edge tile CLEM_X135Y119 of Pblock pblock_CL
INFO: [Constraints 18-12184] Site SLICE_X215Y119 is prohibited due to Sites belong to FSR edge tile CLEL_R_X135Y119 of Pblock pblock_CL
INFO: [Constraints 18-12184] Site SLICE_X216Y119 is prohibited due to Sites belong to FSR edge tile CLEM_X136Y119 of Pblock pblock_CL
INFO: [Constraints 18-12184] Site SLICE_X217Y119 is prohibited due to Sites belong to FSR edge tile CLEM_X137Y119 of Pblock pblock_CL
INFO: [Constraints 18-12184] Site SLICE_X218Y119 is prohibited due to Sites belong to FSR edge tile CLEL_R_X137Y119 of Pblock pblock_CL
INFO: [Constraints 18-12184] Site SLICE_X219Y119 is prohibited due to Sites belong to FSR edge tile CLEL_R_X138Y119 of Pblock pblock_CL
INFO: [Constraints 18-12184] Site SLICE_X221Y119 is prohibited due to Sites belong to FSR edge tile CLEL_R_X140Y119 of Pblock pblock_CL
INFO: [Constraints 18-12184] Site SLICE_X222Y119 is prohibited due to Sites belong to FSR edge tile CLEM_R_X141Y119 of Pblock pblock_CL
INFO: [Constraints 18-12184] Site SLICE_X223Y119 is prohibited due to Sites belong to FSR edge tile CLEL_R_X141Y119 of Pblock pblock_CL
INFO: [Constraints 18-12184] Site SLICE_X224Y119 is prohibited due to Sites belong to FSR edge tile CLEL_R_X142Y119 of Pblock pblock_CL
INFO: [Constraints 18-12184] Site SLICE_X225Y119 is prohibited due to Sites belong to FSR edge tile CLEM_R_X143Y119 of Pblock pblock_CL
INFO: [Constraints 18-12184] Site SLICE_X226Y119 is prohibited due to Sites belong to FSR edge tile CLEL_R_X143Y119 of Pblock pblock_CL
INFO: [Constraints 18-12184] Site SLICE_X227Y119 is prohibited due to Sites belong to FSR edge tile CLEM_R_X144Y119 of Pblock pblock_CL
INFO: [Common 17-14] Message 'Constraints 18-12184' appears 100 times and further instances of the messages will be disabled. Use the Tcl command set_msg_config to change the current settings.

Phase 1.2 IO Placement/ Clock Placement/ Build Placer Device
Phase 1.2 IO Placement/ Clock Placement/ Build Placer Device | Checksum: 16a9cb3ed

Time (s): cpu = 00:03:45 ; elapsed = 00:03:40 . Memory (MB): peak = 5450.383 ; gain = 0.000 ; free physical = 53862 ; free virtual = 69041

Phase 1.3 Build Placer Netlist Model
Phase 1.3 Build Placer Netlist Model | Checksum: 1e78e5a05

Time (s): cpu = 00:04:08 ; elapsed = 00:03:53 . Memory (MB): peak = 5931.777 ; gain = 481.395 ; free physical = 53420 ; free virtual = 68600

Phase 1.4 Constrain Clocks/Macros
Phase 1.4 Constrain Clocks/Macros | Checksum: 1e78e5a05

Time (s): cpu = 00:04:08 ; elapsed = 00:03:53 . Memory (MB): peak = 5931.777 ; gain = 481.395 ; free physical = 53420 ; free virtual = 68600
Phase 1 Placer Initialization | Checksum: 1e78e5a05

Time (s): cpu = 00:04:09 ; elapsed = 00:03:54 . Memory (MB): peak = 5931.777 ; gain = 481.395 ; free physical = 53420 ; free virtual = 68600

Phase 2 Global Placement

Phase 2.1 Floorplanning

Phase 2.1.1 Partition Driven Placement

Phase 2.1.1.1 PBP: Partition Driven Placement
Phase 2.1.1.1 PBP: Partition Driven Placement | Checksum: 18019806f

Time (s): cpu = 00:04:21 ; elapsed = 00:04:02 . Memory (MB): peak = 5931.777 ; gain = 481.395 ; free physical = 53419 ; free virtual = 68600

Phase 2.1.1.2 PBP: Clock Region Placement
Phase 2.1.1.2 PBP: Clock Region Placement | Checksum: 290ad47db

Time (s): cpu = 00:04:35 ; elapsed = 00:04:16 . Memory (MB): peak = 5931.777 ; gain = 481.395 ; free physical = 53418 ; free virtual = 68599

Phase 2.1.1.3 PBP: Compute Congestion
Phase 2.1.1.3 PBP: Compute Congestion | Checksum: 290ad47db

Time (s): cpu = 00:05:02 ; elapsed = 00:04:49 . Memory (MB): peak = 6374.762 ; gain = 924.379 ; free physical = 52479 ; free virtual = 68088

Phase 2.1.1.4 PBP: UpdateTiming
Phase 2.1.1.4 PBP: UpdateTiming | Checksum: 2844f03ec

Time (s): cpu = 00:05:04 ; elapsed = 00:04:49 . Memory (MB): peak = 6406.777 ; gain = 956.395 ; free physical = 52482 ; free virtual = 68091

Phase 2.1.1.5 PBP: Add part constraints
Phase 2.1.1.5 PBP: Add part constraints | Checksum: 2844f03ec

Time (s): cpu = 00:05:04 ; elapsed = 00:04:50 . Memory (MB): peak = 6406.777 ; gain = 956.395 ; free physical = 52485 ; free virtual = 68094
Phase 2.1.1 Partition Driven Placement | Checksum: 2844f03ec

Time (s): cpu = 00:05:04 ; elapsed = 00:04:50 . Memory (MB): peak = 6406.777 ; gain = 956.395 ; free physical = 52485 ; free virtual = 68094
Phase 2.1 Floorplanning | Checksum: 1cd0098d4

Time (s): cpu = 00:05:04 ; elapsed = 00:04:50 . Memory (MB): peak = 6406.777 ; gain = 956.395 ; free physical = 52485 ; free virtual = 68094

Phase 2.2 Physical Synthesis After Floorplan
INFO: [Physopt 32-46] Identified 1 candidate net for critical-cell optimization.
INFO: [Physopt 32-775] End 1 Pass. Optimized 0 net or cell. Created 0 new cell, deleted 0 existing cell and moved 0 existing cell
Netlist sorting complete. Time (s): cpu = 00:00:00.03 ; elapsed = 00:00:00.03 . Memory (MB): peak = 6406.777 ; gain = 0.000 ; free physical = 52484 ; free virtual = 68095

Summary of Physical Synthesis Optimizations
============================================


-----------------------------------------------------------------------------------------------------------------------------------------------
|  Optimization                         |  Added Cells  |  Removed Cells  |  Optimized Cells/Nets  |  Dont Touch  |  Iterations  |  Elapsed   |
-----------------------------------------------------------------------------------------------------------------------------------------------
|  PSIP Post Floorplan SLR Replication  |            0  |              0  |                     0  |           0  |           1  |  00:00:00  |
|  Total                                |            0  |              0  |                     0  |           0  |           1  |  00:00:00  |
-----------------------------------------------------------------------------------------------------------------------------------------------


Phase 2.2 Physical Synthesis After Floorplan | Checksum: 1cd0098d4

Time (s): cpu = 00:05:05 ; elapsed = 00:04:50 . Memory (MB): peak = 6406.777 ; gain = 956.395 ; free physical = 52484 ; free virtual = 68095

Phase 2.3 Update Timing before SLR Path Opt
Phase 2.3 Update Timing before SLR Path Opt | Checksum: 1d8871831

Time (s): cpu = 00:05:06 ; elapsed = 00:04:51 . Memory (MB): peak = 6406.777 ; gain = 956.395 ; free physical = 52484 ; free virtual = 68095

Phase 2.4 Post-Processing in Floorplanning
Phase 2.4 Post-Processing in Floorplanning | Checksum: 1d8871831

Time (s): cpu = 00:05:06 ; elapsed = 00:04:51 . Memory (MB): peak = 6406.777 ; gain = 956.395 ; free physical = 52484 ; free virtual = 68095

Phase 2.5 Global Place Phase1
Phase 2.5 Global Place Phase1 | Checksum: 2a00e8158

Time (s): cpu = 00:08:06 ; elapsed = 00:06:16 . Memory (MB): peak = 6949.797 ; gain = 1499.414 ; free physical = 52046 ; free virtual = 67661

Phase 2.6 Global Place Phase2

Phase 2.6.1 UpdateTiming Before Physical Synthesis
Phase 2.6.1 UpdateTiming Before Physical Synthesis | Checksum: 23e70a7b1

Time (s): cpu = 00:08:11 ; elapsed = 00:06:17 . Memory (MB): peak = 6949.797 ; gain = 1499.414 ; free physical = 52046 ; free virtual = 67661

Phase 2.6.2 Physical Synthesis In Placer
INFO: [Physopt 32-1035] Found 3 LUTNM shape to break, 34 LUT instances to create LUTNM shape
INFO: [Physopt 32-1044] Break lutnm for timing: one critical 2, two critical 1, total 3, new lutff created 0
INFO: [Physopt 32-1138] End 1 Pass. Optimized 19 nets or LUTs. Breaked 3 LUTs, combined 16 existing LUTs and moved 0 existing LUT
INFO: [Physopt 32-1030] Pass 1. Identified 4 candidate driver sets for equivalent driver rewiring.
INFO: [Physopt 32-661] Optimized 0 net.  Re-placed 0 instance.
INFO: [Physopt 32-775] End 1 Pass. Optimized 0 net or cell. Created 0 new cell, deleted 0 existing cell and moved 0 existing cell
INFO: [Physopt 32-65] No nets found for high-fanout optimization.
INFO: [Physopt 32-232] Optimized 0 net. Created 0 new instance.
INFO: [Physopt 32-775] End 1 Pass. Optimized 0 net or cell. Created 0 new cell, deleted 0 existing cell and moved 0 existing cell
INFO: [Physopt 32-456] No candidate cells for DSP register optimization found in the design.
INFO: [Physopt 32-775] End 2 Pass. Optimized 0 net or cell. Created 0 new cell, deleted 0 existing cell and moved 0 existing cell
INFO: [Physopt 32-1123] No candidate cells found for Shift Register to Pipeline optimization
INFO: [Physopt 32-775] End 2 Pass. Optimized 0 net or cell. Created 0 new cell, deleted 0 existing cell and moved 0 existing cell
INFO: [Physopt 32-1401] No candidate cells found for Shift Register optimization.
INFO: [Physopt 32-677] No candidate cells for Shift Register optimization found in the design
INFO: [Physopt 32-775] End 1 Pass. Optimized 0 net or cell. Created 0 new cell, deleted 0 existing cell and moved 0 existing cell
INFO: [Physopt 32-526] No candidate cells for BRAM register optimization found in the design
INFO: [Physopt 32-775] End 1 Pass. Optimized 0 net or cell. Created 0 new cell, deleted 0 existing cell and moved 0 existing cell
INFO: [Physopt 32-846] No candidate cells for URAM register optimization found in the design
INFO: [Physopt 32-775] End 1 Pass. Optimized 0 net or cell. Created 0 new cell, deleted 0 existing cell and moved 0 existing cell
INFO: [Physopt 32-846] No candidate cells for URAM register optimization found in the design
INFO: [Physopt 32-775] End 1 Pass. Optimized 0 net or cell. Created 0 new cell, deleted 0 existing cell and moved 0 existing cell
INFO: [Physopt 32-949] No candidate nets found for dynamic/static region interface net replication
INFO: [Physopt 32-775] End 1 Pass. Optimized 0 net or cell. Created 0 new cell, deleted 0 existing cell and moved 0 existing cell
Netlist sorting complete. Time (s): cpu = 00:00:00.03 ; elapsed = 00:00:00.04 . Memory (MB): peak = 6949.797 ; gain = 0.000 ; free physical = 52045 ; free virtual = 67660

Summary of Physical Synthesis Optimizations
============================================


-----------------------------------------------------------------------------------------------------------------------------------------------------------
|  Optimization                                     |  Added Cells  |  Removed Cells  |  Optimized Cells/Nets  |  Dont Touch  |  Iterations  |  Elapsed   |
-----------------------------------------------------------------------------------------------------------------------------------------------------------
|  LUT Combining                                    |            3  |             16  |                    19  |           0  |           1  |  00:00:01  |
|  Retime                                           |            0  |              0  |                     0  |           0  |           1  |  00:00:00  |
|  Equivalent Driver Rewiring                       |            0  |              0  |                     0  |           0  |           1  |  00:00:00  |
|  Very High Fanout                                 |            0  |              0  |                     0  |           0  |           1  |  00:00:00  |
|  DSP Register                                     |            0  |              0  |                     0  |           0  |           1  |  00:00:00  |
|  Shift Register to Pipeline                       |            0  |              0  |                     0  |           0  |           1  |  00:00:00  |
|  Shift Register                                   |            0  |              0  |                     0  |           0  |           1  |  00:00:00  |
|  BRAM Register                                    |            0  |              0  |                     0  |           0  |           1  |  00:00:00  |
|  URAM Register                                    |            0  |              0  |                     0  |           0  |           1  |  00:00:00  |
|  Dynamic/Static Region Interface Net Replication  |            0  |              0  |                     0  |           0  |           1  |  00:00:00  |
|  Total                                            |            3  |             16  |                    19  |           0  |          10  |  00:00:01  |
-----------------------------------------------------------------------------------------------------------------------------------------------------------


Phase 2.6.2 Physical Synthesis In Placer | Checksum: 1cfc86c18

Time (s): cpu = 00:08:14 ; elapsed = 00:06:20 . Memory (MB): peak = 6949.797 ; gain = 1499.414 ; free physical = 52045 ; free virtual = 67660
Phase 2.6 Global Place Phase2 | Checksum: 1c99d7bbf

Time (s): cpu = 00:09:53 ; elapsed = 00:06:55 . Memory (MB): peak = 6949.797 ; gain = 1499.414 ; free physical = 52028 ; free virtual = 67643
Phase 2 Global Placement | Checksum: 1c99d7bbf

Time (s): cpu = 00:09:53 ; elapsed = 00:06:55 . Memory (MB): peak = 6949.797 ; gain = 1499.414 ; free physical = 52028 ; free virtual = 67643

Phase 3 Detail Placement

Phase 3.1 Commit Multi Column Macros
Phase 3.1 Commit Multi Column Macros | Checksum: 25bc56e79

Time (s): cpu = 00:10:24 ; elapsed = 00:07:05 . Memory (MB): peak = 6949.797 ; gain = 1499.414 ; free physical = 52028 ; free virtual = 67643

Phase 3.2 Commit Most Macros & LUTRAMs
Phase 3.2 Commit Most Macros & LUTRAMs | Checksum: 1aebcb95e

Time (s): cpu = 00:10:26 ; elapsed = 00:07:06 . Memory (MB): peak = 6949.797 ; gain = 1499.414 ; free physical = 52028 ; free virtual = 67643

Phase 3.3 Small Shape DP

Phase 3.3.1 Small Shape Clustering
Phase 3.3.1 Small Shape Clustering | Checksum: 1a2ae481a

Time (s): cpu = 00:11:24 ; elapsed = 00:07:36 . Memory (MB): peak = 6949.797 ; gain = 1499.414 ; free physical = 52033 ; free virtual = 67648

Phase 3.3.2 Slice Area Swap

Phase 3.3.2.1 Slice Area Swap Initial
Phase 3.3.2.1 Slice Area Swap Initial | Checksum: 16b8cde4d

Time (s): cpu = 00:11:28 ; elapsed = 00:07:39 . Memory (MB): peak = 6949.797 ; gain = 1499.414 ; free physical = 52032 ; free virtual = 67648
Phase 3.3.2 Slice Area Swap | Checksum: 1159a2ff1

Time (s): cpu = 00:11:31 ; elapsed = 00:07:41 . Memory (MB): peak = 6949.797 ; gain = 1499.414 ; free physical = 52032 ; free virtual = 67647
Phase 3.3 Small Shape DP | Checksum: 1d9ea094e

Time (s): cpu = 00:11:40 ; elapsed = 00:07:44 . Memory (MB): peak = 6949.797 ; gain = 1499.414 ; free physical = 52003 ; free virtual = 67619

Phase 3.4 Re-assign LUT pins
Phase 3.4 Re-assign LUT pins | Checksum: 1b31ec548

Time (s): cpu = 00:11:42 ; elapsed = 00:07:46 . Memory (MB): peak = 6949.797 ; gain = 1499.414 ; free physical = 52003 ; free virtual = 67619

Phase 3.5 Pipeline Register Optimization
Phase 3.5 Pipeline Register Optimization | Checksum: 1b31ec548

Time (s): cpu = 00:11:44 ; elapsed = 00:07:47 . Memory (MB): peak = 6949.797 ; gain = 1499.414 ; free physical = 52003 ; free virtual = 67619

Phase 3.6 Fast Optimization
Phase 3.6 Fast Optimization | Checksum: 1e8da0b1c

Time (s): cpu = 00:12:19 ; elapsed = 00:08:10 . Memory (MB): peak = 6949.797 ; gain = 1499.414 ; free physical = 52022 ; free virtual = 67637
Phase 3 Detail Placement | Checksum: 1e8da0b1c

Time (s): cpu = 00:12:19 ; elapsed = 00:08:10 . Memory (MB): peak = 6949.797 ; gain = 1499.414 ; free physical = 52022 ; free virtual = 67637

Phase 4 Post Placement Optimization and Clean-Up

Phase 4.1 Post Commit Optimization
INFO: [Timing 38-35] Done setting XDC timing constraints.

Phase 4.1.1 Post Placement Optimization

Phase 4.1.1.1 BUFG Replication
INFO: [Place 46-63] BUFG replication identified 0 candidate nets: Replicated nets: 0, Replicated BUFGs: 0, Replicated BUFG Driver: 0, moved BUFGs: 0, Skipped due to Placement / Routing Conflict: 0, Skipped due to Timing: 0, Skipped due to constraints: 0
Phase 4.1.1.1 BUFG Replication | Checksum: 20bc78735

Time (s): cpu = 00:13:10 ; elapsed = 00:08:28 . Memory (MB): peak = 6949.797 ; gain = 1499.414 ; free physical = 52021 ; free virtual = 67637

Phase 4.1.1.2 Post Placement Timing Optimization
INFO: [Place 30-746] Post Placement Timing Summary WNS=-0.129. For the most accurate timing information please run report_timing.
Phase 4.1.1.2 Post Placement Timing Optimization | Checksum: 1f4d4715c

Time (s): cpu = 00:18:09 ; elapsed = 00:13:26 . Memory (MB): peak = 6949.797 ; gain = 1499.414 ; free physical = 52012 ; free virtual = 67627

Phase 4.1.1.3 Replication
INFO: [Place 46-19] Post Replication Timing Summary WNS=-0.129. For the most accurate timing information please run report_timing.
Phase 4.1.1.3 Replication | Checksum: 1f4d4715c

Time (s): cpu = 00:18:10 ; elapsed = 00:13:26 . Memory (MB): peak = 6949.797 ; gain = 1499.414 ; free physical = 52012 ; free virtual = 67627

Time (s): cpu = 00:18:10 ; elapsed = 00:13:26 . Memory (MB): peak = 6949.797 ; gain = 1499.414 ; free physical = 52012 ; free virtual = 67627
Phase 4.1 Post Commit Optimization | Checksum: 1f4d4715c

Time (s): cpu = 00:18:10 ; elapsed = 00:13:26 . Memory (MB): peak = 6949.797 ; gain = 1499.414 ; free physical = 52012 ; free virtual = 67627
Netlist sorting complete. Time (s): cpu = 00:00:00.03 ; elapsed = 00:00:00.04 . Memory (MB): peak = 7007.000 ; gain = 0.000 ; free physical = 51941 ; free virtual = 67557

Phase 4.2 Post Placement Cleanup
Phase 4.2 Post Placement Cleanup | Checksum: 23cebabce

Time (s): cpu = 00:19:13 ; elapsed = 00:14:05 . Memory (MB): peak = 7007.000 ; gain = 1556.617 ; free physical = 51941 ; free virtual = 67557

Phase 4.3 Placer Reporting

Phase 4.3.1 Print Estimated Congestion
INFO: [Place 30-612] Post-Placement Estimated Congestion 
 ________________________________________________________________________
|           | Global Congestion | Long Congestion   | Short Congestion  |
| Direction | Region Size       | Region Size       | Region Size       |
|___________|___________________|___________________|___________________|
|      North|                1x1|                1x1|                1x1|
|___________|___________________|___________________|___________________|
|      South|                1x1|                1x1|                1x1|
|___________|___________________|___________________|___________________|
|       East|                1x1|                1x1|                4x4|
|___________|___________________|___________________|___________________|
|       West|                1x1|                1x1|                8x8|
|___________|___________________|___________________|___________________|

SLR0:
 ________________________________________________________________________
|           | Global Congestion | Long Congestion   | Short Congestion  |
| Direction | Region Size       | Region Size       | Region Size       |
|___________|___________________|___________________|___________________|
|      North|                1x1|                1x1|                1x1|
|___________|___________________|___________________|___________________|
|      South|                1x1|                1x1|                1x1|
|___________|___________________|___________________|___________________|
|       East|                1x1|                1x1|                1x1|
|___________|___________________|___________________|___________________|
|       West|                1x1|                1x1|                1x1|
|___________|___________________|___________________|___________________|

SLR1:
 ________________________________________________________________________
|           | Global Congestion | Long Congestion   | Short Congestion  |
| Direction | Region Size       | Region Size       | Region Size       |
|___________|___________________|___________________|___________________|
|      North|                1x1|                1x1|                1x1|
|___________|___________________|___________________|___________________|
|      South|                1x1|                1x1|                1x1|
|___________|___________________|___________________|___________________|
|       East|                1x1|                1x1|                4x4|
|___________|___________________|___________________|___________________|
|       West|                1x1|                1x1|                8x8|
|___________|___________________|___________________|___________________|

SLR2:
 ________________________________________________________________________
|           | Global Congestion | Long Congestion   | Short Congestion  |
| Direction | Region Size       | Region Size       | Region Size       |
|___________|___________________|___________________|___________________|
|      North|                1x1|                1x1|                1x1|
|___________|___________________|___________________|___________________|
|      South|                1x1|                1x1|                1x1|
|___________|___________________|___________________|___________________|
|       East|                1x1|                1x1|                1x1|
|___________|___________________|___________________|___________________|
|       West|                1x1|                1x1|                1x1|
|___________|___________________|___________________|___________________|

Phase 4.3.1 Print Estimated Congestion | Checksum: 23cebabce

Time (s): cpu = 00:19:14 ; elapsed = 00:14:05 . Memory (MB): peak = 7007.000 ; gain = 1556.617 ; free physical = 51941 ; free virtual = 67557
Phase 4.3 Placer Reporting | Checksum: 23cebabce

Time (s): cpu = 00:19:14 ; elapsed = 00:14:05 . Memory (MB): peak = 7007.000 ; gain = 1556.617 ; free physical = 51941 ; free virtual = 67557

Phase 4.4 Final Placement Cleanup
Netlist sorting complete. Time (s): cpu = 00:00:00.04 ; elapsed = 00:00:00.03 . Memory (MB): peak = 7007.000 ; gain = 0.000 ; free physical = 51941 ; free virtual = 67557

Time (s): cpu = 00:19:14 ; elapsed = 00:14:05 . Memory (MB): peak = 7007.000 ; gain = 1556.617 ; free physical = 51941 ; free virtual = 67557
Phase 4 Post Placement Optimization and Clean-Up | Checksum: 281ead26f

Time (s): cpu = 00:19:14 ; elapsed = 00:14:05 . Memory (MB): peak = 7007.000 ; gain = 1556.617 ; free physical = 51941 ; free virtual = 67557
Ending Placer Task | Checksum: 24d5e8880

Time (s): cpu = 00:19:15 ; elapsed = 00:14:06 . Memory (MB): peak = 7007.000 ; gain = 1556.617 ; free physical = 51941 ; free virtual = 67557
142 Infos, 3 Warnings, 0 Critical Warnings and 0 Errors encountered.
place_design completed successfully
place_design: Time (s): cpu = 00:19:38 ; elapsed = 00:14:14 . Memory (MB): peak = 7007.000 ; gain = 1556.617 ; free physical = 51941 ; free virtual = 67557
## print "Writing post-place design checkpoint and report"

AWS FPGA: (22:01:15): Writing post-place design checkpoint and report

## write_checkpoint -force ${checkpoints_dir}/${CL}.${TAG}.post_place.dcp
INFO: [Timing 38-480] Writing timing data to binary archive.
Write ShapeDB Complete: Time (s): cpu = 00:00:00.38 ; elapsed = 00:00:00.06 . Memory (MB): peak = 7015.004 ; gain = 0.000 ; free physical = 51914 ; free virtual = 67549
Wrote PlaceDB: Time (s): cpu = 00:00:06 ; elapsed = 00:00:02 . Memory (MB): peak = 7015.004 ; gain = 0.000 ; free physical = 51850 ; free virtual = 67536
Wrote PulsedLatchDB: Time (s): cpu = 00:00:00 ; elapsed = 00:00:00 . Memory (MB): peak = 7015.004 ; gain = 0.000 ; free physical = 51846 ; free virtual = 67533
Writing XDEF routing.
Writing XDEF routing logical nets.
Writing XDEF routing special nets.
Wrote RouteStorage: Time (s): cpu = 00:00:00.57 ; elapsed = 00:00:00.16 . Memory (MB): peak = 7015.004 ; gain = 0.000 ; free physical = 51844 ; free virtual = 67534
Wrote Netlist Cache: Time (s): cpu = 00:00:00.08 ; elapsed = 00:00:00.06 . Memory (MB): peak = 7015.004 ; gain = 0.000 ; free physical = 51837 ; free virtual = 67532
Wrote Device Cache: Time (s): cpu = 00:00:00.01 ; elapsed = 00:00:00.01 . Memory (MB): peak = 7015.004 ; gain = 0.000 ; free physical = 51837 ; free virtual = 67534
Write Physdb Complete: Time (s): cpu = 00:00:07 ; elapsed = 00:00:02 . Memory (MB): peak = 7015.004 ; gain = 0.000 ; free physical = 51837 ; free virtual = 67534
INFO: [Common 17-1381] The checkpoint '/home/ubuntu/aws-fpga/hdk/cl/developer_designs/cl_minikanren_chirho/build/checkpoints/cl_minikanren_chirho.2026_01_26-213858.post_place.dcp' has been generated.
## report_timing -delay_type max \
##               -path_type full_clock_expanded \
##               -max_paths 10 \
##               -nworst 1 \
##               -input_pins \
##               -slice_pins \
##               -sort_by group \
##               -significant_digits 3 \
##               -file $reports_dir/${CL}.${TAG}.post_place_timing.rpt
INFO: [Timing 38-91] UpdateTimingParams: Speed grade: -2, Temperature grade: E, Delay Type: max.
INFO: [Timing 38-191] Multithreading enabled for timing update using a maximum of 8 CPUs
INFO: [Timing 38-78] ReportTimingParams: -max_paths 10 -nworst 1 -delay_type max -sort_by group.
## print "Start physical-optimizing customer design ${CL}"

AWS FPGA: (22:01:24): Start physical-optimizing customer design cl_minikanren_chirho

## phys_opt_design -directive $PHY_OPT_DIRECT
Command: phys_opt_design -directive AggressiveExplore
Attempting to get a license for feature 'Implementation' and/or device 'xcvu47p'
INFO: [Common 17-349] Got license for feature 'Implementation' and/or device 'xcvu47p'
INFO: [Vivado_Tcl 4-137] Directive used for phys_opt_design is: AggressiveExplore
INFO: [Vivado_Tcl 4-1435] PhysOpt_Tcl_Interface Runtime Before Starting Physical Synthesis Task | CPU: 0.85s |  WALL: 0.27s
Netlist sorting complete. Time (s): cpu = 00:00:00.03 ; elapsed = 00:00:00.04 . Memory (MB): peak = 7015.004 ; gain = 0.000 ; free physical = 51878 ; free virtual = 67510

Starting Physical Synthesis Task

Phase 1 Physical Synthesis Initialization
INFO: [Physopt 32-245] Routed nets are present in the design. phys_opt_design will optimize unrouted part of the design.
INFO: [Physopt 32-721] Multithreading enabled for phys_opt_design using a maximum of 8 CPUs
INFO: [Physopt 32-619] Estimated Timing Summary | WNS=-0.129 | TNS=-0.129 |
Phase 1 Physical Synthesis Initialization | Checksum: 198219648

Time (s): cpu = 00:03:50 ; elapsed = 00:03:48 . Memory (MB): peak = 7096.219 ; gain = 81.215 ; free physical = 51804 ; free virtual = 67436
INFO: [Physopt 32-245] Routed nets are present in the design. phys_opt_design will optimize unrouted part of the design.

Phase 2 SLR Crossing Optimization
WARNING: [Physopt 32-894] Found a constraint with the -through option on pin WRAPPER/IO_SHIM/CDC_ASYNC_RST_HBM_N/src_arst or the net immediately connecting to the pin. This constraint will block optimizations for this and all downstream leaf pins.
WARNING: [Physopt 32-894] Found a constraint with the -through option on pin WRAPPER/IO_SHIM/CDC_ASYNC_RST_CORE_N/src_arst or the net immediately connecting to the pin. This constraint will block optimizations for this and all downstream leaf pins.
INFO: [Physopt 32-912] No candidate nets found for crossing SLR optimization.
INFO: [Physopt 32-775] End 1 Pass. Optimized 0 net or cell. Created 0 new cell, deleted 0 existing cell and moved 0 existing cell
Phase 2 SLR Crossing Optimization | Checksum: 198219648

Time (s): cpu = 00:03:51 ; elapsed = 00:03:49 . Memory (MB): peak = 7096.219 ; gain = 81.215 ; free physical = 51804 ; free virtual = 67436
INFO: [Physopt 32-619] Estimated Timing Summary | WNS=-0.129 | TNS=-0.129 |

Phase 3 Fanout Optimization
INFO: [Physopt 32-76] Pass 1. Identified 18 candidate nets for fanout optimization.
INFO: [Physopt 32-81] Processed net WRAPPER/CL/u_engine_chirho/c$ds_app_arg[9668]_i_8_n_0. Replicated 2 times.
INFO: [Physopt 32-81] Processed net WRAPPER/CL/u_engine_chirho/c$ds_app_arg[9604]_i_8_n_0. Replicated 3 times.
INFO: [Physopt 32-81] Processed net WRAPPER/CL/u_engine_chirho/c$ds_app_arg[9476]_i_8_n_0. Replicated 3 times.
INFO: [Physopt 32-81] Processed net WRAPPER/CL/u_engine_chirho/c$ds_app_arg[9540]_i_10_n_0. Replicated 1 times.
INFO: [Physopt 32-81] Processed net WRAPPER/CL/u_engine_chirho/c$ds_app_arg[9412]_i_8_n_0. Replicated 3 times.
INFO: [Physopt 32-81] Processed net WRAPPER/CL/u_engine_chirho/c$ds_app_arg[9796]_i_8_n_0. Replicated 2 times.
INFO: [Physopt 32-572] Net WRAPPER/CL/u_engine_chirho/c$ds_app_arg[9668]_i_7_n_0 was not replicated.
Resolution: phys_opt_design can be forced to replicate a net driver using the option -force_replication_on_nets <list of net objects>.
INFO: [Physopt 32-81] Processed net WRAPPER/CL/u_engine_chirho/cl_sh_status_vled[15]_INST_0_i_11_n_0. Replicated 2 times.
INFO: [Physopt 32-81] Processed net WRAPPER/CL/u_engine_chirho/c$ds_app_arg[9796]_i_10_n_0. Replicated 1 times.
INFO: [Physopt 32-232] Optimized 8 nets. Created 17 new instances.
INFO: [Physopt 32-775] End 1 Pass. Optimized 8 nets or cells. Created 17 new cells, deleted 0 existing cell and moved 0 existing cell
INFO: [Physopt 32-619] Estimated Timing Summary | WNS=-0.129 | TNS=-0.129 |
Netlist sorting complete. Time (s): cpu = 00:00:00.15 ; elapsed = 00:00:00.14 . Memory (MB): peak = 7096.219 ; gain = 0.000 ; free physical = 51804 ; free virtual = 67436
Phase 3 Fanout Optimization | Checksum: c23e5982

Time (s): cpu = 00:03:54 ; elapsed = 00:03:51 . Memory (MB): peak = 7096.219 ; gain = 81.215 ; free physical = 51804 ; free virtual = 67436

Phase 4 Single Cell Placement Optimization
INFO: [Physopt 32-660] Identified 250 candidate nets for placement-based optimization.
INFO: [Physopt 32-662] Processed net WRAPPER/CL/cmd_reg_chirho_reg[65]_rep_n_0.  Did not re-place instance WRAPPER/CL/cmd_reg_chirho_reg[65]_rep
INFO: [Physopt 32-662] Processed net WRAPPER/CL/u_engine_chirho/D[0].  Did not re-place instance WRAPPER/CL/u_engine_chirho/ocl_rdata_q_chirho[0]_i_1
INFO: [Physopt 32-662] Processed net WRAPPER/CL/u_engine_chirho/c$ds_app_arg[9229]_i_4_n_0.  Did not re-place instance WRAPPER/CL/u_engine_chirho/c$ds_app_arg[9229]_i_4
INFO: [Physopt 32-662] Processed net WRAPPER/CL/u_engine_chirho/c$ds_app_arg[9304]_i_5_n_0.  Did not re-place instance WRAPPER/CL/u_engine_chirho/c$ds_app_arg[9304]_i_5
INFO: [Physopt 32-662] Processed net WRAPPER/CL/u_engine_chirho/c$ds_app_arg[9748]_i_16_n_0.  Did not re-place instance WRAPPER/CL/u_engine_chirho/c$ds_app_arg[9748]_i_16
INFO: [Physopt 32-662] Processed net WRAPPER/CL/u_engine_chirho/ocl_rdata_q_chirho[0]_i_11_n_0.  Did not re-place instance WRAPPER/CL/u_engine_chirho/ocl_rdata_q_chirho[0]_i_11
INFO: [Physopt 32-663] Processed net WRAPPER/CL/u_engine_chirho/ocl_rdata_q_chirho[0]_i_190_n_0.  Re-placed instance WRAPPER/CL/u_engine_chirho/ocl_rdata_q_chirho[0]_i_190
INFO: [Physopt 32-662] Processed net WRAPPER/CL/u_engine_chirho/ocl_rdata_q_chirho[0]_i_4_n_0.  Did not re-place instance WRAPPER/CL/u_engine_chirho/ocl_rdata_q_chirho[0]_i_4
INFO: [Physopt 32-662] Processed net WRAPPER/CL/u_engine_chirho/ocl_rdata_q_chirho[0]_i_647_n_0.  Did not re-place instance WRAPPER/CL/u_engine_chirho/ocl_rdata_q_chirho[0]_i_647
INFO: [Physopt 32-662] Processed net WRAPPER/CL/u_engine_chirho/c$ds_app_arg[9229]_i_5_n_0.  Did not re-place instance WRAPPER/CL/u_engine_chirho/c$ds_app_arg[9229]_i_5
INFO: [Physopt 32-662] Processed net WRAPPER/CL/u_engine_chirho/ocl_rdata_q_chirho[0]_i_187_n_0.  Did not re-place instance WRAPPER/CL/u_engine_chirho/ocl_rdata_q_chirho[0]_i_187
INFO: [Physopt 32-662] Processed net WRAPPER/CL/cmd_reg_chirho_reg[64]_rep_n_0.  Did not re-place instance WRAPPER/CL/cmd_reg_chirho_reg[64]_rep
INFO: [Physopt 32-662] Processed net WRAPPER/CL/cmd_reg_chirho_reg[66]_rep__0_n_0.  Did not re-place instance WRAPPER/CL/cmd_reg_chirho_reg[66]_rep__0
INFO: [Physopt 32-662] Processed net WRAPPER/CL/u_engine_chirho/c$ds_app_arg[9226]_i_4_n_0.  Did not re-place instance WRAPPER/CL/u_engine_chirho/c$ds_app_arg[9226]_i_4
INFO: [Physopt 32-662] Processed net WRAPPER/CL/u_engine_chirho/c$ds_app_arg[9748]_i_19_n_0.  Did not re-place instance WRAPPER/CL/u_engine_chirho/c$ds_app_arg[9748]_i_19
INFO: [Physopt 32-662] Processed net WRAPPER/CL/u_engine_chirho/c$ds_app_arg[9748]_i_20_n_0.  Did not re-place instance WRAPPER/CL/u_engine_chirho/c$ds_app_arg[9748]_i_20
INFO: [Physopt 32-662] Processed net WRAPPER/CL/u_engine_chirho/c$ds_app_arg[9226]_i_5_n_0.  Did not re-place instance WRAPPER/CL/u_engine_chirho/c$ds_app_arg[9226]_i_5
INFO: [Physopt 32-663] Processed net WRAPPER/CL/u_engine_chirho/ocl_rdata_q_chirho[0]_i_191_n_0.  Re-placed instance WRAPPER/CL/u_engine_chirho/ocl_rdata_q_chirho[0]_i_191
INFO: [Physopt 32-662] Processed net WRAPPER/CL/u_engine_chirho/c$ds_app_arg[9748]_i_21_n_0.  Did not re-place instance WRAPPER/CL/u_engine_chirho/c$ds_app_arg[9748]_i_21
INFO: [Physopt 32-662] Processed net WRAPPER/CL/u_engine_chirho/c$ds_app_arg[9230]_i_5_n_0.  Did not re-place instance WRAPPER/CL/u_engine_chirho/c$ds_app_arg[9230]_i_5
INFO: [Physopt 32-662] Processed net WRAPPER/CL/u_engine_chirho/c$ds_app_arg[9748]_i_15_n_0.  Did not re-place instance WRAPPER/CL/u_engine_chirho/c$ds_app_arg[9748]_i_15
INFO: [Physopt 32-662] Processed net WRAPPER/CL/u_engine_chirho/cl_sh_status_vled[13]_INST_0_i_15_n_0.  Did not re-place instance WRAPPER/CL/u_engine_chirho/cl_sh_status_vled[13]_INST_0_i_15
INFO: [Physopt 32-662] Processed net WRAPPER/CL/u_engine_chirho/cl_sh_status_vled[15]_INST_0_i_28_n_0.  Did not re-place instance WRAPPER/CL/u_engine_chirho/cl_sh_status_vled[15]_INST_0_i_28
INFO: [Physopt 32-662] Processed net WRAPPER/CL/u_engine_chirho/ocl_rdata_q_chirho[0]_i_185_n_0.  Did not re-place instance WRAPPER/CL/u_engine_chirho/ocl_rdata_q_chirho[0]_i_185
INFO: [Physopt 32-662] Processed net WRAPPER/CL/u_engine_chirho/c$ds_app_arg[9230]_i_4_n_0.  Did not re-place instance WRAPPER/CL/u_engine_chirho/c$ds_app_arg[9230]_i_4
INFO: [Physopt 32-662] Processed net WRAPPER/CL/u_engine_chirho/cl_sh_status_vled[13]_INST_0_i_14_n_0.  Did not re-place instance WRAPPER/CL/u_engine_chirho/cl_sh_status_vled[13]_INST_0_i_14
INFO: [Physopt 32-662] Processed net WRAPPER/CL/u_engine_chirho/ocl_rdata_q_chirho[0]_i_188_n_0.  Did not re-place instance WRAPPER/CL/u_engine_chirho/ocl_rdata_q_chirho[0]_i_188
INFO: [Physopt 32-662] Processed net WRAPPER/CL/u_engine_chirho/cl_sh_status_vled[15]_INST_0_i_24_n_0.  Did not re-place instance WRAPPER/CL/u_engine_chirho/cl_sh_status_vled[15]_INST_0_i_24
INFO: [Physopt 32-662] Processed net WRAPPER/CL/u_engine_chirho/cl_sh_status_vled[15]_INST_0_i_26_n_0.  Did not re-place instance WRAPPER/CL/u_engine_chirho/cl_sh_status_vled[15]_INST_0_i_26
INFO: [Physopt 32-662] Processed net WRAPPER/CL/u_engine_chirho/resp_wire_chirho[99].  Did not re-place instance WRAPPER/CL/u_engine_chirho/c$ds_app_arg[9384]_i_1
INFO: [Physopt 32-662] Processed net WRAPPER/CL/u_engine_chirho/c$ds_app_arg[9384]_i_5_n_0.  Did not re-place instance WRAPPER/CL/u_engine_chirho/c$ds_app_arg[9384]_i_5
INFO: [Physopt 32-662] Processed net WRAPPER/CL/u_engine_chirho/cl_sh_status_vled[11]_INST_0_i_14_n_0.  Did not re-place instance WRAPPER/CL/u_engine_chirho/cl_sh_status_vled[11]_INST_0_i_14
INFO: [Physopt 32-662] Processed net WRAPPER/CL/u_engine_chirho/cl_sh_status_vled[11]_INST_0_i_15_n_0.  Did not re-place instance WRAPPER/CL/u_engine_chirho/cl_sh_status_vled[11]_INST_0_i_15
INFO: [Physopt 32-662] Processed net WRAPPER/CL/u_engine_chirho/cl_sh_status_vled[15]_INST_0_i_30_n_0.  Did not re-place instance WRAPPER/CL/u_engine_chirho/cl_sh_status_vled[15]_INST_0_i_30
INFO: [Physopt 32-662] Processed net WRAPPER/CL/u_engine_chirho/ocl_rdata_q_chirho[0]_i_175_n_0.  Did not re-place instance WRAPPER/CL/u_engine_chirho/ocl_rdata_q_chirho[0]_i_175
INFO: [Physopt 32-662] Processed net WRAPPER/CL/u_engine_chirho/c$ds_app_arg[9224]_i_5_n_0.  Did not re-place instance WRAPPER/CL/u_engine_chirho/c$ds_app_arg[9224]_i_5
INFO: [Physopt 32-662] Processed net WRAPPER/CL/u_engine_chirho/c$ds_app_arg[9224]_i_6_n_0.  Did not re-place instance WRAPPER/CL/u_engine_chirho/c$ds_app_arg[9224]_i_6
INFO: [Physopt 32-662] Processed net WRAPPER/CL/u_engine_chirho/ocl_rdata_q_chirho[0]_i_605_n_0.  Did not re-place instance WRAPPER/CL/u_engine_chirho/ocl_rdata_q_chirho[0]_i_605
INFO: [Physopt 32-663] Processed net WRAPPER/CL/u_engine_chirho/ocl_rdata_q_chirho[0]_i_78_n_0.  Re-placed instance WRAPPER/CL/u_engine_chirho/ocl_rdata_q_chirho[0]_i_78
INFO: [Physopt 32-662] Processed net WRAPPER/CL/u_engine_chirho/c$ds_app_arg[9308]_i_5_n_0.  Did not re-place instance WRAPPER/CL/u_engine_chirho/c$ds_app_arg[9308]_i_5
INFO: [Physopt 32-662] Processed net WRAPPER/CL/u_engine_chirho/ocl_rdata_q_chirho[0]_i_643_n_0.  Did not re-place instance WRAPPER/CL/u_engine_chirho/ocl_rdata_q_chirho[0]_i_643
INFO: [Physopt 32-662] Processed net WRAPPER/CL/u_engine_chirho/c$ds_app_arg[9228]_i_4_n_0.  Did not re-place instance WRAPPER/CL/u_engine_chirho/c$ds_app_arg[9228]_i_4
INFO: [Physopt 32-662] Processed net WRAPPER/CL/u_engine_chirho/c$ds_app_arg[9232]_i_5_n_0.  Did not re-place instance WRAPPER/CL/u_engine_chirho/c$ds_app_arg[9232]_i_5
INFO: [Physopt 32-662] Processed net WRAPPER/CL/u_engine_chirho/c$ds_app_arg[9748]_i_17_n_0.  Did not re-place instance WRAPPER/CL/u_engine_chirho/c$ds_app_arg[9748]_i_17
INFO: [Physopt 32-662] Processed net WRAPPER/CL/u_engine_chirho/c$ds_app_arg[9756]_i_21_n_0.  Did not re-place instance WRAPPER/CL/u_engine_chirho/c$ds_app_arg[9756]_i_21
INFO: [Physopt 32-662] Processed net WRAPPER/CL/u_engine_chirho/cl_sh_status_vled[15]_INST_0_i_25_n_0.  Did not re-place instance WRAPPER/CL/u_engine_chirho/cl_sh_status_vled[15]_INST_0_i_25
INFO: [Physopt 32-662] Processed net WRAPPER/CL/u_engine_chirho/ocl_rdata_q_chirho[0]_i_186_n_0.  Did not re-place instance WRAPPER/CL/u_engine_chirho/ocl_rdata_q_chirho[0]_i_186
INFO: [Physopt 32-662] Processed net WRAPPER/CL/u_engine_chirho/c$ds_app_arg[9228]_i_5_n_0.  Did not re-place instance WRAPPER/CL/u_engine_chirho/c$ds_app_arg[9228]_i_5
INFO: [Physopt 32-662] Processed net WRAPPER/CL/u_engine_chirho/c$ds_app_arg[9232]_i_6_n_0.  Did not re-place instance WRAPPER/CL/u_engine_chirho/c$ds_app_arg[9232]_i_6
INFO: [Physopt 32-662] Processed net WRAPPER/CL/u_engine_chirho/ocl_rdata_q_chirho[0]_i_85_n_0.  Did not re-place instance WRAPPER/CL/u_engine_chirho/ocl_rdata_q_chirho[0]_i_85
INFO: [Physopt 32-662] Processed net WRAPPER/CL/u_engine_chirho/resp_wire_chirho[19].  Did not re-place instance WRAPPER/CL/u_engine_chirho/c$ds_app_arg[9304]_i_1
INFO: [Physopt 32-662] Processed net WRAPPER/CL/u_engine_chirho/c$ds_app_arg[9647]_i_5_n_0.  Did not re-place instance WRAPPER/CL/u_engine_chirho/c$ds_app_arg[9647]_i_5
INFO: [Physopt 32-662] Processed net WRAPPER/CL/u_engine_chirho/ocl_rdata_q_chirho[0]_i_10_n_0.  Did not re-place instance WRAPPER/CL/u_engine_chirho/ocl_rdata_q_chirho[0]_i_10
INFO: [Physopt 32-662] Processed net WRAPPER/CL/u_engine_chirho/ocl_rdata_q_chirho[0]_i_329_n_0.  Did not re-place instance WRAPPER/CL/u_engine_chirho/ocl_rdata_q_chirho[0]_i_329
INFO: [Physopt 32-662] Processed net WRAPPER/CL/u_engine_chirho/ocl_rdata_q_chirho[0]_i_49_n_0.  Did not re-place instance WRAPPER/CL/u_engine_chirho/ocl_rdata_q_chirho[0]_i_49
INFO: [Physopt 32-663] Processed net WRAPPER/CL/u_engine_chirho/resp_wire_chirho[156].  Re-placed instance WRAPPER/CL/u_engine_chirho/c$ds_app_arg[9441]_i_1
INFO: [Physopt 32-662] Processed net WRAPPER/CL/u_engine_chirho/c$ds_app_arg[9441]_i_5_n_0.  Did not re-place instance WRAPPER/CL/u_engine_chirho/c$ds_app_arg[9441]_i_5
INFO: [Physopt 32-662] Processed net WRAPPER/CL/u_engine_chirho/c$ds_app_arg[9764]_i_15_n_0.  Did not re-place instance WRAPPER/CL/u_engine_chirho/c$ds_app_arg[9764]_i_15
INFO: [Physopt 32-663] Processed net WRAPPER/CL/u_engine_chirho/ocl_rdata_q_chirho[0]_i_23_n_0.  Re-placed instance WRAPPER/CL/u_engine_chirho/ocl_rdata_q_chirho[0]_i_23
INFO: [Physopt 32-663] Processed net WRAPPER/CL/u_engine_chirho/ocl_rdata_q_chirho[0]_i_493_n_0.  Re-placed instance WRAPPER/CL/u_engine_chirho/ocl_rdata_q_chirho[0]_i_493
INFO: [Physopt 32-662] Processed net WRAPPER/CL/u_engine_chirho/cl_sh_status_vled[10]_INST_0_i_14_n_0.  Did not re-place instance WRAPPER/CL/u_engine_chirho/cl_sh_status_vled[10]_INST_0_i_14
INFO: [Physopt 32-662] Processed net WRAPPER/CL/u_engine_chirho/cl_sh_status_vled[15]_INST_0_i_31_n_0.  Did not re-place instance WRAPPER/CL/u_engine_chirho/cl_sh_status_vled[15]_INST_0_i_31
INFO: [Physopt 32-663] Processed net WRAPPER/CL/u_engine_chirho/resp_wire_chirho[83].  Re-placed instance WRAPPER/CL/u_engine_chirho/c$ds_app_arg[9368]_i_1
INFO: [Physopt 32-662] Processed net WRAPPER/CL/u_engine_chirho/c$ds_app_arg[9368]_i_5_n_0.  Did not re-place instance WRAPPER/CL/u_engine_chirho/c$ds_app_arg[9368]_i_5
INFO: [Physopt 32-663] Processed net WRAPPER/CL/u_engine_chirho/ocl_rdata_q_chirho[0]_i_180_n_0.  Re-placed instance WRAPPER/CL/u_engine_chirho/ocl_rdata_q_chirho[0]_i_180
INFO: [Physopt 32-662] Processed net WRAPPER/CL/u_engine_chirho/ocl_rdata_q_chirho[0]_i_229_n_0.  Did not re-place instance WRAPPER/CL/u_engine_chirho/ocl_rdata_q_chirho[0]_i_229
INFO: [Physopt 32-662] Processed net WRAPPER/CL/u_engine_chirho/ocl_rdata_q_chirho[0]_i_896_n_0.  Did not re-place instance WRAPPER/CL/u_engine_chirho/ocl_rdata_q_chirho[0]_i_896
INFO: [Physopt 32-663] Processed net WRAPPER/CL/u_engine_chirho/ocl_rdata_q_chirho[0]_i_489_n_0.  Re-placed instance WRAPPER/CL/u_engine_chirho/ocl_rdata_q_chirho[0]_i_489
INFO: [Physopt 32-663] Processed net WRAPPER/CL/u_engine_chirho/resp_wire_chirho[101].  Re-placed instance WRAPPER/CL/u_engine_chirho/c$ds_app_arg[9386]_i_1
INFO: [Physopt 32-662] Processed net WRAPPER/CL/u_engine_chirho/resp_wire_chirho[362].  Did not re-place instance WRAPPER/CL/u_engine_chirho/c$ds_app_arg[9647]_i_1
INFO: [Physopt 32-662] Processed net WRAPPER/CL/u_engine_chirho/c$ds_app_arg[9386]_i_5_n_0.  Did not re-place instance WRAPPER/CL/u_engine_chirho/c$ds_app_arg[9386]_i_5
INFO: [Physopt 32-662] Processed net WRAPPER/CL/u_engine_chirho/resp_wire_chirho[35].  Did not re-place instance WRAPPER/CL/u_engine_chirho/c$ds_app_arg[9320]_i_1
INFO: [Physopt 32-662] Processed net WRAPPER/CL/u_engine_chirho/c$ds_app_arg[9320]_i_5_n_0.  Did not re-place instance WRAPPER/CL/u_engine_chirho/c$ds_app_arg[9320]_i_5
INFO: [Physopt 32-662] Processed net WRAPPER/CL/u_engine_chirho/resp_wire_chirho[23].  Did not re-place instance WRAPPER/CL/u_engine_chirho/c$ds_app_arg[9308]_i_1
INFO: [Physopt 32-663] Processed net WRAPPER/CL/u_engine_chirho/resp_wire_chirho[148].  Re-placed instance WRAPPER/CL/u_engine_chirho/c$ds_app_arg[9433]_i_1
INFO: [Physopt 32-662] Processed net WRAPPER/CL/u_engine_chirho/c$ds_app_arg[9433]_i_5_n_0.  Did not re-place instance WRAPPER/CL/u_engine_chirho/c$ds_app_arg[9433]_i_5
INFO: [Physopt 32-662] Processed net WRAPPER/CL/u_engine_chirho/cl_sh_status_vled[10]_INST_0_i_15_n_0.  Did not re-place instance WRAPPER/CL/u_engine_chirho/cl_sh_status_vled[10]_INST_0_i_15
INFO: [Physopt 32-663] Processed net WRAPPER/CL/u_engine_chirho/ocl_rdata_q_chirho[0]_i_495_n_0.  Re-placed instance WRAPPER/CL/u_engine_chirho/ocl_rdata_q_chirho[0]_i_495
INFO: [Physopt 32-662] Processed net WRAPPER/CL/u_engine_chirho/ocl_rdata_q_chirho[0]_i_84_n_0.  Did not re-place instance WRAPPER/CL/u_engine_chirho/ocl_rdata_q_chirho[0]_i_84
INFO: [Physopt 32-662] Processed net WRAPPER/CL/u_engine_chirho/cl_sh_status_vled[12]_INST_0_i_14_n_0.  Did not re-place instance WRAPPER/CL/u_engine_chirho/cl_sh_status_vled[12]_INST_0_i_14
INFO: [Physopt 32-662] Processed net WRAPPER/CL/u_engine_chirho/cl_sh_status_vled[15]_INST_0_i_29_n_0.  Did not re-place instance WRAPPER/CL/u_engine_chirho/cl_sh_status_vled[15]_INST_0_i_29
INFO: [Physopt 32-662] Processed net WRAPPER/CL/u_engine_chirho/ocl_rdata_q_chirho[0]_i_189_n_0.  Did not re-place instance WRAPPER/CL/u_engine_chirho/ocl_rdata_q_chirho[0]_i_189
INFO: [Physopt 32-662] Processed net WRAPPER/CL/u_engine_chirho/c$ds_app_arg[9764]_i_20_n_0.  Did not re-place instance WRAPPER/CL/u_engine_chirho/c$ds_app_arg[9764]_i_20
INFO: [Physopt 32-662] Processed net WRAPPER/CL/u_engine_chirho/ocl_rdata_q_chirho[0]_i_50_n_0.  Did not re-place instance WRAPPER/CL/u_engine_chirho/ocl_rdata_q_chirho[0]_i_50
INFO: [Physopt 32-662] Processed net WRAPPER/CL/u_engine_chirho/ocl_rdata_q_chirho[0]_i_79_n_0.  Did not re-place instance WRAPPER/CL/u_engine_chirho/ocl_rdata_q_chirho[0]_i_79
INFO: [Physopt 32-662] Processed net WRAPPER/CL/u_engine_chirho/c$ds_app_arg[9241]_i_4_n_0.  Did not re-place instance WRAPPER/CL/u_engine_chirho/c$ds_app_arg[9241]_i_4
INFO: [Physopt 32-662] Processed net WRAPPER/CL/u_engine_chirho/ocl_rdata_q_chirho[0]_i_77_n_0.  Did not re-place instance WRAPPER/CL/u_engine_chirho/ocl_rdata_q_chirho[0]_i_77
INFO: [Physopt 32-662] Processed net WRAPPER/CL/u_engine_chirho/resp_wire_chirho[210].  Did not re-place instance WRAPPER/CL/u_engine_chirho/c$ds_app_arg[9495]_i_1
INFO: [Physopt 32-662] Processed net WRAPPER/CL/u_engine_chirho/c$ds_app_arg[9495]_i_5_n_0.  Did not re-place instance WRAPPER/CL/u_engine_chirho/c$ds_app_arg[9495]_i_5
INFO: [Physopt 32-662] Processed net WRAPPER/CL/u_engine_chirho/ocl_rdata_q_chirho[0]_i_473_n_0.  Did not re-place instance WRAPPER/CL/u_engine_chirho/ocl_rdata_q_chirho[0]_i_473
INFO: [Physopt 32-662] Processed net WRAPPER/CL/u_engine_chirho/resp_wire_chirho[155].  Did not re-place instance WRAPPER/CL/u_engine_chirho/c$ds_app_arg[9440]_i_1
INFO: [Physopt 32-662] Processed net WRAPPER/CL/u_engine_chirho/resp_wire_chirho[179].  Did not re-place instance WRAPPER/CL/u_engine_chirho/c$ds_app_arg[9464]_i_1
INFO: [Physopt 32-663] Processed net WRAPPER/CL/u_engine_chirho/resp_wire_chirho[485].  Re-placed instance WRAPPER/CL/u_engine_chirho/c$ds_app_arg[9770]_i_1
INFO: [Physopt 32-662] Processed net WRAPPER/CL/u_engine_chirho/c$ds_app_arg[9252]_i_5_n_0.  Did not re-place instance WRAPPER/CL/u_engine_chirho/c$ds_app_arg[9252]_i_5
INFO: [Physopt 32-662] Processed net WRAPPER/CL/u_engine_chirho/c$ds_app_arg[9440]_i_5_n_0.  Did not re-place instance WRAPPER/CL/u_engine_chirho/c$ds_app_arg[9440]_i_5
INFO: [Physopt 32-662] Processed net WRAPPER/CL/u_engine_chirho/c$ds_app_arg[9464]_i_5_n_0.  Did not re-place instance WRAPPER/CL/u_engine_chirho/c$ds_app_arg[9464]_i_5
INFO: [Physopt 32-662] Processed net WRAPPER/CL/u_engine_chirho/c$ds_app_arg[9770]_i_5_n_0.  Did not re-place instance WRAPPER/CL/u_engine_chirho/c$ds_app_arg[9770]_i_5
INFO: [Physopt 32-662] Processed net WRAPPER/CL/u_engine_chirho/c$ds_app_arg[9772]_i_17_n_0.  Did not re-place instance WRAPPER/CL/u_engine_chirho/c$ds_app_arg[9772]_i_17
INFO: [Physopt 32-662] Processed net WRAPPER/CL/u_engine_chirho/cl_sh_status_vled[15]_INST_0_i_32_n_0.  Did not re-place instance WRAPPER/CL/u_engine_chirho/cl_sh_status_vled[15]_INST_0_i_32
INFO: [Physopt 32-663] Processed net WRAPPER/CL/u_engine_chirho/ocl_rdata_q_chirho[0]_i_58_n_0.  Re-placed instance WRAPPER/CL/u_engine_chirho/ocl_rdata_q_chirho[0]_i_58
INFO: [Physopt 32-662] Processed net WRAPPER/CL/u_engine_chirho/resp_wire_chirho[41].  Did not re-place instance WRAPPER/CL/u_engine_chirho/c$ds_app_arg[9326]_i_1
INFO: [Physopt 32-663] Processed net WRAPPER/CL/u_engine_chirho/resp_wire_chirho[203].  Re-placed instance WRAPPER/CL/u_engine_chirho/c$ds_app_arg[9488]_i_1
INFO: [Physopt 32-662] Processed net WRAPPER/CL/u_engine_chirho/c$ds_app_arg[9252]_i_4_n_0.  Did not re-place instance WRAPPER/CL/u_engine_chirho/c$ds_app_arg[9252]_i_4
INFO: [Physopt 32-662] Processed net WRAPPER/CL/u_engine_chirho/c$ds_app_arg[9326]_i_5_n_0.  Did not re-place instance WRAPPER/CL/u_engine_chirho/c$ds_app_arg[9326]_i_5
INFO: [Physopt 32-662] Processed net WRAPPER/CL/u_engine_chirho/c$ds_app_arg[9488]_i_5_n_0.  Did not re-place instance WRAPPER/CL/u_engine_chirho/c$ds_app_arg[9488]_i_5
INFO: [Physopt 32-662] Processed net WRAPPER/CL/u_engine_chirho/cl_sh_status_vled[12]_INST_0_i_15_n_0.  Did not re-place instance WRAPPER/CL/u_engine_chirho/cl_sh_status_vled[12]_INST_0_i_15
INFO: [Physopt 32-663] Processed net WRAPPER/CL/u_engine_chirho/ocl_rdata_q_chirho[0]_i_474_n_0.  Re-placed instance WRAPPER/CL/u_engine_chirho/ocl_rdata_q_chirho[0]_i_474
INFO: [Physopt 32-662] Processed net WRAPPER/CL/u_engine_chirho/cl_sh_status_vled[14]_INST_0_i_14_n_0.  Did not re-place instance WRAPPER/CL/u_engine_chirho/cl_sh_status_vled[14]_INST_0_i_14
INFO: [Physopt 32-662] Processed net WRAPPER/CL/u_engine_chirho/cl_sh_status_vled[14]_INST_0_i_15_n_0.  Did not re-place instance WRAPPER/CL/u_engine_chirho/cl_sh_status_vled[14]_INST_0_i_15
INFO: [Physopt 32-662] Processed net WRAPPER/CL/u_engine_chirho/cl_sh_status_vled[15]_INST_0_i_27_n_0.  Did not re-place instance WRAPPER/CL/u_engine_chirho/cl_sh_status_vled[15]_INST_0_i_27
INFO: [Physopt 32-663] Processed net WRAPPER/CL/u_engine_chirho/resp_wire_chirho[75].  Re-placed instance WRAPPER/CL/u_engine_chirho/c$ds_app_arg[9360]_i_1
INFO: [Physopt 32-662] Processed net WRAPPER/CL/u_engine_chirho/c$ds_app_arg[9236]_i_4_n_0.  Did not re-place instance WRAPPER/CL/u_engine_chirho/c$ds_app_arg[9236]_i_4
INFO: [Physopt 32-662] Processed net WRAPPER/CL/u_engine_chirho/c$ds_app_arg[9360]_i_5_n_0.  Did not re-place instance WRAPPER/CL/u_engine_chirho/c$ds_app_arg[9360]_i_5
INFO: [Physopt 32-662] Processed net WRAPPER/CL/u_engine_chirho/c$ds_app_arg[9756]_i_17_n_0.  Did not re-place instance WRAPPER/CL/u_engine_chirho/c$ds_app_arg[9756]_i_17
INFO: [Physopt 32-663] Processed net WRAPPER/CL/u_engine_chirho/resp_wire_chirho[355].  Re-placed instance WRAPPER/CL/u_engine_chirho/c$ds_app_arg[9640]_i_1
INFO: [Physopt 32-662] Processed net WRAPPER/CL/u_engine_chirho/resp_wire_chirho[43].  Did not re-place instance WRAPPER/CL/u_engine_chirho/c$ds_app_arg[9328]_i_1
INFO: [Physopt 32-662] Processed net WRAPPER/CL/u_engine_chirho/c$ds_app_arg[9328]_i_5_n_0.  Did not re-place instance WRAPPER/CL/u_engine_chirho/c$ds_app_arg[9328]_i_5
INFO: [Physopt 32-662] Processed net WRAPPER/CL/u_engine_chirho/c$ds_app_arg[9640]_i_5_n_0.  Did not re-place instance WRAPPER/CL/u_engine_chirho/c$ds_app_arg[9640]_i_5
INFO: [Physopt 32-662] Processed net WRAPPER/CL/u_engine_chirho/ocl_rdata_q_chirho[0]_i_230_n_0.  Did not re-place instance WRAPPER/CL/u_engine_chirho/ocl_rdata_q_chirho[0]_i_230
INFO: [Physopt 32-663] Processed net WRAPPER/CL/u_engine_chirho/resp_wire_chirho[20].  Re-placed instance WRAPPER/CL/u_engine_chirho/c$ds_app_arg[9305]_i_1
INFO: [Physopt 32-662] Processed net WRAPPER/CL/u_engine_chirho/c$ds_app_arg[9305]_i_5_n_0.  Did not re-place instance WRAPPER/CL/u_engine_chirho/c$ds_app_arg[9305]_i_5
INFO: [Physopt 32-663] Processed net WRAPPER/CL/u_engine_chirho/c$ds_app_arg[9305]_i_7_n_0.  Re-placed instance WRAPPER/CL/u_engine_chirho/c$ds_app_arg[9305]_i_7
INFO: [Physopt 32-662] Processed net WRAPPER/CL/u_engine_chirho/c$ds_app_arg[9764]_i_19_n_0.  Did not re-place instance WRAPPER/CL/u_engine_chirho/c$ds_app_arg[9764]_i_19
INFO: [Physopt 32-662] Processed net WRAPPER/CL/u_engine_chirho/resp_wire_chirho[225].  Did not re-place instance WRAPPER/CL/u_engine_chirho/c$ds_app_arg[9510]_i_1
INFO: [Physopt 32-663] Processed net WRAPPER/CL/u_engine_chirho/resp_wire_chirho[74].  Re-placed instance WRAPPER/CL/u_engine_chirho/c$ds_app_arg[9359]_i_1
INFO: [Physopt 32-662] Processed net WRAPPER/CL/u_engine_chirho/c$ds_app_arg[9236]_i_5_n_0.  Did not re-place instance WRAPPER/CL/u_engine_chirho/c$ds_app_arg[9236]_i_5
INFO: [Physopt 32-662] Processed net WRAPPER/CL/u_engine_chirho/c$ds_app_arg[9241]_i_5_n_0.  Did not re-place instance WRAPPER/CL/u_engine_chirho/c$ds_app_arg[9241]_i_5
INFO: [Physopt 32-662] Processed net WRAPPER/CL/u_engine_chirho/c$ds_app_arg[9359]_i_5_n_0.  Did not re-place instance WRAPPER/CL/u_engine_chirho/c$ds_app_arg[9359]_i_5
INFO: [Physopt 32-662] Processed net WRAPPER/CL/u_engine_chirho/c$ds_app_arg[9510]_i_5_n_0.  Did not re-place instance WRAPPER/CL/u_engine_chirho/c$ds_app_arg[9510]_i_5
INFO: [Physopt 32-662] Processed net WRAPPER/CL/u_engine_chirho/c$ds_app_arg[9648]_i_5_n_0.  Did not re-place instance WRAPPER/CL/u_engine_chirho/c$ds_app_arg[9648]_i_5
INFO: [Physopt 32-662] Processed net WRAPPER/CL/u_engine_chirho/ocl_rdata_q_chirho[0]_i_216_n_0.  Did not re-place instance WRAPPER/CL/u_engine_chirho/ocl_rdata_q_chirho[0]_i_216
INFO: [Physopt 32-662] Processed net WRAPPER/CL/u_engine_chirho/ocl_rdata_q_chirho[0]_i_328_n_0.  Did not re-place instance WRAPPER/CL/u_engine_chirho/ocl_rdata_q_chirho[0]_i_328
INFO: [Physopt 32-662] Processed net WRAPPER/CL/u_engine_chirho/resp_wire_chirho[149].  Did not re-place instance WRAPPER/CL/u_engine_chirho/c$ds_app_arg[9434]_i_1
INFO: [Physopt 32-662] Processed net WRAPPER/CL/u_engine_chirho/c$ds_app_arg[9434]_i_5_n_0.  Did not re-place instance WRAPPER/CL/u_engine_chirho/c$ds_app_arg[9434]_i_5
INFO: [Physopt 32-663] Processed net WRAPPER/CL/u_engine_chirho/ocl_rdata_q_chirho[0]_i_143_n_0.  Re-placed instance WRAPPER/CL/u_engine_chirho/ocl_rdata_q_chirho[0]_i_143
INFO: [Physopt 32-663] Processed net WRAPPER/CL/u_engine_chirho/resp_wire_chirho[357].  Re-placed instance WRAPPER/CL/u_engine_chirho/c$ds_app_arg[9642]_i_1
INFO: [Physopt 32-662] Processed net WRAPPER/CL/u_engine_chirho/c$ds_app_arg[9642]_i_5_n_0.  Did not re-place instance WRAPPER/CL/u_engine_chirho/c$ds_app_arg[9642]_i_5
INFO: [Physopt 32-662] Processed net WRAPPER/CL/u_engine_chirho/c$ds_app_arg[9748]_i_14_n_0.  Did not re-place instance WRAPPER/CL/u_engine_chirho/c$ds_app_arg[9748]_i_14
INFO: [Physopt 32-662] Processed net WRAPPER/CL/u_engine_chirho/ocl_rdata_q_chirho[0]_i_176_n_0.  Did not re-place instance WRAPPER/CL/u_engine_chirho/ocl_rdata_q_chirho[0]_i_176
INFO: [Physopt 32-662] Processed net WRAPPER/CL/u_engine_chirho/c$ds_app_arg[9231]_i_4_n_0.  Did not re-place instance WRAPPER/CL/u_engine_chirho/c$ds_app_arg[9231]_i_4
INFO: [Physopt 32-662] Processed net WRAPPER/CL/u_engine_chirho/c$ds_app_arg[9254]_i_4_n_0.  Did not re-place instance WRAPPER/CL/u_engine_chirho/c$ds_app_arg[9254]_i_4
INFO: [Physopt 32-662] Processed net WRAPPER/CL/u_engine_chirho/c$ds_app_arg[9772]_i_15_n_0.  Did not re-place instance WRAPPER/CL/u_engine_chirho/c$ds_app_arg[9772]_i_15
INFO: [Physopt 32-662] Processed net WRAPPER/CL/u_engine_chirho/ocl_rdata_q_chirho[0]_i_192_n_0.  Did not re-place instance WRAPPER/CL/u_engine_chirho/ocl_rdata_q_chirho[0]_i_192
INFO: [Physopt 32-662] Processed net WRAPPER/CL/u_engine_chirho/c$ds_app_arg[9234]_i_4_n_0.  Did not re-place instance WRAPPER/CL/u_engine_chirho/c$ds_app_arg[9234]_i_4
INFO: [Physopt 32-662] Processed net WRAPPER/CL/u_engine_chirho/c$ds_app_arg[9247]_i_4_n_0.  Did not re-place instance WRAPPER/CL/u_engine_chirho/c$ds_app_arg[9247]_i_4
INFO: [Physopt 32-662] Processed net WRAPPER/CL/u_engine_chirho/c$ds_app_arg[9756]_i_19_n_0.  Did not re-place instance WRAPPER/CL/u_engine_chirho/c$ds_app_arg[9756]_i_19
INFO: [Physopt 32-662] Processed net WRAPPER/CL/u_engine_chirho/c$ds_app_arg[9764]_i_14_n_0.  Did not re-place instance WRAPPER/CL/u_engine_chirho/c$ds_app_arg[9764]_i_14
INFO: [Physopt 32-662] Processed net WRAPPER/CL/u_engine_chirho/ocl_rdata_q_chirho[0]_i_173_n_0.  Did not re-place instance WRAPPER/CL/u_engine_chirho/ocl_rdata_q_chirho[0]_i_173
INFO: [Physopt 32-663] Processed net WRAPPER/CL/cmd_reg_chirho_reg[64]_rep__0_n_0.  Re-placed instance WRAPPER/CL/cmd_reg_chirho_reg[64]_rep__0
INFO: [Physopt 32-662] Processed net WRAPPER/CL/u_engine_chirho/c$ds_app_arg[9225]_i_5_n_0.  Did not re-place instance WRAPPER/CL/u_engine_chirho/c$ds_app_arg[9225]_i_5
INFO: [Physopt 32-662] Processed net WRAPPER/CL/u_engine_chirho/c$ds_app_arg[9234]_i_5_n_0.  Did not re-place instance WRAPPER/CL/u_engine_chirho/c$ds_app_arg[9234]_i_5
INFO: [Physopt 32-662] Processed net WRAPPER/CL/u_engine_chirho/c$ds_app_arg[9260]_i_4_n_0.  Did not re-place instance WRAPPER/CL/u_engine_chirho/c$ds_app_arg[9260]_i_4
INFO: [Physopt 32-662] Processed net WRAPPER/CL/u_engine_chirho/c$ds_app_arg[9780]_i_17_n_0.  Did not re-place instance WRAPPER/CL/u_engine_chirho/c$ds_app_arg[9780]_i_17
INFO: [Physopt 32-663] Processed net WRAPPER/CL/u_engine_chirho/ocl_rdata_q_chirho[0]_i_144_n_0.  Re-placed instance WRAPPER/CL/u_engine_chirho/ocl_rdata_q_chirho[0]_i_144
INFO: [Physopt 32-662] Processed net WRAPPER/CL/u_engine_chirho/ocl_rdata_q_chirho[0]_i_488_n_0.  Did not re-place instance WRAPPER/CL/u_engine_chirho/ocl_rdata_q_chirho[0]_i_488
INFO: [Physopt 32-663] Processed net WRAPPER/CL/u_engine_chirho/resp_wire_chirho[339].  Re-placed instance WRAPPER/CL/u_engine_chirho/c$ds_app_arg[9624]_i_1
INFO: [Physopt 32-662] Processed net WRAPPER/CL/u_engine_chirho/c$ds_app_arg[9246]_i_5_n_0.  Did not re-place instance WRAPPER/CL/u_engine_chirho/c$ds_app_arg[9246]_i_5
INFO: [Physopt 32-662] Processed net WRAPPER/CL/u_engine_chirho/c$ds_app_arg[9256]_i_5_n_0.  Did not re-place instance WRAPPER/CL/u_engine_chirho/c$ds_app_arg[9256]_i_5
INFO: [Physopt 32-662] Processed net WRAPPER/CL/u_engine_chirho/c$ds_app_arg[9624]_i_5_n_0.  Did not re-place instance WRAPPER/CL/u_engine_chirho/c$ds_app_arg[9624]_i_5
INFO: [Physopt 32-662] Processed net WRAPPER/CL/u_engine_chirho/c$ds_app_arg[9780]_i_21_n_0.  Did not re-place instance WRAPPER/CL/u_engine_chirho/c$ds_app_arg[9780]_i_21
INFO: [Physopt 32-662] Processed net WRAPPER/CL/u_engine_chirho/ocl_rdata_q_chirho[0]_i_137_n_0.  Did not re-place instance WRAPPER/CL/u_engine_chirho/ocl_rdata_q_chirho[0]_i_137
INFO: [Physopt 32-662] Processed net WRAPPER/CL/u_engine_chirho/resp_wire_chirho[141].  Did not re-place instance WRAPPER/CL/u_engine_chirho/c$ds_app_arg[9426]_i_1
INFO: [Physopt 32-662] Processed net WRAPPER/CL/u_engine_chirho/c$ds_app_arg[9426]_i_5_n_0.  Did not re-place instance WRAPPER/CL/u_engine_chirho/c$ds_app_arg[9426]_i_5
INFO: [Physopt 32-663] Processed net WRAPPER/CL/cmd_reg_chirho_reg[66]_rep_n_0.  Re-placed instance WRAPPER/CL/cmd_reg_chirho_reg[66]_rep
INFO: [Physopt 32-662] Processed net WRAPPER/CL/u_engine_chirho/resp_wire_chirho[188].  Did not re-place instance WRAPPER/CL/u_engine_chirho/c$ds_app_arg[9473]_i_1
INFO: [Physopt 32-662] Processed net WRAPPER/CL/u_engine_chirho/c$ds_app_arg[9247]_i_5_n_0.  Did not re-place instance WRAPPER/CL/u_engine_chirho/c$ds_app_arg[9247]_i_5
INFO: [Physopt 32-662] Processed net WRAPPER/CL/u_engine_chirho/c$ds_app_arg[9260]_i_5_n_0.  Did not re-place instance WRAPPER/CL/u_engine_chirho/c$ds_app_arg[9260]_i_5
INFO: [Physopt 32-662] Processed net WRAPPER/CL/u_engine_chirho/c$ds_app_arg[9473]_i_5_n_0.  Did not re-place instance WRAPPER/CL/u_engine_chirho/c$ds_app_arg[9473]_i_5
INFO: [Physopt 32-662] Processed net WRAPPER/CL/u_engine_chirho/c$ds_app_arg[9796]_i_22_n_0.  Did not re-place instance WRAPPER/CL/u_engine_chirho/c$ds_app_arg[9796]_i_22
INFO: [Physopt 32-662] Processed net WRAPPER/CL/u_engine_chirho/ocl_rdata_q_chirho[0]_i_228_n_0.  Did not re-place instance WRAPPER/CL/u_engine_chirho/ocl_rdata_q_chirho[0]_i_228
INFO: [Physopt 32-662] Processed net WRAPPER/CL/u_engine_chirho/c$ds_app_arg[9225]_i_4_n_0.  Did not re-place instance WRAPPER/CL/u_engine_chirho/c$ds_app_arg[9225]_i_4
INFO: [Physopt 32-662] Processed net WRAPPER/CL/u_engine_chirho/c$ds_app_arg[9233]_i_4_n_0.  Did not re-place instance WRAPPER/CL/u_engine_chirho/c$ds_app_arg[9233]_i_4
INFO: [Physopt 32-662] Processed net WRAPPER/CL/u_engine_chirho/c$ds_app_arg[9756]_i_20_n_0.  Did not re-place instance WRAPPER/CL/u_engine_chirho/c$ds_app_arg[9756]_i_20
INFO: [Physopt 32-662] Processed net WRAPPER/CL/u_engine_chirho/resp_wire_chirho[230].  Did not re-place instance WRAPPER/CL/u_engine_chirho/c$ds_app_arg[9515]_i_1
INFO: [Physopt 32-662] Processed net WRAPPER/CL/u_engine_chirho/c$ds_app_arg[9246]_i_4_n_0.  Did not re-place instance WRAPPER/CL/u_engine_chirho/c$ds_app_arg[9246]_i_4
INFO: [Physopt 32-662] Processed net WRAPPER/CL/u_engine_chirho/c$ds_app_arg[9256]_i_6_n_0.  Did not re-place instance WRAPPER/CL/u_engine_chirho/c$ds_app_arg[9256]_i_6
INFO: [Physopt 32-662] Processed net WRAPPER/CL/u_engine_chirho/c$ds_app_arg[9515]_i_5_n_0.  Did not re-place instance WRAPPER/CL/u_engine_chirho/c$ds_app_arg[9515]_i_5
INFO: [Physopt 32-662] Processed net WRAPPER/CL/u_engine_chirho/resp_wire_chirho[137].  Did not re-place instance WRAPPER/CL/u_engine_chirho/c$ds_app_arg[9422]_i_1
INFO: [Physopt 32-662] Processed net WRAPPER/CL/u_engine_chirho/c$ds_app_arg[9422]_i_5_n_0.  Did not re-place instance WRAPPER/CL/u_engine_chirho/c$ds_app_arg[9422]_i_5
INFO: [Physopt 32-662] Processed net WRAPPER/CL/u_engine_chirho/c$ds_app_arg[9756]_i_14_n_0.  Did not re-place instance WRAPPER/CL/u_engine_chirho/c$ds_app_arg[9756]_i_14
INFO: [Physopt 32-662] Processed net WRAPPER/CL/u_engine_chirho/c$ds_app_arg[9231]_i_5_n_0.  Did not re-place instance WRAPPER/CL/u_engine_chirho/c$ds_app_arg[9231]_i_5
INFO: [Physopt 32-662] Processed net WRAPPER/CL/u_engine_chirho/c$ds_app_arg[9233]_i_5_n_0.  Did not re-place instance WRAPPER/CL/u_engine_chirho/c$ds_app_arg[9233]_i_5
INFO: [Physopt 32-662] Processed net WRAPPER/CL/u_engine_chirho/ocl_rdata_q_chirho[0]_i_953_n_0.  Did not re-place instance WRAPPER/CL/u_engine_chirho/ocl_rdata_q_chirho[0]_i_953
INFO: [Physopt 32-663] Processed net WRAPPER/CL/u_engine_chirho/resp_wire_chirho[91].  Re-placed instance WRAPPER/CL/u_engine_chirho/c$ds_app_arg[9376]_i_1
INFO: [Physopt 32-663] Processed net WRAPPER/CL/u_engine_chirho/resp_wire_chirho[139].  Re-placed instance WRAPPER/CL/u_engine_chirho/c$ds_app_arg[9424]_i_1
INFO: [Physopt 32-662] Processed net WRAPPER/CL/u_engine_chirho/c$ds_app_arg[9376]_i_5_n_0.  Did not re-place instance WRAPPER/CL/u_engine_chirho/c$ds_app_arg[9376]_i_5
INFO: [Physopt 32-662] Processed net WRAPPER/CL/u_engine_chirho/c$ds_app_arg[9424]_i_5_n_0.  Did not re-place instance WRAPPER/CL/u_engine_chirho/c$ds_app_arg[9424]_i_5
INFO: [Physopt 32-662] Processed net WRAPPER/CL/u_engine_chirho/ocl_rdata_q_chirho[0]_i_131_n_0.  Did not re-place instance WRAPPER/CL/u_engine_chirho/ocl_rdata_q_chirho[0]_i_131
INFO: [Physopt 32-663] Processed net WRAPPER/CL/u_engine_chirho/ocl_rdata_q_chirho[0]_i_177_n_0.  Re-placed instance WRAPPER/CL/u_engine_chirho/ocl_rdata_q_chirho[0]_i_177
INFO: [Physopt 32-662] Processed net WRAPPER/CL/u_engine_chirho/ocl_rdata_q_chirho[0]_i_217_n_0.  Did not re-place instance WRAPPER/CL/u_engine_chirho/ocl_rdata_q_chirho[0]_i_217
INFO: [Physopt 32-662] Processed net WRAPPER/CL/u_engine_chirho/c$ds_app_arg[9525]_i_5_n_0.  Did not re-place instance WRAPPER/CL/u_engine_chirho/c$ds_app_arg[9525]_i_5
INFO: [Physopt 32-662] Processed net WRAPPER/CL/u_engine_chirho/ocl_rdata_q_chirho[0]_i_491_n_0.  Did not re-place instance WRAPPER/CL/u_engine_chirho/ocl_rdata_q_chirho[0]_i_491
INFO: [Physopt 32-663] Processed net WRAPPER/CL/u_engine_chirho/ocl_rdata_q_chirho[0]_i_684_n_0.  Re-placed instance WRAPPER/CL/u_engine_chirho/ocl_rdata_q_chirho[0]_i_684
INFO: [Physopt 32-662] Processed net WRAPPER/CL/u_engine_chirho/ocl_rdata_q_chirho[0]_i_903_n_0.  Did not re-place instance WRAPPER/CL/u_engine_chirho/ocl_rdata_q_chirho[0]_i_903
INFO: [Physopt 32-662] Processed net WRAPPER/CL/u_engine_chirho/c$ds_app_arg[9244]_i_4_n_0.  Did not re-place instance WRAPPER/CL/u_engine_chirho/c$ds_app_arg[9244]_i_4
INFO: [Physopt 32-662] Processed net WRAPPER/CL/u_engine_chirho/c$ds_app_arg[9764]_i_17_n_0.  Did not re-place instance WRAPPER/CL/u_engine_chirho/c$ds_app_arg[9764]_i_17
INFO: [Physopt 32-662] Processed net WRAPPER/CL/u_engine_chirho/resp_wire_chirho[173].  Did not re-place instance WRAPPER/CL/u_engine_chirho/c$ds_app_arg[9458]_i_1
INFO: [Physopt 32-662] Processed net WRAPPER/CL/u_engine_chirho/c$ds_app_arg[9458]_i_5_n_0.  Did not re-place instance WRAPPER/CL/u_engine_chirho/c$ds_app_arg[9458]_i_5
INFO: [Physopt 32-662] Processed net WRAPPER/CL/u_engine_chirho/ocl_rdata_q_chirho[0]_i_467_n_0.  Did not re-place instance WRAPPER/CL/u_engine_chirho/ocl_rdata_q_chirho[0]_i_467
INFO: [Physopt 32-662] Processed net WRAPPER/CL/u_engine_chirho/ocl_rdata_q_chirho[0]_i_490_n_0.  Did not re-place instance WRAPPER/CL/u_engine_chirho/ocl_rdata_q_chirho[0]_i_490
INFO: [Physopt 32-663] Processed net WRAPPER/CL/u_engine_chirho/resultChirho_0[0].  Re-placed instance WRAPPER/CL/u_engine_chirho/cl_sh_status_vled[8]_INST_0_i_6
INFO: [Physopt 32-662] Processed net WRAPPER/CL/u_engine_chirho/cl_sh_status_vled[8]_INST_0_i_13_n_0.  Did not re-place instance WRAPPER/CL/u_engine_chirho/cl_sh_status_vled[8]_INST_0_i_13
INFO: [Physopt 32-663] Processed net WRAPPER/CL/u_engine_chirho/resp_wire_chirho[128].  Re-placed instance WRAPPER/CL/u_engine_chirho/c$ds_app_arg[9413]_i_1
INFO: [Physopt 32-662] Processed net WRAPPER/CL/u_engine_chirho/c$ds_app_arg[9413]_i_4_n_0.  Did not re-place instance WRAPPER/CL/u_engine_chirho/c$ds_app_arg[9413]_i_4
INFO: [Physopt 32-662] Processed net WRAPPER/CL/u_engine_chirho/ocl_rdata_q_chirho[0]_i_83_n_0.  Did not re-place instance WRAPPER/CL/u_engine_chirho/ocl_rdata_q_chirho[0]_i_83
INFO: [Physopt 32-662] Processed net WRAPPER/CL/u_engine_chirho/ocl_rdata_q_chirho[0]_i_86_n_0.  Did not re-place instance WRAPPER/CL/u_engine_chirho/ocl_rdata_q_chirho[0]_i_86
INFO: [Physopt 32-662] Processed net WRAPPER/CL/u_engine_chirho/c$ds_app_arg[9244]_i_5_n_0.  Did not re-place instance WRAPPER/CL/u_engine_chirho/c$ds_app_arg[9244]_i_5
INFO: [Physopt 32-663] Processed net WRAPPER/CL/u_engine_chirho/ocl_rdata_q_chirho[0]_i_138_n_0.  Re-placed instance WRAPPER/CL/u_engine_chirho/ocl_rdata_q_chirho[0]_i_138
INFO: [Physopt 32-663] Processed net WRAPPER/CL/u_engine_chirho/ocl_rdata_q_chirho[0]_i_472_n_0.  Re-placed instance WRAPPER/CL/u_engine_chirho/ocl_rdata_q_chirho[0]_i_472
INFO: [Physopt 32-662] Processed net WRAPPER/CL/u_engine_chirho/ocl_rdata_q_chirho[0]_i_957_n_0.  Did not re-place instance WRAPPER/CL/u_engine_chirho/ocl_rdata_q_chirho[0]_i_957
INFO: [Physopt 32-662] Processed net WRAPPER/CL/u_engine_chirho/resp_wire_chirho[220].  Did not re-place instance WRAPPER/CL/u_engine_chirho/c$ds_app_arg[9505]_i_1
INFO: [Physopt 32-662] Processed net WRAPPER/CL/u_engine_chirho/c$ds_app_arg[9254]_i_5_n_0.  Did not re-place instance WRAPPER/CL/u_engine_chirho/c$ds_app_arg[9254]_i_5
INFO: [Physopt 32-662] Processed net WRAPPER/CL/u_engine_chirho/c$ds_app_arg[9505]_i_5_n_0.  Did not re-place instance WRAPPER/CL/u_engine_chirho/c$ds_app_arg[9505]_i_5
INFO: [Physopt 32-662] Processed net WRAPPER/CL/u_engine_chirho/ocl_rdata_q_chirho[0]_i_174_n_0.  Did not re-place instance WRAPPER/CL/u_engine_chirho/ocl_rdata_q_chirho[0]_i_174
INFO: [Physopt 32-662] Processed net WRAPPER/CL/u_engine_chirho/ocl_rdata_q_chirho[0]_i_232_n_0.  Did not re-place instance WRAPPER/CL/u_engine_chirho/ocl_rdata_q_chirho[0]_i_232
INFO: [Physopt 32-662] Processed net WRAPPER/CL/u_engine_chirho/ocl_rdata_q_chirho[0]_i_76_n_0.  Did not re-place instance WRAPPER/CL/u_engine_chirho/ocl_rdata_q_chirho[0]_i_76
INFO: [Physopt 32-662] Processed net WRAPPER/CL/u_engine_chirho/resp_wire_chirho[206].  Did not re-place instance WRAPPER/CL/u_engine_chirho/c$ds_app_arg[9491]_i_1
INFO: [Physopt 32-662] Processed net WRAPPER/CL/u_engine_chirho/cl_sh_status_vled[9]_INST_0_i_15_n_0.  Did not re-place instance WRAPPER/CL/u_engine_chirho/cl_sh_status_vled[9]_INST_0_i_15
INFO: [Physopt 32-663] Processed net WRAPPER/CL/u_engine_chirho/resp_wire_chirho[150].  Re-placed instance WRAPPER/CL/u_engine_chirho/c$ds_app_arg[9435]_i_1
INFO: [Physopt 32-662] Processed net WRAPPER/CL/u_engine_chirho/c$ds_app_arg[9435]_i_5_n_0.  Did not re-place instance WRAPPER/CL/u_engine_chirho/c$ds_app_arg[9435]_i_5
INFO: [Physopt 32-662] Processed net WRAPPER/CL/u_engine_chirho/c$ds_app_arg[9491]_i_5_n_0.  Did not re-place instance WRAPPER/CL/u_engine_chirho/c$ds_app_arg[9491]_i_5
INFO: [Physopt 32-662] Processed net WRAPPER/CL/u_engine_chirho/resp_wire_chirho[144].  Did not re-place instance WRAPPER/CL/u_engine_chirho/c$ds_app_arg[9429]_i_1
INFO: [Physopt 32-662] Processed net WRAPPER/CL/u_engine_chirho/c$ds_app_arg[9429]_i_5_n_0.  Did not re-place instance WRAPPER/CL/u_engine_chirho/c$ds_app_arg[9429]_i_5
INFO: [Physopt 32-662] Processed net WRAPPER/CL/u_engine_chirho/ocl_rdata_q_chirho[0]_i_492_n_0.  Did not re-place instance WRAPPER/CL/u_engine_chirho/ocl_rdata_q_chirho[0]_i_492
INFO: [Physopt 32-663] Processed net WRAPPER/CL/u_engine_chirho/resp_wire_chirho[93].  Re-placed instance WRAPPER/CL/u_engine_chirho/c$ds_app_arg[9378]_i_1
INFO: [Physopt 32-662] Processed net WRAPPER/CL/u_engine_chirho/c$ds_app_arg[9240]_i_6_n_0.  Did not re-place instance WRAPPER/CL/u_engine_chirho/c$ds_app_arg[9240]_i_6
INFO: [Physopt 32-662] Processed net WRAPPER/CL/u_engine_chirho/c$ds_app_arg[9378]_i_5_n_0.  Did not re-place instance WRAPPER/CL/u_engine_chirho/c$ds_app_arg[9378]_i_5
INFO: [Physopt 32-662] Processed net WRAPPER/CL/u_engine_chirho/c$ds_app_arg[9764]_i_21_n_0.  Did not re-place instance WRAPPER/CL/u_engine_chirho/c$ds_app_arg[9764]_i_21
INFO: [Physopt 32-663] Processed net WRAPPER/CL/u_engine_chirho/resp_wire_chirho[331].  Re-placed instance WRAPPER/CL/u_engine_chirho/c$ds_app_arg[9616]_i_1
INFO: [Physopt 32-663] Processed net WRAPPER/CL/u_engine_chirho/resp_wire_chirho[483].  Re-placed instance WRAPPER/CL/u_engine_chirho/c$ds_app_arg[9768]_i_1
INFO: [Physopt 32-662] Processed net WRAPPER/CL/u_engine_chirho/resp_wire_chirho[79].  Did not re-place instance WRAPPER/CL/u_engine_chirho/c$ds_app_arg[9364]_i_1
INFO: [Physopt 32-662] Processed net WRAPPER/CL/u_engine_chirho/c$ds_app_arg[9240]_i_5_n_0.  Did not re-place instance WRAPPER/CL/u_engine_chirho/c$ds_app_arg[9240]_i_5
INFO: [Physopt 32-662] Processed net WRAPPER/CL/u_engine_chirho/c$ds_app_arg[9364]_i_5_n_0.  Did not re-place instance WRAPPER/CL/u_engine_chirho/c$ds_app_arg[9364]_i_5
INFO: [Physopt 32-662] Processed net WRAPPER/CL/u_engine_chirho/c$ds_app_arg[9616]_i_5_n_0.  Did not re-place instance WRAPPER/CL/u_engine_chirho/c$ds_app_arg[9616]_i_5
INFO: [Physopt 32-662] Processed net WRAPPER/CL/u_engine_chirho/c$ds_app_arg[9768]_i_5_n_0.  Did not re-place instance WRAPPER/CL/u_engine_chirho/c$ds_app_arg[9768]_i_5
INFO: [Physopt 32-663] Processed net WRAPPER/CL/u_engine_chirho/resultChirho_0[14].  Re-placed instance WRAPPER/CL/u_engine_chirho/c$ds_app_arg[9747]_i_7
INFO: [Physopt 32-662] Processed net WRAPPER/CL/u_engine_chirho/cl_sh_status_vled[9]_INST_0_i_14_n_0.  Did not re-place instance WRAPPER/CL/u_engine_chirho/cl_sh_status_vled[9]_INST_0_i_14
INFO: [Physopt 32-662] Processed net WRAPPER/CL/u_engine_chirho/c$ds_app_arg[9491]_i_4_n_0.  Did not re-place instance WRAPPER/CL/u_engine_chirho/c$ds_app_arg[9491]_i_4
INFO: [Physopt 32-662] Processed net WRAPPER/CL/u_engine_chirho/ocl_rdata_q_chirho[0]_i_82_n_0.  Did not re-place instance WRAPPER/CL/u_engine_chirho/ocl_rdata_q_chirho[0]_i_82
INFO: [Physopt 32-662] Processed net WRAPPER/CL/u_engine_chirho/resp_wire_chirho[169].  Did not re-place instance WRAPPER/CL/u_engine_chirho/c$ds_app_arg[9454]_i_1
INFO: [Physopt 32-663] Processed net WRAPPER/CL/u_engine_chirho/resp_wire_chirho[132].  Re-placed instance WRAPPER/CL/u_engine_chirho/c$ds_app_arg[9417]_i_1
INFO: [Physopt 32-662] Processed net WRAPPER/CL/u_engine_chirho/c$ds_app_arg[9417]_i_5_n_0.  Did not re-place instance WRAPPER/CL/u_engine_chirho/c$ds_app_arg[9417]_i_5
INFO: [Physopt 32-662] Processed net WRAPPER/CL/u_engine_chirho/c$ds_app_arg[9454]_i_5_n_0.  Did not re-place instance WRAPPER/CL/u_engine_chirho/c$ds_app_arg[9454]_i_5
INFO: [Physopt 32-662] Processed net WRAPPER/CL/u_engine_chirho/resp_wire_chirho[92].  Did not re-place instance WRAPPER/CL/u_engine_chirho/c$ds_app_arg[9377]_i_1
INFO: [Physopt 32-663] Processed net WRAPPER/CL/u_engine_chirho/resp_wire_chirho[358].  Re-placed instance WRAPPER/CL/u_engine_chirho/c$ds_app_arg[9643]_i_1
INFO: [Physopt 32-662] Processed net WRAPPER/CL/u_engine_chirho/c$ds_app_arg[9227]_i_4_n_0.  Did not re-place instance WRAPPER/CL/u_engine_chirho/c$ds_app_arg[9227]_i_4
INFO: [Physopt 32-662] Processed net WRAPPER/CL/u_engine_chirho/c$ds_app_arg[9377]_i_5_n_0.  Did not re-place instance WRAPPER/CL/u_engine_chirho/c$ds_app_arg[9377]_i_5
INFO: [Physopt 32-662] Processed net WRAPPER/CL/u_engine_chirho/c$ds_app_arg[9643]_i_5_n_0.  Did not re-place instance WRAPPER/CL/u_engine_chirho/c$ds_app_arg[9643]_i_5
INFO: [Physopt 32-662] Processed net WRAPPER/CL/u_engine_chirho/c$ds_app_arg[9748]_i_18_n_0.  Did not re-place instance WRAPPER/CL/u_engine_chirho/c$ds_app_arg[9748]_i_18
INFO: [Physopt 32-662] Processed net WRAPPER/CL/u_engine_chirho/ocl_rdata_q_chirho[0]_i_47_n_0.  Did not re-place instance WRAPPER/CL/u_engine_chirho/ocl_rdata_q_chirho[0]_i_47
INFO: [Physopt 32-661] Optimized 42 nets.  Re-placed 42 instances.
INFO: [Physopt 32-775] End 1 Pass. Optimized 42 nets or cells. Created 0 new cell, deleted 0 existing cell and moved 42 existing cells
INFO: [Physopt 32-619] Estimated Timing Summary | WNS=-0.122 | TNS=-0.122 |
Netlist sorting complete. Time (s): cpu = 00:00:00.03 ; elapsed = 00:00:00.03 . Memory (MB): peak = 7096.219 ; gain = 0.000 ; free physical = 51814 ; free virtual = 67446
Phase 4 Single Cell Placement Optimization | Checksum: 1169a0bbc

Time (s): cpu = 00:04:14 ; elapsed = 00:04:06 . Memory (MB): peak = 7096.219 ; gain = 81.215 ; free physical = 51814 ; free virtual = 67446

Phase 5 Multi Cell Placement Optimization
INFO: [Physopt 32-660] Identified 100 candidate nets for placement-based optimization.
INFO: [Physopt 32-662] Processed net WRAPPER/CL/u_engine_chirho/D[0].  Did not re-place instance WRAPPER/CL/u_engine_chirho/ocl_rdata_q_chirho[0]_i_1/O
INFO: [Physopt 32-662] Processed net WRAPPER/CL/u_engine_chirho/ocl_rdata_q_chirho[0]_i_11_n_0.  Did not re-place instance WRAPPER/CL/u_engine_chirho/ocl_rdata_q_chirho[0]_i_11/O
INFO: [Physopt 32-662] Processed net WRAPPER/CL/u_engine_chirho/ocl_rdata_q_chirho[0]_i_4_n_0.  Did not re-place instance WRAPPER/CL/u_engine_chirho/ocl_rdata_q_chirho[0]_i_4/O
INFO: [Physopt 32-662] Processed net WRAPPER/CL/u_engine_chirho/ocl_rdata_q_chirho[0]_i_10_n_0.  Did not re-place instance WRAPPER/CL/u_engine_chirho/ocl_rdata_q_chirho[0]_i_10/O
INFO: [Physopt 32-662] Processed net WRAPPER/CL/u_engine_chirho/ocl_rdata_q_chirho[0]_i_23_n_0.  Did not re-place instance WRAPPER/CL/u_engine_chirho/ocl_rdata_q_chirho[0]_i_23/O
INFO: [Physopt 32-661] Optimized 0 net.  Re-placed 0 instance.
INFO: [Physopt 32-775] End 1 Pass. Optimized 0 net or cell. Created 0 new cell, deleted 0 existing cell and moved 0 existing cell
Netlist sorting complete. Time (s): cpu = 00:00:00.03 ; elapsed = 00:00:00.03 . Memory (MB): peak = 7096.219 ; gain = 0.000 ; free physical = 51814 ; free virtual = 67446
Phase 5 Multi Cell Placement Optimization | Checksum: 17481de2a

Time (s): cpu = 00:04:15 ; elapsed = 00:04:06 . Memory (MB): peak = 7096.219 ; gain = 81.215 ; free physical = 51814 ; free virtual = 67446

Phase 6 Rewire
INFO: [Physopt 32-246] Starting Signal Push optimization...
INFO: [Physopt 32-77] Pass 1. Identified 2 candidate nets for rewire optimization.
INFO: [Physopt 32-134] Processed net WRAPPER/CL/u_engine_chirho/ocl_rdata_q_chirho[0]_i_11_n_0. Rewiring did not optimize the net.
INFO: [Physopt 32-134] Processed net WRAPPER/CL/u_engine_chirho/ocl_rdata_q_chirho[0]_i_10_n_0. Rewiring did not optimize the net.
INFO: [Physopt 32-232] Optimized 0 net. Created 0 new instance.
INFO: [Physopt 32-775] End 1 Pass. Optimized 0 net or cell. Created 0 new cell, deleted 0 existing cell and moved 0 existing cell
Netlist sorting complete. Time (s): cpu = 00:00:00.1 ; elapsed = 00:00:00.09 . Memory (MB): peak = 7096.219 ; gain = 0.000 ; free physical = 51814 ; free virtual = 67446
Netlist sorting complete. Time (s): cpu = 00:00:00.03 ; elapsed = 00:00:00.04 . Memory (MB): peak = 7096.219 ; gain = 0.000 ; free physical = 51814 ; free virtual = 67446
Phase 6 Rewire | Checksum: cf22e8c3

Time (s): cpu = 00:04:15 ; elapsed = 00:04:07 . Memory (MB): peak = 7096.219 ; gain = 81.215 ; free physical = 51814 ; free virtual = 67446

Phase 7 Critical Cell Optimization
INFO: [Physopt 32-46] Identified 30 candidate nets for critical-cell optimization.
INFO: [Physopt 32-572] Net WRAPPER/CL/u_engine_chirho/resp_wire_chirho[99] was not replicated.
Resolution: phys_opt_design can be forced to replicate a net driver using the option -force_replication_on_nets <list of net objects>.
INFO: [Physopt 32-572] Net WRAPPER/CL/u_engine_chirho/resp_wire_chirho[19] was not replicated.
Resolution: phys_opt_design can be forced to replicate a net driver using the option -force_replication_on_nets <list of net objects>.
INFO: [Physopt 32-81] Processed net WRAPPER/CL/u_engine_chirho/resp_wire_chirho[362]. Replicated 1 times.
INFO: [Physopt 32-572] Net WRAPPER/CL/u_engine_chirho/resp_wire_chirho[35] was not replicated.
Resolution: phys_opt_design can be forced to replicate a net driver using the option -force_replication_on_nets <list of net objects>.
INFO: [Physopt 32-572] Net WRAPPER/CL/u_engine_chirho/resp_wire_chirho[23] was not replicated.
Resolution: phys_opt_design can be forced to replicate a net driver using the option -force_replication_on_nets <list of net objects>.
INFO: [Physopt 32-572] Net WRAPPER/CL/u_engine_chirho/resp_wire_chirho[41] was not replicated.
Resolution: phys_opt_design can be forced to replicate a net driver using the option -force_replication_on_nets <list of net objects>.
INFO: [Physopt 32-81] Processed net WRAPPER/CL/u_engine_chirho/resp_wire_chirho[43]. Replicated 1 times.
INFO: [Physopt 32-572] Net WRAPPER/CL/u_engine_chirho/resp_wire_chirho[179] was not replicated.
Resolution: phys_opt_design can be forced to replicate a net driver using the option -force_replication_on_nets <list of net objects>.
INFO: [Physopt 32-572] Net WRAPPER/CL/u_engine_chirho/resp_wire_chirho[155] was not replicated.
Resolution: phys_opt_design can be forced to replicate a net driver using the option -force_replication_on_nets <list of net objects>.
INFO: [Physopt 32-572] Net WRAPPER/CL/u_engine_chirho/resp_wire_chirho[156] was not replicated.
Resolution: phys_opt_design can be forced to replicate a net driver using the option -force_replication_on_nets <list of net objects>.
INFO: [Physopt 32-572] Net WRAPPER/CL/u_engine_chirho/resp_wire_chirho[210] was not replicated.
Resolution: phys_opt_design can be forced to replicate a net driver using the option -force_replication_on_nets <list of net objects>.
INFO: [Physopt 32-571] Net WRAPPER/CL/u_engine_chirho/cl_sh_status_vled[9]_INST_0_i_15_n_0 was not replicated.
INFO: [Physopt 32-572] Net WRAPPER/CL/u_engine_chirho/resp_wire_chirho[363] was not replicated.
Resolution: phys_opt_design can be forced to replicate a net driver using the option -force_replication_on_nets <list of net objects>.
INFO: [Physopt 32-572] Net WRAPPER/CL/u_engine_chirho/resp_wire_chirho[173] was not replicated.
Resolution: phys_opt_design can be forced to replicate a net driver using the option -force_replication_on_nets <list of net objects>.
INFO: [Physopt 32-572] Net WRAPPER/CL/u_engine_chirho/resp_wire_chirho[355] was not replicated.
Resolution: phys_opt_design can be forced to replicate a net driver using the option -force_replication_on_nets <list of net objects>.
INFO: [Physopt 32-81] Processed net WRAPPER/CL/u_engine_chirho/resp_wire_chirho[356]. Replicated 1 times.
INFO: [Physopt 32-571] Net WRAPPER/CL/u_engine_chirho/cl_sh_status_vled[9]_INST_0_i_14_n_0 was not replicated.
INFO: [Physopt 32-572] Net WRAPPER/CL/u_engine_chirho/resp_wire_chirho[92] was not replicated.
Resolution: phys_opt_design can be forced to replicate a net driver using the option -force_replication_on_nets <list of net objects>.
INFO: [Physopt 32-81] Processed net WRAPPER/CL/u_engine_chirho/resp_wire_chirho[225]. Replicated 1 times.
INFO: [Physopt 32-572] Net WRAPPER/CL/u_engine_chirho/resp_wire_chirho[349] was not replicated.
Resolution: phys_opt_design can be forced to replicate a net driver using the option -force_replication_on_nets <list of net objects>.
INFO: [Physopt 32-81] Processed net WRAPPER/CL/u_engine_chirho/resp_wire_chirho[351]. Replicated 1 times.
INFO: [Physopt 32-572] Net WRAPPER/CL/u_engine_chirho/resp_wire_chirho[169] was not replicated.
Resolution: phys_opt_design can be forced to replicate a net driver using the option -force_replication_on_nets <list of net objects>.
INFO: [Physopt 32-572] Net WRAPPER/CL/u_engine_chirho/resp_wire_chirho[182] was not replicated.
Resolution: phys_opt_design can be forced to replicate a net driver using the option -force_replication_on_nets <list of net objects>.
INFO: [Physopt 32-572] Net WRAPPER/CL/u_engine_chirho/resp_wire_chirho[230] was not replicated.
Resolution: phys_opt_design can be forced to replicate a net driver using the option -force_replication_on_nets <list of net objects>.
INFO: [Physopt 32-81] Processed net WRAPPER/CL/u_engine_chirho/resp_wire_chirho[342]. Replicated 1 times.
INFO: [Physopt 32-81] Processed net WRAPPER/CL/u_engine_chirho/resp_wire_chirho[149]. Replicated 1 times.
INFO: [Physopt 32-81] Processed net WRAPPER/CL/u_engine_chirho/resp_wire_chirho[98]. Replicated 1 times.
INFO: [Physopt 32-81] Processed net WRAPPER/CL/u_engine_chirho/resp_wire_chirho[38]. Replicated 1 times.
INFO: [Physopt 32-572] Net WRAPPER/CL/u_engine_chirho/resp_wire_chirho[357] was not replicated.
Resolution: phys_opt_design can be forced to replicate a net driver using the option -force_replication_on_nets <list of net objects>.
INFO: [Physopt 32-81] Processed net WRAPPER/CL/u_engine_chirho/resp_wire_chirho[52]. Replicated 1 times.
INFO: [Physopt 32-232] Optimized 10 nets. Created 10 new instances.
INFO: [Physopt 32-775] End 1 Pass. Optimized 10 nets or cells. Created 10 new cells, deleted 0 existing cell and moved 0 existing cell
INFO: [Physopt 32-619] Estimated Timing Summary | WNS=-0.122 | TNS=-0.122 |
Netlist sorting complete. Time (s): cpu = 00:00:00.22 ; elapsed = 00:00:00.21 . Memory (MB): peak = 7096.219 ; gain = 0.000 ; free physical = 51813 ; free virtual = 67446
Phase 7 Critical Cell Optimization | Checksum: 221aad117

Time (s): cpu = 00:04:54 ; elapsed = 00:04:44 . Memory (MB): peak = 7096.219 ; gain = 81.215 ; free physical = 51813 ; free virtual = 67446

Phase 8 Fanout Optimization
INFO: [Physopt 32-76] Pass 1. Identified 12 candidate nets for fanout optimization.
INFO: [Physopt 32-81] Processed net WRAPPER/CL/u_engine_chirho/c$ds_app_arg[9604]_i_8_n_0_repN. Replicated 1 times.
INFO: [Physopt 32-81] Processed net WRAPPER/CL/u_engine_chirho/c$ds_app_arg[9476]_i_8_n_0_repN. Replicated 2 times.
INFO: [Physopt 32-572] Net WRAPPER/CL/u_engine_chirho/c$ds_app_arg[9668]_i_7_n_0 was not replicated.
Resolution: phys_opt_design can be forced to replicate a net driver using the option -force_replication_on_nets <list of net objects>.
INFO: [Physopt 32-232] Optimized 2 nets. Created 3 new instances.
INFO: [Physopt 32-775] End 1 Pass. Optimized 2 nets or cells. Created 3 new cells, deleted 0 existing cell and moved 0 existing cell
INFO: [Physopt 32-619] Estimated Timing Summary | WNS=-0.122 | TNS=-0.122 |
Netlist sorting complete. Time (s): cpu = 00:00:00.14 ; elapsed = 00:00:00.14 . Memory (MB): peak = 7096.219 ; gain = 0.000 ; free physical = 51813 ; free virtual = 67446
Phase 8 Fanout Optimization | Checksum: 2561cc71d

Time (s): cpu = 00:04:55 ; elapsed = 00:04:44 . Memory (MB): peak = 7096.219 ; gain = 81.215 ; free physical = 51813 ; free virtual = 67446

Phase 9 Single Cell Placement Optimization
INFO: [Physopt 32-660] Identified 250 candidate nets for placement-based optimization.
INFO: [Physopt 32-662] Processed net WRAPPER/CL/cmd_reg_chirho_reg[65]_rep_n_0.  Did not re-place instance WRAPPER/CL/cmd_reg_chirho_reg[65]_rep
INFO: [Physopt 32-662] Processed net WRAPPER/CL/u_engine_chirho/D[0].  Did not re-place instance WRAPPER/CL/u_engine_chirho/ocl_rdata_q_chirho[0]_i_1
INFO: [Physopt 32-662] Processed net WRAPPER/CL/u_engine_chirho/c$ds_app_arg[9229]_i_4_n_0.  Did not re-place instance WRAPPER/CL/u_engine_chirho/c$ds_app_arg[9229]_i_4
INFO: [Physopt 32-662] Processed net WRAPPER/CL/u_engine_chirho/c$ds_app_arg[9304]_i_5_n_0.  Did not re-place instance WRAPPER/CL/u_engine_chirho/c$ds_app_arg[9304]_i_5
INFO: [Physopt 32-662] Processed net WRAPPER/CL/u_engine_chirho/c$ds_app_arg[9748]_i_16_n_0.  Did not re-place instance WRAPPER/CL/u_engine_chirho/c$ds_app_arg[9748]_i_16
INFO: [Physopt 32-662] Processed net WRAPPER/CL/u_engine_chirho/ocl_rdata_q_chirho[0]_i_11_n_0.  Did not re-place instance WRAPPER/CL/u_engine_chirho/ocl_rdata_q_chirho[0]_i_11
INFO: [Physopt 32-662] Processed net WRAPPER/CL/u_engine_chirho/ocl_rdata_q_chirho[0]_i_187_n_0.  Did not re-place instance WRAPPER/CL/u_engine_chirho/ocl_rdata_q_chirho[0]_i_187
INFO: [Physopt 32-662] Processed net WRAPPER/CL/u_engine_chirho/ocl_rdata_q_chirho[0]_i_4_n_0.  Did not re-place instance WRAPPER/CL/u_engine_chirho/ocl_rdata_q_chirho[0]_i_4
INFO: [Physopt 32-662] Processed net WRAPPER/CL/u_engine_chirho/ocl_rdata_q_chirho[0]_i_647_n_0.  Did not re-place instance WRAPPER/CL/u_engine_chirho/ocl_rdata_q_chirho[0]_i_647
INFO: [Physopt 32-662] Processed net WRAPPER/CL/u_engine_chirho/c$ds_app_arg[9229]_i_5_n_0.  Did not re-place instance WRAPPER/CL/u_engine_chirho/c$ds_app_arg[9229]_i_5
INFO: [Physopt 32-662] Processed net WRAPPER/CL/cmd_reg_chirho_reg[64]_rep_n_0.  Did not re-place instance WRAPPER/CL/cmd_reg_chirho_reg[64]_rep
INFO: [Physopt 32-662] Processed net WRAPPER/CL/cmd_reg_chirho_reg[66]_rep__0_n_0.  Did not re-place instance WRAPPER/CL/cmd_reg_chirho_reg[66]_rep__0
INFO: [Physopt 32-662] Processed net WRAPPER/CL/u_engine_chirho/c$ds_app_arg[9226]_i_4_n_0.  Did not re-place instance WRAPPER/CL/u_engine_chirho/c$ds_app_arg[9226]_i_4
INFO: [Physopt 32-662] Processed net WRAPPER/CL/u_engine_chirho/c$ds_app_arg[9748]_i_19_n_0.  Did not re-place instance WRAPPER/CL/u_engine_chirho/c$ds_app_arg[9748]_i_19
INFO: [Physopt 32-662] Processed net WRAPPER/CL/u_engine_chirho/c$ds_app_arg[9748]_i_20_n_0.  Did not re-place instance WRAPPER/CL/u_engine_chirho/c$ds_app_arg[9748]_i_20
INFO: [Physopt 32-662] Processed net WRAPPER/CL/u_engine_chirho/c$ds_app_arg[9226]_i_5_n_0.  Did not re-place instance WRAPPER/CL/u_engine_chirho/c$ds_app_arg[9226]_i_5
INFO: [Physopt 32-662] Processed net WRAPPER/CL/u_engine_chirho/ocl_rdata_q_chirho[0]_i_185_n_0.  Did not re-place instance WRAPPER/CL/u_engine_chirho/ocl_rdata_q_chirho[0]_i_185
INFO: [Physopt 32-662] Processed net WRAPPER/CL/u_engine_chirho/c$ds_app_arg[9748]_i_21_n_0.  Did not re-place instance WRAPPER/CL/u_engine_chirho/c$ds_app_arg[9748]_i_21
INFO: [Physopt 32-662] Processed net WRAPPER/CL/u_engine_chirho/c$ds_app_arg[9230]_i_5_n_0.  Did not re-place instance WRAPPER/CL/u_engine_chirho/c$ds_app_arg[9230]_i_5
INFO: [Physopt 32-662] Processed net WRAPPER/CL/u_engine_chirho/c$ds_app_arg[9748]_i_15_n_0.  Did not re-place instance WRAPPER/CL/u_engine_chirho/c$ds_app_arg[9748]_i_15
INFO: [Physopt 32-662] Processed net WRAPPER/CL/u_engine_chirho/cl_sh_status_vled[13]_INST_0_i_15_n_0.  Did not re-place instance WRAPPER/CL/u_engine_chirho/cl_sh_status_vled[13]_INST_0_i_15
INFO: [Physopt 32-662] Processed net WRAPPER/CL/u_engine_chirho/cl_sh_status_vled[15]_INST_0_i_28_n_0.  Did not re-place instance WRAPPER/CL/u_engine_chirho/cl_sh_status_vled[15]_INST_0_i_28
INFO: [Physopt 32-662] Processed net WRAPPER/CL/u_engine_chirho/ocl_rdata_q_chirho[0]_i_188_n_0.  Did not re-place instance WRAPPER/CL/u_engine_chirho/ocl_rdata_q_chirho[0]_i_188
INFO: [Physopt 32-662] Processed net WRAPPER/CL/u_engine_chirho/ocl_rdata_q_chirho[0]_i_191_n_0.  Did not re-place instance WRAPPER/CL/u_engine_chirho/ocl_rdata_q_chirho[0]_i_191
INFO: [Physopt 32-662] Processed net WRAPPER/CL/u_engine_chirho/c$ds_app_arg[9230]_i_4_n_0.  Did not re-place instance WRAPPER/CL/u_engine_chirho/c$ds_app_arg[9230]_i_4
INFO: [Physopt 32-662] Processed net WRAPPER/CL/u_engine_chirho/resp_wire_chirho[99].  Did not re-place instance WRAPPER/CL/u_engine_chirho/c$ds_app_arg[9384]_i_1
INFO: [Physopt 32-662] Processed net WRAPPER/CL/u_engine_chirho/c$ds_app_arg[9384]_i_5_n_0.  Did not re-place instance WRAPPER/CL/u_engine_chirho/c$ds_app_arg[9384]_i_5
INFO: [Physopt 32-662] Processed net WRAPPER/CL/u_engine_chirho/cl_sh_status_vled[13]_INST_0_i_14_n_0.  Did not re-place instance WRAPPER/CL/u_engine_chirho/cl_sh_status_vled[13]_INST_0_i_14
INFO: [Physopt 32-662] Processed net WRAPPER/CL/u_engine_chirho/ocl_rdata_q_chirho[0]_i_175_n_0.  Did not re-place instance WRAPPER/CL/u_engine_chirho/ocl_rdata_q_chirho[0]_i_175
INFO: [Physopt 32-662] Processed net WRAPPER/CL/u_engine_chirho/ocl_rdata_q_chirho[0]_i_190_n_0.  Did not re-place instance WRAPPER/CL/u_engine_chirho/ocl_rdata_q_chirho[0]_i_190
INFO: [Physopt 32-662] Processed net WRAPPER/CL/u_engine_chirho/cl_sh_status_vled[15]_INST_0_i_24_n_0.  Did not re-place instance WRAPPER/CL/u_engine_chirho/cl_sh_status_vled[15]_INST_0_i_24
INFO: [Physopt 32-662] Processed net WRAPPER/CL/u_engine_chirho/cl_sh_status_vled[15]_INST_0_i_26_n_0.  Did not re-place instance WRAPPER/CL/u_engine_chirho/cl_sh_status_vled[15]_INST_0_i_26
INFO: [Physopt 32-662] Processed net WRAPPER/CL/u_engine_chirho/ocl_rdata_q_chirho[0]_i_605_n_0.  Did not re-place instance WRAPPER/CL/u_engine_chirho/ocl_rdata_q_chirho[0]_i_605
INFO: [Physopt 32-662] Processed net WRAPPER/CL/u_engine_chirho/ocl_rdata_q_chirho[0]_i_78_n_0.  Did not re-place instance WRAPPER/CL/u_engine_chirho/ocl_rdata_q_chirho[0]_i_78
INFO: [Physopt 32-662] Processed net WRAPPER/CL/u_engine_chirho/c$ds_app_arg[9232]_i_5_n_0.  Did not re-place instance WRAPPER/CL/u_engine_chirho/c$ds_app_arg[9232]_i_5
INFO: [Physopt 32-662] Processed net WRAPPER/CL/u_engine_chirho/c$ds_app_arg[9756]_i_21_n_0.  Did not re-place instance WRAPPER/CL/u_engine_chirho/c$ds_app_arg[9756]_i_21
INFO: [Physopt 32-662] Processed net WRAPPER/CL/u_engine_chirho/cl_sh_status_vled[11]_INST_0_i_14_n_0.  Did not re-place instance WRAPPER/CL/u_engine_chirho/cl_sh_status_vled[11]_INST_0_i_14
INFO: [Physopt 32-662] Processed net WRAPPER/CL/u_engine_chirho/cl_sh_status_vled[11]_INST_0_i_15_n_0.  Did not re-place instance WRAPPER/CL/u_engine_chirho/cl_sh_status_vled[11]_INST_0_i_15
INFO: [Physopt 32-662] Processed net WRAPPER/CL/u_engine_chirho/cl_sh_status_vled[15]_INST_0_i_30_n_0.  Did not re-place instance WRAPPER/CL/u_engine_chirho/cl_sh_status_vled[15]_INST_0_i_30
INFO: [Physopt 32-662] Processed net WRAPPER/CL/u_engine_chirho/c$ds_app_arg[9224]_i_5_n_0.  Did not re-place instance WRAPPER/CL/u_engine_chirho/c$ds_app_arg[9224]_i_5
INFO: [Physopt 32-662] Processed net WRAPPER/CL/u_engine_chirho/c$ds_app_arg[9224]_i_6_n_0.  Did not re-place instance WRAPPER/CL/u_engine_chirho/c$ds_app_arg[9224]_i_6
INFO: [Physopt 32-662] Processed net WRAPPER/CL/u_engine_chirho/c$ds_app_arg[9647]_i_5_n_0.  Did not re-place instance WRAPPER/CL/u_engine_chirho/c$ds_app_arg[9647]_i_5
INFO: [Physopt 32-662] Processed net WRAPPER/CL/u_engine_chirho/ocl_rdata_q_chirho[0]_i_10_n_0.  Did not re-place instance WRAPPER/CL/u_engine_chirho/ocl_rdata_q_chirho[0]_i_10
INFO: [Physopt 32-662] Processed net WRAPPER/CL/u_engine_chirho/ocl_rdata_q_chirho[0]_i_329_n_0.  Did not re-place instance WRAPPER/CL/u_engine_chirho/ocl_rdata_q_chirho[0]_i_329
INFO: [Physopt 32-662] Processed net WRAPPER/CL/u_engine_chirho/ocl_rdata_q_chirho[0]_i_49_n_0.  Did not re-place instance WRAPPER/CL/u_engine_chirho/ocl_rdata_q_chirho[0]_i_49
INFO: [Physopt 32-662] Processed net WRAPPER/CL/u_engine_chirho/c$ds_app_arg[9308]_i_5_n_0.  Did not re-place instance WRAPPER/CL/u_engine_chirho/c$ds_app_arg[9308]_i_5
INFO: [Physopt 32-662] Processed net WRAPPER/CL/u_engine_chirho/ocl_rdata_q_chirho[0]_i_186_n_0.  Did not re-place instance WRAPPER/CL/u_engine_chirho/ocl_rdata_q_chirho[0]_i_186
INFO: [Physopt 32-662] Processed net WRAPPER/CL/u_engine_chirho/ocl_rdata_q_chirho[0]_i_643_n_0.  Did not re-place instance WRAPPER/CL/u_engine_chirho/ocl_rdata_q_chirho[0]_i_643
INFO: [Physopt 32-662] Processed net WRAPPER/CL/u_engine_chirho/c$ds_app_arg[9232]_i_6_n_0.  Did not re-place instance WRAPPER/CL/u_engine_chirho/c$ds_app_arg[9232]_i_6
INFO: [Physopt 32-662] Processed net WRAPPER/CL/u_engine_chirho/c$ds_app_arg[9228]_i_4_n_0.  Did not re-place instance WRAPPER/CL/u_engine_chirho/c$ds_app_arg[9228]_i_4
INFO: [Physopt 32-662] Processed net WRAPPER/CL/u_engine_chirho/c$ds_app_arg[9748]_i_17_n_0.  Did not re-place instance WRAPPER/CL/u_engine_chirho/c$ds_app_arg[9748]_i_17
INFO: [Physopt 32-662] Processed net WRAPPER/CL/u_engine_chirho/cl_sh_status_vled[15]_INST_0_i_25_n_0.  Did not re-place instance WRAPPER/CL/u_engine_chirho/cl_sh_status_vled[15]_INST_0_i_25
INFO: [Physopt 32-662] Processed net WRAPPER/CL/u_engine_chirho/ocl_rdata_q_chirho[0]_i_85_n_0.  Did not re-place instance WRAPPER/CL/u_engine_chirho/ocl_rdata_q_chirho[0]_i_85
INFO: [Physopt 32-662] Processed net WRAPPER/CL/u_engine_chirho/c$ds_app_arg[9228]_i_5_n_0.  Did not re-place instance WRAPPER/CL/u_engine_chirho/c$ds_app_arg[9228]_i_5
INFO: [Physopt 32-662] Processed net WRAPPER/CL/u_engine_chirho/c$ds_app_arg[9764]_i_15_n_0.  Did not re-place instance WRAPPER/CL/u_engine_chirho/c$ds_app_arg[9764]_i_15
INFO: [Physopt 32-662] Processed net WRAPPER/CL/u_engine_chirho/ocl_rdata_q_chirho[0]_i_50_n_0.  Did not re-place instance WRAPPER/CL/u_engine_chirho/ocl_rdata_q_chirho[0]_i_50
INFO: [Physopt 32-662] Processed net WRAPPER/CL/u_engine_chirho/resp_wire_chirho[19].  Did not re-place instance WRAPPER/CL/u_engine_chirho/c$ds_app_arg[9304]_i_1
INFO: [Physopt 32-662] Processed net WRAPPER/CL/u_engine_chirho/c$ds_app_arg[9252]_i_5_n_0.  Did not re-place instance WRAPPER/CL/u_engine_chirho/c$ds_app_arg[9252]_i_5
INFO: [Physopt 32-662] Processed net WRAPPER/CL/u_engine_chirho/c$ds_app_arg[9772]_i_17_n_0.  Did not re-place instance WRAPPER/CL/u_engine_chirho/c$ds_app_arg[9772]_i_17
INFO: [Physopt 32-662] Processed net WRAPPER/CL/u_engine_chirho/cl_sh_status_vled[10]_INST_0_i_14_n_0.  Did not re-place instance WRAPPER/CL/u_engine_chirho/cl_sh_status_vled[10]_INST_0_i_14
INFO: [Physopt 32-662] Processed net WRAPPER/CL/u_engine_chirho/cl_sh_status_vled[15]_INST_0_i_31_n_0.  Did not re-place instance WRAPPER/CL/u_engine_chirho/cl_sh_status_vled[15]_INST_0_i_31
INFO: [Physopt 32-662] Processed net WRAPPER/CL/u_engine_chirho/resp_wire_chirho[35].  Did not re-place instance WRAPPER/CL/u_engine_chirho/c$ds_app_arg[9320]_i_1
INFO: [Physopt 32-662] Processed net WRAPPER/CL/u_engine_chirho/c$ds_app_arg[9252]_i_4_n_0.  Did not re-place instance WRAPPER/CL/u_engine_chirho/c$ds_app_arg[9252]_i_4
INFO: [Physopt 32-662] Processed net WRAPPER/CL/u_engine_chirho/c$ds_app_arg[9320]_i_5_n_0.  Did not re-place instance WRAPPER/CL/u_engine_chirho/c$ds_app_arg[9320]_i_5
INFO: [Physopt 32-662] Processed net WRAPPER/CL/u_engine_chirho/ocl_rdata_q_chirho[0]_i_84_n_0.  Did not re-place instance WRAPPER/CL/u_engine_chirho/ocl_rdata_q_chirho[0]_i_84
INFO: [Physopt 32-662] Processed net WRAPPER/CL/u_engine_chirho/ocl_rdata_q_chirho[0]_i_189_n_0.  Did not re-place instance WRAPPER/CL/u_engine_chirho/ocl_rdata_q_chirho[0]_i_189
INFO: [Physopt 32-662] Processed net WRAPPER/CL/u_engine_chirho/c$ds_app_arg[9764]_i_20_n_0.  Did not re-place instance WRAPPER/CL/u_engine_chirho/c$ds_app_arg[9764]_i_20
INFO: [Physopt 32-662] Processed net WRAPPER/CL/u_engine_chirho/ocl_rdata_q_chirho[0]_i_79_n_0.  Did not re-place instance WRAPPER/CL/u_engine_chirho/ocl_rdata_q_chirho[0]_i_79
INFO: [Physopt 32-662] Processed net WRAPPER/CL/u_engine_chirho/c$ds_app_arg[9241]_i_4_n_0.  Did not re-place instance WRAPPER/CL/u_engine_chirho/c$ds_app_arg[9241]_i_4
INFO: [Physopt 32-662] Processed net WRAPPER/CL/u_engine_chirho/ocl_rdata_q_chirho[0]_i_77_n_0.  Did not re-place instance WRAPPER/CL/u_engine_chirho/ocl_rdata_q_chirho[0]_i_77
INFO: [Physopt 32-662] Processed net WRAPPER/CL/u_engine_chirho/resp_wire_chirho[23].  Did not re-place instance WRAPPER/CL/u_engine_chirho/c$ds_app_arg[9308]_i_1
INFO: [Physopt 32-662] Processed net WRAPPER/CL/u_engine_chirho/resp_wire_chirho[41].  Did not re-place instance WRAPPER/CL/u_engine_chirho/c$ds_app_arg[9326]_i_1
INFO: [Physopt 32-662] Processed net WRAPPER/CL/u_engine_chirho/resp_wire_chirho[362]_repN.  Did not re-place instance WRAPPER/CL/u_engine_chirho/c$ds_app_arg[9647]_i_1_replica
INFO: [Physopt 32-662] Processed net WRAPPER/CL/u_engine_chirho/c$ds_app_arg[9326]_i_5_n_0.  Did not re-place instance WRAPPER/CL/u_engine_chirho/c$ds_app_arg[9326]_i_5
INFO: [Physopt 32-662] Processed net WRAPPER/CL/u_engine_chirho/c$ds_app_arg[9441]_i_5_n_0.  Did not re-place instance WRAPPER/CL/u_engine_chirho/c$ds_app_arg[9441]_i_5
INFO: [Physopt 32-662] Processed net WRAPPER/CL/u_engine_chirho/cl_sh_status_vled[10]_INST_0_i_15_n_0.  Did not re-place instance WRAPPER/CL/u_engine_chirho/cl_sh_status_vled[10]_INST_0_i_15
INFO: [Physopt 32-662] Processed net WRAPPER/CL/u_engine_chirho/ocl_rdata_q_chirho[0]_i_229_n_0.  Did not re-place instance WRAPPER/CL/u_engine_chirho/ocl_rdata_q_chirho[0]_i_229
INFO: [Physopt 32-662] Processed net WRAPPER/CL/u_engine_chirho/ocl_rdata_q_chirho[0]_i_23_n_0.  Did not re-place instance WRAPPER/CL/u_engine_chirho/ocl_rdata_q_chirho[0]_i_23
INFO: [Physopt 32-662] Processed net WRAPPER/CL/u_engine_chirho/ocl_rdata_q_chirho[0]_i_896_n_0.  Did not re-place instance WRAPPER/CL/u_engine_chirho/ocl_rdata_q_chirho[0]_i_896
INFO: [Physopt 32-662] Processed net WRAPPER/CL/u_engine_chirho/cl_sh_status_vled[12]_INST_0_i_14_n_0.  Did not re-place instance WRAPPER/CL/u_engine_chirho/cl_sh_status_vled[12]_INST_0_i_14
INFO: [Physopt 32-663] Processed net WRAPPER/CL/u_engine_chirho/cl_sh_status_vled[15]_INST_0_i_29_n_0.  Re-placed instance WRAPPER/CL/u_engine_chirho/cl_sh_status_vled[15]_INST_0_i_29
INFO: [Physopt 32-662] Processed net WRAPPER/CL/u_engine_chirho/c$ds_app_arg[9254]_i_4_n_0.  Did not re-place instance WRAPPER/CL/u_engine_chirho/c$ds_app_arg[9254]_i_4
INFO: [Physopt 32-662] Processed net WRAPPER/CL/u_engine_chirho/c$ds_app_arg[9772]_i_15_n_0.  Did not re-place instance WRAPPER/CL/u_engine_chirho/c$ds_app_arg[9772]_i_15
INFO: [Physopt 32-662] Processed net WRAPPER/CL/u_engine_chirho/c$ds_app_arg[9236]_i_4_n_0.  Did not re-place instance WRAPPER/CL/u_engine_chirho/c$ds_app_arg[9236]_i_4
INFO: [Physopt 32-662] Processed net WRAPPER/CL/u_engine_chirho/c$ds_app_arg[9756]_i_17_n_0.  Did not re-place instance WRAPPER/CL/u_engine_chirho/c$ds_app_arg[9756]_i_17
INFO: [Physopt 32-662] Processed net WRAPPER/CL/u_engine_chirho/cl_sh_status_vled[15]_INST_0_i_32_n_0.  Did not re-place instance WRAPPER/CL/u_engine_chirho/cl_sh_status_vled[15]_INST_0_i_32
INFO: [Physopt 32-662] Processed net WRAPPER/CL/u_engine_chirho/c$ds_app_arg[9764]_i_19_n_0.  Did not re-place instance WRAPPER/CL/u_engine_chirho/c$ds_app_arg[9764]_i_19
INFO: [Physopt 32-662] Processed net WRAPPER/CL/u_engine_chirho/cl_sh_status_vled[12]_INST_0_i_15_n_0.  Did not re-place instance WRAPPER/CL/u_engine_chirho/cl_sh_status_vled[12]_INST_0_i_15
INFO: [Physopt 32-662] Processed net WRAPPER/CL/u_engine_chirho/c$ds_app_arg[9236]_i_5_n_0.  Did not re-place instance WRAPPER/CL/u_engine_chirho/c$ds_app_arg[9236]_i_5
INFO: [Physopt 32-662] Processed net WRAPPER/CL/u_engine_chirho/c$ds_app_arg[9241]_i_5_n_0.  Did not re-place instance WRAPPER/CL/u_engine_chirho/c$ds_app_arg[9241]_i_5
INFO: [Physopt 32-662] Processed net WRAPPER/CL/u_engine_chirho/c$ds_app_arg[9648]_i_5_n_0.  Did not re-place instance WRAPPER/CL/u_engine_chirho/c$ds_app_arg[9648]_i_5
INFO: [Physopt 32-662] Processed net WRAPPER/CL/u_engine_chirho/ocl_rdata_q_chirho[0]_i_328_n_0.  Did not re-place instance WRAPPER/CL/u_engine_chirho/ocl_rdata_q_chirho[0]_i_328
INFO: [Physopt 32-662] Processed net WRAPPER/CL/u_engine_chirho/ocl_rdata_q_chirho[0]_i_489_n_0.  Did not re-place instance WRAPPER/CL/u_engine_chirho/ocl_rdata_q_chirho[0]_i_489
INFO: [Physopt 32-662] Processed net WRAPPER/CL/u_engine_chirho/cl_sh_status_vled[14]_INST_0_i_14_n_0.  Did not re-place instance WRAPPER/CL/u_engine_chirho/cl_sh_status_vled[14]_INST_0_i_14
INFO: [Physopt 32-662] Processed net WRAPPER/CL/u_engine_chirho/cl_sh_status_vled[14]_INST_0_i_15_n_0.  Did not re-place instance WRAPPER/CL/u_engine_chirho/cl_sh_status_vled[14]_INST_0_i_15
INFO: [Physopt 32-662] Processed net WRAPPER/CL/u_engine_chirho/cl_sh_status_vled[15]_INST_0_i_27_n_0.  Did not re-place instance WRAPPER/CL/u_engine_chirho/cl_sh_status_vled[15]_INST_0_i_27
INFO: [Physopt 32-662] Processed net WRAPPER/CL/u_engine_chirho/ocl_rdata_q_chirho[0]_i_176_n_0.  Did not re-place instance WRAPPER/CL/u_engine_chirho/ocl_rdata_q_chirho[0]_i_176
INFO: [Physopt 32-662] Processed net WRAPPER/CL/u_engine_chirho/ocl_rdata_q_chirho[0]_i_192_n_0.  Did not re-place instance WRAPPER/CL/u_engine_chirho/ocl_rdata_q_chirho[0]_i_192
INFO: [Physopt 32-662] Processed net WRAPPER/CL/u_engine_chirho/c$ds_app_arg[9234]_i_4_n_0.  Did not re-place instance WRAPPER/CL/u_engine_chirho/c$ds_app_arg[9234]_i_4
INFO: [Physopt 32-662] Processed net WRAPPER/CL/u_engine_chirho/c$ds_app_arg[9247]_i_4_n_0.  Did not re-place instance WRAPPER/CL/u_engine_chirho/c$ds_app_arg[9247]_i_4
INFO: [Physopt 32-662] Processed net WRAPPER/CL/u_engine_chirho/c$ds_app_arg[9756]_i_19_n_0.  Did not re-place instance WRAPPER/CL/u_engine_chirho/c$ds_app_arg[9756]_i_19
INFO: [Physopt 32-662] Processed net WRAPPER/CL/u_engine_chirho/c$ds_app_arg[9764]_i_14_n_0.  Did not re-place instance WRAPPER/CL/u_engine_chirho/c$ds_app_arg[9764]_i_14
INFO: [Physopt 32-662] Processed net WRAPPER/CL/u_engine_chirho/ocl_rdata_q_chirho[0]_i_173_n_0.  Did not re-place instance WRAPPER/CL/u_engine_chirho/ocl_rdata_q_chirho[0]_i_173
INFO: [Physopt 32-662] Processed net WRAPPER/CL/u_engine_chirho/resp_wire_chirho[179].  Did not re-place instance WRAPPER/CL/u_engine_chirho/c$ds_app_arg[9464]_i_1
INFO: [Physopt 32-662] Processed net WRAPPER/CL/u_engine_chirho/c$ds_app_arg[9234]_i_5_n_0.  Did not re-place instance WRAPPER/CL/u_engine_chirho/c$ds_app_arg[9234]_i_5
INFO: [Physopt 32-662] Processed net WRAPPER/CL/u_engine_chirho/c$ds_app_arg[9464]_i_5_n_0.  Did not re-place instance WRAPPER/CL/u_engine_chirho/c$ds_app_arg[9464]_i_5
INFO: [Physopt 32-662] Processed net WRAPPER/CL/u_engine_chirho/c$ds_app_arg[9246]_i_5_n_0.  Did not re-place instance WRAPPER/CL/u_engine_chirho/c$ds_app_arg[9246]_i_5
INFO: [Physopt 32-662] Processed net WRAPPER/CL/u_engine_chirho/c$ds_app_arg[9247]_i_5_n_0.  Did not re-place instance WRAPPER/CL/u_engine_chirho/c$ds_app_arg[9247]_i_5
INFO: [Physopt 32-662] Processed net WRAPPER/CL/u_engine_chirho/c$ds_app_arg[9233]_i_4_n_0.  Did not re-place instance WRAPPER/CL/u_engine_chirho/c$ds_app_arg[9233]_i_4
INFO: [Physopt 32-662] Processed net WRAPPER/CL/u_engine_chirho/c$ds_app_arg[9328]_i_5_n_0.  Did not re-place instance WRAPPER/CL/u_engine_chirho/c$ds_app_arg[9328]_i_5
INFO: [Physopt 32-662] Processed net WRAPPER/CL/u_engine_chirho/c$ds_app_arg[9748]_i_14_n_0.  Did not re-place instance WRAPPER/CL/u_engine_chirho/c$ds_app_arg[9748]_i_14
INFO: [Physopt 32-662] Processed net WRAPPER/CL/u_engine_chirho/c$ds_app_arg[9756]_i_20_n_0.  Did not re-place instance WRAPPER/CL/u_engine_chirho/c$ds_app_arg[9756]_i_20
INFO: [Physopt 32-662] Processed net WRAPPER/CL/u_engine_chirho/resp_wire_chirho[43]_repN.  Did not re-place instance WRAPPER/CL/u_engine_chirho/c$ds_app_arg[9328]_i_1_replica
INFO: [Physopt 32-662] Processed net WRAPPER/CL/u_engine_chirho/c$ds_app_arg[9231]_i_4_n_0.  Did not re-place instance WRAPPER/CL/u_engine_chirho/c$ds_app_arg[9231]_i_4
INFO: [Physopt 32-662] Processed net WRAPPER/CL/u_engine_chirho/c$ds_app_arg[9246]_i_4_n_0.  Did not re-place instance WRAPPER/CL/u_engine_chirho/c$ds_app_arg[9246]_i_4
INFO: [Physopt 32-662] Processed net WRAPPER/CL/u_engine_chirho/c$ds_app_arg[9756]_i_14_n_0.  Did not re-place instance WRAPPER/CL/u_engine_chirho/c$ds_app_arg[9756]_i_14
INFO: [Physopt 32-662] Processed net WRAPPER/CL/u_engine_chirho/c$ds_app_arg[9225]_i_5_n_0.  Did not re-place instance WRAPPER/CL/u_engine_chirho/c$ds_app_arg[9225]_i_5
INFO: [Physopt 32-662] Processed net WRAPPER/CL/u_engine_chirho/c$ds_app_arg[9233]_i_5_n_0.  Did not re-place instance WRAPPER/CL/u_engine_chirho/c$ds_app_arg[9233]_i_5
INFO: [Physopt 32-662] Processed net WRAPPER/CL/u_engine_chirho/ocl_rdata_q_chirho[0]_i_230_n_0.  Did not re-place instance WRAPPER/CL/u_engine_chirho/ocl_rdata_q_chirho[0]_i_230
INFO: [Physopt 32-662] Processed net WRAPPER/CL/u_engine_chirho/c$ds_app_arg[9254]_i_5_n_0.  Did not re-place instance WRAPPER/CL/u_engine_chirho/c$ds_app_arg[9254]_i_5
INFO: [Physopt 32-662] Processed net WRAPPER/CL/u_engine_chirho/resp_wire_chirho[155].  Did not re-place instance WRAPPER/CL/u_engine_chirho/c$ds_app_arg[9440]_i_1
INFO: [Physopt 32-662] Processed net WRAPPER/CL/u_engine_chirho/c$ds_app_arg[9440]_i_5_n_0.  Did not re-place instance WRAPPER/CL/u_engine_chirho/c$ds_app_arg[9440]_i_5
INFO: [Physopt 32-662] Processed net WRAPPER/CL/u_engine_chirho/resp_wire_chirho[156].  Did not re-place instance WRAPPER/CL/u_engine_chirho/c$ds_app_arg[9441]_i_1
INFO: [Physopt 32-662] Processed net WRAPPER/CL/u_engine_chirho/c$ds_app_arg[9225]_i_4_n_0.  Did not re-place instance WRAPPER/CL/u_engine_chirho/c$ds_app_arg[9225]_i_4
INFO: [Physopt 32-662] Processed net WRAPPER/CL/u_engine_chirho/c$ds_app_arg[9244]_i_4_n_0.  Did not re-place instance WRAPPER/CL/u_engine_chirho/c$ds_app_arg[9244]_i_4
INFO: [Physopt 32-662] Processed net WRAPPER/CL/u_engine_chirho/c$ds_app_arg[9764]_i_17_n_0.  Did not re-place instance WRAPPER/CL/u_engine_chirho/c$ds_app_arg[9764]_i_17
INFO: [Physopt 32-662] Processed net WRAPPER/CL/u_engine_chirho/c$ds_app_arg[9231]_i_5_n_0.  Did not re-place instance WRAPPER/CL/u_engine_chirho/c$ds_app_arg[9231]_i_5
INFO: [Physopt 32-662] Processed net WRAPPER/CL/u_engine_chirho/ocl_rdata_q_chirho[0]_i_488_n_0.  Did not re-place instance WRAPPER/CL/u_engine_chirho/ocl_rdata_q_chirho[0]_i_488
INFO: [Physopt 32-662] Processed net WRAPPER/CL/u_engine_chirho/ocl_rdata_q_chirho[0]_i_83_n_0.  Did not re-place instance WRAPPER/CL/u_engine_chirho/ocl_rdata_q_chirho[0]_i_83
INFO: [Physopt 32-662] Processed net WRAPPER/CL/u_engine_chirho/ocl_rdata_q_chirho[0]_i_86_n_0.  Did not re-place instance WRAPPER/CL/u_engine_chirho/ocl_rdata_q_chirho[0]_i_86
INFO: [Physopt 32-662] Processed net WRAPPER/CL/u_engine_chirho/c$ds_app_arg[9244]_i_5_n_0.  Did not re-place instance WRAPPER/CL/u_engine_chirho/c$ds_app_arg[9244]_i_5
INFO: [Physopt 32-662] Processed net WRAPPER/CL/u_engine_chirho/c$ds_app_arg[9256]_i_5_n_0.  Did not re-place instance WRAPPER/CL/u_engine_chirho/c$ds_app_arg[9256]_i_5
INFO: [Physopt 32-662] Processed net WRAPPER/CL/u_engine_chirho/c$ds_app_arg[9780]_i_21_n_0.  Did not re-place instance WRAPPER/CL/u_engine_chirho/c$ds_app_arg[9780]_i_21
INFO: [Physopt 32-662] Processed net WRAPPER/CL/u_engine_chirho/ocl_rdata_q_chirho[0]_i_47_n_0.  Did not re-place instance WRAPPER/CL/u_engine_chirho/ocl_rdata_q_chirho[0]_i_47
INFO: [Physopt 32-662] Processed net WRAPPER/CL/u_engine_chirho/ocl_rdata_q_chirho[0]_i_174_n_0.  Did not re-place instance WRAPPER/CL/u_engine_chirho/ocl_rdata_q_chirho[0]_i_174
INFO: [Physopt 32-662] Processed net WRAPPER/CL/u_engine_chirho/ocl_rdata_q_chirho[0]_i_51_n_0.  Did not re-place instance WRAPPER/CL/u_engine_chirho/ocl_rdata_q_chirho[0]_i_51
INFO: [Physopt 32-662] Processed net WRAPPER/CL/u_engine_chirho/ocl_rdata_q_chirho[0]_i_76_n_0.  Did not re-place instance WRAPPER/CL/u_engine_chirho/ocl_rdata_q_chirho[0]_i_76
INFO: [Physopt 32-662] Processed net WRAPPER/CL/u_engine_chirho/c$ds_app_arg[9240]_i_6_n_0.  Did not re-place instance WRAPPER/CL/u_engine_chirho/c$ds_app_arg[9240]_i_6
INFO: [Physopt 32-662] Processed net WRAPPER/CL/u_engine_chirho/c$ds_app_arg[9256]_i_6_n_0.  Did not re-place instance WRAPPER/CL/u_engine_chirho/c$ds_app_arg[9256]_i_6
INFO: [Physopt 32-662] Processed net WRAPPER/CL/u_engine_chirho/c$ds_app_arg[9764]_i_21_n_0.  Did not re-place instance WRAPPER/CL/u_engine_chirho/c$ds_app_arg[9764]_i_21
INFO: [Physopt 32-662] Processed net WRAPPER/CL/u_engine_chirho/resp_wire_chirho[210].  Did not re-place instance WRAPPER/CL/u_engine_chirho/c$ds_app_arg[9495]_i_1
INFO: [Physopt 32-662] Processed net WRAPPER/CL/u_engine_chirho/c$ds_app_arg[9240]_i_5_n_0.  Did not re-place instance WRAPPER/CL/u_engine_chirho/c$ds_app_arg[9240]_i_5
INFO: [Physopt 32-662] Processed net WRAPPER/CL/u_engine_chirho/c$ds_app_arg[9495]_i_5_n_0.  Did not re-place instance WRAPPER/CL/u_engine_chirho/c$ds_app_arg[9495]_i_5
INFO: [Physopt 32-662] Processed net WRAPPER/CL/u_engine_chirho/ocl_rdata_q_chirho[0]_i_473_n_0.  Did not re-place instance WRAPPER/CL/u_engine_chirho/ocl_rdata_q_chirho[0]_i_473
INFO: [Physopt 32-662] Processed net WRAPPER/CL/u_engine_chirho/ocl_rdata_q_chirho[0]_i_82_n_0.  Did not re-place instance WRAPPER/CL/u_engine_chirho/ocl_rdata_q_chirho[0]_i_82
INFO: [Physopt 32-662] Processed net WRAPPER/CL/u_engine_chirho/cl_sh_status_vled[9]_INST_0_i_15_n_0.  Did not re-place instance WRAPPER/CL/u_engine_chirho/cl_sh_status_vled[9]_INST_0_i_15
INFO: [Physopt 32-662] Processed net WRAPPER/CL/u_engine_chirho/resp_wire_chirho[363].  Did not re-place instance WRAPPER/CL/u_engine_chirho/c$ds_app_arg[9648]_i_1
INFO: [Physopt 32-662] Processed net WRAPPER/CL/u_engine_chirho/ocl_rdata_q_chirho[0]_i_491_n_0.  Did not re-place instance WRAPPER/CL/u_engine_chirho/ocl_rdata_q_chirho[0]_i_491
INFO: [Physopt 32-662] Processed net WRAPPER/CL/u_engine_chirho/resp_wire_chirho[173].  Did not re-place instance WRAPPER/CL/u_engine_chirho/c$ds_app_arg[9458]_i_1
INFO: [Physopt 32-662] Processed net WRAPPER/CL/u_engine_chirho/resp_wire_chirho[355].  Did not re-place instance WRAPPER/CL/u_engine_chirho/c$ds_app_arg[9640]_i_1
INFO: [Physopt 32-662] Processed net WRAPPER/CL/u_engine_chirho/c$ds_app_arg[9458]_i_5_n_0.  Did not re-place instance WRAPPER/CL/u_engine_chirho/c$ds_app_arg[9458]_i_5
INFO: [Physopt 32-662] Processed net WRAPPER/CL/u_engine_chirho/c$ds_app_arg[9640]_i_5_n_0.  Did not re-place instance WRAPPER/CL/u_engine_chirho/c$ds_app_arg[9640]_i_5
INFO: [Physopt 32-662] Processed net WRAPPER/CL/u_engine_chirho/c$ds_app_arg[9764]_i_16_n_0.  Did not re-place instance WRAPPER/CL/u_engine_chirho/c$ds_app_arg[9764]_i_16
INFO: [Physopt 32-662] Processed net WRAPPER/CL/u_engine_chirho/ocl_rdata_q_chirho[0]_i_490_n_0.  Did not re-place instance WRAPPER/CL/u_engine_chirho/ocl_rdata_q_chirho[0]_i_490
INFO: [Physopt 32-662] Processed net WRAPPER/CL/u_engine_chirho/cl_sh_status_vled[9]_INST_0_i_14_n_0.  Did not re-place instance WRAPPER/CL/u_engine_chirho/cl_sh_status_vled[9]_INST_0_i_14
INFO: [Physopt 32-662] Processed net WRAPPER/CL/u_engine_chirho/resp_wire_chirho[92].  Did not re-place instance WRAPPER/CL/u_engine_chirho/c$ds_app_arg[9377]_i_1
INFO: [Physopt 32-662] Processed net WRAPPER/CL/u_engine_chirho/resp_wire_chirho[349].  Did not re-place instance WRAPPER/CL/u_engine_chirho/c$ds_app_arg[9634]_i_1
INFO: [Physopt 32-662] Processed net WRAPPER/CL/u_engine_chirho/c$ds_app_arg[9227]_i_4_n_0.  Did not re-place instance WRAPPER/CL/u_engine_chirho/c$ds_app_arg[9227]_i_4
INFO: [Physopt 32-662] Processed net WRAPPER/CL/u_engine_chirho/c$ds_app_arg[9377]_i_5_n_0.  Did not re-place instance WRAPPER/CL/u_engine_chirho/c$ds_app_arg[9377]_i_5
INFO: [Physopt 32-662] Processed net WRAPPER/CL/u_engine_chirho/c$ds_app_arg[9634]_i_5_n_0.  Did not re-place instance WRAPPER/CL/u_engine_chirho/c$ds_app_arg[9634]_i_5
INFO: [Physopt 32-662] Processed net WRAPPER/CL/u_engine_chirho/c$ds_app_arg[9748]_i_18_n_0.  Did not re-place instance WRAPPER/CL/u_engine_chirho/c$ds_app_arg[9748]_i_18
INFO: [Physopt 32-662] Processed net WRAPPER/CL/u_engine_chirho/ocl_rdata_q_chirho[0]_i_232_n_0.  Did not re-place instance WRAPPER/CL/u_engine_chirho/ocl_rdata_q_chirho[0]_i_232
INFO: [Physopt 32-662] Processed net WRAPPER/CL/u_engine_chirho/ocl_rdata_q_chirho[0]_i_448_n_0.  Did not re-place instance WRAPPER/CL/u_engine_chirho/ocl_rdata_q_chirho[0]_i_448
INFO: [Physopt 32-662] Processed net WRAPPER/CL/u_engine_chirho/ocl_rdata_q_chirho[0]_i_131_n_0.  Did not re-place instance WRAPPER/CL/u_engine_chirho/ocl_rdata_q_chirho[0]_i_131
INFO: [Physopt 32-662] Processed net WRAPPER/CL/u_engine_chirho/ocl_rdata_q_chirho[0]_i_492_n_0.  Did not re-place instance WRAPPER/CL/u_engine_chirho/ocl_rdata_q_chirho[0]_i_492
INFO: [Physopt 32-662] Processed net WRAPPER/CL/u_engine_chirho/c$ds_app_arg[9242]_i_4_n_0.  Did not re-place instance WRAPPER/CL/u_engine_chirho/c$ds_app_arg[9242]_i_4
INFO: [Physopt 32-662] Processed net WRAPPER/CL/u_engine_chirho/c$ds_app_arg[9238]_i_4_n_0.  Did not re-place instance WRAPPER/CL/u_engine_chirho/c$ds_app_arg[9238]_i_4
INFO: [Physopt 32-662] Processed net WRAPPER/CL/u_engine_chirho/c$ds_app_arg[9756]_i_15_n_0.  Did not re-place instance WRAPPER/CL/u_engine_chirho/c$ds_app_arg[9756]_i_15
INFO: [Physopt 32-662] Processed net WRAPPER/CL/u_engine_chirho/ocl_rdata_q_chirho[0]_i_48_n_0.  Did not re-place instance WRAPPER/CL/u_engine_chirho/ocl_rdata_q_chirho[0]_i_48
INFO: [Physopt 32-662] Processed net WRAPPER/CL/u_engine_chirho/c$ds_app_arg[9227]_i_5_n_0.  Did not re-place instance WRAPPER/CL/u_engine_chirho/c$ds_app_arg[9227]_i_5
INFO: [Physopt 32-662] Processed net WRAPPER/CL/u_engine_chirho/c$ds_app_arg[9239]_i_4_n_0.  Did not re-place instance WRAPPER/CL/u_engine_chirho/c$ds_app_arg[9239]_i_4
INFO: [Physopt 32-662] Processed net WRAPPER/CL/u_engine_chirho/c$ds_app_arg[9239]_i_5_n_0.  Did not re-place instance WRAPPER/CL/u_engine_chirho/c$ds_app_arg[9239]_i_5
INFO: [Physopt 32-662] Processed net WRAPPER/CL/u_engine_chirho/c$ds_app_arg[9313]_i_5_n_0.  Did not re-place instance WRAPPER/CL/u_engine_chirho/c$ds_app_arg[9313]_i_5
INFO: [Physopt 32-662] Processed net WRAPPER/CL/u_engine_chirho/ocl_rdata_q_chirho[0]_i_638_n_0.  Did not re-place instance WRAPPER/CL/u_engine_chirho/ocl_rdata_q_chirho[0]_i_638
INFO: [Physopt 32-662] Processed net WRAPPER/CL/u_engine_chirho/resp_wire_chirho[169].  Did not re-place instance WRAPPER/CL/u_engine_chirho/c$ds_app_arg[9454]_i_1
INFO: [Physopt 32-662] Processed net WRAPPER/CL/u_engine_chirho/c$ds_app_arg[9454]_i_5_n_0.  Did not re-place instance WRAPPER/CL/u_engine_chirho/c$ds_app_arg[9454]_i_5
INFO: [Physopt 32-662] Processed net WRAPPER/CL/u_engine_chirho/c$ds_app_arg[9642]_i_5_n_0.  Did not re-place instance WRAPPER/CL/u_engine_chirho/c$ds_app_arg[9642]_i_5
INFO: [Physopt 32-662] Processed net WRAPPER/CL/u_engine_chirho/ocl_rdata_q_chirho[0]_i_551_n_0.  Did not re-place instance WRAPPER/CL/u_engine_chirho/ocl_rdata_q_chirho[0]_i_551
INFO: [Physopt 32-662] Processed net WRAPPER/CL/u_engine_chirho/c$ds_app_arg[9235]_i_4_n_0.  Did not re-place instance WRAPPER/CL/u_engine_chirho/c$ds_app_arg[9235]_i_4
INFO: [Physopt 32-662] Processed net WRAPPER/CL/u_engine_chirho/c$ds_app_arg[9242]_i_5_n_0.  Did not re-place instance WRAPPER/CL/u_engine_chirho/c$ds_app_arg[9242]_i_5
INFO: [Physopt 32-662] Processed net WRAPPER/CL/u_engine_chirho/c$ds_app_arg[9653]_i_5_n_0.  Did not re-place instance WRAPPER/CL/u_engine_chirho/c$ds_app_arg[9653]_i_5
INFO: [Physopt 32-662] Processed net WRAPPER/CL/u_engine_chirho/c$ds_app_arg[9756]_i_18_n_0.  Did not re-place instance WRAPPER/CL/u_engine_chirho/c$ds_app_arg[9756]_i_18
INFO: [Physopt 32-663] Processed net WRAPPER/CL/u_engine_chirho/ocl_rdata_q_chirho[0]_i_323_n_0.  Re-placed instance WRAPPER/CL/u_engine_chirho/ocl_rdata_q_chirho[0]_i_323
INFO: [Physopt 32-662] Processed net WRAPPER/CL/u_engine_chirho/c$ds_app_arg[9238]_i_5_n_0.  Did not re-place instance WRAPPER/CL/u_engine_chirho/c$ds_app_arg[9238]_i_5
INFO: [Physopt 32-662] Processed net WRAPPER/CL/u_engine_chirho/resp_wire_chirho[182].  Did not re-place instance WRAPPER/CL/u_engine_chirho/c$ds_app_arg[9467]_i_1
INFO: [Physopt 32-662] Processed net WRAPPER/CL/u_engine_chirho/c$ds_app_arg[9467]_i_5_n_0.  Did not re-place instance WRAPPER/CL/u_engine_chirho/c$ds_app_arg[9467]_i_5
INFO: [Physopt 32-662] Processed net WRAPPER/CL/u_engine_chirho/resp_wire_chirho[230].  Did not re-place instance WRAPPER/CL/u_engine_chirho/c$ds_app_arg[9515]_i_1
INFO: [Physopt 32-662] Processed net WRAPPER/CL/u_engine_chirho/resp_wire_chirho[225]_repN.  Did not re-place instance WRAPPER/CL/u_engine_chirho/c$ds_app_arg[9510]_i_1_replica
INFO: [Physopt 32-662] Processed net WRAPPER/CL/u_engine_chirho/c$ds_app_arg[9235]_i_5_n_0.  Did not re-place instance WRAPPER/CL/u_engine_chirho/c$ds_app_arg[9235]_i_5
INFO: [Physopt 32-662] Processed net WRAPPER/CL/u_engine_chirho/c$ds_app_arg[9510]_i_5_n_0.  Did not re-place instance WRAPPER/CL/u_engine_chirho/c$ds_app_arg[9510]_i_5
INFO: [Physopt 32-662] Processed net WRAPPER/CL/u_engine_chirho/c$ds_app_arg[9515]_i_5_n_0.  Did not re-place instance WRAPPER/CL/u_engine_chirho/c$ds_app_arg[9515]_i_5
INFO: [Physopt 32-662] Processed net WRAPPER/CL/u_engine_chirho/ocl_rdata_q_chirho[0]_i_216_n_0.  Did not re-place instance WRAPPER/CL/u_engine_chirho/ocl_rdata_q_chirho[0]_i_216
INFO: [Physopt 32-662] Processed net WRAPPER/CL/u_engine_chirho/ocl_rdata_q_chirho[0]_i_553_n_0.  Did not re-place instance WRAPPER/CL/u_engine_chirho/ocl_rdata_q_chirho[0]_i_553
INFO: [Physopt 32-662] Processed net WRAPPER/CL/u_engine_chirho/c$ds_app_arg[9248]_i_5_n_0.  Did not re-place instance WRAPPER/CL/u_engine_chirho/c$ds_app_arg[9248]_i_5
INFO: [Physopt 32-662] Processed net WRAPPER/CL/u_engine_chirho/c$ds_app_arg[9772]_i_21_n_0.  Did not re-place instance WRAPPER/CL/u_engine_chirho/c$ds_app_arg[9772]_i_21
INFO: [Physopt 32-662] Processed net WRAPPER/CL/u_engine_chirho/c$ds_app_arg[9243]_i_4_n_0.  Did not re-place instance WRAPPER/CL/u_engine_chirho/c$ds_app_arg[9243]_i_4
INFO: [Physopt 32-662] Processed net WRAPPER/CL/u_engine_chirho/c$ds_app_arg[9764]_i_18_n_0.  Did not re-place instance WRAPPER/CL/u_engine_chirho/c$ds_app_arg[9764]_i_18
INFO: [Physopt 32-662] Processed net WRAPPER/CL/u_engine_chirho/c$ds_app_arg[9243]_i_5_n_0.  Did not re-place instance WRAPPER/CL/u_engine_chirho/c$ds_app_arg[9243]_i_5
INFO: [Physopt 32-662] Processed net WRAPPER/CL/u_engine_chirho/ocl_rdata_q_chirho[0]_i_75_n_0.  Did not re-place instance WRAPPER/CL/u_engine_chirho/ocl_rdata_q_chirho[0]_i_75
INFO: [Physopt 32-662] Processed net WRAPPER/CL/u_engine_chirho/c$ds_app_arg[9248]_i_6_n_0.  Did not re-place instance WRAPPER/CL/u_engine_chirho/c$ds_app_arg[9248]_i_6
INFO: [Physopt 32-662] Processed net WRAPPER/CL/u_engine_chirho/c$ds_app_arg[9245]_i_5_n_0.  Did not re-place instance WRAPPER/CL/u_engine_chirho/c$ds_app_arg[9245]_i_5
INFO: [Physopt 32-662] Processed net WRAPPER/CL/u_engine_chirho/c$ds_app_arg[9249]_i_4_n_0.  Did not re-place instance WRAPPER/CL/u_engine_chirho/c$ds_app_arg[9249]_i_4
INFO: [Physopt 32-663] Processed net WRAPPER/CL/u_engine_chirho/resp_wire_chirho[342]_repN.  Re-placed instance WRAPPER/CL/u_engine_chirho/c$ds_app_arg[9627]_i_1_replica
INFO: [Physopt 32-662] Processed net WRAPPER/CL/u_engine_chirho/c$ds_app_arg[9245]_i_4_n_0.  Did not re-place instance WRAPPER/CL/u_engine_chirho/c$ds_app_arg[9245]_i_4
INFO: [Physopt 32-662] Processed net WRAPPER/CL/u_engine_chirho/c$ds_app_arg[9253]_i_4_n_0.  Did not re-place instance WRAPPER/CL/u_engine_chirho/c$ds_app_arg[9253]_i_4
INFO: [Physopt 32-662] Processed net WRAPPER/CL/u_engine_chirho/c$ds_app_arg[9627]_i_5_n_0.  Did not re-place instance WRAPPER/CL/u_engine_chirho/c$ds_app_arg[9627]_i_5
INFO: [Physopt 32-662] Processed net WRAPPER/CL/u_engine_chirho/c$ds_app_arg[9772]_i_16_n_0.  Did not re-place instance WRAPPER/CL/u_engine_chirho/c$ds_app_arg[9772]_i_16
INFO: [Physopt 32-662] Processed net WRAPPER/CL/u_engine_chirho/c$ds_app_arg[9772]_i_20_n_0.  Did not re-place instance WRAPPER/CL/u_engine_chirho/c$ds_app_arg[9772]_i_20
INFO: [Physopt 32-662] Processed net WRAPPER/CL/u_engine_chirho/ocl_rdata_q_chirho[0]_i_137_n_0.  Did not re-place instance WRAPPER/CL/u_engine_chirho/ocl_rdata_q_chirho[0]_i_137
INFO: [Physopt 32-662] Processed net WRAPPER/CL/u_engine_chirho/resp_wire_chirho[357].  Did not re-place instance WRAPPER/CL/u_engine_chirho/c$ds_app_arg[9642]_i_1
INFO: [Physopt 32-662] Processed net WRAPPER/CL/u_engine_chirho/c$ds_app_arg[9434]_i_5_n_0.  Did not re-place instance WRAPPER/CL/u_engine_chirho/c$ds_app_arg[9434]_i_5
INFO: [Physopt 32-662] Processed net WRAPPER/CL/u_engine_chirho/resp_wire_chirho[149]_repN.  Did not re-place instance WRAPPER/CL/u_engine_chirho/c$ds_app_arg[9434]_i_1_replica
INFO: [Physopt 32-662] Processed net WRAPPER/CL/u_engine_chirho/c$ds_app_arg[9249]_i_5_n_0.  Did not re-place instance WRAPPER/CL/u_engine_chirho/c$ds_app_arg[9249]_i_5
INFO: [Physopt 32-663] Processed net WRAPPER/CL/u_engine_chirho/resp_wire_chirho[90].  Re-placed instance WRAPPER/CL/u_engine_chirho/c$ds_app_arg[9375]_i_1
INFO: [Physopt 32-662] Processed net WRAPPER/CL/u_engine_chirho/resp_wire_chirho[203].  Did not re-place instance WRAPPER/CL/u_engine_chirho/c$ds_app_arg[9488]_i_1
INFO: [Physopt 32-662] Processed net WRAPPER/CL/u_engine_chirho/c$ds_app_arg[9375]_i_5_n_0.  Did not re-place instance WRAPPER/CL/u_engine_chirho/c$ds_app_arg[9375]_i_5
INFO: [Physopt 32-662] Processed net WRAPPER/CL/u_engine_chirho/c$ds_app_arg[9488]_i_5_n_0.  Did not re-place instance WRAPPER/CL/u_engine_chirho/c$ds_app_arg[9488]_i_5
INFO: [Physopt 32-662] Processed net WRAPPER/CL/u_engine_chirho/resp_wire_chirho[220].  Did not re-place instance WRAPPER/CL/u_engine_chirho/c$ds_app_arg[9505]_i_1
INFO: [Physopt 32-663] Processed net WRAPPER/CL/u_engine_chirho/resp_wire_chirho[333].  Re-placed instance WRAPPER/CL/u_engine_chirho/c$ds_app_arg[9618]_i_1
INFO: [Physopt 32-662] Processed net WRAPPER/CL/u_engine_chirho/c$ds_app_arg[9505]_i_5_n_0.  Did not re-place instance WRAPPER/CL/u_engine_chirho/c$ds_app_arg[9505]_i_5
INFO: [Physopt 32-662] Processed net WRAPPER/CL/u_engine_chirho/c$ds_app_arg[9618]_i_5_n_0.  Did not re-place instance WRAPPER/CL/u_engine_chirho/c$ds_app_arg[9618]_i_5
INFO: [Physopt 32-662] Processed net WRAPPER/CL/u_engine_chirho/ocl_rdata_q_chirho[0]_i_903_n_0.  Did not re-place instance WRAPPER/CL/u_engine_chirho/ocl_rdata_q_chirho[0]_i_903
INFO: [Physopt 32-662] Processed net WRAPPER/CL/u_engine_chirho/c$ds_app_arg[9253]_i_5_n_0.  Did not re-place instance WRAPPER/CL/u_engine_chirho/c$ds_app_arg[9253]_i_5
INFO: [Physopt 32-662] Processed net WRAPPER/CL/u_engine_chirho/ocl_rdata_q_chirho[0]_i_228_n_0.  Did not re-place instance WRAPPER/CL/u_engine_chirho/ocl_rdata_q_chirho[0]_i_228
INFO: [Physopt 32-662] Processed net WRAPPER/CL/u_engine_chirho/ocl_rdata_q_chirho[0]_i_177_n_0.  Did not re-place instance WRAPPER/CL/u_engine_chirho/ocl_rdata_q_chirho[0]_i_177
INFO: [Physopt 32-662] Processed net WRAPPER/CL/u_engine_chirho/ocl_rdata_q_chirho[0]_i_631_n_0.  Did not re-place instance WRAPPER/CL/u_engine_chirho/ocl_rdata_q_chirho[0]_i_631
INFO: [Physopt 32-663] Processed net WRAPPER/CL/u_engine_chirho/resp_wire_chirho[153].  Re-placed instance WRAPPER/CL/u_engine_chirho/c$ds_app_arg[9438]_i_1
INFO: [Physopt 32-662] Processed net WRAPPER/CL/u_engine_chirho/c$ds_app_arg[9438]_i_5_n_0.  Did not re-place instance WRAPPER/CL/u_engine_chirho/c$ds_app_arg[9438]_i_5
INFO: [Physopt 32-662] Processed net WRAPPER/CL/u_engine_chirho/c$ds_app_arg[9575]_i_5_n_0.  Did not re-place instance WRAPPER/CL/u_engine_chirho/c$ds_app_arg[9575]_i_5
INFO: [Physopt 32-662] Processed net WRAPPER/CL/u_engine_chirho/ocl_rdata_q_chirho[0]_i_217_n_0.  Did not re-place instance WRAPPER/CL/u_engine_chirho/ocl_rdata_q_chirho[0]_i_217
INFO: [Physopt 32-662] Processed net WRAPPER/CL/u_engine_chirho/ocl_rdata_q_chirho[0]_i_231_n_0.  Did not re-place instance WRAPPER/CL/u_engine_chirho/ocl_rdata_q_chirho[0]_i_231
INFO: [Physopt 32-663] Processed net WRAPPER/CL/u_engine_chirho/ocl_rdata_q_chirho[0]_i_501_n_0.  Re-placed instance WRAPPER/CL/u_engine_chirho/ocl_rdata_q_chirho[0]_i_501
INFO: [Physopt 32-663] Processed net WRAPPER/CL/u_engine_chirho/ocl_rdata_q_chirho[0]_i_916_n_0.  Re-placed instance WRAPPER/CL/u_engine_chirho/ocl_rdata_q_chirho[0]_i_916
INFO: [Physopt 32-663] Processed net WRAPPER/CL/u_engine_chirho/resp_wire_chirho[354].  Re-placed instance WRAPPER/CL/u_engine_chirho/c$ds_app_arg[9639]_i_1
INFO: [Physopt 32-662] Processed net WRAPPER/CL/u_engine_chirho/c$ds_app_arg[9639]_i_5_n_0.  Did not re-place instance WRAPPER/CL/u_engine_chirho/c$ds_app_arg[9639]_i_5
INFO: [Physopt 32-663] Processed net WRAPPER/CL/cmd_reg_chirho_reg[65]_rep__0_n_0.  Re-placed instance WRAPPER/CL/cmd_reg_chirho_reg[65]_rep__0
INFO: [Physopt 32-662] Processed net WRAPPER/CL/u_engine_chirho/resp_wire_chirho[188].  Did not re-place instance WRAPPER/CL/u_engine_chirho/c$ds_app_arg[9473]_i_1
INFO: [Physopt 32-662] Processed net WRAPPER/CL/u_engine_chirho/resp_wire_chirho[98]_repN.  Did not re-place instance WRAPPER/CL/u_engine_chirho/c$ds_app_arg[9383]_i_1_replica
INFO: [Physopt 32-662] Processed net WRAPPER/CL/u_engine_chirho/c$ds_app_arg[9275]_i_4_n_0.  Did not re-place instance WRAPPER/CL/u_engine_chirho/c$ds_app_arg[9275]_i_4
INFO: [Physopt 32-662] Processed net WRAPPER/CL/u_engine_chirho/c$ds_app_arg[9383]_i_5_n_0.  Did not re-place instance WRAPPER/CL/u_engine_chirho/c$ds_app_arg[9383]_i_5
INFO: [Physopt 32-662] Processed net WRAPPER/CL/u_engine_chirho/c$ds_app_arg[9473]_i_5_n_0.  Did not re-place instance WRAPPER/CL/u_engine_chirho/c$ds_app_arg[9473]_i_5
INFO: [Physopt 32-662] Processed net WRAPPER/CL/u_engine_chirho/c$ds_app_arg[9796]_i_22_n_0.  Did not re-place instance WRAPPER/CL/u_engine_chirho/c$ds_app_arg[9796]_i_22
INFO: [Physopt 32-662] Processed net WRAPPER/CL/u_engine_chirho/ocl_rdata_q_chirho[0]_i_415_n_0.  Did not re-place instance WRAPPER/CL/u_engine_chirho/ocl_rdata_q_chirho[0]_i_415
INFO: [Physopt 32-662] Processed net WRAPPER/CL/u_engine_chirho/c$ds_app_arg[9250]_i_4_n_0.  Did not re-place instance WRAPPER/CL/u_engine_chirho/c$ds_app_arg[9250]_i_4
INFO: [Physopt 32-662] Processed net WRAPPER/CL/u_engine_chirho/c$ds_app_arg[9772]_i_19_n_0.  Did not re-place instance WRAPPER/CL/u_engine_chirho/c$ds_app_arg[9772]_i_19
INFO: [Physopt 32-662] Processed net WRAPPER/CL/u_engine_chirho/ocl_rdata_q_chirho[0]_i_134_n_0.  Did not re-place instance WRAPPER/CL/u_engine_chirho/ocl_rdata_q_chirho[0]_i_134
INFO: [Physopt 32-662] Processed net WRAPPER/CL/u_engine_chirho/ocl_rdata_q_chirho[0]_i_467_n_0.  Did not re-place instance WRAPPER/CL/u_engine_chirho/ocl_rdata_q_chirho[0]_i_467
INFO: [Physopt 32-662] Processed net WRAPPER/CL/u_engine_chirho/ocl_rdata_q_chirho[0]_i_493_n_0.  Did not re-place instance WRAPPER/CL/u_engine_chirho/ocl_rdata_q_chirho[0]_i_493
INFO: [Physopt 32-662] Processed net WRAPPER/CL/u_engine_chirho/cl_sh_status_vled[8]_INST_0_i_12_n_0.  Did not re-place instance WRAPPER/CL/u_engine_chirho/cl_sh_status_vled[8]_INST_0_i_12
INFO: [Physopt 32-662] Processed net WRAPPER/CL/u_engine_chirho/resp_wire_chirho[206].  Did not re-place instance WRAPPER/CL/u_engine_chirho/c$ds_app_arg[9491]_i_1
INFO: [Physopt 32-661] Optimized 10 nets.  Re-placed 10 instances.
INFO: [Physopt 32-775] End 1 Pass. Optimized 10 nets or cells. Created 0 new cell, deleted 0 existing cell and moved 10 existing cells
INFO: [Physopt 32-619] Estimated Timing Summary | WNS=-0.122 | TNS=-0.122 |
Netlist sorting complete. Time (s): cpu = 00:00:00.09 ; elapsed = 00:00:00.09 . Memory (MB): peak = 7096.219 ; gain = 0.000 ; free physical = 51813 ; free virtual = 67446
Phase 9 Single Cell Placement Optimization | Checksum: 1b16dc28c

Time (s): cpu = 00:05:14 ; elapsed = 00:04:59 . Memory (MB): peak = 7096.219 ; gain = 81.215 ; free physical = 51813 ; free virtual = 67446

Phase 10 Multi Cell Placement Optimization
INFO: [Physopt 32-660] Identified 100 candidate nets for placement-based optimization.
INFO: [Physopt 32-662] Processed net WRAPPER/CL/u_engine_chirho/D[0].  Did not re-place instance WRAPPER/CL/u_engine_chirho/ocl_rdata_q_chirho[0]_i_1/O
INFO: [Physopt 32-662] Processed net WRAPPER/CL/u_engine_chirho/ocl_rdata_q_chirho[0]_i_11_n_0.  Did not re-place instance WRAPPER/CL/u_engine_chirho/ocl_rdata_q_chirho[0]_i_11/O
INFO: [Physopt 32-662] Processed net WRAPPER/CL/u_engine_chirho/ocl_rdata_q_chirho[0]_i_4_n_0.  Did not re-place instance WRAPPER/CL/u_engine_chirho/ocl_rdata_q_chirho[0]_i_4/O
INFO: [Physopt 32-662] Processed net WRAPPER/CL/u_engine_chirho/ocl_rdata_q_chirho[0]_i_10_n_0.  Did not re-place instance WRAPPER/CL/u_engine_chirho/ocl_rdata_q_chirho[0]_i_10/O
INFO: [Physopt 32-662] Processed net WRAPPER/CL/u_engine_chirho/ocl_rdata_q_chirho[0]_i_23_n_0.  Did not re-place instance WRAPPER/CL/u_engine_chirho/ocl_rdata_q_chirho[0]_i_23/O
INFO: [Physopt 32-661] Optimized 0 net.  Re-placed 0 instance.
INFO: [Physopt 32-775] End 1 Pass. Optimized 0 net or cell. Created 0 new cell, deleted 0 existing cell and moved 0 existing cell
Netlist sorting complete. Time (s): cpu = 00:00:00.04 ; elapsed = 00:00:00.04 . Memory (MB): peak = 7096.219 ; gain = 0.000 ; free physical = 51813 ; free virtual = 67446
Phase 10 Multi Cell Placement Optimization | Checksum: 24b9fb5cb

Time (s): cpu = 00:05:15 ; elapsed = 00:05:00 . Memory (MB): peak = 7096.219 ; gain = 81.215 ; free physical = 51813 ; free virtual = 67446

Phase 11 Rewire
INFO: [Physopt 32-246] Starting Signal Push optimization...
INFO: [Physopt 32-77] Pass 1. Identified 1 candidate net for rewire optimization.
INFO: [Physopt 32-134] Processed net WRAPPER/CL/u_engine_chirho/ocl_rdata_q_chirho[0]_i_10_n_0. Rewiring did not optimize the net.
INFO: [Physopt 32-232] Optimized 0 net. Created 0 new instance.
INFO: [Physopt 32-775] End 1 Pass. Optimized 0 net or cell. Created 0 new cell, deleted 0 existing cell and moved 0 existing cell
Netlist sorting complete. Time (s): cpu = 00:00:00.09 ; elapsed = 00:00:00.1 . Memory (MB): peak = 7096.219 ; gain = 0.000 ; free physical = 51813 ; free virtual = 67446
Netlist sorting complete. Time (s): cpu = 00:00:00.04 ; elapsed = 00:00:00.03 . Memory (MB): peak = 7096.219 ; gain = 0.000 ; free physical = 51813 ; free virtual = 67446
Phase 11 Rewire | Checksum: 20fc01695

Time (s): cpu = 00:05:15 ; elapsed = 00:05:00 . Memory (MB): peak = 7096.219 ; gain = 81.215 ; free physical = 51813 ; free virtual = 67446

Phase 12 Critical Cell Optimization
INFO: [Physopt 32-46] Identified 30 candidate nets for critical-cell optimization.
INFO: [Physopt 32-572] Net WRAPPER/CL/u_engine_chirho/resp_wire_chirho[19] was not replicated.
Resolution: phys_opt_design can be forced to replicate a net driver using the option -force_replication_on_nets <list of net objects>.
INFO: [Physopt 32-572] Net WRAPPER/CL/u_engine_chirho/resp_wire_chirho[362]_repN was not replicated.
Resolution: phys_opt_design can be forced to replicate a net driver using the option -force_replication_on_nets <list of net objects>.
INFO: [Physopt 32-572] Net WRAPPER/CL/u_engine_chirho/resp_wire_chirho[225]_repN was not replicated.
Resolution: phys_opt_design can be forced to replicate a net driver using the option -force_replication_on_nets <list of net objects>.
INFO: [Physopt 32-571] Net WRAPPER/CL/u_engine_chirho/c$ds_app_arg[9249]_i_4_n_0 was not replicated.
INFO: [Physopt 32-571] Net WRAPPER/CL/u_engine_chirho/c$ds_app_arg[9249]_i_5_n_0 was not replicated.
INFO: [Physopt 32-81] Processed net WRAPPER/CL/u_engine_chirho/resp_wire_chirho[203]. Replicated 1 times.
INFO: [Physopt 32-572] Net WRAPPER/CL/u_engine_chirho/resp_wire_chirho[220] was not replicated.
Resolution: phys_opt_design can be forced to replicate a net driver using the option -force_replication_on_nets <list of net objects>.
INFO: [Physopt 32-571] Net WRAPPER/CL/u_engine_chirho/resp_wire_chirho[98]_repN was not replicated.
INFO: [Physopt 32-571] Net WRAPPER/CL/u_engine_chirho/cl_sh_status_vled[8]_INST_0_i_12_n_0 was not replicated.
INFO: [Physopt 32-571] Net WRAPPER/CL/u_engine_chirho/resp_wire_chirho[206] was not replicated.
INFO: [Physopt 32-571] Net WRAPPER/CL/u_engine_chirho/resp_wire_chirho[240] was not replicated.
INFO: [Physopt 32-571] Net WRAPPER/CL/u_engine_chirho/resp_wire_chirho[358] was not replicated.
INFO: [Physopt 32-571] Net WRAPPER/CL/u_engine_chirho/resp_wire_chirho[171] was not replicated.
INFO: [Physopt 32-571] Net WRAPPER/CL/u_engine_chirho/resp_wire_chirho[153] was not replicated.
INFO: [Physopt 32-571] Net WRAPPER/CL/u_engine_chirho/resp_wire_chirho[162] was not replicated.
INFO: [Physopt 32-571] Net WRAPPER/CL/u_engine_chirho/resp_wire_chirho[28] was not replicated.
INFO: [Physopt 32-571] Net WRAPPER/CL/u_engine_chirho/resp_wire_chirho[340] was not replicated.
INFO: [Physopt 32-571] Net WRAPPER/CL/u_engine_chirho/resp_wire_chirho[93] was not replicated.
INFO: [Physopt 32-571] Net WRAPPER/CL/u_engine_chirho/resp_wire_chirho[188] was not replicated.
INFO: [Physopt 32-571] Net WRAPPER/CL/u_engine_chirho/resp_wire_chirho[351]_repN was not replicated.
INFO: [Physopt 32-571] Net WRAPPER/CL/u_engine_chirho/cl_sh_status_vled[8]_INST_0_i_13_n_0 was not replicated.
INFO: [Physopt 32-571] Net WRAPPER/CL/u_engine_chirho/resp_wire_chirho[397] was not replicated.
INFO: [Physopt 32-571] Net WRAPPER/CL/u_engine_chirho/resp_wire_chirho[180] was not replicated.
INFO: [Physopt 32-571] Net WRAPPER/CL/u_engine_chirho/resp_wire_chirho[339] was not replicated.
INFO: [Physopt 32-571] Net WRAPPER/CL/u_engine_chirho/resp_wire_chirho[329] was not replicated.
INFO: [Physopt 32-571] Net WRAPPER/CL/u_engine_chirho/resp_wire_chirho[90] was not replicated.
INFO: [Physopt 32-571] Net WRAPPER/CL/u_engine_chirho/resp_wire_chirho[332] was not replicated.
INFO: [Physopt 32-571] Net WRAPPER/CL/u_engine_chirho/resp_wire_chirho[233] was not replicated.
INFO: [Physopt 32-232] Optimized 1 net. Created 1 new instance.
INFO: [Physopt 32-775] End 1 Pass. Optimized 1 net or cell. Created 1 new cell, deleted 0 existing cell and moved 0 existing cell
INFO: [Physopt 32-619] Estimated Timing Summary | WNS=-0.122 | TNS=-0.122 |
Netlist sorting complete. Time (s): cpu = 00:00:00.22 ; elapsed = 00:00:00.23 . Memory (MB): peak = 7096.219 ; gain = 0.000 ; free physical = 51813 ; free virtual = 67446
Phase 12 Critical Cell Optimization | Checksum: 17e7de8e9

Time (s): cpu = 00:05:20 ; elapsed = 00:05:05 . Memory (MB): peak = 7096.219 ; gain = 81.215 ; free physical = 51813 ; free virtual = 67446

Phase 13 SLR Crossing Optimization
WARNING: [Physopt 32-894] Found a constraint with the -through option on pin WRAPPER/IO_SHIM/CDC_ASYNC_RST_HBM_N/src_arst or the net immediately connecting to the pin. This constraint will block optimizations for this and all downstream leaf pins.
WARNING: [Physopt 32-894] Found a constraint with the -through option on pin WRAPPER/IO_SHIM/CDC_ASYNC_RST_CORE_N/src_arst or the net immediately connecting to the pin. This constraint will block optimizations for this and all downstream leaf pins.
INFO: [Physopt 32-912] No candidate nets found for crossing SLR optimization.
INFO: [Physopt 32-775] End 1 Pass. Optimized 0 net or cell. Created 0 new cell, deleted 0 existing cell and moved 0 existing cell
Phase 13 SLR Crossing Optimization | Checksum: 17e7de8e9

Time (s): cpu = 00:05:21 ; elapsed = 00:05:06 . Memory (MB): peak = 7096.219 ; gain = 81.215 ; free physical = 51813 ; free virtual = 67446

Phase 14 Fanout Optimization
INFO: [Physopt 32-76] Pass 1. Identified 9 candidate nets for fanout optimization.
INFO: [Physopt 32-232] Optimized 0 net. Created 0 new instance.
INFO: [Physopt 32-775] End 1 Pass. Optimized 0 net or cell. Created 0 new cell, deleted 0 existing cell and moved 0 existing cell
Phase 14 Fanout Optimization | Checksum: 17e7de8e9

Time (s): cpu = 00:05:21 ; elapsed = 00:05:06 . Memory (MB): peak = 7096.219 ; gain = 81.215 ; free physical = 51813 ; free virtual = 67446

Phase 15 Single Cell Placement Optimization
INFO: [Physopt 32-660] Identified 250 candidate nets for placement-based optimization.
INFO: [Physopt 32-662] Processed net WRAPPER/CL/cmd_reg_chirho_reg[65]_rep_n_0.  Did not re-place instance WRAPPER/CL/cmd_reg_chirho_reg[65]_rep
INFO: [Physopt 32-662] Processed net WRAPPER/CL/u_engine_chirho/D[0].  Did not re-place instance WRAPPER/CL/u_engine_chirho/ocl_rdata_q_chirho[0]_i_1
INFO: [Physopt 32-662] Processed net WRAPPER/CL/u_engine_chirho/c$ds_app_arg[9229]_i_4_n_0.  Did not re-place instance WRAPPER/CL/u_engine_chirho/c$ds_app_arg[9229]_i_4
INFO: [Physopt 32-662] Processed net WRAPPER/CL/u_engine_chirho/c$ds_app_arg[9304]_i_5_n_0.  Did not re-place instance WRAPPER/CL/u_engine_chirho/c$ds_app_arg[9304]_i_5
INFO: [Physopt 32-662] Processed net WRAPPER/CL/u_engine_chirho/c$ds_app_arg[9748]_i_16_n_0.  Did not re-place instance WRAPPER/CL/u_engine_chirho/c$ds_app_arg[9748]_i_16
INFO: [Physopt 32-662] Processed net WRAPPER/CL/u_engine_chirho/ocl_rdata_q_chirho[0]_i_11_n_0.  Did not re-place instance WRAPPER/CL/u_engine_chirho/ocl_rdata_q_chirho[0]_i_11
INFO: [Physopt 32-662] Processed net WRAPPER/CL/u_engine_chirho/ocl_rdata_q_chirho[0]_i_187_n_0.  Did not re-place instance WRAPPER/CL/u_engine_chirho/ocl_rdata_q_chirho[0]_i_187
INFO: [Physopt 32-662] Processed net WRAPPER/CL/u_engine_chirho/ocl_rdata_q_chirho[0]_i_4_n_0.  Did not re-place instance WRAPPER/CL/u_engine_chirho/ocl_rdata_q_chirho[0]_i_4
INFO: [Physopt 32-662] Processed net WRAPPER/CL/u_engine_chirho/ocl_rdata_q_chirho[0]_i_647_n_0.  Did not re-place instance WRAPPER/CL/u_engine_chirho/ocl_rdata_q_chirho[0]_i_647
INFO: [Physopt 32-662] Processed net WRAPPER/CL/u_engine_chirho/c$ds_app_arg[9229]_i_5_n_0.  Did not re-place instance WRAPPER/CL/u_engine_chirho/c$ds_app_arg[9229]_i_5
INFO: [Physopt 32-662] Processed net WRAPPER/CL/cmd_reg_chirho_reg[64]_rep_n_0.  Did not re-place instance WRAPPER/CL/cmd_reg_chirho_reg[64]_rep
INFO: [Physopt 32-662] Processed net WRAPPER/CL/cmd_reg_chirho_reg[66]_rep__0_n_0.  Did not re-place instance WRAPPER/CL/cmd_reg_chirho_reg[66]_rep__0
INFO: [Physopt 32-662] Processed net WRAPPER/CL/u_engine_chirho/c$ds_app_arg[9226]_i_4_n_0.  Did not re-place instance WRAPPER/CL/u_engine_chirho/c$ds_app_arg[9226]_i_4
INFO: [Physopt 32-662] Processed net WRAPPER/CL/u_engine_chirho/c$ds_app_arg[9748]_i_19_n_0.  Did not re-place instance WRAPPER/CL/u_engine_chirho/c$ds_app_arg[9748]_i_19
INFO: [Physopt 32-662] Processed net WRAPPER/CL/u_engine_chirho/c$ds_app_arg[9748]_i_20_n_0.  Did not re-place instance WRAPPER/CL/u_engine_chirho/c$ds_app_arg[9748]_i_20
INFO: [Physopt 32-662] Processed net WRAPPER/CL/u_engine_chirho/c$ds_app_arg[9226]_i_5_n_0.  Did not re-place instance WRAPPER/CL/u_engine_chirho/c$ds_app_arg[9226]_i_5
INFO: [Physopt 32-662] Processed net WRAPPER/CL/u_engine_chirho/ocl_rdata_q_chirho[0]_i_185_n_0.  Did not re-place instance WRAPPER/CL/u_engine_chirho/ocl_rdata_q_chirho[0]_i_185
INFO: [Physopt 32-662] Processed net WRAPPER/CL/u_engine_chirho/c$ds_app_arg[9748]_i_21_n_0.  Did not re-place instance WRAPPER/CL/u_engine_chirho/c$ds_app_arg[9748]_i_21
INFO: [Physopt 32-662] Processed net WRAPPER/CL/u_engine_chirho/c$ds_app_arg[9230]_i_5_n_0.  Did not re-place instance WRAPPER/CL/u_engine_chirho/c$ds_app_arg[9230]_i_5
INFO: [Physopt 32-662] Processed net WRAPPER/CL/u_engine_chirho/c$ds_app_arg[9748]_i_15_n_0.  Did not re-place instance WRAPPER/CL/u_engine_chirho/c$ds_app_arg[9748]_i_15
INFO: [Physopt 32-662] Processed net WRAPPER/CL/u_engine_chirho/cl_sh_status_vled[13]_INST_0_i_15_n_0.  Did not re-place instance WRAPPER/CL/u_engine_chirho/cl_sh_status_vled[13]_INST_0_i_15
INFO: [Physopt 32-662] Processed net WRAPPER/CL/u_engine_chirho/cl_sh_status_vled[15]_INST_0_i_28_n_0.  Did not re-place instance WRAPPER/CL/u_engine_chirho/cl_sh_status_vled[15]_INST_0_i_28
INFO: [Physopt 32-662] Processed net WRAPPER/CL/u_engine_chirho/ocl_rdata_q_chirho[0]_i_188_n_0.  Did not re-place instance WRAPPER/CL/u_engine_chirho/ocl_rdata_q_chirho[0]_i_188
INFO: [Physopt 32-662] Processed net WRAPPER/CL/u_engine_chirho/ocl_rdata_q_chirho[0]_i_191_n_0.  Did not re-place instance WRAPPER/CL/u_engine_chirho/ocl_rdata_q_chirho[0]_i_191
INFO: [Physopt 32-662] Processed net WRAPPER/CL/u_engine_chirho/c$ds_app_arg[9230]_i_4_n_0.  Did not re-place instance WRAPPER/CL/u_engine_chirho/c$ds_app_arg[9230]_i_4
INFO: [Physopt 32-662] Processed net WRAPPER/CL/u_engine_chirho/resp_wire_chirho[99].  Did not re-place instance WRAPPER/CL/u_engine_chirho/c$ds_app_arg[9384]_i_1
INFO: [Physopt 32-662] Processed net WRAPPER/CL/u_engine_chirho/c$ds_app_arg[9384]_i_5_n_0.  Did not re-place instance WRAPPER/CL/u_engine_chirho/c$ds_app_arg[9384]_i_5
INFO: [Physopt 32-662] Processed net WRAPPER/CL/u_engine_chirho/cl_sh_status_vled[13]_INST_0_i_14_n_0.  Did not re-place instance WRAPPER/CL/u_engine_chirho/cl_sh_status_vled[13]_INST_0_i_14
INFO: [Physopt 32-662] Processed net WRAPPER/CL/u_engine_chirho/ocl_rdata_q_chirho[0]_i_175_n_0.  Did not re-place instance WRAPPER/CL/u_engine_chirho/ocl_rdata_q_chirho[0]_i_175
INFO: [Physopt 32-662] Processed net WRAPPER/CL/u_engine_chirho/ocl_rdata_q_chirho[0]_i_190_n_0.  Did not re-place instance WRAPPER/CL/u_engine_chirho/ocl_rdata_q_chirho[0]_i_190
INFO: [Physopt 32-662] Processed net WRAPPER/CL/u_engine_chirho/cl_sh_status_vled[15]_INST_0_i_24_n_0.  Did not re-place instance WRAPPER/CL/u_engine_chirho/cl_sh_status_vled[15]_INST_0_i_24
INFO: [Physopt 32-662] Processed net WRAPPER/CL/u_engine_chirho/cl_sh_status_vled[15]_INST_0_i_26_n_0.  Did not re-place instance WRAPPER/CL/u_engine_chirho/cl_sh_status_vled[15]_INST_0_i_26
INFO: [Physopt 32-662] Processed net WRAPPER/CL/u_engine_chirho/ocl_rdata_q_chirho[0]_i_605_n_0.  Did not re-place instance WRAPPER/CL/u_engine_chirho/ocl_rdata_q_chirho[0]_i_605
INFO: [Physopt 32-662] Processed net WRAPPER/CL/u_engine_chirho/ocl_rdata_q_chirho[0]_i_78_n_0.  Did not re-place instance WRAPPER/CL/u_engine_chirho/ocl_rdata_q_chirho[0]_i_78
INFO: [Physopt 32-662] Processed net WRAPPER/CL/u_engine_chirho/c$ds_app_arg[9232]_i_5_n_0.  Did not re-place instance WRAPPER/CL/u_engine_chirho/c$ds_app_arg[9232]_i_5
INFO: [Physopt 32-662] Processed net WRAPPER/CL/u_engine_chirho/c$ds_app_arg[9756]_i_21_n_0.  Did not re-place instance WRAPPER/CL/u_engine_chirho/c$ds_app_arg[9756]_i_21
INFO: [Physopt 32-662] Processed net WRAPPER/CL/u_engine_chirho/cl_sh_status_vled[11]_INST_0_i_14_n_0.  Did not re-place instance WRAPPER/CL/u_engine_chirho/cl_sh_status_vled[11]_INST_0_i_14
INFO: [Physopt 32-662] Processed net WRAPPER/CL/u_engine_chirho/cl_sh_status_vled[11]_INST_0_i_15_n_0.  Did not re-place instance WRAPPER/CL/u_engine_chirho/cl_sh_status_vled[11]_INST_0_i_15
INFO: [Physopt 32-662] Processed net WRAPPER/CL/u_engine_chirho/cl_sh_status_vled[15]_INST_0_i_30_n_0.  Did not re-place instance WRAPPER/CL/u_engine_chirho/cl_sh_status_vled[15]_INST_0_i_30
INFO: [Physopt 32-662] Processed net WRAPPER/CL/u_engine_chirho/c$ds_app_arg[9224]_i_5_n_0.  Did not re-place instance WRAPPER/CL/u_engine_chirho/c$ds_app_arg[9224]_i_5
INFO: [Physopt 32-662] Processed net WRAPPER/CL/u_engine_chirho/c$ds_app_arg[9224]_i_6_n_0.  Did not re-place instance WRAPPER/CL/u_engine_chirho/c$ds_app_arg[9224]_i_6
INFO: [Physopt 32-662] Processed net WRAPPER/CL/u_engine_chirho/c$ds_app_arg[9647]_i_5_n_0.  Did not re-place instance WRAPPER/CL/u_engine_chirho/c$ds_app_arg[9647]_i_5
INFO: [Physopt 32-662] Processed net WRAPPER/CL/u_engine_chirho/ocl_rdata_q_chirho[0]_i_10_n_0.  Did not re-place instance WRAPPER/CL/u_engine_chirho/ocl_rdata_q_chirho[0]_i_10
INFO: [Physopt 32-662] Processed net WRAPPER/CL/u_engine_chirho/ocl_rdata_q_chirho[0]_i_329_n_0.  Did not re-place instance WRAPPER/CL/u_engine_chirho/ocl_rdata_q_chirho[0]_i_329
INFO: [Physopt 32-662] Processed net WRAPPER/CL/u_engine_chirho/ocl_rdata_q_chirho[0]_i_49_n_0.  Did not re-place instance WRAPPER/CL/u_engine_chirho/ocl_rdata_q_chirho[0]_i_49
INFO: [Physopt 32-662] Processed net WRAPPER/CL/u_engine_chirho/c$ds_app_arg[9308]_i_5_n_0.  Did not re-place instance WRAPPER/CL/u_engine_chirho/c$ds_app_arg[9308]_i_5
INFO: [Physopt 32-662] Processed net WRAPPER/CL/u_engine_chirho/ocl_rdata_q_chirho[0]_i_186_n_0.  Did not re-place instance WRAPPER/CL/u_engine_chirho/ocl_rdata_q_chirho[0]_i_186
INFO: [Physopt 32-662] Processed net WRAPPER/CL/u_engine_chirho/ocl_rdata_q_chirho[0]_i_643_n_0.  Did not re-place instance WRAPPER/CL/u_engine_chirho/ocl_rdata_q_chirho[0]_i_643
INFO: [Physopt 32-662] Processed net WRAPPER/CL/u_engine_chirho/c$ds_app_arg[9232]_i_6_n_0.  Did not re-place instance WRAPPER/CL/u_engine_chirho/c$ds_app_arg[9232]_i_6
INFO: [Physopt 32-662] Processed net WRAPPER/CL/u_engine_chirho/c$ds_app_arg[9228]_i_4_n_0.  Did not re-place instance WRAPPER/CL/u_engine_chirho/c$ds_app_arg[9228]_i_4
INFO: [Physopt 32-662] Processed net WRAPPER/CL/u_engine_chirho/c$ds_app_arg[9748]_i_17_n_0.  Did not re-place instance WRAPPER/CL/u_engine_chirho/c$ds_app_arg[9748]_i_17
INFO: [Physopt 32-662] Processed net WRAPPER/CL/u_engine_chirho/cl_sh_status_vled[15]_INST_0_i_25_n_0.  Did not re-place instance WRAPPER/CL/u_engine_chirho/cl_sh_status_vled[15]_INST_0_i_25
INFO: [Physopt 32-662] Processed net WRAPPER/CL/u_engine_chirho/ocl_rdata_q_chirho[0]_i_85_n_0.  Did not re-place instance WRAPPER/CL/u_engine_chirho/ocl_rdata_q_chirho[0]_i_85
INFO: [Physopt 32-662] Processed net WRAPPER/CL/u_engine_chirho/c$ds_app_arg[9228]_i_5_n_0.  Did not re-place instance WRAPPER/CL/u_engine_chirho/c$ds_app_arg[9228]_i_5
INFO: [Physopt 32-662] Processed net WRAPPER/CL/u_engine_chirho/c$ds_app_arg[9764]_i_15_n_0.  Did not re-place instance WRAPPER/CL/u_engine_chirho/c$ds_app_arg[9764]_i_15
INFO: [Physopt 32-662] Processed net WRAPPER/CL/u_engine_chirho/ocl_rdata_q_chirho[0]_i_50_n_0.  Did not re-place instance WRAPPER/CL/u_engine_chirho/ocl_rdata_q_chirho[0]_i_50
INFO: [Physopt 32-662] Processed net WRAPPER/CL/u_engine_chirho/resp_wire_chirho[19].  Did not re-place instance WRAPPER/CL/u_engine_chirho/c$ds_app_arg[9304]_i_1
INFO: [Physopt 32-662] Processed net WRAPPER/CL/u_engine_chirho/c$ds_app_arg[9252]_i_5_n_0.  Did not re-place instance WRAPPER/CL/u_engine_chirho/c$ds_app_arg[9252]_i_5
INFO: [Physopt 32-662] Processed net WRAPPER/CL/u_engine_chirho/c$ds_app_arg[9772]_i_17_n_0.  Did not re-place instance WRAPPER/CL/u_engine_chirho/c$ds_app_arg[9772]_i_17
INFO: [Physopt 32-662] Processed net WRAPPER/CL/u_engine_chirho/cl_sh_status_vled[10]_INST_0_i_14_n_0.  Did not re-place instance WRAPPER/CL/u_engine_chirho/cl_sh_status_vled[10]_INST_0_i_14
INFO: [Physopt 32-662] Processed net WRAPPER/CL/u_engine_chirho/cl_sh_status_vled[15]_INST_0_i_31_n_0.  Did not re-place instance WRAPPER/CL/u_engine_chirho/cl_sh_status_vled[15]_INST_0_i_31
INFO: [Physopt 32-662] Processed net WRAPPER/CL/u_engine_chirho/resp_wire_chirho[35].  Did not re-place instance WRAPPER/CL/u_engine_chirho/c$ds_app_arg[9320]_i_1
INFO: [Physopt 32-662] Processed net WRAPPER/CL/u_engine_chirho/c$ds_app_arg[9252]_i_4_n_0.  Did not re-place instance WRAPPER/CL/u_engine_chirho/c$ds_app_arg[9252]_i_4
INFO: [Physopt 32-662] Processed net WRAPPER/CL/u_engine_chirho/c$ds_app_arg[9320]_i_5_n_0.  Did not re-place instance WRAPPER/CL/u_engine_chirho/c$ds_app_arg[9320]_i_5
INFO: [Physopt 32-662] Processed net WRAPPER/CL/u_engine_chirho/ocl_rdata_q_chirho[0]_i_84_n_0.  Did not re-place instance WRAPPER/CL/u_engine_chirho/ocl_rdata_q_chirho[0]_i_84
INFO: [Physopt 32-662] Processed net WRAPPER/CL/u_engine_chirho/ocl_rdata_q_chirho[0]_i_189_n_0.  Did not re-place instance WRAPPER/CL/u_engine_chirho/ocl_rdata_q_chirho[0]_i_189
INFO: [Physopt 32-662] Processed net WRAPPER/CL/u_engine_chirho/c$ds_app_arg[9764]_i_20_n_0.  Did not re-place instance WRAPPER/CL/u_engine_chirho/c$ds_app_arg[9764]_i_20
INFO: [Physopt 32-662] Processed net WRAPPER/CL/u_engine_chirho/ocl_rdata_q_chirho[0]_i_79_n_0.  Did not re-place instance WRAPPER/CL/u_engine_chirho/ocl_rdata_q_chirho[0]_i_79
INFO: [Physopt 32-662] Processed net WRAPPER/CL/u_engine_chirho/c$ds_app_arg[9241]_i_4_n_0.  Did not re-place instance WRAPPER/CL/u_engine_chirho/c$ds_app_arg[9241]_i_4
INFO: [Physopt 32-662] Processed net WRAPPER/CL/u_engine_chirho/ocl_rdata_q_chirho[0]_i_77_n_0.  Did not re-place instance WRAPPER/CL/u_engine_chirho/ocl_rdata_q_chirho[0]_i_77
INFO: [Physopt 32-662] Processed net WRAPPER/CL/u_engine_chirho/resp_wire_chirho[23].  Did not re-place instance WRAPPER/CL/u_engine_chirho/c$ds_app_arg[9308]_i_1
INFO: [Physopt 32-662] Processed net WRAPPER/CL/u_engine_chirho/resp_wire_chirho[41].  Did not re-place instance WRAPPER/CL/u_engine_chirho/c$ds_app_arg[9326]_i_1
INFO: [Physopt 32-662] Processed net WRAPPER/CL/u_engine_chirho/resp_wire_chirho[362]_repN.  Did not re-place instance WRAPPER/CL/u_engine_chirho/c$ds_app_arg[9647]_i_1_replica
INFO: [Physopt 32-662] Processed net WRAPPER/CL/u_engine_chirho/c$ds_app_arg[9326]_i_5_n_0.  Did not re-place instance WRAPPER/CL/u_engine_chirho/c$ds_app_arg[9326]_i_5
INFO: [Physopt 32-662] Processed net WRAPPER/CL/u_engine_chirho/c$ds_app_arg[9441]_i_5_n_0.  Did not re-place instance WRAPPER/CL/u_engine_chirho/c$ds_app_arg[9441]_i_5
INFO: [Physopt 32-662] Processed net WRAPPER/CL/u_engine_chirho/cl_sh_status_vled[10]_INST_0_i_15_n_0.  Did not re-place instance WRAPPER/CL/u_engine_chirho/cl_sh_status_vled[10]_INST_0_i_15
INFO: [Physopt 32-662] Processed net WRAPPER/CL/u_engine_chirho/ocl_rdata_q_chirho[0]_i_229_n_0.  Did not re-place instance WRAPPER/CL/u_engine_chirho/ocl_rdata_q_chirho[0]_i_229
INFO: [Physopt 32-662] Processed net WRAPPER/CL/u_engine_chirho/ocl_rdata_q_chirho[0]_i_23_n_0.  Did not re-place instance WRAPPER/CL/u_engine_chirho/ocl_rdata_q_chirho[0]_i_23
INFO: [Physopt 32-662] Processed net WRAPPER/CL/u_engine_chirho/ocl_rdata_q_chirho[0]_i_896_n_0.  Did not re-place instance WRAPPER/CL/u_engine_chirho/ocl_rdata_q_chirho[0]_i_896
INFO: [Physopt 32-662] Processed net WRAPPER/CL/u_engine_chirho/c$ds_app_arg[9254]_i_4_n_0.  Did not re-place instance WRAPPER/CL/u_engine_chirho/c$ds_app_arg[9254]_i_4
INFO: [Physopt 32-662] Processed net WRAPPER/CL/u_engine_chirho/c$ds_app_arg[9772]_i_15_n_0.  Did not re-place instance WRAPPER/CL/u_engine_chirho/c$ds_app_arg[9772]_i_15
INFO: [Physopt 32-662] Processed net WRAPPER/CL/u_engine_chirho/c$ds_app_arg[9236]_i_4_n_0.  Did not re-place instance WRAPPER/CL/u_engine_chirho/c$ds_app_arg[9236]_i_4
INFO: [Physopt 32-662] Processed net WRAPPER/CL/u_engine_chirho/c$ds_app_arg[9756]_i_17_n_0.  Did not re-place instance WRAPPER/CL/u_engine_chirho/c$ds_app_arg[9756]_i_17
INFO: [Physopt 32-662] Processed net WRAPPER/CL/u_engine_chirho/cl_sh_status_vled[15]_INST_0_i_32_n_0.  Did not re-place instance WRAPPER/CL/u_engine_chirho/cl_sh_status_vled[15]_INST_0_i_32
INFO: [Physopt 32-662] Processed net WRAPPER/CL/u_engine_chirho/c$ds_app_arg[9764]_i_19_n_0.  Did not re-place instance WRAPPER/CL/u_engine_chirho/c$ds_app_arg[9764]_i_19
INFO: [Physopt 32-662] Processed net WRAPPER/CL/u_engine_chirho/c$ds_app_arg[9236]_i_5_n_0.  Did not re-place instance WRAPPER/CL/u_engine_chirho/c$ds_app_arg[9236]_i_5
INFO: [Physopt 32-662] Processed net WRAPPER/CL/u_engine_chirho/c$ds_app_arg[9241]_i_5_n_0.  Did not re-place instance WRAPPER/CL/u_engine_chirho/c$ds_app_arg[9241]_i_5
INFO: [Physopt 32-662] Processed net WRAPPER/CL/u_engine_chirho/c$ds_app_arg[9648]_i_5_n_0.  Did not re-place instance WRAPPER/CL/u_engine_chirho/c$ds_app_arg[9648]_i_5
INFO: [Physopt 32-662] Processed net WRAPPER/CL/u_engine_chirho/ocl_rdata_q_chirho[0]_i_328_n_0.  Did not re-place instance WRAPPER/CL/u_engine_chirho/ocl_rdata_q_chirho[0]_i_328
INFO: [Physopt 32-662] Processed net WRAPPER/CL/u_engine_chirho/ocl_rdata_q_chirho[0]_i_489_n_0.  Did not re-place instance WRAPPER/CL/u_engine_chirho/ocl_rdata_q_chirho[0]_i_489
INFO: [Physopt 32-662] Processed net WRAPPER/CL/u_engine_chirho/cl_sh_status_vled[14]_INST_0_i_14_n_0.  Did not re-place instance WRAPPER/CL/u_engine_chirho/cl_sh_status_vled[14]_INST_0_i_14
INFO: [Physopt 32-662] Processed net WRAPPER/CL/u_engine_chirho/cl_sh_status_vled[14]_INST_0_i_15_n_0.  Did not re-place instance WRAPPER/CL/u_engine_chirho/cl_sh_status_vled[14]_INST_0_i_15
INFO: [Physopt 32-662] Processed net WRAPPER/CL/u_engine_chirho/cl_sh_status_vled[15]_INST_0_i_27_n_0.  Did not re-place instance WRAPPER/CL/u_engine_chirho/cl_sh_status_vled[15]_INST_0_i_27
INFO: [Physopt 32-662] Processed net WRAPPER/CL/u_engine_chirho/ocl_rdata_q_chirho[0]_i_176_n_0.  Did not re-place instance WRAPPER/CL/u_engine_chirho/ocl_rdata_q_chirho[0]_i_176
INFO: [Physopt 32-662] Processed net WRAPPER/CL/u_engine_chirho/ocl_rdata_q_chirho[0]_i_192_n_0.  Did not re-place instance WRAPPER/CL/u_engine_chirho/ocl_rdata_q_chirho[0]_i_192
INFO: [Physopt 32-662] Processed net WRAPPER/CL/u_engine_chirho/c$ds_app_arg[9234]_i_4_n_0.  Did not re-place instance WRAPPER/CL/u_engine_chirho/c$ds_app_arg[9234]_i_4
INFO: [Physopt 32-662] Processed net WRAPPER/CL/u_engine_chirho/c$ds_app_arg[9247]_i_4_n_0.  Did not re-place instance WRAPPER/CL/u_engine_chirho/c$ds_app_arg[9247]_i_4
INFO: [Physopt 32-662] Processed net WRAPPER/CL/u_engine_chirho/c$ds_app_arg[9756]_i_19_n_0.  Did not re-place instance WRAPPER/CL/u_engine_chirho/c$ds_app_arg[9756]_i_19
INFO: [Physopt 32-662] Processed net WRAPPER/CL/u_engine_chirho/c$ds_app_arg[9764]_i_14_n_0.  Did not re-place instance WRAPPER/CL/u_engine_chirho/c$ds_app_arg[9764]_i_14
INFO: [Physopt 32-662] Processed net WRAPPER/CL/u_engine_chirho/ocl_rdata_q_chirho[0]_i_173_n_0.  Did not re-place instance WRAPPER/CL/u_engine_chirho/ocl_rdata_q_chirho[0]_i_173
INFO: [Physopt 32-662] Processed net WRAPPER/CL/u_engine_chirho/resp_wire_chirho[179].  Did not re-place instance WRAPPER/CL/u_engine_chirho/c$ds_app_arg[9464]_i_1
INFO: [Physopt 32-662] Processed net WRAPPER/CL/u_engine_chirho/c$ds_app_arg[9234]_i_5_n_0.  Did not re-place instance WRAPPER/CL/u_engine_chirho/c$ds_app_arg[9234]_i_5
INFO: [Physopt 32-662] Processed net WRAPPER/CL/u_engine_chirho/c$ds_app_arg[9464]_i_5_n_0.  Did not re-place instance WRAPPER/CL/u_engine_chirho/c$ds_app_arg[9464]_i_5
INFO: [Physopt 32-662] Processed net WRAPPER/CL/u_engine_chirho/c$ds_app_arg[9246]_i_5_n_0.  Did not re-place instance WRAPPER/CL/u_engine_chirho/c$ds_app_arg[9246]_i_5
INFO: [Physopt 32-662] Processed net WRAPPER/CL/u_engine_chirho/c$ds_app_arg[9247]_i_5_n_0.  Did not re-place instance WRAPPER/CL/u_engine_chirho/c$ds_app_arg[9247]_i_5
INFO: [Physopt 32-662] Processed net WRAPPER/CL/u_engine_chirho/c$ds_app_arg[9233]_i_4_n_0.  Did not re-place instance WRAPPER/CL/u_engine_chirho/c$ds_app_arg[9233]_i_4
INFO: [Physopt 32-662] Processed net WRAPPER/CL/u_engine_chirho/c$ds_app_arg[9328]_i_5_n_0.  Did not re-place instance WRAPPER/CL/u_engine_chirho/c$ds_app_arg[9328]_i_5
INFO: [Physopt 32-662] Processed net WRAPPER/CL/u_engine_chirho/c$ds_app_arg[9748]_i_14_n_0.  Did not re-place instance WRAPPER/CL/u_engine_chirho/c$ds_app_arg[9748]_i_14
INFO: [Physopt 32-662] Processed net WRAPPER/CL/u_engine_chirho/c$ds_app_arg[9756]_i_20_n_0.  Did not re-place instance WRAPPER/CL/u_engine_chirho/c$ds_app_arg[9756]_i_20
INFO: [Physopt 32-662] Processed net WRAPPER/CL/u_engine_chirho/resp_wire_chirho[43]_repN.  Did not re-place instance WRAPPER/CL/u_engine_chirho/c$ds_app_arg[9328]_i_1_replica
INFO: [Physopt 32-662] Processed net WRAPPER/CL/u_engine_chirho/c$ds_app_arg[9231]_i_4_n_0.  Did not re-place instance WRAPPER/CL/u_engine_chirho/c$ds_app_arg[9231]_i_4
INFO: [Physopt 32-662] Processed net WRAPPER/CL/u_engine_chirho/c$ds_app_arg[9246]_i_4_n_0.  Did not re-place instance WRAPPER/CL/u_engine_chirho/c$ds_app_arg[9246]_i_4
INFO: [Physopt 32-662] Processed net WRAPPER/CL/u_engine_chirho/c$ds_app_arg[9756]_i_14_n_0.  Did not re-place instance WRAPPER/CL/u_engine_chirho/c$ds_app_arg[9756]_i_14
INFO: [Physopt 32-662] Processed net WRAPPER/CL/u_engine_chirho/c$ds_app_arg[9225]_i_5_n_0.  Did not re-place instance WRAPPER/CL/u_engine_chirho/c$ds_app_arg[9225]_i_5
INFO: [Physopt 32-662] Processed net WRAPPER/CL/u_engine_chirho/c$ds_app_arg[9233]_i_5_n_0.  Did not re-place instance WRAPPER/CL/u_engine_chirho/c$ds_app_arg[9233]_i_5
INFO: [Physopt 32-662] Processed net WRAPPER/CL/u_engine_chirho/ocl_rdata_q_chirho[0]_i_230_n_0.  Did not re-place instance WRAPPER/CL/u_engine_chirho/ocl_rdata_q_chirho[0]_i_230
INFO: [Physopt 32-662] Processed net WRAPPER/CL/u_engine_chirho/c$ds_app_arg[9254]_i_5_n_0.  Did not re-place instance WRAPPER/CL/u_engine_chirho/c$ds_app_arg[9254]_i_5
INFO: [Physopt 32-662] Processed net WRAPPER/CL/u_engine_chirho/resp_wire_chirho[155].  Did not re-place instance WRAPPER/CL/u_engine_chirho/c$ds_app_arg[9440]_i_1
INFO: [Physopt 32-662] Processed net WRAPPER/CL/u_engine_chirho/c$ds_app_arg[9440]_i_5_n_0.  Did not re-place instance WRAPPER/CL/u_engine_chirho/c$ds_app_arg[9440]_i_5
INFO: [Physopt 32-662] Processed net WRAPPER/CL/u_engine_chirho/resp_wire_chirho[156].  Did not re-place instance WRAPPER/CL/u_engine_chirho/c$ds_app_arg[9441]_i_1
INFO: [Physopt 32-662] Processed net WRAPPER/CL/u_engine_chirho/c$ds_app_arg[9225]_i_4_n_0.  Did not re-place instance WRAPPER/CL/u_engine_chirho/c$ds_app_arg[9225]_i_4
INFO: [Physopt 32-662] Processed net WRAPPER/CL/u_engine_chirho/c$ds_app_arg[9244]_i_4_n_0.  Did not re-place instance WRAPPER/CL/u_engine_chirho/c$ds_app_arg[9244]_i_4
INFO: [Physopt 32-662] Processed net WRAPPER/CL/u_engine_chirho/c$ds_app_arg[9764]_i_17_n_0.  Did not re-place instance WRAPPER/CL/u_engine_chirho/c$ds_app_arg[9764]_i_17
INFO: [Physopt 32-662] Processed net WRAPPER/CL/u_engine_chirho/c$ds_app_arg[9231]_i_5_n_0.  Did not re-place instance WRAPPER/CL/u_engine_chirho/c$ds_app_arg[9231]_i_5
INFO: [Physopt 32-662] Processed net WRAPPER/CL/u_engine_chirho/ocl_rdata_q_chirho[0]_i_488_n_0.  Did not re-place instance WRAPPER/CL/u_engine_chirho/ocl_rdata_q_chirho[0]_i_488
INFO: [Physopt 32-662] Processed net WRAPPER/CL/u_engine_chirho/ocl_rdata_q_chirho[0]_i_83_n_0.  Did not re-place instance WRAPPER/CL/u_engine_chirho/ocl_rdata_q_chirho[0]_i_83
INFO: [Physopt 32-662] Processed net WRAPPER/CL/u_engine_chirho/ocl_rdata_q_chirho[0]_i_86_n_0.  Did not re-place instance WRAPPER/CL/u_engine_chirho/ocl_rdata_q_chirho[0]_i_86
INFO: [Physopt 32-662] Processed net WRAPPER/CL/u_engine_chirho/c$ds_app_arg[9244]_i_5_n_0.  Did not re-place instance WRAPPER/CL/u_engine_chirho/c$ds_app_arg[9244]_i_5
INFO: [Physopt 32-662] Processed net WRAPPER/CL/u_engine_chirho/c$ds_app_arg[9256]_i_5_n_0.  Did not re-place instance WRAPPER/CL/u_engine_chirho/c$ds_app_arg[9256]_i_5
INFO: [Physopt 32-662] Processed net WRAPPER/CL/u_engine_chirho/c$ds_app_arg[9780]_i_21_n_0.  Did not re-place instance WRAPPER/CL/u_engine_chirho/c$ds_app_arg[9780]_i_21
INFO: [Physopt 32-662] Processed net WRAPPER/CL/u_engine_chirho/ocl_rdata_q_chirho[0]_i_47_n_0.  Did not re-place instance WRAPPER/CL/u_engine_chirho/ocl_rdata_q_chirho[0]_i_47
INFO: [Physopt 32-662] Processed net WRAPPER/CL/u_engine_chirho/ocl_rdata_q_chirho[0]_i_174_n_0.  Did not re-place instance WRAPPER/CL/u_engine_chirho/ocl_rdata_q_chirho[0]_i_174
INFO: [Physopt 32-662] Processed net WRAPPER/CL/u_engine_chirho/ocl_rdata_q_chirho[0]_i_51_n_0.  Did not re-place instance WRAPPER/CL/u_engine_chirho/ocl_rdata_q_chirho[0]_i_51
INFO: [Physopt 32-662] Processed net WRAPPER/CL/u_engine_chirho/ocl_rdata_q_chirho[0]_i_76_n_0.  Did not re-place instance WRAPPER/CL/u_engine_chirho/ocl_rdata_q_chirho[0]_i_76
INFO: [Physopt 32-662] Processed net WRAPPER/CL/u_engine_chirho/c$ds_app_arg[9240]_i_6_n_0.  Did not re-place instance WRAPPER/CL/u_engine_chirho/c$ds_app_arg[9240]_i_6
INFO: [Physopt 32-662] Processed net WRAPPER/CL/u_engine_chirho/c$ds_app_arg[9256]_i_6_n_0.  Did not re-place instance WRAPPER/CL/u_engine_chirho/c$ds_app_arg[9256]_i_6
INFO: [Physopt 32-662] Processed net WRAPPER/CL/u_engine_chirho/c$ds_app_arg[9764]_i_21_n_0.  Did not re-place instance WRAPPER/CL/u_engine_chirho/c$ds_app_arg[9764]_i_21
INFO: [Physopt 32-662] Processed net WRAPPER/CL/u_engine_chirho/resp_wire_chirho[210].  Did not re-place instance WRAPPER/CL/u_engine_chirho/c$ds_app_arg[9495]_i_1
INFO: [Physopt 32-662] Processed net WRAPPER/CL/u_engine_chirho/c$ds_app_arg[9240]_i_5_n_0.  Did not re-place instance WRAPPER/CL/u_engine_chirho/c$ds_app_arg[9240]_i_5
INFO: [Physopt 32-662] Processed net WRAPPER/CL/u_engine_chirho/c$ds_app_arg[9495]_i_5_n_0.  Did not re-place instance WRAPPER/CL/u_engine_chirho/c$ds_app_arg[9495]_i_5
INFO: [Physopt 32-662] Processed net WRAPPER/CL/u_engine_chirho/ocl_rdata_q_chirho[0]_i_473_n_0.  Did not re-place instance WRAPPER/CL/u_engine_chirho/ocl_rdata_q_chirho[0]_i_473
INFO: [Physopt 32-662] Processed net WRAPPER/CL/u_engine_chirho/ocl_rdata_q_chirho[0]_i_82_n_0.  Did not re-place instance WRAPPER/CL/u_engine_chirho/ocl_rdata_q_chirho[0]_i_82
INFO: [Physopt 32-662] Processed net WRAPPER/CL/u_engine_chirho/cl_sh_status_vled[9]_INST_0_i_15_n_0.  Did not re-place instance WRAPPER/CL/u_engine_chirho/cl_sh_status_vled[9]_INST_0_i_15
INFO: [Physopt 32-662] Processed net WRAPPER/CL/u_engine_chirho/resp_wire_chirho[363].  Did not re-place instance WRAPPER/CL/u_engine_chirho/c$ds_app_arg[9648]_i_1
INFO: [Physopt 32-662] Processed net WRAPPER/CL/u_engine_chirho/ocl_rdata_q_chirho[0]_i_491_n_0.  Did not re-place instance WRAPPER/CL/u_engine_chirho/ocl_rdata_q_chirho[0]_i_491
INFO: [Physopt 32-662] Processed net WRAPPER/CL/u_engine_chirho/resp_wire_chirho[173].  Did not re-place instance WRAPPER/CL/u_engine_chirho/c$ds_app_arg[9458]_i_1
INFO: [Physopt 32-662] Processed net WRAPPER/CL/u_engine_chirho/resp_wire_chirho[355].  Did not re-place instance WRAPPER/CL/u_engine_chirho/c$ds_app_arg[9640]_i_1
INFO: [Physopt 32-662] Processed net WRAPPER/CL/u_engine_chirho/c$ds_app_arg[9458]_i_5_n_0.  Did not re-place instance WRAPPER/CL/u_engine_chirho/c$ds_app_arg[9458]_i_5
INFO: [Physopt 32-662] Processed net WRAPPER/CL/u_engine_chirho/c$ds_app_arg[9640]_i_5_n_0.  Did not re-place instance WRAPPER/CL/u_engine_chirho/c$ds_app_arg[9640]_i_5
INFO: [Physopt 32-662] Processed net WRAPPER/CL/u_engine_chirho/c$ds_app_arg[9764]_i_16_n_0.  Did not re-place instance WRAPPER/CL/u_engine_chirho/c$ds_app_arg[9764]_i_16
INFO: [Physopt 32-662] Processed net WRAPPER/CL/u_engine_chirho/ocl_rdata_q_chirho[0]_i_490_n_0.  Did not re-place instance WRAPPER/CL/u_engine_chirho/ocl_rdata_q_chirho[0]_i_490
INFO: [Physopt 32-662] Processed net WRAPPER/CL/u_engine_chirho/cl_sh_status_vled[9]_INST_0_i_14_n_0.  Did not re-place instance WRAPPER/CL/u_engine_chirho/cl_sh_status_vled[9]_INST_0_i_14
INFO: [Physopt 32-662] Processed net WRAPPER/CL/u_engine_chirho/resp_wire_chirho[92].  Did not re-place instance WRAPPER/CL/u_engine_chirho/c$ds_app_arg[9377]_i_1
INFO: [Physopt 32-662] Processed net WRAPPER/CL/u_engine_chirho/resp_wire_chirho[349].  Did not re-place instance WRAPPER/CL/u_engine_chirho/c$ds_app_arg[9634]_i_1
INFO: [Physopt 32-662] Processed net WRAPPER/CL/u_engine_chirho/c$ds_app_arg[9227]_i_4_n_0.  Did not re-place instance WRAPPER/CL/u_engine_chirho/c$ds_app_arg[9227]_i_4
INFO: [Physopt 32-662] Processed net WRAPPER/CL/u_engine_chirho/c$ds_app_arg[9377]_i_5_n_0.  Did not re-place instance WRAPPER/CL/u_engine_chirho/c$ds_app_arg[9377]_i_5
INFO: [Physopt 32-662] Processed net WRAPPER/CL/u_engine_chirho/c$ds_app_arg[9634]_i_5_n_0.  Did not re-place instance WRAPPER/CL/u_engine_chirho/c$ds_app_arg[9634]_i_5
INFO: [Physopt 32-662] Processed net WRAPPER/CL/u_engine_chirho/c$ds_app_arg[9748]_i_18_n_0.  Did not re-place instance WRAPPER/CL/u_engine_chirho/c$ds_app_arg[9748]_i_18
INFO: [Physopt 32-662] Processed net WRAPPER/CL/u_engine_chirho/ocl_rdata_q_chirho[0]_i_232_n_0.  Did not re-place instance WRAPPER/CL/u_engine_chirho/ocl_rdata_q_chirho[0]_i_232
INFO: [Physopt 32-662] Processed net WRAPPER/CL/u_engine_chirho/ocl_rdata_q_chirho[0]_i_448_n_0.  Did not re-place instance WRAPPER/CL/u_engine_chirho/ocl_rdata_q_chirho[0]_i_448
INFO: [Physopt 32-662] Processed net WRAPPER/CL/u_engine_chirho/ocl_rdata_q_chirho[0]_i_131_n_0.  Did not re-place instance WRAPPER/CL/u_engine_chirho/ocl_rdata_q_chirho[0]_i_131
INFO: [Physopt 32-662] Processed net WRAPPER/CL/u_engine_chirho/ocl_rdata_q_chirho[0]_i_492_n_0.  Did not re-place instance WRAPPER/CL/u_engine_chirho/ocl_rdata_q_chirho[0]_i_492
INFO: [Physopt 32-662] Processed net WRAPPER/CL/u_engine_chirho/c$ds_app_arg[9242]_i_4_n_0.  Did not re-place instance WRAPPER/CL/u_engine_chirho/c$ds_app_arg[9242]_i_4
INFO: [Physopt 32-662] Processed net WRAPPER/CL/u_engine_chirho/c$ds_app_arg[9238]_i_4_n_0.  Did not re-place instance WRAPPER/CL/u_engine_chirho/c$ds_app_arg[9238]_i_4
INFO: [Physopt 32-662] Processed net WRAPPER/CL/u_engine_chirho/c$ds_app_arg[9756]_i_15_n_0.  Did not re-place instance WRAPPER/CL/u_engine_chirho/c$ds_app_arg[9756]_i_15
INFO: [Physopt 32-662] Processed net WRAPPER/CL/u_engine_chirho/ocl_rdata_q_chirho[0]_i_48_n_0.  Did not re-place instance WRAPPER/CL/u_engine_chirho/ocl_rdata_q_chirho[0]_i_48
INFO: [Physopt 32-662] Processed net WRAPPER/CL/u_engine_chirho/c$ds_app_arg[9227]_i_5_n_0.  Did not re-place instance WRAPPER/CL/u_engine_chirho/c$ds_app_arg[9227]_i_5
INFO: [Physopt 32-662] Processed net WRAPPER/CL/u_engine_chirho/c$ds_app_arg[9239]_i_4_n_0.  Did not re-place instance WRAPPER/CL/u_engine_chirho/c$ds_app_arg[9239]_i_4
INFO: [Physopt 32-662] Processed net WRAPPER/CL/u_engine_chirho/c$ds_app_arg[9239]_i_5_n_0.  Did not re-place instance WRAPPER/CL/u_engine_chirho/c$ds_app_arg[9239]_i_5
INFO: [Physopt 32-662] Processed net WRAPPER/CL/u_engine_chirho/c$ds_app_arg[9313]_i_5_n_0.  Did not re-place instance WRAPPER/CL/u_engine_chirho/c$ds_app_arg[9313]_i_5
INFO: [Physopt 32-662] Processed net WRAPPER/CL/u_engine_chirho/ocl_rdata_q_chirho[0]_i_638_n_0.  Did not re-place instance WRAPPER/CL/u_engine_chirho/ocl_rdata_q_chirho[0]_i_638
INFO: [Physopt 32-662] Processed net WRAPPER/CL/u_engine_chirho/resp_wire_chirho[169].  Did not re-place instance WRAPPER/CL/u_engine_chirho/c$ds_app_arg[9454]_i_1
INFO: [Physopt 32-662] Processed net WRAPPER/CL/u_engine_chirho/c$ds_app_arg[9454]_i_5_n_0.  Did not re-place instance WRAPPER/CL/u_engine_chirho/c$ds_app_arg[9454]_i_5
INFO: [Physopt 32-662] Processed net WRAPPER/CL/u_engine_chirho/c$ds_app_arg[9642]_i_5_n_0.  Did not re-place instance WRAPPER/CL/u_engine_chirho/c$ds_app_arg[9642]_i_5
INFO: [Physopt 32-662] Processed net WRAPPER/CL/u_engine_chirho/ocl_rdata_q_chirho[0]_i_551_n_0.  Did not re-place instance WRAPPER/CL/u_engine_chirho/ocl_rdata_q_chirho[0]_i_551
INFO: [Physopt 32-662] Processed net WRAPPER/CL/u_engine_chirho/c$ds_app_arg[9235]_i_4_n_0.  Did not re-place instance WRAPPER/CL/u_engine_chirho/c$ds_app_arg[9235]_i_4
INFO: [Physopt 32-662] Processed net WRAPPER/CL/u_engine_chirho/c$ds_app_arg[9242]_i_5_n_0.  Did not re-place instance WRAPPER/CL/u_engine_chirho/c$ds_app_arg[9242]_i_5
INFO: [Physopt 32-662] Processed net WRAPPER/CL/u_engine_chirho/c$ds_app_arg[9756]_i_18_n_0.  Did not re-place instance WRAPPER/CL/u_engine_chirho/c$ds_app_arg[9756]_i_18
INFO: [Physopt 32-662] Processed net WRAPPER/CL/u_engine_chirho/c$ds_app_arg[9238]_i_5_n_0.  Did not re-place instance WRAPPER/CL/u_engine_chirho/c$ds_app_arg[9238]_i_5
INFO: [Physopt 32-662] Processed net WRAPPER/CL/u_engine_chirho/resp_wire_chirho[182].  Did not re-place instance WRAPPER/CL/u_engine_chirho/c$ds_app_arg[9467]_i_1
INFO: [Physopt 32-662] Processed net WRAPPER/CL/u_engine_chirho/c$ds_app_arg[9467]_i_5_n_0.  Did not re-place instance WRAPPER/CL/u_engine_chirho/c$ds_app_arg[9467]_i_5
INFO: [Physopt 32-662] Processed net WRAPPER/CL/u_engine_chirho/resp_wire_chirho[230].  Did not re-place instance WRAPPER/CL/u_engine_chirho/c$ds_app_arg[9515]_i_1
INFO: [Physopt 32-662] Processed net WRAPPER/CL/u_engine_chirho/resp_wire_chirho[225]_repN.  Did not re-place instance WRAPPER/CL/u_engine_chirho/c$ds_app_arg[9510]_i_1_replica
INFO: [Physopt 32-662] Processed net WRAPPER/CL/u_engine_chirho/c$ds_app_arg[9235]_i_5_n_0.  Did not re-place instance WRAPPER/CL/u_engine_chirho/c$ds_app_arg[9235]_i_5
INFO: [Physopt 32-662] Processed net WRAPPER/CL/u_engine_chirho/c$ds_app_arg[9510]_i_5_n_0.  Did not re-place instance WRAPPER/CL/u_engine_chirho/c$ds_app_arg[9510]_i_5
INFO: [Physopt 32-662] Processed net WRAPPER/CL/u_engine_chirho/c$ds_app_arg[9515]_i_5_n_0.  Did not re-place instance WRAPPER/CL/u_engine_chirho/c$ds_app_arg[9515]_i_5
INFO: [Physopt 32-662] Processed net WRAPPER/CL/u_engine_chirho/ocl_rdata_q_chirho[0]_i_216_n_0.  Did not re-place instance WRAPPER/CL/u_engine_chirho/ocl_rdata_q_chirho[0]_i_216
INFO: [Physopt 32-662] Processed net WRAPPER/CL/u_engine_chirho/ocl_rdata_q_chirho[0]_i_553_n_0.  Did not re-place instance WRAPPER/CL/u_engine_chirho/ocl_rdata_q_chirho[0]_i_553
INFO: [Physopt 32-662] Processed net WRAPPER/CL/u_engine_chirho/c$ds_app_arg[9248]_i_5_n_0.  Did not re-place instance WRAPPER/CL/u_engine_chirho/c$ds_app_arg[9248]_i_5
INFO: [Physopt 32-662] Processed net WRAPPER/CL/u_engine_chirho/c$ds_app_arg[9772]_i_21_n_0.  Did not re-place instance WRAPPER/CL/u_engine_chirho/c$ds_app_arg[9772]_i_21
INFO: [Physopt 32-662] Processed net WRAPPER/CL/u_engine_chirho/c$ds_app_arg[9243]_i_4_n_0.  Did not re-place instance WRAPPER/CL/u_engine_chirho/c$ds_app_arg[9243]_i_4
INFO: [Physopt 32-662] Processed net WRAPPER/CL/u_engine_chirho/c$ds_app_arg[9764]_i_18_n_0.  Did not re-place instance WRAPPER/CL/u_engine_chirho/c$ds_app_arg[9764]_i_18
INFO: [Physopt 32-662] Processed net WRAPPER/CL/u_engine_chirho/c$ds_app_arg[9243]_i_5_n_0.  Did not re-place instance WRAPPER/CL/u_engine_chirho/c$ds_app_arg[9243]_i_5
INFO: [Physopt 32-662] Processed net WRAPPER/CL/u_engine_chirho/ocl_rdata_q_chirho[0]_i_75_n_0.  Did not re-place instance WRAPPER/CL/u_engine_chirho/ocl_rdata_q_chirho[0]_i_75
INFO: [Physopt 32-662] Processed net WRAPPER/CL/u_engine_chirho/c$ds_app_arg[9248]_i_6_n_0.  Did not re-place instance WRAPPER/CL/u_engine_chirho/c$ds_app_arg[9248]_i_6
INFO: [Physopt 32-662] Processed net WRAPPER/CL/u_engine_chirho/c$ds_app_arg[9245]_i_5_n_0.  Did not re-place instance WRAPPER/CL/u_engine_chirho/c$ds_app_arg[9245]_i_5
INFO: [Physopt 32-662] Processed net WRAPPER/CL/u_engine_chirho/c$ds_app_arg[9249]_i_4_n_0.  Did not re-place instance WRAPPER/CL/u_engine_chirho/c$ds_app_arg[9249]_i_4
INFO: [Physopt 32-662] Processed net WRAPPER/CL/u_engine_chirho/c$ds_app_arg[9245]_i_4_n_0.  Did not re-place instance WRAPPER/CL/u_engine_chirho/c$ds_app_arg[9245]_i_4
INFO: [Physopt 32-662] Processed net WRAPPER/CL/u_engine_chirho/c$ds_app_arg[9253]_i_4_n_0.  Did not re-place instance WRAPPER/CL/u_engine_chirho/c$ds_app_arg[9253]_i_4
INFO: [Physopt 32-662] Processed net WRAPPER/CL/u_engine_chirho/c$ds_app_arg[9772]_i_16_n_0.  Did not re-place instance WRAPPER/CL/u_engine_chirho/c$ds_app_arg[9772]_i_16
INFO: [Physopt 32-662] Processed net WRAPPER/CL/u_engine_chirho/c$ds_app_arg[9772]_i_20_n_0.  Did not re-place instance WRAPPER/CL/u_engine_chirho/c$ds_app_arg[9772]_i_20
INFO: [Physopt 32-662] Processed net WRAPPER/CL/u_engine_chirho/resp_wire_chirho[357].  Did not re-place instance WRAPPER/CL/u_engine_chirho/c$ds_app_arg[9642]_i_1
INFO: [Physopt 32-662] Processed net WRAPPER/CL/u_engine_chirho/c$ds_app_arg[9434]_i_5_n_0.  Did not re-place instance WRAPPER/CL/u_engine_chirho/c$ds_app_arg[9434]_i_5
INFO: [Physopt 32-662] Processed net WRAPPER/CL/u_engine_chirho/resp_wire_chirho[149]_repN.  Did not re-place instance WRAPPER/CL/u_engine_chirho/c$ds_app_arg[9434]_i_1_replica
INFO: [Physopt 32-662] Processed net WRAPPER/CL/u_engine_chirho/c$ds_app_arg[9249]_i_5_n_0.  Did not re-place instance WRAPPER/CL/u_engine_chirho/c$ds_app_arg[9249]_i_5
INFO: [Physopt 32-662] Processed net WRAPPER/CL/u_engine_chirho/resp_wire_chirho[220].  Did not re-place instance WRAPPER/CL/u_engine_chirho/c$ds_app_arg[9505]_i_1
INFO: [Physopt 32-662] Processed net WRAPPER/CL/u_engine_chirho/c$ds_app_arg[9505]_i_5_n_0.  Did not re-place instance WRAPPER/CL/u_engine_chirho/c$ds_app_arg[9505]_i_5
INFO: [Physopt 32-662] Processed net WRAPPER/CL/u_engine_chirho/ocl_rdata_q_chirho[0]_i_903_n_0.  Did not re-place instance WRAPPER/CL/u_engine_chirho/ocl_rdata_q_chirho[0]_i_903
INFO: [Physopt 32-662] Processed net WRAPPER/CL/u_engine_chirho/c$ds_app_arg[9253]_i_5_n_0.  Did not re-place instance WRAPPER/CL/u_engine_chirho/c$ds_app_arg[9253]_i_5
INFO: [Physopt 32-662] Processed net WRAPPER/CL/u_engine_chirho/ocl_rdata_q_chirho[0]_i_228_n_0.  Did not re-place instance WRAPPER/CL/u_engine_chirho/ocl_rdata_q_chirho[0]_i_228
INFO: [Physopt 32-662] Processed net WRAPPER/CL/u_engine_chirho/ocl_rdata_q_chirho[0]_i_177_n_0.  Did not re-place instance WRAPPER/CL/u_engine_chirho/ocl_rdata_q_chirho[0]_i_177
INFO: [Physopt 32-662] Processed net WRAPPER/CL/u_engine_chirho/ocl_rdata_q_chirho[0]_i_631_n_0.  Did not re-place instance WRAPPER/CL/u_engine_chirho/ocl_rdata_q_chirho[0]_i_631
INFO: [Physopt 32-662] Processed net WRAPPER/CL/u_engine_chirho/ocl_rdata_q_chirho[0]_i_217_n_0.  Did not re-place instance WRAPPER/CL/u_engine_chirho/ocl_rdata_q_chirho[0]_i_217
INFO: [Physopt 32-662] Processed net WRAPPER/CL/u_engine_chirho/ocl_rdata_q_chirho[0]_i_231_n_0.  Did not re-place instance WRAPPER/CL/u_engine_chirho/ocl_rdata_q_chirho[0]_i_231
INFO: [Physopt 32-662] Processed net WRAPPER/CL/u_engine_chirho/c$ds_app_arg[9653]_i_5_n_0.  Did not re-place instance WRAPPER/CL/u_engine_chirho/c$ds_app_arg[9653]_i_5
INFO: [Physopt 32-662] Processed net WRAPPER/CL/u_engine_chirho/ocl_rdata_q_chirho[0]_i_323_n_0.  Did not re-place instance WRAPPER/CL/u_engine_chirho/ocl_rdata_q_chirho[0]_i_323
INFO: [Physopt 32-662] Processed net WRAPPER/CL/u_engine_chirho/resp_wire_chirho[98]_repN.  Did not re-place instance WRAPPER/CL/u_engine_chirho/c$ds_app_arg[9383]_i_1_replica
INFO: [Physopt 32-662] Processed net WRAPPER/CL/u_engine_chirho/c$ds_app_arg[9383]_i_5_n_0.  Did not re-place instance WRAPPER/CL/u_engine_chirho/c$ds_app_arg[9383]_i_5
INFO: [Physopt 32-662] Processed net WRAPPER/CL/u_engine_chirho/cl_sh_status_vled[12]_INST_0_i_14_n_0.  Did not re-place instance WRAPPER/CL/u_engine_chirho/cl_sh_status_vled[12]_INST_0_i_14
INFO: [Physopt 32-662] Processed net WRAPPER/CL/u_engine_chirho/cl_sh_status_vled[15]_INST_0_i_29_n_0.  Did not re-place instance WRAPPER/CL/u_engine_chirho/cl_sh_status_vled[15]_INST_0_i_29
INFO: [Physopt 32-662] Processed net WRAPPER/CL/u_engine_chirho/ocl_rdata_q_chirho[0]_i_415_n_0.  Did not re-place instance WRAPPER/CL/u_engine_chirho/ocl_rdata_q_chirho[0]_i_415
INFO: [Physopt 32-662] Processed net WRAPPER/CL/u_engine_chirho/c$ds_app_arg[9250]_i_4_n_0.  Did not re-place instance WRAPPER/CL/u_engine_chirho/c$ds_app_arg[9250]_i_4
INFO: [Physopt 32-662] Processed net WRAPPER/CL/u_engine_chirho/c$ds_app_arg[9488]_i_5_n_0.  Did not re-place instance WRAPPER/CL/u_engine_chirho/c$ds_app_arg[9488]_i_5
INFO: [Physopt 32-662] Processed net WRAPPER/CL/u_engine_chirho/c$ds_app_arg[9772]_i_19_n_0.  Did not re-place instance WRAPPER/CL/u_engine_chirho/c$ds_app_arg[9772]_i_19
INFO: [Physopt 32-662] Processed net WRAPPER/CL/u_engine_chirho/ocl_rdata_q_chirho[0]_i_134_n_0.  Did not re-place instance WRAPPER/CL/u_engine_chirho/ocl_rdata_q_chirho[0]_i_134
INFO: [Physopt 32-662] Processed net WRAPPER/CL/u_engine_chirho/ocl_rdata_q_chirho[0]_i_467_n_0.  Did not re-place instance WRAPPER/CL/u_engine_chirho/ocl_rdata_q_chirho[0]_i_467
INFO: [Physopt 32-662] Processed net WRAPPER/CL/u_engine_chirho/ocl_rdata_q_chirho[0]_i_493_n_0.  Did not re-place instance WRAPPER/CL/u_engine_chirho/ocl_rdata_q_chirho[0]_i_493
INFO: [Physopt 32-662] Processed net WRAPPER/CL/u_engine_chirho/resp_wire_chirho[203]_repN.  Did not re-place instance WRAPPER/CL/u_engine_chirho/c$ds_app_arg[9488]_i_1_replica
INFO: [Physopt 32-662] Processed net WRAPPER/CL/u_engine_chirho/cl_sh_status_vled[8]_INST_0_i_12_n_0.  Did not re-place instance WRAPPER/CL/u_engine_chirho/cl_sh_status_vled[8]_INST_0_i_12
INFO: [Physopt 32-662] Processed net WRAPPER/CL/u_engine_chirho/resp_wire_chirho[206].  Did not re-place instance WRAPPER/CL/u_engine_chirho/c$ds_app_arg[9491]_i_1
INFO: [Physopt 32-662] Processed net WRAPPER/CL/u_engine_chirho/resp_wire_chirho[240].  Did not re-place instance WRAPPER/CL/u_engine_chirho/c$ds_app_arg[9525]_i_1
INFO: [Physopt 32-662] Processed net WRAPPER/CL/u_engine_chirho/resp_wire_chirho[358].  Did not re-place instance WRAPPER/CL/u_engine_chirho/c$ds_app_arg[9643]_i_1
INFO: [Physopt 32-662] Processed net WRAPPER/CL/u_engine_chirho/c$ds_app_arg[9251]_i_5_n_0.  Did not re-place instance WRAPPER/CL/u_engine_chirho/c$ds_app_arg[9251]_i_5
INFO: [Physopt 32-662] Processed net WRAPPER/CL/u_engine_chirho/c$ds_app_arg[9491]_i_5_n_0.  Did not re-place instance WRAPPER/CL/u_engine_chirho/c$ds_app_arg[9491]_i_5
INFO: [Physopt 32-662] Processed net WRAPPER/CL/u_engine_chirho/c$ds_app_arg[9525]_i_5_n_0.  Did not re-place instance WRAPPER/CL/u_engine_chirho/c$ds_app_arg[9525]_i_5
INFO: [Physopt 32-662] Processed net WRAPPER/CL/u_engine_chirho/c$ds_app_arg[9643]_i_5_n_0.  Did not re-place instance WRAPPER/CL/u_engine_chirho/c$ds_app_arg[9643]_i_5
INFO: [Physopt 32-662] Processed net WRAPPER/CL/u_engine_chirho/c$ds_app_arg[9772]_i_18_n_0.  Did not re-place instance WRAPPER/CL/u_engine_chirho/c$ds_app_arg[9772]_i_18
INFO: [Physopt 32-662] Processed net WRAPPER/CL/u_engine_chirho/cl_sh_status_vled[15]_INST_0_i_33_n_0.  Did not re-place instance WRAPPER/CL/u_engine_chirho/cl_sh_status_vled[15]_INST_0_i_33
INFO: [Physopt 32-662] Processed net WRAPPER/CL/u_engine_chirho/ocl_rdata_q_chirho[0]_i_472_n_0.  Did not re-place instance WRAPPER/CL/u_engine_chirho/ocl_rdata_q_chirho[0]_i_472
INFO: [Physopt 32-662] Processed net WRAPPER/CL/u_engine_chirho/resp_wire_chirho[171].  Did not re-place instance WRAPPER/CL/u_engine_chirho/c$ds_app_arg[9456]_i_1
INFO: [Physopt 32-662] Processed net WRAPPER/CL/u_engine_chirho/c$ds_app_arg[9251]_i_4_n_0.  Did not re-place instance WRAPPER/CL/u_engine_chirho/c$ds_app_arg[9251]_i_4
INFO: [Physopt 32-662] Processed net WRAPPER/CL/u_engine_chirho/c$ds_app_arg[9456]_i_5_n_0.  Did not re-place instance WRAPPER/CL/u_engine_chirho/c$ds_app_arg[9456]_i_5
INFO: [Physopt 32-662] Processed net WRAPPER/CL/u_engine_chirho/ocl_rdata_q_chirho[0]_i_471_n_0.  Did not re-place instance WRAPPER/CL/u_engine_chirho/ocl_rdata_q_chirho[0]_i_471
INFO: [Physopt 32-662] Processed net WRAPPER/CL/u_engine_chirho/resp_wire_chirho[153].  Did not re-place instance WRAPPER/CL/u_engine_chirho/c$ds_app_arg[9438]_i_1
INFO: [Physopt 32-662] Processed net WRAPPER/CL/u_engine_chirho/resp_wire_chirho[162].  Did not re-place instance WRAPPER/CL/u_engine_chirho/c$ds_app_arg[9447]_i_1
INFO: [Physopt 32-662] Processed net WRAPPER/CL/u_engine_chirho/resp_wire_chirho[28].  Did not re-place instance WRAPPER/CL/u_engine_chirho/c$ds_app_arg[9313]_i_1
INFO: [Physopt 32-662] Processed net WRAPPER/CL/u_engine_chirho/resp_wire_chirho[340].  Did not re-place instance WRAPPER/CL/u_engine_chirho/c$ds_app_arg[9625]_i_1
INFO: [Physopt 32-662] Processed net WRAPPER/CL/u_engine_chirho/c$ds_app_arg[9237]_i_4_n_0.  Did not re-place instance WRAPPER/CL/u_engine_chirho/c$ds_app_arg[9237]_i_4
INFO: [Physopt 32-662] Processed net WRAPPER/CL/u_engine_chirho/c$ds_app_arg[9438]_i_5_n_0.  Did not re-place instance WRAPPER/CL/u_engine_chirho/c$ds_app_arg[9438]_i_5
INFO: [Physopt 32-662] Processed net WRAPPER/CL/u_engine_chirho/c$ds_app_arg[9447]_i_5_n_0.  Did not re-place instance WRAPPER/CL/u_engine_chirho/c$ds_app_arg[9447]_i_5
INFO: [Physopt 32-661] Optimized 0 net.  Re-placed 0 instance.
INFO: [Physopt 32-775] End 1 Pass. Optimized 0 net or cell. Created 0 new cell, deleted 0 existing cell and moved 0 existing cell
Netlist sorting complete. Time (s): cpu = 00:00:00.04 ; elapsed = 00:00:00.04 . Memory (MB): peak = 7096.219 ; gain = 0.000 ; free physical = 51812 ; free virtual = 67445
Phase 15 Single Cell Placement Optimization | Checksum: 25f742e32

Time (s): cpu = 00:05:40 ; elapsed = 00:05:21 . Memory (MB): peak = 7096.219 ; gain = 81.215 ; free physical = 51812 ; free virtual = 67445

Phase 16 Multi Cell Placement Optimization
INFO: [Physopt 32-660] Identified 100 candidate nets for placement-based optimization.
INFO: [Physopt 32-662] Processed net WRAPPER/CL/u_engine_chirho/D[0].  Did not re-place instance WRAPPER/CL/u_engine_chirho/ocl_rdata_q_chirho[0]_i_1/O
INFO: [Physopt 32-662] Processed net WRAPPER/CL/u_engine_chirho/ocl_rdata_q_chirho[0]_i_11_n_0.  Did not re-place instance WRAPPER/CL/u_engine_chirho/ocl_rdata_q_chirho[0]_i_11/O
INFO: [Physopt 32-662] Processed net WRAPPER/CL/u_engine_chirho/ocl_rdata_q_chirho[0]_i_4_n_0.  Did not re-place instance WRAPPER/CL/u_engine_chirho/ocl_rdata_q_chirho[0]_i_4/O
INFO: [Physopt 32-662] Processed net WRAPPER/CL/u_engine_chirho/ocl_rdata_q_chirho[0]_i_10_n_0.  Did not re-place instance WRAPPER/CL/u_engine_chirho/ocl_rdata_q_chirho[0]_i_10/O
INFO: [Physopt 32-662] Processed net WRAPPER/CL/u_engine_chirho/ocl_rdata_q_chirho[0]_i_23_n_0.  Did not re-place instance WRAPPER/CL/u_engine_chirho/ocl_rdata_q_chirho[0]_i_23/O
INFO: [Physopt 32-661] Optimized 0 net.  Re-placed 0 instance.
INFO: [Physopt 32-775] End 1 Pass. Optimized 0 net or cell. Created 0 new cell, deleted 0 existing cell and moved 0 existing cell
Netlist sorting complete. Time (s): cpu = 00:00:00.04 ; elapsed = 00:00:00.03 . Memory (MB): peak = 7096.219 ; gain = 0.000 ; free physical = 51812 ; free virtual = 67445
Phase 16 Multi Cell Placement Optimization | Checksum: 1b77dc215

Time (s): cpu = 00:05:41 ; elapsed = 00:05:22 . Memory (MB): peak = 7096.219 ; gain = 81.215 ; free physical = 51812 ; free virtual = 67445

Phase 17 Rewire
INFO: [Physopt 32-246] Starting Signal Push optimization...
INFO: [Physopt 32-241] No nets found for rewiring () optimization.
INFO: [Physopt 32-232] Optimized 0 net. Created 0 new instance.
INFO: [Physopt 32-775] End 1 Pass. Optimized 0 net or cell. Created 0 new cell, deleted 0 existing cell and moved 0 existing cell
Netlist sorting complete. Time (s): cpu = 00:00:00.03 ; elapsed = 00:00:00.03 . Memory (MB): peak = 7096.219 ; gain = 0.000 ; free physical = 51812 ; free virtual = 67445
Phase 17 Rewire | Checksum: 1b77dc215

Time (s): cpu = 00:05:41 ; elapsed = 00:05:22 . Memory (MB): peak = 7096.219 ; gain = 81.215 ; free physical = 51812 ; free virtual = 67445

Phase 18 Critical Cell Optimization
INFO: [Physopt 32-46] Identified 30 candidate nets for critical-cell optimization.
INFO: [Physopt 32-571] Net WRAPPER/CL/u_engine_chirho/resp_wire_chirho[380] was not replicated.
INFO: [Physopt 32-571] Net WRAPPER/CL/u_engine_chirho/resp_wire_chirho[209] was not replicated.
INFO: [Physopt 32-571] Net WRAPPER/CL/u_engine_chirho/resp_wire_chirho[201] was not replicated.
INFO: [Physopt 32-571] Net WRAPPER/CL/u_engine_chirho/resp_wire_chirho[483] was not replicated.
INFO: [Physopt 32-571] Net WRAPPER/CL/u_engine_chirho/resp_wire_chirho[333] was not replicated.
INFO: [Physopt 32-571] Net WRAPPER/CL/u_engine_chirho/resp_wire_chirho[342]_repN was not replicated.
INFO: [Physopt 32-571] Net WRAPPER/CL/u_engine_chirho/resp_wire_chirho[491] was not replicated.
INFO: [Physopt 32-571] Net WRAPPER/CL/u_engine_chirho/resp_wire_chirho[184] was not replicated.
INFO: [Physopt 32-571] Net WRAPPER/CL/u_engine_chirho/resp_wire_chirho[102] was not replicated.
INFO: [Physopt 32-571] Net WRAPPER/CL/u_engine_chirho/resp_wire_chirho[356]_repN was not replicated.
INFO: [Physopt 32-571] Net WRAPPER/CL/u_engine_chirho/resp_wire_chirho[165] was not replicated.
INFO: [Physopt 32-571] Net WRAPPER/CL/u_engine_chirho/resp_wire_chirho[234] was not replicated.
INFO: [Physopt 32-571] Net WRAPPER/CL/u_engine_chirho/resp_wire_chirho[141] was not replicated.
INFO: [Physopt 32-571] Net WRAPPER/CL/u_engine_chirho/resp_wire_chirho[202] was not replicated.
INFO: [Physopt 32-571] Net WRAPPER/CL/u_engine_chirho/resp_wire_chirho[34] was not replicated.
INFO: [Physopt 32-571] Net WRAPPER/CL/u_engine_chirho/resp_wire_chirho[341] was not replicated.
INFO: [Physopt 32-571] Net WRAPPER/CL/u_engine_chirho/resp_wire_chirho[183] was not replicated.
INFO: [Physopt 32-571] Net WRAPPER/CL/u_engine_chirho/resp_wire_chirho[461] was not replicated.
INFO: [Physopt 32-571] Net WRAPPER/CL/u_engine_chirho/resp_wire_chirho[367] was not replicated.
INFO: [Physopt 32-571] Net WRAPPER/CL/u_engine_chirho/resp_wire_chirho[490] was not replicated.
INFO: [Physopt 32-571] Net WRAPPER/CL/u_engine_chirho/resp_wire_chirho[81] was not replicated.
INFO: [Physopt 32-571] Net WRAPPER/CL/u_engine_chirho/resp_wire_chirho[137] was not replicated.
INFO: [Physopt 32-571] Net WRAPPER/CL/u_engine_chirho/resp_wire_chirho[59] was not replicated.
INFO: [Physopt 32-571] Net WRAPPER/CL/u_engine_chirho/resp_wire_chirho[170] was not replicated.
INFO: [Physopt 32-571] Net WRAPPER/CL/u_engine_chirho/resp_wire_chirho[372] was not replicated.
INFO: [Physopt 32-571] Net WRAPPER/CL/u_engine_chirho/resp_wire_chirho[489] was not replicated.
INFO: [Physopt 32-571] Net WRAPPER/CL/u_engine_chirho/resp_wire_chirho[338] was not replicated.
INFO: [Physopt 32-571] Net WRAPPER/CL/u_engine_chirho/resp_wire_chirho[101] was not replicated.
INFO: [Physopt 32-232] Optimized 0 net. Created 0 new instance.
INFO: [Physopt 32-775] End 1 Pass. Optimized 0 net or cell. Created 0 new cell, deleted 0 existing cell and moved 0 existing cell
Phase 18 Critical Cell Optimization | Checksum: 1b77dc215

Time (s): cpu = 00:05:41 ; elapsed = 00:05:22 . Memory (MB): peak = 7096.219 ; gain = 81.215 ; free physical = 51812 ; free virtual = 67445

Phase 19 DSP Register Optimization
INFO: [Physopt 32-456] No candidate cells for DSP register optimization found in the design.
INFO: [Physopt 32-775] End 1 Pass. Optimized 0 net or cell. Created 0 new cell, deleted 0 existing cell and moved 0 existing cell
Phase 19 DSP Register Optimization | Checksum: 1b77dc215

Time (s): cpu = 00:05:41 ; elapsed = 00:05:22 . Memory (MB): peak = 7096.219 ; gain = 81.215 ; free physical = 51812 ; free virtual = 67445

Phase 20 BRAM Register Optimization
INFO: [Physopt 32-526] No candidate cells for BRAM register optimization found in the design
INFO: [Physopt 32-775] End 1 Pass. Optimized 0 net or cell. Created 0 new cell, deleted 0 existing cell and moved 0 existing cell
Phase 20 BRAM Register Optimization | Checksum: 1b77dc215

Time (s): cpu = 00:05:41 ; elapsed = 00:05:22 . Memory (MB): peak = 7096.219 ; gain = 81.215 ; free physical = 51812 ; free virtual = 67445

Phase 21 URAM Register Optimization
INFO: [Physopt 32-846] No candidate cells for URAM register optimization found in the design
INFO: [Physopt 32-775] End 1 Pass. Optimized 0 net or cell. Created 0 new cell, deleted 0 existing cell and moved 0 existing cell
INFO: [Physopt 32-846] No candidate cells for URAM register optimization found in the design
INFO: [Physopt 32-775] End 1 Pass. Optimized 0 net or cell. Created 0 new cell, deleted 0 existing cell and moved 0 existing cell
Phase 21 URAM Register Optimization | Checksum: 1b77dc215

Time (s): cpu = 00:05:41 ; elapsed = 00:05:22 . Memory (MB): peak = 7096.219 ; gain = 81.215 ; free physical = 51812 ; free virtual = 67445

Phase 22 Shift Register Optimization
INFO: [Physopt 32-1401] No candidate cells found for Shift Register optimization.
INFO: [Physopt 32-677] No candidate cells for Shift Register optimization found in the design
INFO: [Physopt 32-775] End 1 Pass. Optimized 0 net or cell. Created 0 new cell, deleted 0 existing cell and moved 0 existing cell
Phase 22 Shift Register Optimization | Checksum: 1b77dc215

Time (s): cpu = 00:05:41 ; elapsed = 00:05:22 . Memory (MB): peak = 7096.219 ; gain = 81.215 ; free physical = 51812 ; free virtual = 67445

Phase 23 DSP Register Optimization
INFO: [Physopt 32-456] No candidate cells for DSP register optimization found in the design.
INFO: [Physopt 32-775] End 1 Pass. Optimized 0 net or cell. Created 0 new cell, deleted 0 existing cell and moved 0 existing cell
Phase 23 DSP Register Optimization | Checksum: 1b77dc215

Time (s): cpu = 00:05:41 ; elapsed = 00:05:22 . Memory (MB): peak = 7096.219 ; gain = 81.215 ; free physical = 51812 ; free virtual = 67445

Phase 24 BRAM Register Optimization
INFO: [Physopt 32-526] No candidate cells for BRAM register optimization found in the design
INFO: [Physopt 32-775] End 1 Pass. Optimized 0 net or cell. Created 0 new cell, deleted 0 existing cell and moved 0 existing cell
Phase 24 BRAM Register Optimization | Checksum: 1b77dc215

Time (s): cpu = 00:05:41 ; elapsed = 00:05:22 . Memory (MB): peak = 7096.219 ; gain = 81.215 ; free physical = 51812 ; free virtual = 67445

Phase 25 URAM Register Optimization
INFO: [Physopt 32-846] No candidate cells for URAM register optimization found in the design
INFO: [Physopt 32-775] End 1 Pass. Optimized 0 net or cell. Created 0 new cell, deleted 0 existing cell and moved 0 existing cell
INFO: [Physopt 32-846] No candidate cells for URAM register optimization found in the design
INFO: [Physopt 32-775] End 1 Pass. Optimized 0 net or cell. Created 0 new cell, deleted 0 existing cell and moved 0 existing cell
Phase 25 URAM Register Optimization | Checksum: 1b77dc215

Time (s): cpu = 00:05:41 ; elapsed = 00:05:22 . Memory (MB): peak = 7096.219 ; gain = 81.215 ; free physical = 51812 ; free virtual = 67445

Phase 26 Shift Register Optimization
INFO: [Physopt 32-1401] No candidate cells found for Shift Register optimization.
INFO: [Physopt 32-677] No candidate cells for Shift Register optimization found in the design
INFO: [Physopt 32-775] End 1 Pass. Optimized 0 net or cell. Created 0 new cell, deleted 0 existing cell and moved 0 existing cell
Phase 26 Shift Register Optimization | Checksum: 1b77dc215

Time (s): cpu = 00:05:41 ; elapsed = 00:05:22 . Memory (MB): peak = 7096.219 ; gain = 81.215 ; free physical = 51812 ; free virtual = 67445

Phase 27 Critical Pin Optimization
INFO: [Physopt 32-606] Identified 100 candidate nets for critical-pin optimization.
INFO: [Physopt 32-608] Optimized 42 nets.  Swapped 2260 pins.
INFO: [Physopt 32-775] End 1 Pass. Optimized 42 nets or cells. Created 0 new cell, deleted 0 existing cell and moved 2260 existing cells
INFO: [Physopt 32-619] Estimated Timing Summary | WNS=-0.010 | TNS=-0.010 |
Netlist sorting complete. Time (s): cpu = 00:00:00.1 ; elapsed = 00:00:00.09 . Memory (MB): peak = 7096.219 ; gain = 0.000 ; free physical = 51815 ; free virtual = 67448
Phase 27 Critical Pin Optimization | Checksum: 1b77dc215

Time (s): cpu = 00:05:47 ; elapsed = 00:05:26 . Memory (MB): peak = 7096.219 ; gain = 81.215 ; free physical = 51815 ; free virtual = 67448

Phase 28 Very High Fanout Optimization
INFO: [Physopt 32-1408] Pass 1. Identified 2 candidate nets for high-fanout optimization.
INFO: [Physopt 32-232] Optimized 0 net. Created 0 new instance.
INFO: [Physopt 32-775] End 1 Pass. Optimized 0 net or cell. Created 0 new cell, deleted 0 existing cell and moved 0 existing cell
Phase 28 Very High Fanout Optimization | Checksum: 1b77dc215

Time (s): cpu = 00:05:47 ; elapsed = 00:05:26 . Memory (MB): peak = 7096.219 ; gain = 81.215 ; free physical = 51815 ; free virtual = 67448

Phase 29 Single Cell Placement Optimization
INFO: [Physopt 32-660] Identified 250 candidate nets for placement-based optimization.
INFO: [Physopt 32-662] Processed net WRAPPER/CL/cmd_reg_chirho_reg[65]_rep_n_0.  Did not re-place instance WRAPPER/CL/cmd_reg_chirho_reg[65]_rep
INFO: [Physopt 32-662] Processed net WRAPPER/CL/u_engine_chirho/D[0].  Did not re-place instance WRAPPER/CL/u_engine_chirho/ocl_rdata_q_chirho[0]_i_1
INFO: [Physopt 32-662] Processed net WRAPPER/CL/u_engine_chirho/c$ds_app_arg[9229]_i_4_n_0.  Did not re-place instance WRAPPER/CL/u_engine_chirho/c$ds_app_arg[9229]_i_4
INFO: [Physopt 32-662] Processed net WRAPPER/CL/u_engine_chirho/c$ds_app_arg[9308]_i_5_n_0.  Did not re-place instance WRAPPER/CL/u_engine_chirho/c$ds_app_arg[9308]_i_5
INFO: [Physopt 32-662] Processed net WRAPPER/CL/u_engine_chirho/c$ds_app_arg[9748]_i_16_n_0.  Did not re-place instance WRAPPER/CL/u_engine_chirho/c$ds_app_arg[9748]_i_16
INFO: [Physopt 32-662] Processed net WRAPPER/CL/u_engine_chirho/ocl_rdata_q_chirho[0]_i_11_n_0.  Did not re-place instance WRAPPER/CL/u_engine_chirho/ocl_rdata_q_chirho[0]_i_11
INFO: [Physopt 32-662] Processed net WRAPPER/CL/u_engine_chirho/ocl_rdata_q_chirho[0]_i_187_n_0.  Did not re-place instance WRAPPER/CL/u_engine_chirho/ocl_rdata_q_chirho[0]_i_187
INFO: [Physopt 32-662] Processed net WRAPPER/CL/u_engine_chirho/ocl_rdata_q_chirho[0]_i_4_n_0.  Did not re-place instance WRAPPER/CL/u_engine_chirho/ocl_rdata_q_chirho[0]_i_4
INFO: [Physopt 32-662] Processed net WRAPPER/CL/u_engine_chirho/ocl_rdata_q_chirho[0]_i_643_n_0.  Did not re-place instance WRAPPER/CL/u_engine_chirho/ocl_rdata_q_chirho[0]_i_643
INFO: [Physopt 32-662] Processed net WRAPPER/CL/u_engine_chirho/c$ds_app_arg[9229]_i_5_n_0.  Did not re-place instance WRAPPER/CL/u_engine_chirho/c$ds_app_arg[9229]_i_5
INFO: [Physopt 32-662] Processed net WRAPPER/CL/cmd_reg_chirho_reg[64]_rep_n_0.  Did not re-place instance WRAPPER/CL/cmd_reg_chirho_reg[64]_rep
INFO: [Physopt 32-662] Processed net WRAPPER/CL/cmd_reg_chirho_reg[66]_rep__0_n_0.  Did not re-place instance WRAPPER/CL/cmd_reg_chirho_reg[66]_rep__0
INFO: [Physopt 32-662] Processed net WRAPPER/CL/u_engine_chirho/c$ds_app_arg[9226]_i_4_n_0.  Did not re-place instance WRAPPER/CL/u_engine_chirho/c$ds_app_arg[9226]_i_4
INFO: [Physopt 32-662] Processed net WRAPPER/CL/u_engine_chirho/c$ds_app_arg[9748]_i_19_n_0.  Did not re-place instance WRAPPER/CL/u_engine_chirho/c$ds_app_arg[9748]_i_19
INFO: [Physopt 32-662] Processed net WRAPPER/CL/u_engine_chirho/c$ds_app_arg[9748]_i_20_n_0.  Did not re-place instance WRAPPER/CL/u_engine_chirho/c$ds_app_arg[9748]_i_20
INFO: [Physopt 32-662] Processed net WRAPPER/CL/u_engine_chirho/c$ds_app_arg[9226]_i_5_n_0.  Did not re-place instance WRAPPER/CL/u_engine_chirho/c$ds_app_arg[9226]_i_5
INFO: [Physopt 32-662] Processed net WRAPPER/CL/u_engine_chirho/ocl_rdata_q_chirho[0]_i_84_n_0.  Did not re-place instance WRAPPER/CL/u_engine_chirho/ocl_rdata_q_chirho[0]_i_84
INFO: [Physopt 32-662] Processed net WRAPPER/CL/u_engine_chirho/c$ds_app_arg[9328]_i_5_n_0.  Did not re-place instance WRAPPER/CL/u_engine_chirho/c$ds_app_arg[9328]_i_5
INFO: [Physopt 32-662] Processed net WRAPPER/CL/u_engine_chirho/resp_wire_chirho[43]_repN.  Did not re-place instance WRAPPER/CL/u_engine_chirho/c$ds_app_arg[9328]_i_1_replica
INFO: [Physopt 32-662] Processed net WRAPPER/CL/u_engine_chirho/ocl_rdata_q_chirho[0]_i_190_n_0.  Did not re-place instance WRAPPER/CL/u_engine_chirho/ocl_rdata_q_chirho[0]_i_190
INFO: [Physopt 32-662] Processed net WRAPPER/CL/u_engine_chirho/ocl_rdata_q_chirho[0]_i_85_n_0.  Did not re-place instance WRAPPER/CL/u_engine_chirho/ocl_rdata_q_chirho[0]_i_85
INFO: [Physopt 32-662] Processed net WRAPPER/CL/u_engine_chirho/resp_wire_chirho[210].  Did not re-place instance WRAPPER/CL/u_engine_chirho/c$ds_app_arg[9495]_i_1
INFO: [Physopt 32-662] Processed net WRAPPER/CL/u_engine_chirho/c$ds_app_arg[9495]_i_5_n_0.  Did not re-place instance WRAPPER/CL/u_engine_chirho/c$ds_app_arg[9495]_i_5
INFO: [Physopt 32-662] Processed net WRAPPER/CL/u_engine_chirho/c$ds_app_arg[9748]_i_21_n_0.  Did not re-place instance WRAPPER/CL/u_engine_chirho/c$ds_app_arg[9748]_i_21
INFO: [Physopt 32-662] Processed net WRAPPER/CL/u_engine_chirho/ocl_rdata_q_chirho[0]_i_23_n_0.  Did not re-place instance WRAPPER/CL/u_engine_chirho/ocl_rdata_q_chirho[0]_i_23
INFO: [Physopt 32-662] Processed net WRAPPER/CL/u_engine_chirho/ocl_rdata_q_chirho[0]_i_473_n_0.  Did not re-place instance WRAPPER/CL/u_engine_chirho/ocl_rdata_q_chirho[0]_i_473
INFO: [Physopt 32-662] Processed net WRAPPER/CL/u_engine_chirho/cl_sh_status_vled[13]_INST_0_i_15_n_0.  Did not re-place instance WRAPPER/CL/u_engine_chirho/cl_sh_status_vled[13]_INST_0_i_15
INFO: [Physopt 32-662] Processed net WRAPPER/CL/u_engine_chirho/cl_sh_status_vled[15]_INST_0_i_28_n_0.  Did not re-place instance WRAPPER/CL/u_engine_chirho/cl_sh_status_vled[15]_INST_0_i_28
INFO: [Physopt 32-662] Processed net WRAPPER/CL/u_engine_chirho/c$ds_app_arg[9232]_i_5_n_0.  Did not re-place instance WRAPPER/CL/u_engine_chirho/c$ds_app_arg[9232]_i_5
INFO: [Physopt 32-662] Processed net WRAPPER/CL/u_engine_chirho/c$ds_app_arg[9756]_i_21_n_0.  Did not re-place instance WRAPPER/CL/u_engine_chirho/c$ds_app_arg[9756]_i_21
INFO: [Physopt 32-662] Processed net WRAPPER/CL/u_engine_chirho/resp_wire_chirho[23].  Did not re-place instance WRAPPER/CL/u_engine_chirho/c$ds_app_arg[9308]_i_1
INFO: [Physopt 32-662] Processed net WRAPPER/CL/u_engine_chirho/ocl_rdata_q_chirho[0]_i_185_n_0.  Did not re-place instance WRAPPER/CL/u_engine_chirho/ocl_rdata_q_chirho[0]_i_185
INFO: [Physopt 32-662] Processed net WRAPPER/CL/u_engine_chirho/c$ds_app_arg[9230]_i_4_n_0.  Did not re-place instance WRAPPER/CL/u_engine_chirho/c$ds_app_arg[9230]_i_4
INFO: [Physopt 32-662] Processed net WRAPPER/CL/u_engine_chirho/c$ds_app_arg[9748]_i_15_n_0.  Did not re-place instance WRAPPER/CL/u_engine_chirho/c$ds_app_arg[9748]_i_15
INFO: [Physopt 32-662] Processed net WRAPPER/CL/u_engine_chirho/c$ds_app_arg[9230]_i_5_n_0.  Did not re-place instance WRAPPER/CL/u_engine_chirho/c$ds_app_arg[9230]_i_5
INFO: [Physopt 32-662] Processed net WRAPPER/CL/u_engine_chirho/c$ds_app_arg[9232]_i_6_n_0.  Did not re-place instance WRAPPER/CL/u_engine_chirho/c$ds_app_arg[9232]_i_6
INFO: [Physopt 32-662] Processed net WRAPPER/CL/u_engine_chirho/cl_sh_status_vled[13]_INST_0_i_14_n_0.  Did not re-place instance WRAPPER/CL/u_engine_chirho/cl_sh_status_vled[13]_INST_0_i_14
INFO: [Physopt 32-662] Processed net WRAPPER/CL/u_engine_chirho/ocl_rdata_q_chirho[0]_i_188_n_0.  Did not re-place instance WRAPPER/CL/u_engine_chirho/ocl_rdata_q_chirho[0]_i_188
INFO: [Physopt 32-662] Processed net WRAPPER/CL/u_engine_chirho/cl_sh_status_vled[15]_INST_0_i_24_n_0.  Did not re-place instance WRAPPER/CL/u_engine_chirho/cl_sh_status_vled[15]_INST_0_i_24
INFO: [Physopt 32-662] Processed net WRAPPER/CL/u_engine_chirho/cl_sh_status_vled[15]_INST_0_i_26_n_0.  Did not re-place instance WRAPPER/CL/u_engine_chirho/cl_sh_status_vled[15]_INST_0_i_26
INFO: [Physopt 32-662] Processed net WRAPPER/CL/u_engine_chirho/ocl_rdata_q_chirho[0]_i_186_n_0.  Did not re-place instance WRAPPER/CL/u_engine_chirho/ocl_rdata_q_chirho[0]_i_186
INFO: [Physopt 32-662] Processed net WRAPPER/CL/u_engine_chirho/ocl_rdata_q_chirho[0]_i_189_n_0.  Did not re-place instance WRAPPER/CL/u_engine_chirho/ocl_rdata_q_chirho[0]_i_189
INFO: [Physopt 32-662] Processed net WRAPPER/CL/u_engine_chirho/c$ds_app_arg[9764]_i_15_n_0.  Did not re-place instance WRAPPER/CL/u_engine_chirho/c$ds_app_arg[9764]_i_15
INFO: [Physopt 32-662] Processed net WRAPPER/CL/u_engine_chirho/ocl_rdata_q_chirho[0]_i_191_n_0.  Did not re-place instance WRAPPER/CL/u_engine_chirho/ocl_rdata_q_chirho[0]_i_191
INFO: [Physopt 32-662] Processed net WRAPPER/CL/u_engine_chirho/c$ds_app_arg[9224]_i_5_n_0.  Did not re-place instance WRAPPER/CL/u_engine_chirho/c$ds_app_arg[9224]_i_5
INFO: [Physopt 32-662] Processed net WRAPPER/CL/u_engine_chirho/c$ds_app_arg[9224]_i_6_n_0.  Did not re-place instance WRAPPER/CL/u_engine_chirho/c$ds_app_arg[9224]_i_6
INFO: [Physopt 32-662] Processed net WRAPPER/CL/u_engine_chirho/c$ds_app_arg[9252]_i_4_n_0.  Did not re-place instance WRAPPER/CL/u_engine_chirho/c$ds_app_arg[9252]_i_4
INFO: [Physopt 32-662] Processed net WRAPPER/CL/u_engine_chirho/c$ds_app_arg[9772]_i_17_n_0.  Did not re-place instance WRAPPER/CL/u_engine_chirho/c$ds_app_arg[9772]_i_17
INFO: [Physopt 32-662] Processed net WRAPPER/CL/u_engine_chirho/cl_sh_status_vled[15]_INST_0_i_25_n_0.  Did not re-place instance WRAPPER/CL/u_engine_chirho/cl_sh_status_vled[15]_INST_0_i_25
INFO: [Physopt 32-662] Processed net WRAPPER/CL/u_engine_chirho/resp_wire_chirho[230].  Did not re-place instance WRAPPER/CL/u_engine_chirho/c$ds_app_arg[9515]_i_1
INFO: [Physopt 32-662] Processed net WRAPPER/CL/u_engine_chirho/resp_wire_chirho[225]_repN.  Did not re-place instance WRAPPER/CL/u_engine_chirho/c$ds_app_arg[9510]_i_1_replica
INFO: [Physopt 32-662] Processed net WRAPPER/CL/u_engine_chirho/c$ds_app_arg[9228]_i_4_n_0.  Did not re-place instance WRAPPER/CL/u_engine_chirho/c$ds_app_arg[9228]_i_4
INFO: [Physopt 32-662] Processed net WRAPPER/CL/u_engine_chirho/c$ds_app_arg[9510]_i_5_n_0.  Did not re-place instance WRAPPER/CL/u_engine_chirho/c$ds_app_arg[9510]_i_5
INFO: [Physopt 32-662] Processed net WRAPPER/CL/u_engine_chirho/c$ds_app_arg[9515]_i_5_n_0.  Did not re-place instance WRAPPER/CL/u_engine_chirho/c$ds_app_arg[9515]_i_5
INFO: [Physopt 32-662] Processed net WRAPPER/CL/u_engine_chirho/c$ds_app_arg[9748]_i_17_n_0.  Did not re-place instance WRAPPER/CL/u_engine_chirho/c$ds_app_arg[9748]_i_17
INFO: [Physopt 32-662] Processed net WRAPPER/CL/u_engine_chirho/ocl_rdata_q_chirho[0]_i_216_n_0.  Did not re-place instance WRAPPER/CL/u_engine_chirho/ocl_rdata_q_chirho[0]_i_216
INFO: [Physopt 32-662] Processed net WRAPPER/CL/u_engine_chirho/c$ds_app_arg[9228]_i_5_n_0.  Did not re-place instance WRAPPER/CL/u_engine_chirho/c$ds_app_arg[9228]_i_5
INFO: [Physopt 32-663] Processed net WRAPPER/CL/u_engine_chirho/resp_wire_chirho[397].  Re-placed instance WRAPPER/CL/u_engine_chirho/c$ds_app_arg[9682]_i_1
INFO: [Physopt 32-662] Processed net WRAPPER/CL/u_engine_chirho/c$ds_app_arg[9254]_i_4_n_0.  Did not re-place instance WRAPPER/CL/u_engine_chirho/c$ds_app_arg[9254]_i_4
INFO: [Physopt 32-662] Processed net WRAPPER/CL/u_engine_chirho/c$ds_app_arg[9682]_i_5_n_0.  Did not re-place instance WRAPPER/CL/u_engine_chirho/c$ds_app_arg[9682]_i_5
INFO: [Physopt 32-662] Processed net WRAPPER/CL/u_engine_chirho/c$ds_app_arg[9772]_i_15_n_0.  Did not re-place instance WRAPPER/CL/u_engine_chirho/c$ds_app_arg[9772]_i_15
INFO: [Physopt 32-662] Processed net WRAPPER/CL/u_engine_chirho/ocl_rdata_q_chirho[0]_i_10_n_0.  Did not re-place instance WRAPPER/CL/u_engine_chirho/ocl_rdata_q_chirho[0]_i_10
INFO: [Physopt 32-663] Processed net WRAPPER/CL/u_engine_chirho/ocl_rdata_q_chirho[0]_i_37_n_0.  Re-placed instance WRAPPER/CL/u_engine_chirho/ocl_rdata_q_chirho[0]_i_37
INFO: [Physopt 32-662] Processed net WRAPPER/CL/u_engine_chirho/ocl_rdata_q_chirho[0]_i_83_n_0.  Did not re-place instance WRAPPER/CL/u_engine_chirho/ocl_rdata_q_chirho[0]_i_83
INFO: [Physopt 32-662] Processed net WRAPPER/CL/u_engine_chirho/ocl_rdata_q_chirho[0]_i_86_n_0.  Did not re-place instance WRAPPER/CL/u_engine_chirho/ocl_rdata_q_chirho[0]_i_86
INFO: [Physopt 32-662] Processed net WRAPPER/CL/u_engine_chirho/c$ds_app_arg[9764]_i_20_n_0.  Did not re-place instance WRAPPER/CL/u_engine_chirho/c$ds_app_arg[9764]_i_20
INFO: [Physopt 32-662] Processed net WRAPPER/CL/u_engine_chirho/c$ds_app_arg[9241]_i_4_n_0.  Did not re-place instance WRAPPER/CL/u_engine_chirho/c$ds_app_arg[9241]_i_4
INFO: [Physopt 32-662] Processed net WRAPPER/CL/u_engine_chirho/cl_sh_status_vled[11]_INST_0_i_14_n_0.  Did not re-place instance WRAPPER/CL/u_engine_chirho/cl_sh_status_vled[11]_INST_0_i_14
INFO: [Physopt 32-662] Processed net WRAPPER/CL/u_engine_chirho/cl_sh_status_vled[15]_INST_0_i_30_n_0.  Did not re-place instance WRAPPER/CL/u_engine_chirho/cl_sh_status_vled[15]_INST_0_i_30
INFO: [Physopt 32-662] Processed net WRAPPER/CL/u_engine_chirho/resp_wire_chirho[298].  Did not re-place instance WRAPPER/CL/u_engine_chirho/c$ds_app_arg[9583]_i_1
INFO: [Physopt 32-663] Processed net WRAPPER/CL/u_engine_chirho/resp_wire_chirho[269].  Re-placed instance WRAPPER/CL/u_engine_chirho/c$ds_app_arg[9554]_i_1
INFO: [Physopt 32-662] Processed net WRAPPER/CL/u_engine_chirho/c$ds_app_arg[9554]_i_5_n_0.  Did not re-place instance WRAPPER/CL/u_engine_chirho/c$ds_app_arg[9554]_i_5
INFO: [Physopt 32-662] Processed net WRAPPER/CL/u_engine_chirho/c$ds_app_arg[9583]_i_5_n_0.  Did not re-place instance WRAPPER/CL/u_engine_chirho/c$ds_app_arg[9583]_i_5
INFO: [Physopt 32-662] Processed net WRAPPER/CL/u_engine_chirho/ocl_rdata_q_chirho[0]_i_237_n_0.  Did not re-place instance WRAPPER/CL/u_engine_chirho/ocl_rdata_q_chirho[0]_i_237
INFO: [Physopt 32-663] Processed net WRAPPER/CL/u_engine_chirho/ocl_rdata_q_chirho[0]_i_507_n_0.  Re-placed instance WRAPPER/CL/u_engine_chirho/ocl_rdata_q_chirho[0]_i_507
INFO: [Physopt 32-662] Processed net WRAPPER/CL/u_engine_chirho/resp_wire_chirho[220].  Did not re-place instance WRAPPER/CL/u_engine_chirho/c$ds_app_arg[9505]_i_1
INFO: [Physopt 32-662] Processed net WRAPPER/CL/u_engine_chirho/c$ds_app_arg[9252]_i_5_n_0.  Did not re-place instance WRAPPER/CL/u_engine_chirho/c$ds_app_arg[9252]_i_5
INFO: [Physopt 32-662] Processed net WRAPPER/CL/u_engine_chirho/c$ds_app_arg[9505]_i_5_n_0.  Did not re-place instance WRAPPER/CL/u_engine_chirho/c$ds_app_arg[9505]_i_5
INFO: [Physopt 32-662] Processed net WRAPPER/CL/u_engine_chirho/cl_sh_status_vled[10]_INST_0_i_14_n_0.  Did not re-place instance WRAPPER/CL/u_engine_chirho/cl_sh_status_vled[10]_INST_0_i_14
INFO: [Physopt 32-662] Processed net WRAPPER/CL/u_engine_chirho/cl_sh_status_vled[11]_INST_0_i_15_n_0.  Did not re-place instance WRAPPER/CL/u_engine_chirho/cl_sh_status_vled[11]_INST_0_i_15
INFO: [Physopt 32-662] Processed net WRAPPER/CL/u_engine_chirho/cl_sh_status_vled[15]_INST_0_i_31_n_0.  Did not re-place instance WRAPPER/CL/u_engine_chirho/cl_sh_status_vled[15]_INST_0_i_31
INFO: [Physopt 32-662] Processed net WRAPPER/CL/u_engine_chirho/ocl_rdata_q_chirho[0]_i_82_n_0.  Did not re-place instance WRAPPER/CL/u_engine_chirho/ocl_rdata_q_chirho[0]_i_82
INFO: [Physopt 32-662] Processed net WRAPPER/CL/u_engine_chirho/c$ds_app_arg[9236]_i_4_n_0.  Did not re-place instance WRAPPER/CL/u_engine_chirho/c$ds_app_arg[9236]_i_4
INFO: [Physopt 32-662] Processed net WRAPPER/CL/u_engine_chirho/c$ds_app_arg[9756]_i_17_n_0.  Did not re-place instance WRAPPER/CL/u_engine_chirho/c$ds_app_arg[9756]_i_17
INFO: [Physopt 32-662] Processed net WRAPPER/CL/u_engine_chirho/ocl_rdata_q_chirho[0]_i_217_n_0.  Did not re-place instance WRAPPER/CL/u_engine_chirho/ocl_rdata_q_chirho[0]_i_217
INFO: [Physopt 32-663] Processed net WRAPPER/CL/u_engine_chirho/ocl_rdata_q_chirho[0]_i_110_n_0.  Re-placed instance WRAPPER/CL/u_engine_chirho/ocl_rdata_q_chirho[0]_i_110
INFO: [Physopt 32-662] Processed net WRAPPER/CL/u_engine_chirho/c$ds_app_arg[9488]_i_5_n_0.  Did not re-place instance WRAPPER/CL/u_engine_chirho/c$ds_app_arg[9488]_i_5
INFO: [Physopt 32-662] Processed net WRAPPER/CL/u_engine_chirho/c$ds_app_arg[9764]_i_19_n_0.  Did not re-place instance WRAPPER/CL/u_engine_chirho/c$ds_app_arg[9764]_i_19
INFO: [Physopt 32-662] Processed net WRAPPER/CL/u_engine_chirho/ocl_rdata_q_chirho[0]_i_239_n_0.  Did not re-place instance WRAPPER/CL/u_engine_chirho/ocl_rdata_q_chirho[0]_i_239
INFO: [Physopt 32-662] Processed net WRAPPER/CL/u_engine_chirho/ocl_rdata_q_chirho[0]_i_467_n_0.  Did not re-place instance WRAPPER/CL/u_engine_chirho/ocl_rdata_q_chirho[0]_i_467
INFO: [Physopt 32-662] Processed net WRAPPER/CL/u_engine_chirho/resp_wire_chirho[203]_repN.  Did not re-place instance WRAPPER/CL/u_engine_chirho/c$ds_app_arg[9488]_i_1_replica
INFO: [Physopt 32-662] Processed net WRAPPER/CL/u_engine_chirho/c$ds_app_arg[9236]_i_5_n_0.  Did not re-place instance WRAPPER/CL/u_engine_chirho/c$ds_app_arg[9236]_i_5
INFO: [Physopt 32-662] Processed net WRAPPER/CL/u_engine_chirho/c$ds_app_arg[9241]_i_5_n_0.  Did not re-place instance WRAPPER/CL/u_engine_chirho/c$ds_app_arg[9241]_i_5
INFO: [Physopt 32-663] Processed net WRAPPER/CL/u_engine_chirho/ocl_rdata_q_chirho[0]_i_111_n_0.  Re-placed instance WRAPPER/CL/u_engine_chirho/ocl_rdata_q_chirho[0]_i_111
INFO: [Physopt 32-662] Processed net WRAPPER/CL/u_engine_chirho/resp_wire_chirho[240].  Did not re-place instance WRAPPER/CL/u_engine_chirho/c$ds_app_arg[9525]_i_1
INFO: [Physopt 32-662] Processed net WRAPPER/CL/u_engine_chirho/resp_wire_chirho[206].  Did not re-place instance WRAPPER/CL/u_engine_chirho/c$ds_app_arg[9491]_i_1
INFO: [Physopt 32-662] Processed net WRAPPER/CL/u_engine_chirho/resp_wire_chirho[92].  Did not re-place instance WRAPPER/CL/u_engine_chirho/c$ds_app_arg[9377]_i_1
INFO: [Physopt 32-663] Processed net WRAPPER/CL/u_engine_chirho/resp_wire_chirho[513].  Re-placed instance WRAPPER/CL/u_engine_chirho/c$ds_app_arg[9284]_i_1
INFO: [Physopt 32-662] Processed net WRAPPER/CL/u_engine_chirho/D[1].  Did not re-place instance WRAPPER/CL/u_engine_chirho/ocl_rdata_q_chirho[1]_i_1
INFO: [Physopt 32-662] Processed net WRAPPER/CL/u_engine_chirho/c$ds_app_arg[9250]_i_4_n_0.  Did not re-place instance WRAPPER/CL/u_engine_chirho/c$ds_app_arg[9250]_i_4
INFO: [Physopt 32-662] Processed net WRAPPER/CL/u_engine_chirho/c$ds_app_arg[9284]_i_2_n_0.  Did not re-place instance WRAPPER/CL/u_engine_chirho/c$ds_app_arg[9284]_i_2
INFO: [Physopt 32-662] Processed net WRAPPER/CL/u_engine_chirho/c$ds_app_arg[9284]_i_51_n_0.  Did not re-place instance WRAPPER/CL/u_engine_chirho/c$ds_app_arg[9284]_i_51
INFO: [Physopt 32-662] Processed net WRAPPER/CL/u_engine_chirho/c$ds_app_arg[9377]_i_5_n_0.  Did not re-place instance WRAPPER/CL/u_engine_chirho/c$ds_app_arg[9377]_i_5
INFO: [Physopt 32-662] Processed net WRAPPER/CL/u_engine_chirho/c$ds_app_arg[9491]_i_5_n_0.  Did not re-place instance WRAPPER/CL/u_engine_chirho/c$ds_app_arg[9491]_i_5
INFO: [Physopt 32-662] Processed net WRAPPER/CL/u_engine_chirho/c$ds_app_arg[9525]_i_5_n_0.  Did not re-place instance WRAPPER/CL/u_engine_chirho/c$ds_app_arg[9525]_i_5
INFO: [Physopt 32-662] Processed net WRAPPER/CL/u_engine_chirho/ocl_rdata_q_chirho[0]_i_177_n_0.  Did not re-place instance WRAPPER/CL/u_engine_chirho/ocl_rdata_q_chirho[0]_i_177
INFO: [Physopt 32-662] Processed net WRAPPER/CL/u_engine_chirho/ocl_rdata_q_chirho[0]_i_238_n_0.  Did not re-place instance WRAPPER/CL/u_engine_chirho/ocl_rdata_q_chirho[0]_i_238
INFO: [Physopt 32-662] Processed net WRAPPER/CL/u_engine_chirho/ocl_rdata_q_chirho[0]_i_472_n_0.  Did not re-place instance WRAPPER/CL/u_engine_chirho/ocl_rdata_q_chirho[0]_i_472
INFO: [Physopt 32-663] Processed net WRAPPER/CL/u_engine_chirho/ocl_rdata_q_chirho[1]_i_4_n_0.  Re-placed instance WRAPPER/CL/u_engine_chirho/ocl_rdata_q_chirho[1]_i_4
INFO: [Physopt 32-663] Processed net WRAPPER/CL/u_engine_chirho/resultChirho[34].  Re-placed instance WRAPPER/CL/u_engine_chirho/c$ds_app_arg[9284]_i_90
INFO: [Physopt 32-662] Processed net WRAPPER/CL/u_engine_chirho/cl_sh_status_vled[10]_INST_0_i_15_n_0.  Did not re-place instance WRAPPER/CL/u_engine_chirho/cl_sh_status_vled[10]_INST_0_i_15
INFO: [Physopt 32-662] Processed net WRAPPER/CL/u_engine_chirho/ocl_rdata_q_chirho[0]_i_471_n_0.  Did not re-place instance WRAPPER/CL/u_engine_chirho/ocl_rdata_q_chirho[0]_i_471
INFO: [Physopt 32-662] Processed net WRAPPER/CL/u_engine_chirho/resp_wire_chirho[41].  Did not re-place instance WRAPPER/CL/u_engine_chirho/c$ds_app_arg[9326]_i_1
INFO: [Physopt 32-662] Processed net WRAPPER/CL/u_engine_chirho/c$ds_app_arg[9326]_i_5_n_0.  Did not re-place instance WRAPPER/CL/u_engine_chirho/c$ds_app_arg[9326]_i_5
INFO: [Physopt 32-662] Processed net WRAPPER/CL/u_engine_chirho/c$ds_app_arg[9234]_i_4_n_0.  Did not re-place instance WRAPPER/CL/u_engine_chirho/c$ds_app_arg[9234]_i_4
INFO: [Physopt 32-662] Processed net WRAPPER/CL/u_engine_chirho/c$ds_app_arg[9247]_i_4_n_0.  Did not re-place instance WRAPPER/CL/u_engine_chirho/c$ds_app_arg[9247]_i_4
INFO: [Physopt 32-662] Processed net WRAPPER/CL/u_engine_chirho/c$ds_app_arg[9756]_i_19_n_0.  Did not re-place instance WRAPPER/CL/u_engine_chirho/c$ds_app_arg[9756]_i_19
INFO: [Physopt 32-662] Processed net WRAPPER/CL/u_engine_chirho/c$ds_app_arg[9764]_i_14_n_0.  Did not re-place instance WRAPPER/CL/u_engine_chirho/c$ds_app_arg[9764]_i_14
INFO: [Physopt 32-662] Processed net WRAPPER/CL/u_engine_chirho/ocl_rdata_q_chirho[0]_i_115_n_0.  Did not re-place instance WRAPPER/CL/u_engine_chirho/ocl_rdata_q_chirho[0]_i_115
INFO: [Physopt 32-662] Processed net WRAPPER/CL/u_engine_chirho/ocl_rdata_q_chirho[0]_i_684_n_0.  Did not re-place instance WRAPPER/CL/u_engine_chirho/ocl_rdata_q_chirho[0]_i_684
INFO: [Physopt 32-662] Processed net WRAPPER/CL/u_engine_chirho/c$ds_app_arg[9234]_i_5_n_0.  Did not re-place instance WRAPPER/CL/u_engine_chirho/c$ds_app_arg[9234]_i_5
INFO: [Physopt 32-662] Processed net WRAPPER/CL/u_engine_chirho/c$ds_app_arg[9254]_i_5_n_0.  Did not re-place instance WRAPPER/CL/u_engine_chirho/c$ds_app_arg[9254]_i_5
INFO: [Physopt 32-662] Processed net WRAPPER/CL/u_engine_chirho/ocl_rdata_q_chirho[0]_i_474_n_0.  Did not re-place instance WRAPPER/CL/u_engine_chirho/ocl_rdata_q_chirho[0]_i_474
INFO: [Physopt 32-662] Processed net WRAPPER/CL/u_engine_chirho/resp_wire_chirho[19].  Did not re-place instance WRAPPER/CL/u_engine_chirho/c$ds_app_arg[9304]_i_1
INFO: [Physopt 32-663] Processed net WRAPPER/CL/u_engine_chirho/resp_wire_chirho[483].  Re-placed instance WRAPPER/CL/u_engine_chirho/c$ds_app_arg[9768]_i_1
INFO: [Physopt 32-662] Processed net WRAPPER/CL/u_engine_chirho/c$ds_app_arg[9246]_i_5_n_0.  Did not re-place instance WRAPPER/CL/u_engine_chirho/c$ds_app_arg[9246]_i_5
INFO: [Physopt 32-662] Processed net WRAPPER/CL/u_engine_chirho/c$ds_app_arg[9304]_i_5_n_0.  Did not re-place instance WRAPPER/CL/u_engine_chirho/c$ds_app_arg[9304]_i_5
INFO: [Physopt 32-662] Processed net WRAPPER/CL/u_engine_chirho/c$ds_app_arg[9768]_i_5_n_0.  Did not re-place instance WRAPPER/CL/u_engine_chirho/c$ds_app_arg[9768]_i_5
INFO: [Physopt 32-662] Processed net WRAPPER/CL/u_engine_chirho/ocl_rdata_q_chirho[0]_i_143_n_0.  Did not re-place instance WRAPPER/CL/u_engine_chirho/ocl_rdata_q_chirho[0]_i_143
INFO: [Physopt 32-662] Processed net WRAPPER/CL/u_engine_chirho/resp_wire_chirho[295].  Did not re-place instance WRAPPER/CL/u_engine_chirho/c$ds_app_arg[9580]_i_1
INFO: [Physopt 32-662] Processed net WRAPPER/CL/u_engine_chirho/c$ds_app_arg[9580]_i_5_n_0.  Did not re-place instance WRAPPER/CL/u_engine_chirho/c$ds_app_arg[9580]_i_5
INFO: [Physopt 32-662] Processed net WRAPPER/CL/u_engine_chirho/ocl_rdata_q_chirho[0]_i_880_n_0.  Did not re-place instance WRAPPER/CL/u_engine_chirho/ocl_rdata_q_chirho[0]_i_880
INFO: [Physopt 32-662] Processed net WRAPPER/CL/u_engine_chirho/resp_wire_chirho[35].  Did not re-place instance WRAPPER/CL/u_engine_chirho/c$ds_app_arg[9320]_i_1
INFO: [Physopt 32-662] Processed net WRAPPER/CL/u_engine_chirho/c$ds_app_arg[9247]_i_5_n_0.  Did not re-place instance WRAPPER/CL/u_engine_chirho/c$ds_app_arg[9247]_i_5
INFO: [Physopt 32-662] Processed net WRAPPER/CL/u_engine_chirho/c$ds_app_arg[9320]_i_5_n_0.  Did not re-place instance WRAPPER/CL/u_engine_chirho/c$ds_app_arg[9320]_i_5
INFO: [Physopt 32-662] Processed net WRAPPER/CL/u_engine_chirho/cl_sh_status_vled[15]_INST_0_i_32_n_0.  Did not re-place instance WRAPPER/CL/u_engine_chirho/cl_sh_status_vled[15]_INST_0_i_32
INFO: [Physopt 32-663] Processed net WRAPPER/CL/u_engine_chirho/resp_wire_chirho[299].  Re-placed instance WRAPPER/CL/u_engine_chirho/c$ds_app_arg[9584]_i_1
INFO: [Physopt 32-663] Processed net WRAPPER/CL/u_engine_chirho/resp_wire_chirho[491].  Re-placed instance WRAPPER/CL/u_engine_chirho/c$ds_app_arg[9776]_i_1
INFO: [Physopt 32-662] Processed net WRAPPER/CL/u_engine_chirho/c$ds_app_arg[9233]_i_4_n_0.  Did not re-place instance WRAPPER/CL/u_engine_chirho/c$ds_app_arg[9233]_i_4
INFO: [Physopt 32-662] Processed net WRAPPER/CL/u_engine_chirho/c$ds_app_arg[9584]_i_5_n_0.  Did not re-place instance WRAPPER/CL/u_engine_chirho/c$ds_app_arg[9584]_i_5
INFO: [Physopt 32-662] Processed net WRAPPER/CL/u_engine_chirho/c$ds_app_arg[9756]_i_20_n_0.  Did not re-place instance WRAPPER/CL/u_engine_chirho/c$ds_app_arg[9756]_i_20
INFO: [Physopt 32-662] Processed net WRAPPER/CL/u_engine_chirho/c$ds_app_arg[9776]_i_5_n_0.  Did not re-place instance WRAPPER/CL/u_engine_chirho/c$ds_app_arg[9776]_i_5
INFO: [Physopt 32-663] Processed net WRAPPER/CL/u_engine_chirho/ocl_rdata_q_chirho[0]_i_56_n_0.  Re-placed instance WRAPPER/CL/u_engine_chirho/ocl_rdata_q_chirho[0]_i_56
INFO: [Physopt 32-662] Processed net WRAPPER/CL/u_engine_chirho/ocl_rdata_q_chirho[0]_i_939_n_0.  Did not re-place instance WRAPPER/CL/u_engine_chirho/ocl_rdata_q_chirho[0]_i_939
INFO: [Physopt 32-662] Processed net WRAPPER/CL/u_engine_chirho/c$ds_app_arg[9246]_i_4_n_0.  Did not re-place instance WRAPPER/CL/u_engine_chirho/c$ds_app_arg[9246]_i_4
INFO: [Physopt 32-662] Processed net WRAPPER/CL/u_engine_chirho/c$ds_app_arg[9250]_i_5_n_0.  Did not re-place instance WRAPPER/CL/u_engine_chirho/c$ds_app_arg[9250]_i_5
INFO: [Physopt 32-662] Processed net WRAPPER/CL/u_engine_chirho/c$ds_app_arg[9756]_i_14_n_0.  Did not re-place instance WRAPPER/CL/u_engine_chirho/c$ds_app_arg[9756]_i_14
INFO: [Physopt 32-662] Processed net WRAPPER/CL/u_engine_chirho/cl_sh_status_vled[14]_INST_0_i_14_n_0.  Did not re-place instance WRAPPER/CL/u_engine_chirho/cl_sh_status_vled[14]_INST_0_i_14
INFO: [Physopt 32-662] Processed net WRAPPER/CL/u_engine_chirho/cl_sh_status_vled[14]_INST_0_i_15_n_0.  Did not re-place instance WRAPPER/CL/u_engine_chirho/cl_sh_status_vled[14]_INST_0_i_15
INFO: [Physopt 32-662] Processed net WRAPPER/CL/u_engine_chirho/cl_sh_status_vled[15]_INST_0_i_27_n_0.  Did not re-place instance WRAPPER/CL/u_engine_chirho/cl_sh_status_vled[15]_INST_0_i_27
INFO: [Physopt 32-662] Processed net WRAPPER/CL/u_engine_chirho/ocl_rdata_q_chirho[0]_i_501_n_0.  Did not re-place instance WRAPPER/CL/u_engine_chirho/ocl_rdata_q_chirho[0]_i_501
INFO: [Physopt 32-662] Processed net WRAPPER/CL/u_engine_chirho/c$ds_app_arg[9233]_i_5_n_0.  Did not re-place instance WRAPPER/CL/u_engine_chirho/c$ds_app_arg[9233]_i_5
INFO: [Physopt 32-662] Processed net WRAPPER/CL/u_engine_chirho/ocl_rdata_q_chirho[0]_i_55_n_0.  Did not re-place instance WRAPPER/CL/u_engine_chirho/ocl_rdata_q_chirho[0]_i_55
INFO: [Physopt 32-662] Processed net WRAPPER/CL/u_engine_chirho/resp_wire_chirho[233].  Did not re-place instance WRAPPER/CL/u_engine_chirho/c$ds_app_arg[9518]_i_1
INFO: [Physopt 32-662] Processed net WRAPPER/CL/u_engine_chirho/resp_wire_chirho[209].  Did not re-place instance WRAPPER/CL/u_engine_chirho/c$ds_app_arg[9494]_i_1
INFO: [Physopt 32-662] Processed net WRAPPER/CL/u_engine_chirho/c$ds_app_arg[9313]_i_5_n_0.  Did not re-place instance WRAPPER/CL/u_engine_chirho/c$ds_app_arg[9313]_i_5
INFO: [Physopt 32-662] Processed net WRAPPER/CL/u_engine_chirho/c$ds_app_arg[9494]_i_5_n_0.  Did not re-place instance WRAPPER/CL/u_engine_chirho/c$ds_app_arg[9494]_i_5
INFO: [Physopt 32-662] Processed net WRAPPER/CL/u_engine_chirho/c$ds_app_arg[9518]_i_5_n_0.  Did not re-place instance WRAPPER/CL/u_engine_chirho/c$ds_app_arg[9518]_i_5
INFO: [Physopt 32-662] Processed net WRAPPER/CL/u_engine_chirho/ocl_rdata_q_chirho[0]_i_638_n_0.  Did not re-place instance WRAPPER/CL/u_engine_chirho/ocl_rdata_q_chirho[0]_i_638
INFO: [Physopt 32-662] Processed net WRAPPER/CL/u_engine_chirho/resp_wire_chirho[201].  Did not re-place instance WRAPPER/CL/u_engine_chirho/c$ds_app_arg[9486]_i_1
INFO: [Physopt 32-662] Processed net WRAPPER/CL/u_engine_chirho/resp_wire_chirho[287].  Did not re-place instance WRAPPER/CL/u_engine_chirho/c$ds_app_arg[9572]_i_1
INFO: [Physopt 32-662] Processed net WRAPPER/CL/u_engine_chirho/c$ds_app_arg[9486]_i_5_n_0.  Did not re-place instance WRAPPER/CL/u_engine_chirho/c$ds_app_arg[9486]_i_5
INFO: [Physopt 32-662] Processed net WRAPPER/CL/u_engine_chirho/c$ds_app_arg[9572]_i_5_n_0.  Did not re-place instance WRAPPER/CL/u_engine_chirho/c$ds_app_arg[9572]_i_5
INFO: [Physopt 32-662] Processed net WRAPPER/CL/u_engine_chirho/c$ds_app_arg[9244]_i_4_n_0.  Did not re-place instance WRAPPER/CL/u_engine_chirho/c$ds_app_arg[9244]_i_4
INFO: [Physopt 32-662] Processed net WRAPPER/CL/u_engine_chirho/c$ds_app_arg[9256]_i_5_n_0.  Did not re-place instance WRAPPER/CL/u_engine_chirho/c$ds_app_arg[9256]_i_5
INFO: [Physopt 32-662] Processed net WRAPPER/CL/u_engine_chirho/c$ds_app_arg[9336]_i_5_n_0.  Did not re-place instance WRAPPER/CL/u_engine_chirho/c$ds_app_arg[9336]_i_5
INFO: [Physopt 32-662] Processed net WRAPPER/CL/u_engine_chirho/c$ds_app_arg[9764]_i_17_n_0.  Did not re-place instance WRAPPER/CL/u_engine_chirho/c$ds_app_arg[9764]_i_17
INFO: [Physopt 32-662] Processed net WRAPPER/CL/u_engine_chirho/c$ds_app_arg[9780]_i_21_n_0.  Did not re-place instance WRAPPER/CL/u_engine_chirho/c$ds_app_arg[9780]_i_21
INFO: [Physopt 32-662] Processed net WRAPPER/CL/u_engine_chirho/ocl_rdata_q_chirho[0]_i_438_n_0.  Did not re-place instance WRAPPER/CL/u_engine_chirho/ocl_rdata_q_chirho[0]_i_438
INFO: [Physopt 32-662] Processed net WRAPPER/CL/u_engine_chirho/ocl_rdata_q_chirho[0]_i_647_n_0.  Did not re-place instance WRAPPER/CL/u_engine_chirho/ocl_rdata_q_chirho[0]_i_647
INFO: [Physopt 32-662] Processed net WRAPPER/CL/u_engine_chirho/resp_wire_chirho[155].  Did not re-place instance WRAPPER/CL/u_engine_chirho/c$ds_app_arg[9440]_i_1
INFO: [Physopt 32-662] Processed net WRAPPER/CL/u_engine_chirho/c$ds_app_arg[9440]_i_5_n_0.  Did not re-place instance WRAPPER/CL/u_engine_chirho/c$ds_app_arg[9440]_i_5
INFO: [Physopt 32-662] Processed net WRAPPER/CL/u_engine_chirho/ocl_rdata_q_chirho[0]_i_230_n_0.  Did not re-place instance WRAPPER/CL/u_engine_chirho/ocl_rdata_q_chirho[0]_i_230
INFO: [Physopt 32-662] Processed net WRAPPER/CL/u_engine_chirho/ocl_rdata_q_chirho[0]_i_469_n_0.  Did not re-place instance WRAPPER/CL/u_engine_chirho/ocl_rdata_q_chirho[0]_i_469
INFO: [Physopt 32-663] Processed net WRAPPER/CL/u_engine_chirho/resp_wire_chirho[461].  Re-placed instance WRAPPER/CL/u_engine_chirho/c$ds_app_arg[9746]_i_1
INFO: [Physopt 32-662] Processed net WRAPPER/CL/u_engine_chirho/c$ds_app_arg[9746]_i_5_n_0.  Did not re-place instance WRAPPER/CL/u_engine_chirho/c$ds_app_arg[9746]_i_5
INFO: [Physopt 32-663] Processed net WRAPPER/CL/u_engine_chirho/ocl_rdata_q_chirho[0]_i_148_n_0.  Re-placed instance WRAPPER/CL/u_engine_chirho/ocl_rdata_q_chirho[0]_i_148
INFO: [Physopt 32-662] Processed net WRAPPER/CL/u_engine_chirho/resp_wire_chirho[490].  Did not re-place instance WRAPPER/CL/u_engine_chirho/c$ds_app_arg[9775]_i_1
INFO: [Physopt 32-662] Processed net WRAPPER/CL/u_engine_chirho/c$ds_app_arg[9748]_i_14_n_0.  Did not re-place instance WRAPPER/CL/u_engine_chirho/c$ds_app_arg[9748]_i_14
INFO: [Physopt 32-662] Processed net WRAPPER/CL/u_engine_chirho/c$ds_app_arg[9775]_i_5_n_0.  Did not re-place instance WRAPPER/CL/u_engine_chirho/c$ds_app_arg[9775]_i_5
INFO: [Physopt 32-662] Processed net WRAPPER/CL/u_engine_chirho/resp_wire_chirho[99].  Did not re-place instance WRAPPER/CL/u_engine_chirho/c$ds_app_arg[9384]_i_1
INFO: [Physopt 32-662] Processed net WRAPPER/CL/u_engine_chirho/c$ds_app_arg[9231]_i_4_n_0.  Did not re-place instance WRAPPER/CL/u_engine_chirho/c$ds_app_arg[9231]_i_4
INFO: [Physopt 32-662] Processed net WRAPPER/CL/u_engine_chirho/c$ds_app_arg[9244]_i_5_n_0.  Did not re-place instance WRAPPER/CL/u_engine_chirho/c$ds_app_arg[9244]_i_5
INFO: [Physopt 32-662] Processed net WRAPPER/CL/u_engine_chirho/c$ds_app_arg[9256]_i_6_n_0.  Did not re-place instance WRAPPER/CL/u_engine_chirho/c$ds_app_arg[9256]_i_6
INFO: [Physopt 32-662] Processed net WRAPPER/CL/u_engine_chirho/c$ds_app_arg[9384]_i_5_n_0.  Did not re-place instance WRAPPER/CL/u_engine_chirho/c$ds_app_arg[9384]_i_5
INFO: [Physopt 32-662] Processed net WRAPPER/CL/u_engine_chirho/ocl_rdata_q_chirho[0]_i_175_n_0.  Did not re-place instance WRAPPER/CL/u_engine_chirho/ocl_rdata_q_chirho[0]_i_175
INFO: [Physopt 32-662] Processed net WRAPPER/CL/u_engine_chirho/ocl_rdata_q_chirho[0]_i_470_n_0.  Did not re-place instance WRAPPER/CL/u_engine_chirho/ocl_rdata_q_chirho[0]_i_470
INFO: [Physopt 32-663] Processed net WRAPPER/CL/u_engine_chirho/ocl_rdata_q_chirho[0]_i_505_n_0.  Re-placed instance WRAPPER/CL/u_engine_chirho/ocl_rdata_q_chirho[0]_i_505
INFO: [Physopt 32-662] Processed net WRAPPER/CL/u_engine_chirho/c$ds_app_arg[9225]_i_5_n_0.  Did not re-place instance WRAPPER/CL/u_engine_chirho/c$ds_app_arg[9225]_i_5
INFO: [Physopt 32-662] Processed net WRAPPER/CL/u_engine_chirho/ocl_rdata_q_chirho[0]_i_116_n_0.  Did not re-place instance WRAPPER/CL/u_engine_chirho/ocl_rdata_q_chirho[0]_i_116
INFO: [Physopt 32-662] Processed net WRAPPER/CL/u_engine_chirho/resp_wire_chirho[234].  Did not re-place instance WRAPPER/CL/u_engine_chirho/c$ds_app_arg[9519]_i_1
INFO: [Physopt 32-663] Processed net WRAPPER/CL/u_engine_chirho/resp_wire_chirho[291].  Re-placed instance WRAPPER/CL/u_engine_chirho/c$ds_app_arg[9576]_i_1
INFO: [Physopt 32-662] Processed net WRAPPER/CL/u_engine_chirho/resp_wire_chirho[489].  Did not re-place instance WRAPPER/CL/u_engine_chirho/c$ds_app_arg[9774]_i_1
INFO: [Physopt 32-662] Processed net WRAPPER/CL/u_engine_chirho/c$ds_app_arg[9240]_i_6_n_0.  Did not re-place instance WRAPPER/CL/u_engine_chirho/c$ds_app_arg[9240]_i_6
INFO: [Physopt 32-662] Processed net WRAPPER/CL/u_engine_chirho/c$ds_app_arg[9519]_i_5_n_0.  Did not re-place instance WRAPPER/CL/u_engine_chirho/c$ds_app_arg[9519]_i_5
INFO: [Physopt 32-662] Processed net WRAPPER/CL/u_engine_chirho/c$ds_app_arg[9576]_i_5_n_0.  Did not re-place instance WRAPPER/CL/u_engine_chirho/c$ds_app_arg[9576]_i_5
INFO: [Physopt 32-662] Processed net WRAPPER/CL/u_engine_chirho/c$ds_app_arg[9764]_i_21_n_0.  Did not re-place instance WRAPPER/CL/u_engine_chirho/c$ds_app_arg[9764]_i_21
INFO: [Physopt 32-662] Processed net WRAPPER/CL/u_engine_chirho/c$ds_app_arg[9774]_i_5_n_0.  Did not re-place instance WRAPPER/CL/u_engine_chirho/c$ds_app_arg[9774]_i_5
INFO: [Physopt 32-662] Processed net WRAPPER/CL/u_engine_chirho/ocl_rdata_q_chirho[0]_i_488_n_0.  Did not re-place instance WRAPPER/CL/u_engine_chirho/ocl_rdata_q_chirho[0]_i_488
INFO: [Physopt 32-662] Processed net WRAPPER/CL/u_engine_chirho/resp_wire_chirho[202].  Did not re-place instance WRAPPER/CL/u_engine_chirho/c$ds_app_arg[9487]_i_1
INFO: [Physopt 32-662] Processed net WRAPPER/CL/u_engine_chirho/c$ds_app_arg[9240]_i_5_n_0.  Did not re-place instance WRAPPER/CL/u_engine_chirho/c$ds_app_arg[9240]_i_5
INFO: [Physopt 32-662] Processed net WRAPPER/CL/u_engine_chirho/c$ds_app_arg[9487]_i_5_n_0.  Did not re-place instance WRAPPER/CL/u_engine_chirho/c$ds_app_arg[9487]_i_5
INFO: [Physopt 32-662] Processed net WRAPPER/CL/u_engine_chirho/c$ds_app_arg[9575]_i_5_n_0.  Did not re-place instance WRAPPER/CL/u_engine_chirho/c$ds_app_arg[9575]_i_5
INFO: [Physopt 32-662] Processed net WRAPPER/CL/u_engine_chirho/ocl_rdata_q_chirho[0]_i_446_n_0.  Did not re-place instance WRAPPER/CL/u_engine_chirho/ocl_rdata_q_chirho[0]_i_446
INFO: [Physopt 32-662] Processed net WRAPPER/CL/u_engine_chirho/ocl_rdata_q_chirho[0]_i_79_n_0.  Did not re-place instance WRAPPER/CL/u_engine_chirho/ocl_rdata_q_chirho[0]_i_79
INFO: [Physopt 32-662] Processed net WRAPPER/CL/u_engine_chirho/ocl_rdata_q_chirho[0]_i_916_n_0.  Did not re-place instance WRAPPER/CL/u_engine_chirho/ocl_rdata_q_chirho[0]_i_916
INFO: [Physopt 32-662] Processed net WRAPPER/CL/u_engine_chirho/c$ds_app_arg[9225]_i_4_n_0.  Did not re-place instance WRAPPER/CL/u_engine_chirho/c$ds_app_arg[9225]_i_4
INFO: [Physopt 32-662] Processed net WRAPPER/CL/u_engine_chirho/ocl_rdata_q_chirho[0]_i_176_n_0.  Did not re-place instance WRAPPER/CL/u_engine_chirho/ocl_rdata_q_chirho[0]_i_176
INFO: [Physopt 32-662] Processed net WRAPPER/CL/u_engine_chirho/resp_wire_chirho[59].  Did not re-place instance WRAPPER/CL/u_engine_chirho/c$ds_app_arg[9344]_i_1
INFO: [Physopt 32-663] Processed net WRAPPER/CL/u_engine_chirho/resp_wire_chirho[284].  Re-placed instance WRAPPER/CL/u_engine_chirho/c$ds_app_arg[9569]_i_1
INFO: [Physopt 32-662] Processed net WRAPPER/CL/u_engine_chirho/c$ds_app_arg[9344]_i_5_n_0.  Did not re-place instance WRAPPER/CL/u_engine_chirho/c$ds_app_arg[9344]_i_5
INFO: [Physopt 32-662] Processed net WRAPPER/CL/u_engine_chirho/c$ds_app_arg[9569]_i_5_n_0.  Did not re-place instance WRAPPER/CL/u_engine_chirho/c$ds_app_arg[9569]_i_5
INFO: [Physopt 32-662] Processed net WRAPPER/CL/u_engine_chirho/ocl_rdata_q_chirho[0]_i_173_n_0.  Did not re-place instance WRAPPER/CL/u_engine_chirho/ocl_rdata_q_chirho[0]_i_173
INFO: [Physopt 32-662] Processed net WRAPPER/CL/u_engine_chirho/resp_wire_chirho[362]_repN.  Did not re-place instance WRAPPER/CL/u_engine_chirho/c$ds_app_arg[9647]_i_1_replica
INFO: [Physopt 32-662] Processed net WRAPPER/CL/u_engine_chirho/c$ds_app_arg[9647]_i_5_n_0.  Did not re-place instance WRAPPER/CL/u_engine_chirho/c$ds_app_arg[9647]_i_5
INFO: [Physopt 32-662] Processed net WRAPPER/CL/u_engine_chirho/ocl_rdata_q_chirho[0]_i_49_n_0.  Did not re-place instance WRAPPER/CL/u_engine_chirho/ocl_rdata_q_chirho[0]_i_49
INFO: [Physopt 32-662] Processed net WRAPPER/CL/u_engine_chirho/c$ds_app_arg[9231]_i_5_n_0.  Did not re-place instance WRAPPER/CL/u_engine_chirho/c$ds_app_arg[9231]_i_5
INFO: [Physopt 32-662] Processed net WRAPPER/CL/u_engine_chirho/ocl_rdata_q_chirho[0]_i_430_n_0.  Did not re-place instance WRAPPER/CL/u_engine_chirho/ocl_rdata_q_chirho[0]_i_430
INFO: [Physopt 32-662] Processed net WRAPPER/CL/u_engine_chirho/ocl_rdata_q_chirho[0]_i_113_n_0.  Did not re-place instance WRAPPER/CL/u_engine_chirho/ocl_rdata_q_chirho[0]_i_113
INFO: [Physopt 32-662] Processed net WRAPPER/CL/u_engine_chirho/ocl_rdata_q_chirho[0]_i_150_n_0.  Did not re-place instance WRAPPER/CL/u_engine_chirho/ocl_rdata_q_chirho[0]_i_150
INFO: [Physopt 32-662] Processed net WRAPPER/CL/u_engine_chirho/ocl_rdata_q_chirho[0]_i_50_n_0.  Did not re-place instance WRAPPER/CL/u_engine_chirho/ocl_rdata_q_chirho[0]_i_50
INFO: [Physopt 32-662] Processed net WRAPPER/CL/u_engine_chirho/c$ds_app_arg[9764]_i_16_n_0.  Did not re-place instance WRAPPER/CL/u_engine_chirho/c$ds_app_arg[9764]_i_16
INFO: [Physopt 32-662] Processed net WRAPPER/CL/u_engine_chirho/ocl_rdata_q_chirho[0]_i_112_n_0.  Did not re-place instance WRAPPER/CL/u_engine_chirho/ocl_rdata_q_chirho[0]_i_112
INFO: [Physopt 32-662] Processed net WRAPPER/CL/u_engine_chirho/resp_wire_chirho[485].  Did not re-place instance WRAPPER/CL/u_engine_chirho/c$ds_app_arg[9770]_i_1
INFO: [Physopt 32-662] Processed net WRAPPER/CL/u_engine_chirho/c$ds_app_arg[9770]_i_5_n_0.  Did not re-place instance WRAPPER/CL/u_engine_chirho/c$ds_app_arg[9770]_i_5
INFO: [Physopt 32-662] Processed net WRAPPER/CL/u_engine_chirho/ocl_rdata_q_chirho[0]_i_145_n_0.  Did not re-place instance WRAPPER/CL/u_engine_chirho/ocl_rdata_q_chirho[0]_i_145
INFO: [Physopt 32-662] Processed net WRAPPER/CL/u_engine_chirho/ocl_rdata_q_chirho[0]_i_77_n_0.  Did not re-place instance WRAPPER/CL/u_engine_chirho/ocl_rdata_q_chirho[0]_i_77
INFO: [Physopt 32-662] Processed net WRAPPER/CL/u_engine_chirho/resp_wire_chirho[93].  Did not re-place instance WRAPPER/CL/u_engine_chirho/c$ds_app_arg[9378]_i_1
INFO: [Physopt 32-662] Processed net WRAPPER/CL/u_engine_chirho/c$ds_app_arg[9378]_i_5_n_0.  Did not re-place instance WRAPPER/CL/u_engine_chirho/c$ds_app_arg[9378]_i_5
INFO: [Physopt 32-662] Processed net WRAPPER/CL/u_engine_chirho/resp_wire_chirho[290].  Did not re-place instance WRAPPER/CL/u_engine_chirho/c$ds_app_arg[9575]_i_1
INFO: [Physopt 32-662] Processed net WRAPPER/CL/u_engine_chirho/resp_wire_chirho[173].  Did not re-place instance WRAPPER/CL/u_engine_chirho/c$ds_app_arg[9458]_i_1
INFO: [Physopt 32-662] Processed net WRAPPER/CL/u_engine_chirho/c$ds_app_arg[9458]_i_5_n_0.  Did not re-place instance WRAPPER/CL/u_engine_chirho/c$ds_app_arg[9458]_i_5
INFO: [Physopt 32-662] Processed net WRAPPER/CL/u_engine_chirho/ocl_rdata_q_chirho[0]_i_117_n_0.  Did not re-place instance WRAPPER/CL/u_engine_chirho/ocl_rdata_q_chirho[0]_i_117
INFO: [Physopt 32-663] Processed net WRAPPER/CL/u_engine_chirho/ocl_rdata_q_chirho[0]_i_35_n_0.  Re-placed instance WRAPPER/CL/u_engine_chirho/ocl_rdata_q_chirho[0]_i_35
INFO: [Physopt 32-662] Processed net WRAPPER/CL/u_engine_chirho/ocl_rdata_q_chirho[0]_i_491_n_0.  Did not re-place instance WRAPPER/CL/u_engine_chirho/ocl_rdata_q_chirho[0]_i_491
INFO: [Physopt 32-662] Processed net WRAPPER/CL/u_engine_chirho/ocl_rdata_q_chirho[0]_i_500_n_0.  Did not re-place instance WRAPPER/CL/u_engine_chirho/ocl_rdata_q_chirho[0]_i_500
INFO: [Physopt 32-662] Processed net WRAPPER/CL/u_engine_chirho/ocl_rdata_q_chirho[0]_i_146_n_0.  Did not re-place instance WRAPPER/CL/u_engine_chirho/ocl_rdata_q_chirho[0]_i_146
INFO: [Physopt 32-662] Processed net WRAPPER/CL/u_engine_chirho/ocl_rdata_q_chirho[0]_i_34_n_0.  Did not re-place instance WRAPPER/CL/u_engine_chirho/ocl_rdata_q_chirho[0]_i_34
INFO: [Physopt 32-662] Processed net WRAPPER/CL/u_engine_chirho/ocl_rdata_q_chirho[0]_i_149_n_0.  Did not re-place instance WRAPPER/CL/u_engine_chirho/ocl_rdata_q_chirho[0]_i_149
INFO: [Physopt 32-662] Processed net WRAPPER/CL/u_engine_chirho/ocl_rdata_q_chirho[0]_i_78_n_0.  Did not re-place instance WRAPPER/CL/u_engine_chirho/ocl_rdata_q_chirho[0]_i_78
INFO: [Physopt 32-662] Processed net WRAPPER/CL/u_engine_chirho/ocl_rdata_q_chirho[0]_i_490_n_0.  Did not re-place instance WRAPPER/CL/u_engine_chirho/ocl_rdata_q_chirho[0]_i_490
INFO: [Physopt 32-663] Processed net WRAPPER/CL/u_engine_chirho/ocl_rdata_q_chirho[0]_i_57_n_0.  Re-placed instance WRAPPER/CL/u_engine_chirho/ocl_rdata_q_chirho[0]_i_57
INFO: [Physopt 32-662] Processed net WRAPPER/CL/u_engine_chirho/resp_wire_chirho[217].  Did not re-place instance WRAPPER/CL/u_engine_chirho/c$ds_app_arg[9502]_i_1
INFO: [Physopt 32-662] Processed net WRAPPER/CL/u_engine_chirho/c$ds_app_arg[9248]_i_5_n_0.  Did not re-place instance WRAPPER/CL/u_engine_chirho/c$ds_app_arg[9248]_i_5
INFO: [Physopt 32-662] Processed net WRAPPER/CL/u_engine_chirho/c$ds_app_arg[9242]_i_4_n_0.  Did not re-place instance WRAPPER/CL/u_engine_chirho/c$ds_app_arg[9242]_i_4
INFO: [Physopt 32-662] Processed net WRAPPER/CL/u_engine_chirho/c$ds_app_arg[9502]_i_5_n_0.  Did not re-place instance WRAPPER/CL/u_engine_chirho/c$ds_app_arg[9502]_i_5
INFO: [Physopt 32-662] Processed net WRAPPER/CL/u_engine_chirho/c$ds_app_arg[9772]_i_21_n_0.  Did not re-place instance WRAPPER/CL/u_engine_chirho/c$ds_app_arg[9772]_i_21
INFO: [Physopt 32-662] Processed net WRAPPER/CL/u_engine_chirho/ocl_rdata_q_chirho[0]_i_192_n_0.  Did not re-place instance WRAPPER/CL/u_engine_chirho/ocl_rdata_q_chirho[0]_i_192
INFO: [Physopt 32-662] Processed net WRAPPER/CL/u_engine_chirho/ocl_rdata_q_chirho[0]_i_214_n_0.  Did not re-place instance WRAPPER/CL/u_engine_chirho/ocl_rdata_q_chirho[0]_i_214
INFO: [Physopt 32-662] Processed net WRAPPER/CL/u_engine_chirho/ocl_rdata_q_chirho[0]_i_870_n_0.  Did not re-place instance WRAPPER/CL/u_engine_chirho/ocl_rdata_q_chirho[0]_i_870
INFO: [Physopt 32-661] Optimized 20 nets.  Re-placed 20 instances.
INFO: [Physopt 32-775] End 1 Pass. Optimized 20 nets or cells. Created 0 new cell, deleted 0 existing cell and moved 20 existing cells
INFO: [Physopt 32-619] Estimated Timing Summary | WNS=-0.010 | TNS=-0.010 |
Netlist sorting complete. Time (s): cpu = 00:00:00.04 ; elapsed = 00:00:00.03 . Memory (MB): peak = 7096.219 ; gain = 0.000 ; free physical = 51814 ; free virtual = 67447
Phase 29 Single Cell Placement Optimization | Checksum: 19257bc8b

Time (s): cpu = 00:06:04 ; elapsed = 00:05:38 . Memory (MB): peak = 7096.219 ; gain = 81.215 ; free physical = 51814 ; free virtual = 67447

Phase 30 Multi Cell Placement Optimization
INFO: [Physopt 32-660] Identified 100 candidate nets for placement-based optimization.
INFO: [Physopt 32-662] Processed net WRAPPER/CL/u_engine_chirho/D[0].  Did not re-place instance WRAPPER/CL/u_engine_chirho/ocl_rdata_q_chirho[0]_i_1/O
INFO: [Physopt 32-662] Processed net WRAPPER/CL/u_engine_chirho/ocl_rdata_q_chirho[0]_i_11_n_0.  Did not re-place instance WRAPPER/CL/u_engine_chirho/ocl_rdata_q_chirho[0]_i_11/O
INFO: [Physopt 32-662] Processed net WRAPPER/CL/u_engine_chirho/ocl_rdata_q_chirho[0]_i_4_n_0.  Did not re-place instance WRAPPER/CL/u_engine_chirho/ocl_rdata_q_chirho[0]_i_4/O
INFO: [Physopt 32-661] Optimized 0 net.  Re-placed 0 instance.
INFO: [Physopt 32-775] End 1 Pass. Optimized 0 net or cell. Created 0 new cell, deleted 0 existing cell and moved 0 existing cell
Netlist sorting complete. Time (s): cpu = 00:00:00.04 ; elapsed = 00:00:00.04 . Memory (MB): peak = 7096.219 ; gain = 0.000 ; free physical = 51814 ; free virtual = 67447
Phase 30 Multi Cell Placement Optimization | Checksum: 1d53531fc

Time (s): cpu = 00:06:04 ; elapsed = 00:05:38 . Memory (MB): peak = 7096.219 ; gain = 81.215 ; free physical = 51814 ; free virtual = 67447

Phase 31 SLR Crossing Optimization
WARNING: [Physopt 32-894] Found a constraint with the -through option on pin WRAPPER/IO_SHIM/CDC_ASYNC_RST_HBM_N/src_arst or the net immediately connecting to the pin. This constraint will block optimizations for this and all downstream leaf pins.
WARNING: [Physopt 32-894] Found a constraint with the -through option on pin WRAPPER/IO_SHIM/CDC_ASYNC_RST_CORE_N/src_arst or the net immediately connecting to the pin. This constraint will block optimizations for this and all downstream leaf pins.
INFO: [Physopt 32-912] No candidate nets found for crossing SLR optimization.
INFO: [Physopt 32-775] End 1 Pass. Optimized 0 net or cell. Created 0 new cell, deleted 0 existing cell and moved 0 existing cell
Phase 31 SLR Crossing Optimization | Checksum: 1d53531fc

Time (s): cpu = 00:06:05 ; elapsed = 00:05:39 . Memory (MB): peak = 7096.219 ; gain = 81.215 ; free physical = 51813 ; free virtual = 67447

Phase 32 Critical Path Optimization
INFO: [Physopt 32-619] Estimated Timing Summary | WNS=-0.010 | TNS=-0.010 |
INFO: [Physopt 32-702] Processed net WRAPPER/CL/cmd_reg_chirho_reg[65]_rep_n_0. Optimizations did not improve timing on the net.
INFO: [Physopt 32-710] Processed net WRAPPER/CL/u_engine_chirho/D[0]. Critical path length was reduced through logic transformation on cell WRAPPER/CL/u_engine_chirho/ocl_rdata_q_chirho[0]_i_1_comp.
INFO: [Physopt 32-735] Processed net WRAPPER/CL/u_engine_chirho/ocl_rdata_q_chirho[0]_i_4_n_0. Optimization improves timing on the net.
INFO: [Physopt 32-619] Estimated Timing Summary | WNS=0.008 | TNS=0.000 |
INFO: [Physopt 32-619] Estimated Timing Summary | WNS=0.008 | TNS=0.000 |
Netlist sorting complete. Time (s): cpu = 00:00:00.14 ; elapsed = 00:00:00.14 . Memory (MB): peak = 7096.219 ; gain = 0.000 ; free physical = 51813 ; free virtual = 67447
Phase 32 Critical Path Optimization | Checksum: 1d53531fc

Time (s): cpu = 00:06:07 ; elapsed = 00:05:40 . Memory (MB): peak = 7096.219 ; gain = 81.215 ; free physical = 51813 ; free virtual = 67447

Phase 33 Critical Path Optimization
INFO: [Physopt 32-619] Estimated Timing Summary | WNS=0.008 | TNS=0.000 |
INFO: [Physopt 32-619] Estimated Timing Summary | WNS=0.008 | TNS=0.000 |
Netlist sorting complete. Time (s): cpu = 00:00:00.04 ; elapsed = 00:00:00.04 . Memory (MB): peak = 7096.219 ; gain = 0.000 ; free physical = 51813 ; free virtual = 67447
Phase 33 Critical Path Optimization | Checksum: 1d53531fc

Time (s): cpu = 00:06:07 ; elapsed = 00:05:40 . Memory (MB): peak = 7096.219 ; gain = 81.215 ; free physical = 51813 ; free virtual = 67447

Phase 34 BRAM Enable Optimization
Phase 34 BRAM Enable Optimization | Checksum: 1d53531fc

Time (s): cpu = 00:06:07 ; elapsed = 00:05:40 . Memory (MB): peak = 7096.219 ; gain = 81.215 ; free physical = 51813 ; free virtual = 67447
INFO: [Physopt 32-960] Skip hold-fix as initial WHS does not violate hold threshold 250 ps
Netlist sorting complete. Time (s): cpu = 00:00:00.04 ; elapsed = 00:00:00.04 . Memory (MB): peak = 7096.219 ; gain = 0.000 ; free physical = 51813 ; free virtual = 67447
Netlist sorting complete. Time (s): cpu = 00:00:00.04 ; elapsed = 00:00:00.04 . Memory (MB): peak = 7120.230 ; gain = 0.000 ; free physical = 51813 ; free virtual = 67447
INFO: [Physopt 32-603] Post Physical Optimization Timing Summary | WNS=0.008 | TNS=0.000 |

Summary of Physical Synthesis Optimizations
============================================


----------------------------------------------------------------------------------------------------------------------------------------------------------------------
|  Optimization            |  WNS Gain (ns)  |  TNS Gain (ns)  |  Added Cells  |  Removed Cells  |  Optimized Cells/Nets  |  Dont Touch  |  Iterations  |  Elapsed   |
----------------------------------------------------------------------------------------------------------------------------------------------------------------------
|  Fanout                  |          0.000  |          0.000  |           20  |              0  |                    10  |           0  |           3  |  00:00:03  |
|  Single Cell Placement   |          0.007  |          0.007  |            0  |              0  |                    72  |           0  |           4  |  00:00:57  |
|  Multi Cell Placement    |          0.000  |          0.000  |            0  |              0  |                     0  |           0  |           4  |  00:00:02  |
|  Rewire                  |          0.000  |          0.000  |            0  |              0  |                     0  |           0  |           3  |  00:00:00  |
|  Critical Cell           |          0.000  |          0.000  |           11  |              0  |                    11  |           0  |           3  |  00:00:42  |
|  SLR Crossing            |          0.000  |          0.000  |            0  |              0  |                     0  |           0  |           3  |  00:00:01  |
|  DSP Register            |          0.000  |          0.000  |            0  |              0  |                     0  |           0  |           2  |  00:00:00  |
|  BRAM Register           |          0.000  |          0.000  |            0  |              0  |                     0  |           0  |           2  |  00:00:00  |
|  URAM Register           |          0.000  |          0.000  |            0  |              0  |                     0  |           0  |           2  |  00:00:00  |
|  Shift Register          |          0.000  |          0.000  |            0  |              0  |                     0  |           0  |           2  |  00:00:00  |
|  Critical Pin            |          0.112  |          0.112  |            0  |              0  |                    42  |           0  |           1  |  00:00:04  |
|  Very High Fanout        |          0.000  |          0.000  |            0  |              0  |                     0  |           0  |           1  |  00:00:00  |
|  BRAM Enable             |          0.000  |          0.000  |            0  |              0  |                     0  |           0  |           1  |  00:00:00  |
|  Critical Path           |          0.018  |          0.010  |            0  |              0  |                     1  |           0  |           2  |  00:00:01  |
|  Total                   |          0.137  |          0.129  |           31  |              0  |                   136  |           0  |          33  |  00:01:49  |
----------------------------------------------------------------------------------------------------------------------------------------------------------------------


Netlist sorting complete. Time (s): cpu = 00:00:00.04 ; elapsed = 00:00:00.03 . Memory (MB): peak = 7120.230 ; gain = 0.000 ; free physical = 51813 ; free virtual = 67447
Ending Physical Synthesis Task | Checksum: 18ee872f3

Time (s): cpu = 00:06:09 ; elapsed = 00:05:41 . Memory (MB): peak = 7120.230 ; gain = 105.227 ; free physical = 51813 ; free virtual = 67447
INFO: [Common 17-83] Releasing license: Implementation
1234 Infos, 6 Warnings, 0 Critical Warnings and 0 Errors encountered.
phys_opt_design completed successfully
phys_opt_design: Time (s): cpu = 00:06:10 ; elapsed = 00:05:42 . Memory (MB): peak = 7120.230 ; gain = 105.227 ; free physical = 51813 ; free virtual = 67447
## print "Writing post-phy_opt design checkpoint and report"

AWS FPGA: (22:07:06): Writing post-phy_opt design checkpoint and report

## write_checkpoint -force ${checkpoints_dir}/${CL}.${TAG}.post_phys_opt.dcp
INFO: [Timing 38-480] Writing timing data to binary archive.
Write ShapeDB Complete: Time (s): cpu = 00:00:00.42 ; elapsed = 00:00:00.07 . Memory (MB): peak = 7120.230 ; gain = 0.000 ; free physical = 51781 ; free virtual = 67434
Wrote PlaceDB: Time (s): cpu = 00:00:06 ; elapsed = 00:00:02 . Memory (MB): peak = 7120.230 ; gain = 0.000 ; free physical = 51714 ; free virtual = 67419
Wrote PulsedLatchDB: Time (s): cpu = 00:00:00 ; elapsed = 00:00:00 . Memory (MB): peak = 7120.230 ; gain = 0.000 ; free physical = 51714 ; free virtual = 67420
Writing XDEF routing.
Writing XDEF routing logical nets.
Writing XDEF routing special nets.
Wrote RouteStorage: Time (s): cpu = 00:00:00.32 ; elapsed = 00:00:00.14 . Memory (MB): peak = 7120.230 ; gain = 0.000 ; free physical = 51713 ; free virtual = 67420
Wrote Netlist Cache: Time (s): cpu = 00:00:00.06 ; elapsed = 00:00:00.06 . Memory (MB): peak = 7120.230 ; gain = 0.000 ; free physical = 51698 ; free virtual = 67411
Wrote Device Cache: Time (s): cpu = 00:00:00.01 ; elapsed = 00:00:00.01 . Memory (MB): peak = 7120.230 ; gain = 0.000 ; free physical = 51698 ; free virtual = 67413
Write Physdb Complete: Time (s): cpu = 00:00:06 ; elapsed = 00:00:02 . Memory (MB): peak = 7120.230 ; gain = 0.000 ; free physical = 51698 ; free virtual = 67413
INFO: [Common 17-1381] The checkpoint '/home/ubuntu/aws-fpga/hdk/cl/developer_designs/cl_minikanren_chirho/build/checkpoints/cl_minikanren_chirho.2026_01_26-213858.post_phys_opt.dcp' has been generated.
write_checkpoint: Time (s): cpu = 00:00:12 ; elapsed = 00:00:05 . Memory (MB): peak = 7120.230 ; gain = 0.000 ; free physical = 51729 ; free virtual = 67379
## report_timing -delay_type max \
##               -path_type full_clock_expanded \
##               -max_paths 10 \
##               -nworst 1 \
##               -input_pins \
##               -slice_pins \
##               -sort_by group \
##               -significant_digits 3 \
##               -file $reports_dir/${CL}.${TAG}.post_phy_opt_timing.rpt
INFO: [Timing 38-91] UpdateTimingParams: Speed grade: -2, Temperature grade: E, Delay Type: max.
INFO: [Timing 38-191] Multithreading enabled for timing update using a maximum of 8 CPUs
INFO: [Timing 38-78] ReportTimingParams: -max_paths 10 -nworst 1 -delay_type max -sort_by group.
## print "Start routing customer design ${CL}"

AWS FPGA: (22:07:15): Start routing customer design cl_minikanren_chirho

## route_design -directive $ROUTE_DIRECT -tns_cleanup
Command: route_design -directive AggressiveExplore -tns_cleanup
Attempting to get a license for feature 'Implementation' and/or device 'xcvu47p'
INFO: [Common 17-349] Got license for feature 'Implementation' and/or device 'xcvu47p'
INFO: [DRC 23-27] Running DRC with 8 threads
WARNING: [DRC 23-814] Not all possible (connectivity based) DRCs may have been run because this design is seen as Abstract Shell.
INFO: [Vivado_Tcl 4-198] DRC finished with 0 Errors
INFO: [Vivado_Tcl 4-199] Please refer to the DRC report (report_drc) for more information.


Starting Routing Task
INFO: [Route 35-270] Using Router directive 'AggressiveExplore'.
INFO: [Route 35-254] Multithreading enabled for route_design using a maximum of 8 CPUs

Phase 1 Build RT Design
Checksum: PlaceDB: 57078f2c ConstDB: 0 ShapeSum: f92e8e7 RouteDB: 3511d211
Nodegraph reading from file.  Time (s): cpu = 00:00:02 ; elapsed = 00:00:04 . Memory (MB): peak = 7120.230 ; gain = 0.000 ; free physical = 51752 ; free virtual = 67411
INFO: [Route 35-375] Restored and blocked 360 bleed over nodes.
Post Restoration Checksum: NetGraph: c210def4 | NumContArr: d4ca4761 | Constraints: 43ecf02d | Timing: c2a8fa9d
Phase 1 Build RT Design | Checksum: 29d71111f

Time (s): cpu = 00:00:40 ; elapsed = 00:00:19 . Memory (MB): peak = 7120.230 ; gain = 0.000 ; free physical = 51752 ; free virtual = 67412

Phase 2 Router Initialization

Phase 2.1 Fix Topology Constraints
Phase 2.1 Fix Topology Constraints | Checksum: 29d71111f

Time (s): cpu = 00:00:43 ; elapsed = 00:00:20 . Memory (MB): peak = 7120.230 ; gain = 0.000 ; free physical = 51752 ; free virtual = 67412

Phase 2.2 Pre Route Cleanup
Phase 2.2 Pre Route Cleanup | Checksum: 29d71111f

Time (s): cpu = 00:00:44 ; elapsed = 00:00:21 . Memory (MB): peak = 7120.230 ; gain = 0.000 ; free physical = 51752 ; free virtual = 67412

Phase 2.3 Global Clock Net Routing
 Number of Nodes with overlaps = 0
Phase 2.3 Global Clock Net Routing | Checksum: 2039b73dd

Time (s): cpu = 00:00:59 ; elapsed = 00:00:25 . Memory (MB): peak = 7534.102 ; gain = 413.871 ; free physical = 51303 ; free virtual = 66963

Phase 2.4 Update Timing
Phase 2.4 Update Timing | Checksum: 17e9e3cde

Time (s): cpu = 00:01:09 ; elapsed = 00:00:28 . Memory (MB): peak = 7534.102 ; gain = 413.871 ; free physical = 51303 ; free virtual = 66963
INFO: [Route 35-416] Intermediate Timing Summary | WNS=0.208  | TNS=0.000  | WHS=0.013  | THS=0.000  |


Router Utilization Summary
  Global Vertical Routing Utilization    = 0 %
  Global Horizontal Routing Utilization  = 2.71727e-05 %
  Routable Net Status*
  *Does not include unroutable nets such as driverless and loadless.
  Run report_route_status for detailed report.
  Number of Failed Nets               = 27586
    (Failed Nets is the sum of unrouted and partially routed nets)
  Number of Unrouted Nets             = 22291
  Number of Partially Routed Nets     = 5295
  Number of Node Overlaps             = 0

Phase 2 Router Initialization | Checksum: 20a239794

Time (s): cpu = 00:01:37 ; elapsed = 00:00:35 . Memory (MB): peak = 7599.852 ; gain = 479.621 ; free physical = 51237 ; free virtual = 66897

Phase 3 Global Routing
Phase 3 Global Routing | Checksum: 20a239794

Time (s): cpu = 00:01:39 ; elapsed = 00:00:36 . Memory (MB): peak = 7599.852 ; gain = 479.621 ; free physical = 51237 ; free virtual = 66897

Phase 4 Initial Routing

Phase 4.1 Initial Net Routing Pass
Phase 4.1 Initial Net Routing Pass | Checksum: 1ddb0bae8

Time (s): cpu = 00:09:38 ; elapsed = 00:04:31 . Memory (MB): peak = 13903.852 ; gain = 6783.621 ; free physical = 45076 ; free virtual = 60736
Phase 4 Initial Routing | Checksum: 25be25b04

Time (s): cpu = 00:09:40 ; elapsed = 00:04:32 . Memory (MB): peak = 13903.852 ; gain = 6783.621 ; free physical = 45076 ; free virtual = 60736

INFO: [Route 35-449] Initial Estimated Congestion
 ________________________________________________________________________
|           | Global Congestion | Long Congestion   | Short Congestion  |
|           |___________________|___________________|___________________|
| Direction | Size   | % Tiles  | Size   | % Tiles  | Size   | % Tiles  |
|___________|________|__________|________|__________|________|__________|
|      NORTH|     2x2|      0.00|     1x1|      0.00|     4x4|      0.03|
|___________|________|__________|________|__________|________|__________|
|      SOUTH|     4x4|      0.05|     2x2|      0.01|   16x16|      0.11|
|___________|________|__________|________|__________|________|__________|
|       EAST|     4x4|      0.03|     1x1|      0.00|     8x8|      0.11|
|___________|________|__________|________|__________|________|__________|
|       WEST|     2x2|      0.02|     2x2|      0.01|     8x8|      0.09|
|___________|________|__________|________|__________|________|__________|
Congestion Report
SHORT Congestion bounded by tiles (Lower Left Tile -> Upper Right Tile):
SOUTH
	INT_X83Y345->INT_X98Y360 (CLEM_X83Y345->URAM_URAM_FT_X98Y360)
	INT_X88Y352->INT_X95Y359 (CLEM_X88Y352->DSP_X95Y355)
	INT_X88Y351->INT_X95Y358 (CLEM_X88Y351->DSP_X95Y355)
	INT_X88Y350->INT_X95Y357 (CLEM_X88Y350->DSP_X95Y355)
	INT_X88Y349->INT_X95Y356 (CLEM_X88Y349->DSP_X95Y355)

Phase 5 Rip-up And Reroute

Phase 5.1 Global Iteration 0
 Number of Nodes with overlaps = 13028
 Number of Nodes with overlaps = 1805
 Number of Nodes with overlaps = 231
 Number of Nodes with overlaps = 122
 Number of Nodes with overlaps = 68
 Number of Nodes with overlaps = 47
 Number of Nodes with overlaps = 26
 Number of Nodes with overlaps = 17
 Number of Nodes with overlaps = 9
 Number of Nodes with overlaps = 5
 Number of Nodes with overlaps = 5
 Number of Nodes with overlaps = 4
 Number of Nodes with overlaps = 5
 Number of Nodes with overlaps = 4
 Number of Nodes with overlaps = 3
 Number of Nodes with overlaps = 2
 Number of Nodes with overlaps = 1
 Number of Nodes with overlaps = 1
 Number of Nodes with overlaps = 1
 Number of Nodes with overlaps = 1
INFO: [Route 35-443] CLB routing congestion detected. Several CLBs have high routing utilization, which can impact timing closure. Congested CLBs and Nets are dumped in: iter_100_CongestedCLBsAndNets.txt
 Number of Nodes with overlaps = 3
 Number of Nodes with overlaps = 1
 Number of Nodes with overlaps = 1
 Number of Nodes with overlaps = 1
INFO: [Route 35-443] CLB routing congestion detected. Several CLBs have high routing utilization, which can impact timing closure. Congested CLBs and Nets are dumped in: iter_120_CongestedCLBsAndNets.txt
 Number of Nodes with overlaps = 1
 Number of Nodes with overlaps = 0
INFO: [Route 35-416] Intermediate Timing Summary | WNS=-0.865 | TNS=-1.136 | WHS=-0.024 | THS=-0.064 |

Phase 5.1 Global Iteration 0 | Checksum: 2984bd8c3

Time (s): cpu = 00:16:16 ; elapsed = 00:08:57 . Memory (MB): peak = 13903.852 ; gain = 6783.621 ; free physical = 44946 ; free virtual = 60677

Phase 5.2 Global Iteration 1
 Number of Nodes with overlaps = 182
 Number of Nodes with overlaps = 48
 Number of Nodes with overlaps = 29
 Number of Nodes with overlaps = 25
 Number of Nodes with overlaps = 20
 Number of Nodes with overlaps = 12
 Number of Nodes with overlaps = 9
 Number of Nodes with overlaps = 12
 Number of Nodes with overlaps = 6
 Number of Nodes with overlaps = 5
 Number of Nodes with overlaps = 2
 Number of Nodes with overlaps = 2
 Number of Nodes with overlaps = 2
 Number of Nodes with overlaps = 1
 Number of Nodes with overlaps = 1
 Number of Nodes with overlaps = 0
INFO: [Route 35-416] Intermediate Timing Summary | WNS=-0.569 | TNS=-0.569 | WHS=N/A    | THS=N/A    |

Phase 5.2 Global Iteration 1 | Checksum: 292020d76

Time (s): cpu = 00:17:14 ; elapsed = 00:09:38 . Memory (MB): peak = 13903.852 ; gain = 6783.621 ; free physical = 44681 ; free virtual = 60576

Phase 5.3 Global Iteration 2
 Number of Nodes with overlaps = 213
 Number of Nodes with overlaps = 44
 Number of Nodes with overlaps = 20
 Number of Nodes with overlaps = 5
 Number of Nodes with overlaps = 6
 Number of Nodes with overlaps = 5
 Number of Nodes with overlaps = 4
 Number of Nodes with overlaps = 4
 Number of Nodes with overlaps = 3
 Number of Nodes with overlaps = 2
 Number of Nodes with overlaps = 3
 Number of Nodes with overlaps = 1
 Number of Nodes with overlaps = 1
 Number of Nodes with overlaps = 1
 Number of Nodes with overlaps = 1
 Number of Nodes with overlaps = 1
 Number of Nodes with overlaps = 0
INFO: [Route 35-416] Intermediate Timing Summary | WNS=-0.378 | TNS=-0.378 | WHS=N/A    | THS=N/A    |

Phase 5.3 Global Iteration 2 | Checksum: 3061ee194

Time (s): cpu = 00:18:11 ; elapsed = 00:10:19 . Memory (MB): peak = 13903.852 ; gain = 6783.621 ; free physical = 44524 ; free virtual = 60592

Phase 5.4 Global Iteration 3
 Number of Nodes with overlaps = 293
 Number of Nodes with overlaps = 47
 Number of Nodes with overlaps = 26
 Number of Nodes with overlaps = 23
 Number of Nodes with overlaps = 27
 Number of Nodes with overlaps = 19
 Number of Nodes with overlaps = 12
 Number of Nodes with overlaps = 8
 Number of Nodes with overlaps = 8
 Number of Nodes with overlaps = 6
 Number of Nodes with overlaps = 4
 Number of Nodes with overlaps = 5
 Number of Nodes with overlaps = 3
 Number of Nodes with overlaps = 4
 Number of Nodes with overlaps = 5
 Number of Nodes with overlaps = 4
 Number of Nodes with overlaps = 4
 Number of Nodes with overlaps = 2
 Number of Nodes with overlaps = 5
 Number of Nodes with overlaps = 3
 Number of Nodes with overlaps = 3
 Number of Nodes with overlaps = 0
INFO: [Route 35-416] Intermediate Timing Summary | WNS=-0.313 | TNS=-0.313 | WHS=N/A    | THS=N/A    |

Phase 5.4 Global Iteration 3 | Checksum: 29e026194

Time (s): cpu = 00:19:48 ; elapsed = 00:11:37 . Memory (MB): peak = 13903.852 ; gain = 6783.621 ; free physical = 44339 ; free virtual = 60552

Phase 5.5 Global Iteration 4
 Number of Nodes with overlaps = 212
 Number of Nodes with overlaps = 52
 Number of Nodes with overlaps = 34
 Number of Nodes with overlaps = 28
 Number of Nodes with overlaps = 17
 Number of Nodes with overlaps = 24
 Number of Nodes with overlaps = 18
 Number of Nodes with overlaps = 15
 Number of Nodes with overlaps = 15
 Number of Nodes with overlaps = 15
 Number of Nodes with overlaps = 9
 Number of Nodes with overlaps = 3
 Number of Nodes with overlaps = 5
 Number of Nodes with overlaps = 6
 Number of Nodes with overlaps = 7
 Number of Nodes with overlaps = 4
 Number of Nodes with overlaps = 4
 Number of Nodes with overlaps = 2
 Number of Nodes with overlaps = 1
 Number of Nodes with overlaps = 1
 Number of Nodes with overlaps = 1
 Number of Nodes with overlaps = 1
 Number of Nodes with overlaps = 1
 Number of Nodes with overlaps = 1
 Number of Nodes with overlaps = 1
 Number of Nodes with overlaps = 0
INFO: [Route 35-416] Intermediate Timing Summary | WNS=-0.266 | TNS=-0.266 | WHS=N/A    | THS=N/A    |

Phase 5.5 Global Iteration 4 | Checksum: 204f551ec

Time (s): cpu = 00:21:06 ; elapsed = 00:12:34 . Memory (MB): peak = 13903.852 ; gain = 6783.621 ; free physical = 43992 ; free virtual = 60342

Phase 5.6 Global Iteration 5
 Number of Nodes with overlaps = 192
 Number of Nodes with overlaps = 75
 Number of Nodes with overlaps = 31
 Number of Nodes with overlaps = 28
 Number of Nodes with overlaps = 28
 Number of Nodes with overlaps = 21
 Number of Nodes with overlaps = 9
 Number of Nodes with overlaps = 8
 Number of Nodes with overlaps = 6
 Number of Nodes with overlaps = 5
 Number of Nodes with overlaps = 4
 Number of Nodes with overlaps = 1
 Number of Nodes with overlaps = 4
 Number of Nodes with overlaps = 1
 Number of Nodes with overlaps = 1
 Number of Nodes with overlaps = 2
 Number of Nodes with overlaps = 1
 Number of Nodes with overlaps = 2
 Number of Nodes with overlaps = 1
 Number of Nodes with overlaps = 1
 Number of Nodes with overlaps = 1
 Number of Nodes with overlaps = 1
 Number of Nodes with overlaps = 0
INFO: [Route 35-416] Intermediate Timing Summary | WNS=-0.224 | TNS=-0.224 | WHS=N/A    | THS=N/A    |

Phase 5.6 Global Iteration 5 | Checksum: 1acc44e77

Time (s): cpu = 00:22:36 ; elapsed = 00:13:45 . Memory (MB): peak = 13903.852 ; gain = 6783.621 ; free physical = 44009 ; free virtual = 60523

Phase 5.7 Global Iteration 6
 Number of Nodes with overlaps = 291
 Number of Nodes with overlaps = 45
 Number of Nodes with overlaps = 41
 Number of Nodes with overlaps = 29
 Number of Nodes with overlaps = 26
 Number of Nodes with overlaps = 16
 Number of Nodes with overlaps = 12
 Number of Nodes with overlaps = 9
 Number of Nodes with overlaps = 7
 Number of Nodes with overlaps = 5
 Number of Nodes with overlaps = 9
 Number of Nodes with overlaps = 6
 Number of Nodes with overlaps = 4
 Number of Nodes with overlaps = 5
 Number of Nodes with overlaps = 0
INFO: [Route 35-416] Intermediate Timing Summary | WNS=-0.191 | TNS=-0.191 | WHS=N/A    | THS=N/A    |

Phase 5.7 Global Iteration 6 | Checksum: 1fe456d73

Time (s): cpu = 00:23:59 ; elapsed = 00:14:50 . Memory (MB): peak = 13903.852 ; gain = 6783.621 ; free physical = 43300 ; free virtual = 60251

Phase 5.8 Global Iteration 7
 Number of Nodes with overlaps = 99
 Number of Nodes with overlaps = 49
 Number of Nodes with overlaps = 29
 Number of Nodes with overlaps = 25
 Number of Nodes with overlaps = 14
 Number of Nodes with overlaps = 11
 Number of Nodes with overlaps = 8
 Number of Nodes with overlaps = 3
 Number of Nodes with overlaps = 4
 Number of Nodes with overlaps = 5
 Number of Nodes with overlaps = 6
 Number of Nodes with overlaps = 4
 Number of Nodes with overlaps = 3
 Number of Nodes with overlaps = 2
 Number of Nodes with overlaps = 1
 Number of Nodes with overlaps = 1
 Number of Nodes with overlaps = 0
INFO: [Route 35-416] Intermediate Timing Summary | WNS=-0.129 | TNS=-0.129 | WHS=N/A    | THS=N/A    |

Phase 5.8 Global Iteration 7 | Checksum: 299b04782

Time (s): cpu = 00:25:25 ; elapsed = 00:16:01 . Memory (MB): peak = 13903.852 ; gain = 6783.621 ; free physical = 42568 ; free virtual = 60082

Phase 5.9 Global Iteration 8
 Number of Nodes with overlaps = 673
 Number of Nodes with overlaps = 79
 Number of Nodes with overlaps = 40
 Number of Nodes with overlaps = 18
 Number of Nodes with overlaps = 13
 Number of Nodes with overlaps = 6
 Number of Nodes with overlaps = 3
 Number of Nodes with overlaps = 0
INFO: [Route 35-416] Intermediate Timing Summary | WNS=-0.484 | TNS=-0.484 | WHS=N/A    | THS=N/A    |

Phase 5.9 Global Iteration 8 | Checksum: 232fcc0a8

Time (s): cpu = 00:26:42 ; elapsed = 00:17:01 . Memory (MB): peak = 13903.852 ; gain = 6783.621 ; free physical = 43898 ; free virtual = 60463
Phase 5 Rip-up And Reroute | Checksum: 232fcc0a8

Time (s): cpu = 00:26:44 ; elapsed = 00:17:02 . Memory (MB): peak = 13903.852 ; gain = 6783.621 ; free physical = 43898 ; free virtual = 60463

Phase 6 Delay and Skew Optimization

Phase 6.1 TNS Cleanup

Phase 6.1.1 Delay CleanUp
INFO: [Route 35-416] Intermediate Timing Summary | WNS=-0.129 | TNS=-0.129 | WHS=0.011  | THS=0.000  |

INFO: [Route 35-416] Intermediate Timing Summary | WNS=-0.129 | TNS=-0.129 | WHS=0.011  | THS=0.000  |

 Number of Nodes with overlaps = 0
INFO: [Route 35-416] Intermediate Timing Summary | WNS=-0.129 | TNS=-0.129 | WHS=0.011  | THS=0.000  |

Phase 6.1.1 Delay CleanUp | Checksum: 28c690c25

Time (s): cpu = 00:26:58 ; elapsed = 00:17:06 . Memory (MB): peak = 13903.852 ; gain = 6783.621 ; free physical = 43916 ; free virtual = 60480
Phase 6.1 TNS Cleanup | Checksum: 28c690c25

Time (s): cpu = 00:27:00 ; elapsed = 00:17:06 . Memory (MB): peak = 13903.852 ; gain = 6783.621 ; free physical = 43919 ; free virtual = 60484

Phase 6.2 Clock Skew Optimization
Phase 6.2 Clock Skew Optimization | Checksum: 28c690c25

Time (s): cpu = 00:27:02 ; elapsed = 00:17:07 . Memory (MB): peak = 13903.852 ; gain = 6783.621 ; free physical = 43919 ; free virtual = 60484
Phase 6 Delay and Skew Optimization | Checksum: 28c690c25

Time (s): cpu = 00:27:04 ; elapsed = 00:17:08 . Memory (MB): peak = 13903.852 ; gain = 6783.621 ; free physical = 43922 ; free virtual = 60486

Phase 7 Post Hold Fix

Phase 7.1 Hold Fix Iter
INFO: [Route 35-416] Intermediate Timing Summary | WNS=-0.129 | TNS=-0.129 | WHS=0.011  | THS=0.000  |

Phase 7.1 Hold Fix Iter | Checksum: 2bda4a475

Time (s): cpu = 00:27:11 ; elapsed = 00:17:10 . Memory (MB): peak = 13903.852 ; gain = 6783.621 ; free physical = 43925 ; free virtual = 60490
Phase 7 Post Hold Fix | Checksum: 2bda4a475

Time (s): cpu = 00:27:13 ; elapsed = 00:17:11 . Memory (MB): peak = 13903.852 ; gain = 6783.621 ; free physical = 43925 ; free virtual = 60490

Phase 8 Timing Verification

Phase 8.1 Update Timing
Phase 8.1 Update Timing | Checksum: 208c4d939

Time (s): cpu = 00:27:25 ; elapsed = 00:17:14 . Memory (MB): peak = 13903.852 ; gain = 6783.621 ; free physical = 43925 ; free virtual = 60490
INFO: [Route 35-416] Intermediate Timing Summary | WNS=-0.129 | TNS=-0.129 | WHS=0.011  | THS=0.000  |

Phase 8 Timing Verification | Checksum: 208c4d939

Time (s): cpu = 00:27:27 ; elapsed = 00:17:15 . Memory (MB): peak = 13903.852 ; gain = 6783.621 ; free physical = 43925 ; free virtual = 60490

Phase 9 Route finalize

Router Utilization Summary
  Global Vertical Routing Utilization    = 0.429915 %
  Global Horizontal Routing Utilization  = 0.492107 %
  Routable Net Status*
  *Does not include unroutable nets such as driverless and loadless.
  Run report_route_status for detailed report.
  Number of Failed Nets               = 0
    (Failed Nets is the sum of unrouted and partially routed nets)
  Number of Unrouted Nets             = 0
  Number of Partially Routed Nets     = 0
  Number of Node Overlaps             = 0


--GLOBAL Congestion:
Utilization threshold used for congestion level computation: 0.85
Congestion Report
North Dir 1x1 Area, Max Cong = 70.892%, No Congested Regions.
South Dir 1x1 Area, Max Cong = 88.1517%, Congestion bounded by tiles (Lower Left Tile -> Upper Right Tile):
   INT_X96Y352 -> INT_X96Y352
   INT_X96Y349 -> INT_X96Y349
East Dir 1x1 Area, Max Cong = 80.7692%, No Congested Regions.
West Dir 1x1 Area, Max Cong = 75.9615%, No Congested Regions.

------------------------------
Reporting congestion hotspots
------------------------------
Direction: North
----------------
Congested clusters found at Level 0
Effective congestion level: 0 Aspect Ratio: 1 Sparse Ratio: 0
Direction: South
----------------
Congested clusters found at Level 0
Effective congestion level: 1 Aspect Ratio: 0.5 Sparse Ratio: 0.5
Direction: East
----------------
Congested clusters found at Level 0
Effective congestion level: 0 Aspect Ratio: 1 Sparse Ratio: 0
Direction: West
----------------
Congested clusters found at Level 0
Effective congestion level: 0 Aspect Ratio: 1 Sparse Ratio: 0

Phase 9 Route finalize | Checksum: 208c4d939

Time (s): cpu = 00:27:33 ; elapsed = 00:17:17 . Memory (MB): peak = 13903.852 ; gain = 6783.621 ; free physical = 43925 ; free virtual = 60490

Phase 10 Verifying routed nets

 Verification completed successfully
Phase 10 Verifying routed nets | Checksum: 208c4d939

Time (s): cpu = 00:27:35 ; elapsed = 00:17:18 . Memory (MB): peak = 13903.852 ; gain = 6783.621 ; free physical = 43925 ; free virtual = 60490

Phase 11 Depositing Routes
Phase 11 Depositing Routes | Checksum: 208c4d939

Time (s): cpu = 00:27:42 ; elapsed = 00:17:21 . Memory (MB): peak = 13903.852 ; gain = 6783.621 ; free physical = 43925 ; free virtual = 60490

Phase 12 Incr Placement Change
Netlist sorting complete. Time (s): cpu = 00:00:00.04 ; elapsed = 00:00:00.04 . Memory (MB): peak = 13903.852 ; gain = 0.000 ; free physical = 43925 ; free virtual = 60490
WARNING: [Constraints 18-5648] For reconfigurable module WRAPPER/CL, the top/bottom edges of its PBLOCK pblock_CL are aligned with clock regions. With this type of floorplan, it has limited routability at PBLOCK top/bottom edges due to routing containment requirement. The edge tiles (only listed 10) are CLEM_X112Y480 CLEL_R_X112Y480 CLEL_R_X113Y480 CLEM_X114Y480 CLEM_X115Y480 CLEL_R_X115Y480 CLEM_X117Y480 CLEL_R_X118Y480 CLEM_X119Y480 CLEM_X120Y480 : . Tool will infer PROHIBIT on those tiles to enhancement routability at the edges of PBLOCK. You may also make the PBLOCK not aligned to clock region at top/bottom edges as a solution. Please refer 'Design Consideration' in UG909 for guidelines. 
INFO: [Constraints 18-12184] Site SLICE_X176Y480 is prohibited due to Sites belong to FSR edge tile CLEM_X112Y480 of Pblock pblock_CL
INFO: [Constraints 18-12184] Site SLICE_X177Y480 is prohibited due to Sites belong to FSR edge tile CLEL_R_X112Y480 of Pblock pblock_CL
INFO: [Constraints 18-12184] Site SLICE_X178Y480 is prohibited due to Sites belong to FSR edge tile CLEL_R_X113Y480 of Pblock pblock_CL
INFO: [Constraints 18-12184] Site SLICE_X179Y480 is prohibited due to Sites belong to FSR edge tile CLEM_X114Y480 of Pblock pblock_CL
INFO: [Constraints 18-12184] Site SLICE_X180Y480 is prohibited due to Sites belong to FSR edge tile CLEM_X115Y480 of Pblock pblock_CL
INFO: [Constraints 18-12184] Site SLICE_X181Y480 is prohibited due to Sites belong to FSR edge tile CLEL_R_X115Y480 of Pblock pblock_CL
INFO: [Constraints 18-12184] Site SLICE_X184Y480 is prohibited due to Sites belong to FSR edge tile CLEM_X117Y480 of Pblock pblock_CL
INFO: [Constraints 18-12184] Site SLICE_X185Y480 is prohibited due to Sites belong to FSR edge tile CLEL_R_X118Y480 of Pblock pblock_CL
INFO: [Constraints 18-12184] Site SLICE_X186Y480 is prohibited due to Sites belong to FSR edge tile CLEM_X119Y480 of Pblock pblock_CL
INFO: [Constraints 18-12184] Site SLICE_X187Y480 is prohibited due to Sites belong to FSR edge tile CLEM_X120Y480 of Pblock pblock_CL
INFO: [Constraints 18-12184] Site SLICE_X188Y480 is prohibited due to Sites belong to FSR edge tile CLEL_R_X120Y480 of Pblock pblock_CL
INFO: [Constraints 18-12184] Site SLICE_X189Y480 is prohibited due to Sites belong to FSR edge tile CLEL_L_X121Y480 of Pblock pblock_CL
INFO: [Constraints 18-12184] Site SLICE_X190Y480 is prohibited due to Sites belong to FSR edge tile CLEL_R_X121Y480 of Pblock pblock_CL
INFO: [Constraints 18-12184] Site SLICE_X191Y480 is prohibited due to Sites belong to FSR edge tile CLEM_X122Y480 of Pblock pblock_CL
INFO: [Constraints 18-12184] Site SLICE_X192Y480 is prohibited due to Sites belong to FSR edge tile CLEM_X123Y480 of Pblock pblock_CL
INFO: [Constraints 18-12184] Site SLICE_X193Y480 is prohibited due to Sites belong to FSR edge tile CLEL_R_X123Y480 of Pblock pblock_CL
INFO: [Constraints 18-12184] Site SLICE_X196Y480 is prohibited due to Sites belong to FSR edge tile CLEM_X125Y480 of Pblock pblock_CL
INFO: [Constraints 18-12184] Site SLICE_X197Y480 is prohibited due to Sites belong to FSR edge tile CLEM_X126Y480 of Pblock pblock_CL
INFO: [Constraints 18-12184] Site SLICE_X198Y480 is prohibited due to Sites belong to FSR edge tile CLEL_R_X126Y480 of Pblock pblock_CL
INFO: [Constraints 18-12184] Site SLICE_X199Y480 is prohibited due to Sites belong to FSR edge tile CLEL_L_X127Y480 of Pblock pblock_CL
INFO: [Constraints 18-12184] Site SLICE_X200Y480 is prohibited due to Sites belong to FSR edge tile CLEL_R_X127Y480 of Pblock pblock_CL
INFO: [Constraints 18-12184] Site SLICE_X201Y480 is prohibited due to Sites belong to FSR edge tile CLEM_X128Y480 of Pblock pblock_CL
INFO: [Constraints 18-12184] Site SLICE_X202Y480 is prohibited due to Sites belong to FSR edge tile CLEL_R_X128Y480 of Pblock pblock_CL
INFO: [Constraints 18-12184] Site SLICE_X203Y480 is prohibited due to Sites belong to FSR edge tile CLEL_L_X129Y480 of Pblock pblock_CL
INFO: [Constraints 18-12184] Site SLICE_X204Y480 is prohibited due to Sites belong to FSR edge tile CLEL_R_X129Y480 of Pblock pblock_CL
INFO: [Constraints 18-12184] Site SLICE_X205Y480 is prohibited due to Sites belong to FSR edge tile CLEM_X130Y480 of Pblock pblock_CL
INFO: [Constraints 18-12184] Site SLICE_X206Y480 is prohibited due to Sites belong to FSR edge tile CLEM_X131Y480 of Pblock pblock_CL
INFO: [Constraints 18-12184] Site SLICE_X207Y480 is prohibited due to Sites belong to FSR edge tile CLEL_R_X131Y480 of Pblock pblock_CL
INFO: [Constraints 18-12184] Site SLICE_X208Y480 is prohibited due to Sites belong to FSR edge tile CLEM_X132Y480 of Pblock pblock_CL
INFO: [Constraints 18-12184] Site SLICE_X209Y480 is prohibited due to Sites belong to FSR edge tile CLEL_R_X132Y480 of Pblock pblock_CL
INFO: [Constraints 18-12184] Site SLICE_X210Y480 is prohibited due to Sites belong to FSR edge tile CLEM_X133Y480 of Pblock pblock_CL
INFO: [Constraints 18-12184] Site SLICE_X211Y480 is prohibited due to Sites belong to FSR edge tile CLEL_R_X133Y480 of Pblock pblock_CL
INFO: [Constraints 18-12184] Site SLICE_X212Y480 is prohibited due to Sites belong to FSR edge tile CLEM_X134Y480 of Pblock pblock_CL
INFO: [Constraints 18-12184] Site SLICE_X213Y480 is prohibited due to Sites belong to FSR edge tile CLEL_R_X134Y480 of Pblock pblock_CL
INFO: [Constraints 18-12184] Site SLICE_X216Y480 is prohibited due to Sites belong to FSR edge tile CLEM_X136Y480 of Pblock pblock_CL
INFO: [Constraints 18-12184] Site SLICE_X217Y480 is prohibited due to Sites belong to FSR edge tile CLEM_X137Y480 of Pblock pblock_CL
INFO: [Constraints 18-12184] Site SLICE_X218Y480 is prohibited due to Sites belong to FSR edge tile CLEL_R_X137Y480 of Pblock pblock_CL
INFO: [Constraints 18-12184] Site SLICE_X219Y480 is prohibited due to Sites belong to FSR edge tile CLEL_R_X138Y480 of Pblock pblock_CL
INFO: [Constraints 18-12184] Site SLICE_X220Y480 is prohibited due to Sites belong to FSR edge tile CLEM_X139Y480 of Pblock pblock_CL
INFO: [Constraints 18-12184] Site SLICE_X221Y480 is prohibited due to Sites belong to FSR edge tile CLEL_R_X140Y480 of Pblock pblock_CL
INFO: [Constraints 18-12184] Site SLICE_X222Y480 is prohibited due to Sites belong to FSR edge tile CLEM_R_X141Y480 of Pblock pblock_CL
INFO: [Constraints 18-12184] Site SLICE_X223Y480 is prohibited due to Sites belong to FSR edge tile CLEL_R_X141Y480 of Pblock pblock_CL
INFO: [Constraints 18-12184] Site SLICE_X224Y480 is prohibited due to Sites belong to FSR edge tile CLEL_R_X142Y480 of Pblock pblock_CL
INFO: [Constraints 18-12184] Site SLICE_X227Y480 is prohibited due to Sites belong to FSR edge tile CLEM_R_X144Y480 of Pblock pblock_CL
INFO: [Constraints 18-12184] Site SLICE_X228Y480 is prohibited due to Sites belong to FSR edge tile CLEL_R_X144Y480 of Pblock pblock_CL
INFO: [Constraints 18-12184] Site SLICE_X229Y480 is prohibited due to Sites belong to FSR edge tile CLEM_R_X145Y480 of Pblock pblock_CL
INFO: [Constraints 18-12184] Site SLICE_X230Y480 is prohibited due to Sites belong to FSR edge tile CLEM_R_X146Y480 of Pblock pblock_CL
INFO: [Constraints 18-12184] Site SLICE_X231Y480 is prohibited due to Sites belong to FSR edge tile CLEL_R_X146Y480 of Pblock pblock_CL
INFO: [Constraints 18-12184] Site SLICE_X232Y480 is prohibited due to Sites belong to FSR edge tile CLEM_R_X147Y480 of Pblock pblock_CL
INFO: [Constraints 18-12184] Site SLICE_X176Y119 is prohibited due to Sites belong to FSR edge tile CLEM_X112Y119 of Pblock pblock_CL
INFO: [Constraints 18-12184] Site SLICE_X177Y119 is prohibited due to Sites belong to FSR edge tile CLEL_R_X112Y119 of Pblock pblock_CL
INFO: [Constraints 18-12184] Site SLICE_X178Y119 is prohibited due to Sites belong to FSR edge tile CLEL_R_X113Y119 of Pblock pblock_CL
INFO: [Constraints 18-12184] Site SLICE_X179Y119 is prohibited due to Sites belong to FSR edge tile CLEM_X114Y119 of Pblock pblock_CL
INFO: [Constraints 18-12184] Site SLICE_X180Y119 is prohibited due to Sites belong to FSR edge tile CLEM_X115Y119 of Pblock pblock_CL
INFO: [Constraints 18-12184] Site SLICE_X181Y119 is prohibited due to Sites belong to FSR edge tile CLEL_R_X115Y119 of Pblock pblock_CL
INFO: [Constraints 18-12184] Site SLICE_X182Y119 is prohibited due to Sites belong to FSR edge tile CLEM_X116Y119 of Pblock pblock_CL
INFO: [Constraints 18-12184] Site SLICE_X183Y119 is prohibited due to Sites belong to FSR edge tile CLEL_R_X116Y119 of Pblock pblock_CL
INFO: [Constraints 18-12184] Site SLICE_X184Y119 is prohibited due to Sites belong to FSR edge tile CLEM_X117Y119 of Pblock pblock_CL
INFO: [Constraints 18-12184] Site SLICE_X185Y119 is prohibited due to Sites belong to FSR edge tile CLEL_R_X118Y119 of Pblock pblock_CL
INFO: [Constraints 18-12184] Site SLICE_X186Y119 is prohibited due to Sites belong to FSR edge tile CLEM_X119Y119 of Pblock pblock_CL
INFO: [Constraints 18-12184] Site SLICE_X187Y119 is prohibited due to Sites belong to FSR edge tile CLEM_X120Y119 of Pblock pblock_CL
INFO: [Constraints 18-12184] Site SLICE_X188Y119 is prohibited due to Sites belong to FSR edge tile CLEL_R_X120Y119 of Pblock pblock_CL
INFO: [Constraints 18-12184] Site SLICE_X189Y119 is prohibited due to Sites belong to FSR edge tile CLEL_L_X121Y119 of Pblock pblock_CL
INFO: [Constraints 18-12184] Site SLICE_X190Y119 is prohibited due to Sites belong to FSR edge tile CLEL_R_X121Y119 of Pblock pblock_CL
INFO: [Constraints 18-12184] Site SLICE_X191Y119 is prohibited due to Sites belong to FSR edge tile CLEM_X122Y119 of Pblock pblock_CL
INFO: [Constraints 18-12184] Site SLICE_X192Y119 is prohibited due to Sites belong to FSR edge tile CLEM_X123Y119 of Pblock pblock_CL
INFO: [Constraints 18-12184] Site SLICE_X193Y119 is prohibited due to Sites belong to FSR edge tile CLEL_R_X123Y119 of Pblock pblock_CL
INFO: [Constraints 18-12184] Site SLICE_X194Y119 is prohibited due to Sites belong to FSR edge tile CLEM_X124Y119 of Pblock pblock_CL
INFO: [Constraints 18-12184] Site SLICE_X195Y119 is prohibited due to Sites belong to FSR edge tile CLEL_R_X124Y119 of Pblock pblock_CL
INFO: [Constraints 18-12184] Site SLICE_X196Y119 is prohibited due to Sites belong to FSR edge tile CLEM_X125Y119 of Pblock pblock_CL
INFO: [Constraints 18-12184] Site SLICE_X197Y119 is prohibited due to Sites belong to FSR edge tile CLEM_X126Y119 of Pblock pblock_CL
INFO: [Constraints 18-12184] Site SLICE_X198Y119 is prohibited due to Sites belong to FSR edge tile CLEL_R_X126Y119 of Pblock pblock_CL
INFO: [Constraints 18-12184] Site SLICE_X199Y119 is prohibited due to Sites belong to FSR edge tile CLEL_L_X127Y119 of Pblock pblock_CL
INFO: [Constraints 18-12184] Site SLICE_X200Y119 is prohibited due to Sites belong to FSR edge tile CLEL_R_X127Y119 of Pblock pblock_CL
INFO: [Constraints 18-12184] Site SLICE_X201Y119 is prohibited due to Sites belong to FSR edge tile CLEM_X128Y119 of Pblock pblock_CL
INFO: [Constraints 18-12184] Site SLICE_X202Y119 is prohibited due to Sites belong to FSR edge tile CLEL_R_X128Y119 of Pblock pblock_CL
INFO: [Constraints 18-12184] Site SLICE_X203Y119 is prohibited due to Sites belong to FSR edge tile CLEL_L_X129Y119 of Pblock pblock_CL
INFO: [Constraints 18-12184] Site SLICE_X204Y119 is prohibited due to Sites belong to FSR edge tile CLEL_R_X129Y119 of Pblock pblock_CL
INFO: [Constraints 18-12184] Site SLICE_X205Y119 is prohibited due to Sites belong to FSR edge tile CLEM_X130Y119 of Pblock pblock_CL
INFO: [Constraints 18-12184] Site SLICE_X206Y119 is prohibited due to Sites belong to FSR edge tile CLEM_X131Y119 of Pblock pblock_CL
INFO: [Constraints 18-12184] Site SLICE_X207Y119 is prohibited due to Sites belong to FSR edge tile CLEL_R_X131Y119 of Pblock pblock_CL
INFO: [Constraints 18-12184] Site SLICE_X208Y119 is prohibited due to Sites belong to FSR edge tile CLEM_X132Y119 of Pblock pblock_CL
INFO: [Constraints 18-12184] Site SLICE_X209Y119 is prohibited due to Sites belong to FSR edge tile CLEL_R_X132Y119 of Pblock pblock_CL
INFO: [Constraints 18-12184] Site SLICE_X210Y119 is prohibited due to Sites belong to FSR edge tile CLEM_X133Y119 of Pblock pblock_CL
INFO: [Constraints 18-12184] Site SLICE_X211Y119 is prohibited due to Sites belong to FSR edge tile CLEL_R_X133Y119 of Pblock pblock_CL
INFO: [Constraints 18-12184] Site SLICE_X212Y119 is prohibited due to Sites belong to FSR edge tile CLEM_X134Y119 of Pblock pblock_CL
INFO: [Constraints 18-12184] Site SLICE_X213Y119 is prohibited due to Sites belong to FSR edge tile CLEL_R_X134Y119 of Pblock pblock_CL
INFO: [Constraints 18-12184] Site SLICE_X214Y119 is prohibited due to Sites belong to FSR edge tile CLEM_X135Y119 of Pblock pblock_CL
INFO: [Constraints 18-12184] Site SLICE_X215Y119 is prohibited due to Sites belong to FSR edge tile CLEL_R_X135Y119 of Pblock pblock_CL
INFO: [Constraints 18-12184] Site SLICE_X216Y119 is prohibited due to Sites belong to FSR edge tile CLEM_X136Y119 of Pblock pblock_CL
INFO: [Constraints 18-12184] Site SLICE_X217Y119 is prohibited due to Sites belong to FSR edge tile CLEM_X137Y119 of Pblock pblock_CL
INFO: [Constraints 18-12184] Site SLICE_X218Y119 is prohibited due to Sites belong to FSR edge tile CLEL_R_X137Y119 of Pblock pblock_CL
INFO: [Constraints 18-12184] Site SLICE_X219Y119 is prohibited due to Sites belong to FSR edge tile CLEL_R_X138Y119 of Pblock pblock_CL
INFO: [Constraints 18-12184] Site SLICE_X221Y119 is prohibited due to Sites belong to FSR edge tile CLEL_R_X140Y119 of Pblock pblock_CL
INFO: [Constraints 18-12184] Site SLICE_X222Y119 is prohibited due to Sites belong to FSR edge tile CLEM_R_X141Y119 of Pblock pblock_CL
INFO: [Constraints 18-12184] Site SLICE_X223Y119 is prohibited due to Sites belong to FSR edge tile CLEL_R_X141Y119 of Pblock pblock_CL
INFO: [Constraints 18-12184] Site SLICE_X224Y119 is prohibited due to Sites belong to FSR edge tile CLEL_R_X142Y119 of Pblock pblock_CL
INFO: [Constraints 18-12184] Site SLICE_X225Y119 is prohibited due to Sites belong to FSR edge tile CLEM_R_X143Y119 of Pblock pblock_CL
INFO: [Constraints 18-12184] Site SLICE_X226Y119 is prohibited due to Sites belong to FSR edge tile CLEL_R_X143Y119 of Pblock pblock_CL
INFO: [Constraints 18-12184] Site SLICE_X227Y119 is prohibited due to Sites belong to FSR edge tile CLEM_R_X144Y119 of Pblock pblock_CL
INFO: [Common 17-14] Message 'Constraints 18-12184' appears 100 times and further instances of the messages will be disabled. Use the Tcl command set_msg_config to change the current settings.
INFO: [Place 30-746] Post Placement Timing Summary WNS=-0.078. For the most accurate timing information please run report_timing.
Netlist sorting complete. Time (s): cpu = 00:00:00.04 ; elapsed = 00:00:00.04 . Memory (MB): peak = 13935.867 ; gain = 0.000 ; free physical = 43878 ; free virtual = 60443
Ending IncrPlace Task | Checksum: da142fae

Time (s): cpu = 00:01:35 ; elapsed = 00:01:16 . Memory (MB): peak = 13935.867 ; gain = 32.016 ; free physical = 43878 ; free virtual = 60443
Phase 12 Incr Placement Change | Checksum: da142fae

Time (s): cpu = 00:29:19 ; elapsed = 00:18:38 . Memory (MB): peak = 13935.867 ; gain = 6815.637 ; free physical = 43878 ; free virtual = 60443

Phase 13 Build RT Design
Checksum: PlaceDB: 1b6f9b47 ConstDB: 0 ShapeSum: f92e8e7 RouteDB: af11ab80
INFO: [Route 35-375] Restored and blocked 360 bleed over nodes.
Post Restoration Checksum: NetGraph: 2d031f92 | NumContArr: 3df59de6 | Constraints: a7de1602 | Timing: c2a8fa9d
Phase 13 Build RT Design | Checksum: 1d57fce17

Time (s): cpu = 00:29:54 ; elapsed = 00:18:50 . Memory (MB): peak = 13935.867 ; gain = 6815.637 ; free physical = 43882 ; free virtual = 60447

Phase 14 Router Initialization

Phase 14.1 Fix Topology Constraints
Phase 14.1 Fix Topology Constraints | Checksum: 1d57fce17

Time (s): cpu = 00:29:56 ; elapsed = 00:18:51 . Memory (MB): peak = 13935.867 ; gain = 6815.637 ; free physical = 43882 ; free virtual = 60447

Phase 14.2 Pre Route Cleanup
Phase 14.2 Pre Route Cleanup | Checksum: 250ab8a2b

Time (s): cpu = 00:29:58 ; elapsed = 00:18:52 . Memory (MB): peak = 13935.867 ; gain = 6815.637 ; free physical = 43882 ; free virtual = 60447

Phase 14.3 Global Clock Net Routing
 Number of Nodes with overlaps = 0
Phase 14.3 Global Clock Net Routing | Checksum: 299b5ae42

Time (s): cpu = 00:30:13 ; elapsed = 00:18:56 . Memory (MB): peak = 13935.867 ; gain = 6815.637 ; free physical = 43884 ; free virtual = 60450

Phase 14.4 Update Timing
Phase 14.4 Update Timing | Checksum: 2361ab7d9

Time (s): cpu = 00:30:27 ; elapsed = 00:19:01 . Memory (MB): peak = 13935.867 ; gain = 6815.637 ; free physical = 43884 ; free virtual = 60450
INFO: [Route 35-416] Intermediate Timing Summary | WNS=-0.081 | TNS=-0.081 | WHS=0.025  | THS=0.000  |


Router Utilization Summary
  Global Vertical Routing Utilization    = 0.429208 %
  Global Horizontal Routing Utilization  = 0.491405 %
  Routable Net Status*
  *Does not include unroutable nets such as driverless and loadless.
  Run report_route_status for detailed report.
  Number of Failed Nets               = 118
    (Failed Nets is the sum of unrouted and partially routed nets)
  Number of Unrouted Nets             = 5
  Number of Partially Routed Nets     = 113
  Number of Node Overlaps             = 0

Phase 14 Router Initialization | Checksum: 282bf5148

Time (s): cpu = 00:30:56 ; elapsed = 00:19:09 . Memory (MB): peak = 13935.867 ; gain = 6815.637 ; free physical = 43884 ; free virtual = 60450

Phase 15 Global Routing
Phase 15 Global Routing | Checksum: 282bf5148

Time (s): cpu = 00:30:58 ; elapsed = 00:19:10 . Memory (MB): peak = 13935.867 ; gain = 6815.637 ; free physical = 43884 ; free virtual = 60450

Phase 16 Initial Routing

Phase 16.1 Initial Net Routing Pass
Phase 16.1 Initial Net Routing Pass | Checksum: 1b648b10f

Time (s): cpu = 00:31:13 ; elapsed = 00:19:14 . Memory (MB): peak = 13935.867 ; gain = 6815.637 ; free physical = 43884 ; free virtual = 60450
Phase 16 Initial Routing | Checksum: 1fd229b8c

Time (s): cpu = 00:31:15 ; elapsed = 00:19:15 . Memory (MB): peak = 13935.867 ; gain = 6815.637 ; free physical = 43884 ; free virtual = 60450

Phase 17 Rip-up And Reroute

Phase 17.1 Global Iteration 0
 Number of Nodes with overlaps = 977
 Number of Nodes with overlaps = 398
 Number of Nodes with overlaps = 179
 Number of Nodes with overlaps = 46
 Number of Nodes with overlaps = 24
 Number of Nodes with overlaps = 12
 Number of Nodes with overlaps = 10
 Number of Nodes with overlaps = 7
 Number of Nodes with overlaps = 7
 Number of Nodes with overlaps = 4
 Number of Nodes with overlaps = 3
 Number of Nodes with overlaps = 4
 Number of Nodes with overlaps = 2
 Number of Nodes with overlaps = 2
 Number of Nodes with overlaps = 2
 Number of Nodes with overlaps = 1
 Number of Nodes with overlaps = 1
 Number of Nodes with overlaps = 0
INFO: [Route 35-416] Intermediate Timing Summary | WNS=-0.401 | TNS=-0.401 | WHS=0.011  | THS=0.000  |

Phase 17.1 Global Iteration 0 | Checksum: 2d83cd399

Time (s): cpu = 00:32:51 ; elapsed = 00:20:09 . Memory (MB): peak = 13935.867 ; gain = 6815.637 ; free physical = 43884 ; free virtual = 60450

Phase 17.2 Global Iteration 1
 Number of Nodes with overlaps = 136
 Number of Nodes with overlaps = 43
 Number of Nodes with overlaps = 27
 Number of Nodes with overlaps = 26
 Number of Nodes with overlaps = 19
 Number of Nodes with overlaps = 11
 Number of Nodes with overlaps = 8
 Number of Nodes with overlaps = 7
 Number of Nodes with overlaps = 7
 Number of Nodes with overlaps = 7
 Number of Nodes with overlaps = 3
 Number of Nodes with overlaps = 3
 Number of Nodes with overlaps = 3
 Number of Nodes with overlaps = 2
 Number of Nodes with overlaps = 2
 Number of Nodes with overlaps = 1
 Number of Nodes with overlaps = 0
INFO: [Route 35-416] Intermediate Timing Summary | WNS=-0.196 | TNS=-0.196 | WHS=N/A    | THS=N/A    |

Phase 17.2 Global Iteration 1 | Checksum: 195b16aaa

Time (s): cpu = 00:34:19 ; elapsed = 00:21:21 . Memory (MB): peak = 13935.867 ; gain = 6815.637 ; free physical = 43899 ; free virtual = 60465

Phase 17.3 Global Iteration 2
 Number of Nodes with overlaps = 231
 Number of Nodes with overlaps = 74
 Number of Nodes with overlaps = 48
 Number of Nodes with overlaps = 35
 Number of Nodes with overlaps = 28
 Number of Nodes with overlaps = 22
 Number of Nodes with overlaps = 11
 Number of Nodes with overlaps = 6
 Number of Nodes with overlaps = 4
 Number of Nodes with overlaps = 2
 Number of Nodes with overlaps = 0
INFO: [Route 35-416] Intermediate Timing Summary | WNS=-0.116 | TNS=-0.116 | WHS=N/A    | THS=N/A    |

Phase 17.3 Global Iteration 2 | Checksum: 2fa33e1d9

Time (s): cpu = 00:35:06 ; elapsed = 00:21:54 . Memory (MB): peak = 13935.867 ; gain = 6815.637 ; free physical = 43898 ; free virtual = 60463

Phase 17.4 Global Iteration 3
 Number of Nodes with overlaps = 351
 Number of Nodes with overlaps = 96
 Number of Nodes with overlaps = 67
 Number of Nodes with overlaps = 55
 Number of Nodes with overlaps = 56
 Number of Nodes with overlaps = 51
 Number of Nodes with overlaps = 35
 Number of Nodes with overlaps = 36
 Number of Nodes with overlaps = 35
 Number of Nodes with overlaps = 42
 Number of Nodes with overlaps = 24
 Number of Nodes with overlaps = 24
 Number of Nodes with overlaps = 14
 Number of Nodes with overlaps = 9
 Number of Nodes with overlaps = 10
 Number of Nodes with overlaps = 6
 Number of Nodes with overlaps = 7
 Number of Nodes with overlaps = 7
 Number of Nodes with overlaps = 5
 Number of Nodes with overlaps = 2
 Number of Nodes with overlaps = 1
 Number of Nodes with overlaps = 1
 Number of Nodes with overlaps = 2
 Number of Nodes with overlaps = 1
 Number of Nodes with overlaps = 1
 Number of Nodes with overlaps = 1
 Number of Nodes with overlaps = 0
INFO: [Route 35-416] Intermediate Timing Summary | WNS=-0.070 | TNS=-0.070 | WHS=N/A    | THS=N/A    |

Phase 17.4 Global Iteration 3 | Checksum: 25b050066

Time (s): cpu = 00:37:19 ; elapsed = 00:23:34 . Memory (MB): peak = 13935.867 ; gain = 6815.637 ; free physical = 43894 ; free virtual = 60460

Phase 17.5 Global Iteration 4
 Number of Nodes with overlaps = 241
 Number of Nodes with overlaps = 90
 Number of Nodes with overlaps = 69
 Number of Nodes with overlaps = 41
 Number of Nodes with overlaps = 20
 Number of Nodes with overlaps = 21
 Number of Nodes with overlaps = 12
 Number of Nodes with overlaps = 14
 Number of Nodes with overlaps = 12
 Number of Nodes with overlaps = 12
 Number of Nodes with overlaps = 11
 Number of Nodes with overlaps = 16
 Number of Nodes with overlaps = 9
 Number of Nodes with overlaps = 8
 Number of Nodes with overlaps = 7
 Number of Nodes with overlaps = 5
 Number of Nodes with overlaps = 5
 Number of Nodes with overlaps = 5
 Number of Nodes with overlaps = 3
 Number of Nodes with overlaps = 4
 Number of Nodes with overlaps = 5
 Number of Nodes with overlaps = 1
 Number of Nodes with overlaps = 1
 Number of Nodes with overlaps = 1
 Number of Nodes with overlaps = 2
 Number of Nodes with overlaps = 1
 Number of Nodes with overlaps = 1
 Number of Nodes with overlaps = 1
 Number of Nodes with overlaps = 1
 Number of Nodes with overlaps = 0
INFO: [Route 35-416] Intermediate Timing Summary | WNS=-0.053 | TNS=-0.053 | WHS=N/A    | THS=N/A    |

Phase 17.5 Global Iteration 4 | Checksum: 16d04cee6

Time (s): cpu = 00:39:43 ; elapsed = 00:25:30 . Memory (MB): peak = 13935.867 ; gain = 6815.637 ; free physical = 43892 ; free virtual = 60458

Phase 17.6 Global Iteration 5
 Number of Nodes with overlaps = 487
 Number of Nodes with overlaps = 77
 Number of Nodes with overlaps = 43
 Number of Nodes with overlaps = 27
 Number of Nodes with overlaps = 21
 Number of Nodes with overlaps = 13
 Number of Nodes with overlaps = 7
 Number of Nodes with overlaps = 6
 Number of Nodes with overlaps = 3
 Number of Nodes with overlaps = 2
 Number of Nodes with overlaps = 1
 Number of Nodes with overlaps = 2
 Number of Nodes with overlaps = 1
 Number of Nodes with overlaps = 1
 Number of Nodes with overlaps = 1
 Number of Nodes with overlaps = 1
 Number of Nodes with overlaps = 2
 Number of Nodes with overlaps = 0
INFO: [Route 35-416] Intermediate Timing Summary | WNS=-0.190 | TNS=-0.190 | WHS=N/A    | THS=N/A    |

Phase 17.6 Global Iteration 5 | Checksum: aff20c14

Time (s): cpu = 00:41:09 ; elapsed = 00:26:37 . Memory (MB): peak = 13935.867 ; gain = 6815.637 ; free physical = 43916 ; free virtual = 60482
Phase 17 Rip-up And Reroute | Checksum: aff20c14

Time (s): cpu = 00:41:10 ; elapsed = 00:26:38 . Memory (MB): peak = 13935.867 ; gain = 6815.637 ; free physical = 43916 ; free virtual = 60482

Phase 18 Delay and Skew Optimization

Phase 18.1 TNS Cleanup

Phase 18.1.1 Delay CleanUp
INFO: [Route 35-416] Intermediate Timing Summary | WNS=-0.053 | TNS=-0.053 | WHS=0.011  | THS=0.000  |

INFO: [Route 35-416] Intermediate Timing Summary | WNS=-0.053 | TNS=-0.053 | WHS=0.011  | THS=0.000  |

 Number of Nodes with overlaps = 0
INFO: [Route 35-416] Intermediate Timing Summary | WNS=-0.053 | TNS=-0.053 | WHS=0.011  | THS=0.000  |

Phase 18.1.1 Delay CleanUp | Checksum: 1cebe4042

Time (s): cpu = 00:41:25 ; elapsed = 00:26:42 . Memory (MB): peak = 13935.867 ; gain = 6815.637 ; free physical = 43916 ; free virtual = 60482
Phase 18.1 TNS Cleanup | Checksum: 1cebe4042

Time (s): cpu = 00:41:27 ; elapsed = 00:26:43 . Memory (MB): peak = 13935.867 ; gain = 6815.637 ; free physical = 43916 ; free virtual = 60482

Phase 18.2 Clock Skew Optimization
Phase 18.2 Clock Skew Optimization | Checksum: 1cebe4042

Time (s): cpu = 00:41:29 ; elapsed = 00:26:44 . Memory (MB): peak = 13935.867 ; gain = 6815.637 ; free physical = 43916 ; free virtual = 60482
Phase 18 Delay and Skew Optimization | Checksum: 1cebe4042

Time (s): cpu = 00:41:31 ; elapsed = 00:26:45 . Memory (MB): peak = 13935.867 ; gain = 6815.637 ; free physical = 43916 ; free virtual = 60482

Phase 19 Post Hold Fix

Phase 19.1 Hold Fix Iter
INFO: [Route 35-416] Intermediate Timing Summary | WNS=-0.053 | TNS=-0.053 | WHS=0.011  | THS=0.000  |

Phase 19.1 Hold Fix Iter | Checksum: 14ae1df4d

Time (s): cpu = 00:41:39 ; elapsed = 00:26:47 . Memory (MB): peak = 13935.867 ; gain = 6815.637 ; free physical = 43916 ; free virtual = 60482
Phase 19 Post Hold Fix | Checksum: 14ae1df4d

Time (s): cpu = 00:41:41 ; elapsed = 00:26:48 . Memory (MB): peak = 13935.867 ; gain = 6815.637 ; free physical = 43916 ; free virtual = 60482

Phase 20 Timing Verification

Phase 20.1 Update Timing
Phase 20.1 Update Timing | Checksum: 15e4c3a41

Time (s): cpu = 00:41:53 ; elapsed = 00:26:51 . Memory (MB): peak = 13935.867 ; gain = 6815.637 ; free physical = 43916 ; free virtual = 60482
INFO: [Route 35-416] Intermediate Timing Summary | WNS=-0.053 | TNS=-0.053 | WHS=0.011  | THS=0.000  |

Phase 20 Timing Verification | Checksum: 15e4c3a41

Time (s): cpu = 00:41:55 ; elapsed = 00:26:52 . Memory (MB): peak = 13935.867 ; gain = 6815.637 ; free physical = 43916 ; free virtual = 60482

Phase 21 Route finalize

Router Utilization Summary
  Global Vertical Routing Utilization    = 0.419358 %
  Global Horizontal Routing Utilization  = 0.485083 %
  Routable Net Status*
  *Does not include unroutable nets such as driverless and loadless.
  Run report_route_status for detailed report.
  Number of Failed Nets               = 0
    (Failed Nets is the sum of unrouted and partially routed nets)
  Number of Unrouted Nets             = 0
  Number of Partially Routed Nets     = 0
  Number of Node Overlaps             = 0


--GLOBAL Congestion:
Utilization threshold used for congestion level computation: 0.85
Congestion Report
North Dir 1x1 Area, Max Cong = 62.4413%, No Congested Regions.
South Dir 1x1 Area, Max Cong = 86.2559%, Congestion bounded by tiles (Lower Left Tile -> Upper Right Tile):
   INT_X96Y349 -> INT_X96Y349
East Dir 1x1 Area, Max Cong = 79.0698%, No Congested Regions.
West Dir 1x1 Area, Max Cong = 77.8846%, No Congested Regions.

------------------------------
Reporting congestion hotspots
------------------------------
Direction: North
----------------
Congested clusters found at Level 0
Effective congestion level: 0 Aspect Ratio: 1 Sparse Ratio: 0
Direction: South
----------------
Congested clusters found at Level 0
Effective congestion level: 1 Aspect Ratio: 0.5 Sparse Ratio: 0.5
Direction: East
----------------
Congested clusters found at Level 0
Effective congestion level: 0 Aspect Ratio: 1 Sparse Ratio: 0
Direction: West
----------------
Congested clusters found at Level 0
Effective congestion level: 0 Aspect Ratio: 1 Sparse Ratio: 0

Phase 21 Route finalize | Checksum: 15e4c3a41

Time (s): cpu = 00:42:01 ; elapsed = 00:26:54 . Memory (MB): peak = 13935.867 ; gain = 6815.637 ; free physical = 43916 ; free virtual = 60482

Phase 22 Verifying routed nets

 Verification completed successfully
Phase 22 Verifying routed nets | Checksum: 15e4c3a41

Time (s): cpu = 00:42:03 ; elapsed = 00:26:55 . Memory (MB): peak = 13935.867 ; gain = 6815.637 ; free physical = 43916 ; free virtual = 60482

Phase 23 Depositing Routes
Phase 23 Depositing Routes | Checksum: 15e4c3a41

Time (s): cpu = 00:42:11 ; elapsed = 00:26:59 . Memory (MB): peak = 13935.867 ; gain = 6815.637 ; free physical = 43916 ; free virtual = 60482
INFO: [Route 72-16] Aggressive Explore Summary
+======+========+=====+=======+=====+========+==============+===================+
| Pass |  WNS   | TNS |  WHS  | THS | Status | Elapsed Time | Solution Selected |
+======+========+=====+=======+=====+========+==============+===================+
|  1   | -0.129 |  -  | 0.011 |  -  |  Pass  |   00:17:02   |                   |
|  2   | -0.053 |  -  | 0.011 |  -  |  Pass  |   00:08:08   |         x         |
+------+--------+-----+-------+-----+--------+--------------+-------------------+


Phase 24 Leaf Clock Prog Delay Opt

Phase 24.1 Optimize Skews

Phase 24.1.1 Leaf ClockOpt Init
Phase 24.1.1 Leaf ClockOpt Init | Checksum: 1d0d6ec7e

Time (s): cpu = 00:42:25 ; elapsed = 00:27:03 . Memory (MB): peak = 13935.867 ; gain = 6815.637 ; free physical = 43916 ; free virtual = 60482
Phase 24.1 Optimize Skews | Checksum: 2642e99fe

Time (s): cpu = 00:42:27 ; elapsed = 00:27:04 . Memory (MB): peak = 13935.867 ; gain = 6815.637 ; free physical = 43916 ; free virtual = 60482

Phase 24.2 Post SkewOpt Delay Cleanup

Phase 24.2.1 Delay CleanUp
INFO: [Route 35-416] Intermediate Timing Summary | WNS=0.054  | TNS=0.000  | WHS=0.011  | THS=0.000  |

INFO: [Route 35-416] Intermediate Timing Summary | WNS=0.054  | TNS=0.000  | WHS=0.011  | THS=0.000  |

Phase 24.2.1 Delay CleanUp | Checksum: 2be9ee49f

Time (s): cpu = 00:42:40 ; elapsed = 00:27:08 . Memory (MB): peak = 13935.867 ; gain = 6815.637 ; free physical = 43916 ; free virtual = 60482
Phase 24.2 Post SkewOpt Delay Cleanup | Checksum: 2be9ee49f

Time (s): cpu = 00:42:42 ; elapsed = 00:27:08 . Memory (MB): peak = 13935.867 ; gain = 6815.637 ; free physical = 43916 ; free virtual = 60482

Phase 24.3 Post SkewOpt Hold Fix

Phase 24.3.1 Hold Fix Iter
INFO: [Route 35-416] Intermediate Timing Summary | WNS=0.054  | TNS=0.000  | WHS=0.011  | THS=0.000  |

Phase 24.3.1 Hold Fix Iter | Checksum: 1d6269070

Time (s): cpu = 00:42:50 ; elapsed = 00:27:11 . Memory (MB): peak = 13935.867 ; gain = 6815.637 ; free physical = 43916 ; free virtual = 60482
Phase 24.3 Post SkewOpt Hold Fix | Checksum: 247c92912

Time (s): cpu = 00:42:52 ; elapsed = 00:27:11 . Memory (MB): peak = 13935.867 ; gain = 6815.637 ; free physical = 43916 ; free virtual = 60482
Phase 24 Leaf Clock Prog Delay Opt | Checksum: 264cc475b

Time (s): cpu = 00:43:00 ; elapsed = 00:27:14 . Memory (MB): peak = 13935.867 ; gain = 6815.637 ; free physical = 43916 ; free virtual = 60482

Phase 25 Depositing Routes
Phase 25 Depositing Routes | Checksum: 264cc475b

Time (s): cpu = 00:43:07 ; elapsed = 00:27:17 . Memory (MB): peak = 13935.867 ; gain = 6815.637 ; free physical = 43916 ; free virtual = 60482

Phase 26 Resolve XTalk
Phase 26 Resolve XTalk | Checksum: 264cc475b

Time (s): cpu = 00:43:09 ; elapsed = 00:27:18 . Memory (MB): peak = 13935.867 ; gain = 6815.637 ; free physical = 43916 ; free virtual = 60482

Phase 27 Post Process Routing
Phase 27 Post Process Routing | Checksum: 264cc475b

Time (s): cpu = 00:43:12 ; elapsed = 00:27:19 . Memory (MB): peak = 13935.867 ; gain = 6815.637 ; free physical = 43916 ; free virtual = 60482

Phase 28 Post Router Timing
INFO: [Route 35-20] Post Routing Timing Summary | WNS=0.060  | TNS=0.000  | WHS=0.011  | THS=0.000  |

Phase 28 Post Router Timing | Checksum: 23fa48c1c

Time (s): cpu = 00:43:41 ; elapsed = 00:27:25 . Memory (MB): peak = 13935.867 ; gain = 6815.637 ; free physical = 43916 ; free virtual = 60482
Skip laguna hold fix in PhysOpt in Router as non-negative WHS value: 1.08589e-11 .
Time taken to check if laguna hold fix is required (in secs): 0
Skip PhysOpt in Router because non-negative WNS value: 6.01279e-11 .

Phase 29 Route finalize
Phase 29 Route finalize | Checksum: 23fa48c1c

Time (s): cpu = 00:43:43 ; elapsed = 00:27:26 . Memory (MB): peak = 13935.867 ; gain = 6815.637 ; free physical = 43916 ; free virtual = 60482
INFO: [Route 35-61] The design met the timing requirement.
Total Elapsed time in route_design: 1645.8 secs

Phase 30 Post-Route Event Processing
INFO: [Constraints 18-12546] INFO: Running DFX DRC before completing route_design
INFO: [Constraints 18-12545] INFO: DFX DRC finished with 0 Errors
Phase 30 Post-Route Event Processing | Checksum: 1135e0053

Time (s): cpu = 00:44:01 ; elapsed = 00:27:43 . Memory (MB): peak = 13935.867 ; gain = 6815.637 ; free physical = 43915 ; free virtual = 60481
INFO: [Route 35-16] Router Completed Successfully
Ending Routing Task | Checksum: 1135e0053

Time (s): cpu = 00:44:02 ; elapsed = 00:27:43 . Memory (MB): peak = 13935.867 ; gain = 6815.637 ; free physical = 43915 ; free virtual = 60481

Routing Is Done.
INFO: [Common 17-83] Releasing license: Implementation
150 Infos, 2 Warnings, 0 Critical Warnings and 0 Errors encountered.
route_design completed successfully
route_design: Time (s): cpu = 00:44:15 ; elapsed = 00:27:51 . Memory (MB): peak = 13935.867 ; gain = 6815.637 ; free physical = 43915 ; free virtual = 60481
## print "Writing post-route design checkpoint and report"

AWS FPGA: (22:35:06): Writing post-route design checkpoint and report

WARNING: [Timing 38-164] This design has multiple clocks. Inter clock paths are considered valid unless explicitly excluded by timing constraints such as set_clock_groups or set_false_path.
WARNING: [Vivado 12-975] No timing paths matched 'get_timing_paths -max_paths 1 -slack_lesser_than 0 -setup'.
WARNING: [Timing 38-164] This design has multiple clocks. Inter clock paths are considered valid unless explicitly excluded by timing constraints such as set_clock_groups or set_false_path.
WARNING: [Vivado 12-975] No timing paths matched 'get_timing_paths -max_paths 1 -slack_lesser_than 0 -hold'.

AWS FPGA: (22:35:06): Checking the negative slack path of the existing design


AWS FPGA: (22:35:06): SUCCESS: Design has no negative slack path

## set failPath [check_timing_path]
## if {$failPath>0} {
##     write_checkpoint -force ${checkpoints_dir}/${CL}.${TAG}.post_route.VIOLATED.dcp
## } else {
##     write_checkpoint -force ${checkpoints_dir}/${CL}.${TAG}.post_route.dcp
## }
INFO: [Timing 38-480] Writing timing data to binary archive.
Write ShapeDB Complete: Time (s): cpu = 00:00:00.43 ; elapsed = 00:00:00.08 . Memory (MB): peak = 13935.867 ; gain = 0.000 ; free physical = 43899 ; free virtual = 60486
Wrote PlaceDB: Time (s): cpu = 00:00:06 ; elapsed = 00:00:02 . Memory (MB): peak = 13935.867 ; gain = 0.000 ; free physical = 43833 ; free virtual = 60471
Wrote PulsedLatchDB: Time (s): cpu = 00:00:00 ; elapsed = 00:00:00 . Memory (MB): peak = 13935.867 ; gain = 0.000 ; free physical = 43833 ; free virtual = 60471
Writing XDEF routing.
Writing XDEF routing logical nets.
Writing XDEF routing special nets.
Wrote RouteStorage: Time (s): cpu = 00:00:01 ; elapsed = 00:00:00.37 . Memory (MB): peak = 13935.867 ; gain = 0.000 ; free physical = 43829 ; free virtual = 60478
Wrote Netlist Cache: Time (s): cpu = 00:00:00.06 ; elapsed = 00:00:00.06 . Memory (MB): peak = 13935.867 ; gain = 0.000 ; free physical = 43829 ; free virtual = 60482
Wrote Device Cache: Time (s): cpu = 00:00:00.01 ; elapsed = 00:00:00.01 . Memory (MB): peak = 13935.867 ; gain = 0.000 ; free physical = 43827 ; free virtual = 60483
Write Physdb Complete: Time (s): cpu = 00:00:08 ; elapsed = 00:00:02 . Memory (MB): peak = 13935.867 ; gain = 0.000 ; free physical = 43827 ; free virtual = 60483
INFO: [Common 17-1381] The checkpoint '/home/ubuntu/aws-fpga/hdk/cl/developer_designs/cl_minikanren_chirho/build/checkpoints/cl_minikanren_chirho.2026_01_26-213858.post_route.dcp' has been generated.
write_checkpoint: Time (s): cpu = 00:00:10 ; elapsed = 00:00:05 . Memory (MB): peak = 13935.867 ; gain = 0.000 ; free physical = 43844 ; free virtual = 60430
## report_timing -delay_type max \
##               -path_type full_clock_expanded \
##               -max_paths 10 \
##               -nworst 1 \
##               -input_pins \
##               -slice_pins \
##               -sort_by group \
##               -significant_digits 3 \
##               -file ${reports_dir}/${CL}.${TAG}.post_route_timing.rpt
INFO: [Timing 38-78] ReportTimingParams: -max_paths 10 -nworst 1 -delay_type max -sort_by group.
## write_debug_probes -no_partial_ltxfile -force ${checkpoints_dir}/${TAG}.debug_probes.ltx
## print "Finished building design checkpoints for customer design ${CL}"

AWS FPGA: (22:35:11): Finished building design checkpoints for customer design cl_minikanren_chirho

## close_design
INFO: [Common 17-206] Exiting Vivado at Mon Jan 26 22:35:13 2026...
Save the existing to_aws/ to to_aws_backup_2026_01_26-223514/
7c64331290ec2f0015be6d09e4a1f8ad2f5a34a4b47a1cac982c380b8a2dd806  /home/ubuntu/aws-fpga/hdk/cl/developer_designs/cl_minikanren_chirho/build/checkpoints/cl_minikanren_chirho.2026_01_26-213858.post_route.dcp


AWS FPGA: 2026-01-26 22:35:16 - Build completes


AWS FPGA: Build Time = 0:56:17.424647. 

