Copyright 1986-2022 Xilinx, Inc. All Rights Reserved. Copyright 2022-2025 Advanced Micro Devices, Inc. All Rights Reserved.
----------------------------------------------------------------------------------------------------------------------------------------------------------------------------------------------------------------------------------------------------------------------------------------------------------------------
| Tool Version      : Vivado v.2025.1 (lin64) Build 6140274 Wed May 21 22:58:25 MDT 2025
| Date              : Tue Jan 27 12:53:59 2026
| Host              : ip-172-30-0-77.ec2.internal running 64-bit Rocky Linux release 8.10 (Green Obsidian)
| Command           : report_timing -delay_type max -path_type full_clock_expanded -max_paths 10 -nworst 1 -input_pins -slice_pins -sort_by group -significant_digits 3 -file /home/rocky/aws-fpga-f2/hdk/cl/examples/cl_minikanren_chirho/build/reports/cl_minikanren_chirho.2026_01_27-120316.post_route_timing.rpt
| Design            : top
| Device            : xcvu47p-fsvh2892
| Speed File        : -2  PRODUCTION 1.30 05-01-2022
| Design State      : Routed
| Temperature Grade : E
----------------------------------------------------------------------------------------------------------------------------------------------------------------------------------------------------------------------------------------------------------------------------------------------------------------------

Timing Report

Slack (MET) :             0.159ns  (required time - arrival time)
  Source:                 <hidden>
                            (rising edge-triggered cell FDRE clocked by clk_main_a0  {rise@0.000ns fall@2.000ns period=4.000ns})
  Destination:            <hidden>
                            (rising edge-triggered cell FDRE clocked by clk_main_a0  {rise@0.000ns fall@2.000ns period=4.000ns})
  Path Group:             clk_main_a0
  Path Type:              Setup (Max at Slow Process Corner)
  Requirement:            4.000ns  (clk_main_a0 rise@4.000ns - clk_main_a0 rise@0.000ns)
  Data Path Delay:        4.073ns  (logic 1.358ns (33.341%)  route 2.715ns (66.660%))
  Logic Levels:           16  (CARRY8=6 LUT1=1 LUT5=1 LUT6=6 MUXF7=2)
  Clock Path Skew:        0.266ns (DCD - SCD + CPR)
    Destination Clock Delay (DCD):    6.131ns = ( 10.131 - 4.000 ) 
    Source Clock Delay      (SCD):    5.676ns
    Clock Pessimism Removal (CPR):    -0.190ns
  Clock Uncertainty:      0.059ns  ((TSJ^2 + DJ^2)^1/2) / 2 + PE
    Total System Jitter     (TSJ):    0.071ns
    Discrete Jitter          (DJ):    0.094ns
    Phase Error              (PE):    0.000ns
  Clock Net Delay (Source):      2.258ns (routing 0.461ns, distribution 1.797ns)
  Clock Net Delay (Destination): 2.370ns (routing 0.421ns, distribution 1.949ns)

    Location             Delay type                Incr(ns)  Path(ns)    Partition      PBlock               Netlist Resource(s)
  -------------------------------------------------------------------    -------------------------------------------------------
                         (clock clk_main_a0 rise edge)
                                                      0.000     0.000 r                                      
    BJ4                                               0.000     0.000 r  static                              <hidden>
                         net (fo=0)                   0.100     0.100    static                              WRAPPER/IO_SHIM/IBUFDS_CLK_125/I
    HPIOBDIFFINBUF_X0Y130.DIFF_IN_P
                                                                      r  static                              WRAPPER/IO_SHIM/IBUFDS_CLK_125/DIFFINBUF_INST/DIFF_IN_P
    HPIOBDIFFINBUF_X0Y130.O
                         DIFFINBUF (Prop_DIFFINBUF_HPIOBDIFFINBUF_DIFF_IN_P_O)
                                                      0.863     0.963 r  static                              WRAPPER/IO_SHIM/IBUFDS_CLK_125/DIFFINBUF_INST/O
                         net (fo=1, routed)           0.050     1.013    static                              WRAPPER/IO_SHIM/IBUFDS_CLK_125/OUT
    BJ4.I                                                             r  static                              WRAPPER/IO_SHIM/IBUFDS_CLK_125/IBUFCTRL_INST/I
    BJ4.O                IBUFCTRL (Prop_IBUFCTRL_HPIOB_M_I_O)
                                                      0.000     1.013 r  static                              WRAPPER/IO_SHIM/IBUFDS_CLK_125/IBUFCTRL_INST/O
                         net (fo=1, routed)           0.348     1.361    static                              <hidden>
    BUFGCE_X0Y122.I                                                   r  static                              <hidden>
    BUFGCE_X0Y122.O      BUFGCE (Prop_BUFCE_BUFGCE_I_O)
                                                      0.028     1.389 r  static                              <hidden>
                         net (fo=3, routed)           1.883     3.272    static                              <hidden>
    MMCM_X0Y5.CLKIN1                                                  r  static                              <hidden>
    MMCM_X0Y5.CLKOUT0    MMCME4_ADV (Prop_MMCM_CLKIN1_CLKOUT0)
                                                     -0.127     3.145 r  static                              <hidden>
                         net (fo=2, routed)           0.245     3.390    static                              <hidden>
    BUFGCE_X0Y135.I                                                   r  static                              <hidden>
    BUFGCE_X0Y135.O      BUFGCE (Prop_BUFCE_BUFGCE_I_O)
                                                      0.028     3.418 r  static                              <hidden>
    X3Y5 (CLOCK_ROOT)    net (fo=131, routed)         2.258     5.676    boundary                            <hidden>
    SLICE_X149Y331.CLK   FDRE                                         r  reconfigurable pblock_CL            <hidden>
  -------------------------------------------------------------------    -------------------------------------------------------
    SLICE_X149Y331.Q     FDRE (Prop_HFF_SLICEM_C_Q)
                                                      0.079     5.755 r  reconfigurable pblock_CL            <hidden>
                         net (fo=86, routed)          0.204     5.958    reconfigurable                      <hidden>
    SLICE_X149Y330.A6                                                 r  reconfigurable pblock_CL            <hidden>
    SLICE_X149Y330.O6    LUT6 (Prop_H6LUT_SLICEM_I2_O)
                                                      0.039     5.997 f  reconfigurable pblock_CL            <hidden>
                         net (fo=1, routed)           0.014     6.011    reconfigurable                      <hidden>
    SLICE_X149Y330.0                                                  f  reconfigurable pblock_CL            <hidden>
    SLICE_X149Y330.OUT   MUXF7 (Prop_F7MUX_GH_SLICEM_I0_O)
                                                      0.066     6.077 f  reconfigurable pblock_CL            <hidden>
                         net (fo=35, routed)          0.286     6.363    reconfigurable                      <hidden>
    SLICE_X148Y333.A5                                                 f  reconfigurable pblock_CL            <hidden>
    SLICE_X148Y333.O6    LUT1 (Prop_C6LUT_SLICEL_I0_O)
                                                      0.050     6.413 r  reconfigurable pblock_CL            <hidden>
                         net (fo=1, routed)           0.010     6.423    reconfigurable                      <hidden>
    SLICE_X148Y333.S2                                                 r  reconfigurable pblock_CL            <hidden>
    SLICE_X148Y333.O6    CARRY8 (Prop_CARRY8_SLICEL_S[2]_O[6])
                                                      0.184     6.607 r  reconfigurable pblock_CL            <hidden>
                         net (fo=9, routed)           0.472     7.079    reconfigurable                      <hidden>
    SLICE_X155Y332.A5                                                 r  reconfigurable pblock_CL            <hidden>
    SLICE_X155Y332.O6    LUT6 (Prop_C6LUT_SLICEL_I0_O)
                                                      0.050     7.129 r  reconfigurable pblock_CL            <hidden>
                         net (fo=1, routed)           0.010     7.139    reconfigurable                      <hidden>
    SLICE_X155Y332.1                                                  r  reconfigurable pblock_CL            <hidden>
    SLICE_X155Y332.OUT   MUXF7 (Prop_F7MUX_CD_SLICEL_I1_O)
                                                      0.064     7.203 r  reconfigurable pblock_CL            <hidden>
                         net (fo=2, routed)           0.341     7.545    reconfigurable                      <hidden>
    SLICE_X157Y332.A3                                                 r  reconfigurable pblock_CL            <hidden>
    SLICE_X157Y332.O6    LUT6 (Prop_E6LUT_SLICEM_I3_O)
                                                      0.100     7.645 r  reconfigurable pblock_CL            <hidden>
                         net (fo=5, routed)           0.309     7.954    reconfigurable                      <hidden>
    SLICE_X157Y335.FX                                                 r  reconfigurable pblock_CL            <hidden>
    SLICE_X157Y335.CO7   CARRY8 (Prop_CARRY8_SLICEM_DI[5]_CO[7])
                                                      0.088     8.042 r  reconfigurable pblock_CL            <hidden>
                         net (fo=1, routed)           0.026     8.068    reconfigurable                      <hidden>
    SLICE_X157Y336.CIN                                                r  reconfigurable pblock_CL            <hidden>
    SLICE_X157Y336.O6    CARRY8 (Prop_CARRY8_SLICEM_CI_O[6])
                                                      0.103     8.171 f  reconfigurable pblock_CL            <hidden>
                         net (fo=1, routed)           0.360     8.531    reconfigurable                      <hidden>
    SLICE_X156Y338.A1                                                 f  reconfigurable pblock_CL            <hidden>
    SLICE_X156Y338.O6    LUT6 (Prop_F6LUT_SLICEM_I5_O)
                                                      0.148     8.679 r  reconfigurable pblock_CL            <hidden>
                         net (fo=1, routed)           0.022     8.701    reconfigurable                      <hidden>
    SLICE_X156Y338.S5                                                 r  reconfigurable pblock_CL            <hidden>
    SLICE_X156Y338.CO7   CARRY8 (Prop_CARRY8_SLICEM_S[5]_CO[7])
                                                      0.159     8.860 r  reconfigurable pblock_CL            <hidden>
                         net (fo=1, routed)           0.026     8.886    reconfigurable                      <hidden>
    SLICE_X156Y339.CIN                                                r  reconfigurable pblock_CL            <hidden>
    SLICE_X156Y339.CO7   CARRY8 (Prop_CARRY8_SLICEM_CI_CO[7])
                                                      0.015     8.901 r  reconfigurable pblock_CL            <hidden>
                         net (fo=1, routed)           0.026     8.927    reconfigurable                      <hidden>
    SLICE_X156Y340.CIN                                                r  reconfigurable pblock_CL            <hidden>
    SLICE_X156Y340.CO5   CARRY8 (Prop_CARRY8_SLICEM_CI_CO[5])
                                                      0.077     9.004 r  reconfigurable pblock_CL            <hidden>
                         net (fo=1, routed)           0.484     9.488    reconfigurable                      <hidden>
    SLICE_X147Y343.A5                                                 r  reconfigurable pblock_CL            <hidden>
    SLICE_X147Y343.O6    LUT5 (Prop_D6LUT_SLICEL_I3_O)
                                                      0.050     9.538 r  reconfigurable pblock_CL            <hidden>
                         net (fo=1, routed)           0.037     9.575    reconfigurable                      <hidden>
    SLICE_X147Y343.A5                                                 r  reconfigurable pblock_CL            <hidden>
    SLICE_X147Y343.O6    LUT6 (Prop_B6LUT_SLICEL_I4_O)
                                                      0.051     9.626 r  reconfigurable pblock_CL            <hidden>
                         net (fo=1, routed)           0.042     9.668    reconfigurable                      <hidden>
    SLICE_X147Y343.A6                                                 r  reconfigurable pblock_CL            <hidden>
    SLICE_X147Y343.O6    LUT6 (Prop_E6LUT_SLICEL_I4_O)
                                                      0.035     9.703 r  reconfigurable pblock_CL            <hidden>
                         net (fo=1, routed)           0.046     9.749    reconfigurable                      <hidden>
    SLICE_X147Y343.D     FDRE                                         r  reconfigurable pblock_CL            <hidden>
  -------------------------------------------------------------------    -------------------------------------------------------

                         (clock clk_main_a0 rise edge)
                                                      4.000     4.000 r                                      
    BJ4                                               0.000     4.000 r  static                              <hidden>
                         net (fo=0)                   0.079     4.079    static                              WRAPPER/IO_SHIM/IBUFDS_CLK_125/I
    HPIOBDIFFINBUF_X0Y130.DIFF_IN_P
                                                                      r  static                              WRAPPER/IO_SHIM/IBUFDS_CLK_125/DIFFINBUF_INST/DIFF_IN_P
    HPIOBDIFFINBUF_X0Y130.O
                         DIFFINBUF (Prop_DIFFINBUF_HPIOBDIFFINBUF_DIFF_IN_P_O)
                                                      0.750     4.829 r  static                              WRAPPER/IO_SHIM/IBUFDS_CLK_125/DIFFINBUF_INST/O
                         net (fo=1, routed)           0.040     4.869    static                              WRAPPER/IO_SHIM/IBUFDS_CLK_125/OUT
    BJ4.I                                                             r  static                              WRAPPER/IO_SHIM/IBUFDS_CLK_125/IBUFCTRL_INST/I
    BJ4.O                IBUFCTRL (Prop_IBUFCTRL_HPIOB_M_I_O)
                                                      0.000     4.869 r  static                              WRAPPER/IO_SHIM/IBUFDS_CLK_125/IBUFCTRL_INST/O
                         net (fo=1, routed)           0.309     5.178    static                              <hidden>
    BUFGCE_X0Y122.I                                                   r  static                              <hidden>
    BUFGCE_X0Y122.O      BUFGCE (Prop_BUFCE_BUFGCE_I_O)
                                                      0.024     5.202 r  static                              <hidden>
                         net (fo=3, routed)           1.690     6.892    static                              <hidden>
    MMCM_X0Y5.CLKIN1                                                  r  static                              <hidden>
    MMCM_X0Y5.CLKOUT0    MMCME4_ADV (Prop_MMCM_CLKIN1_CLKOUT0)
                                                      0.630     7.522 r  static                              <hidden>
                         net (fo=2, routed)           0.215     7.737    static                              <hidden>
    BUFGCE_X0Y135.I                                                   r  static                              <hidden>
    BUFGCE_X0Y135.O      BUFGCE (Prop_BUFCE_BUFGCE_I_O)
                                                      0.024     7.761 r  static                              <hidden>
    X3Y5 (CLOCK_ROOT)    net (fo=131, routed)         2.370    10.131    boundary                            <hidden>
    SLICE_X147Y343.CLK   FDRE                                         r  reconfigurable pblock_CL            <hidden>
                         clock pessimism             -0.190     9.941                                            
                         clock uncertainty           -0.059     9.882                                            
    SLICE_X147Y343       FDRE (Setup_EFF_SLICEL_C_D)
                                                      0.025     9.907    reconfigurable   pblock_CL              <hidden>
  -------------------------------------------------------------------
                         required time                          9.907                                            
                         arrival time                          -9.749                                            
  -------------------------------------------------------------------
                         slack                                  0.159                                            

Slack (MET) :             0.241ns  (required time - arrival time)
  Source:                 <hidden>
                            (rising edge-triggered cell FDRE clocked by clk_main_a0  {rise@0.000ns fall@2.000ns period=4.000ns})
  Destination:            <hidden>
                            (rising edge-triggered cell FDRE clocked by clk_main_a0  {rise@0.000ns fall@2.000ns period=4.000ns})
  Path Group:             clk_main_a0
  Path Type:              Setup (Max at Slow Process Corner)
  Requirement:            4.000ns  (clk_main_a0 rise@4.000ns - clk_main_a0 rise@0.000ns)
  Data Path Delay:        3.705ns  (logic 0.897ns (24.208%)  route 2.808ns (75.792%))
  Logic Levels:           13  (CARRY8=4 LUT1=1 LUT6=5 MUXF7=3)
  Clock Path Skew:        -0.020ns (DCD - SCD + CPR)
    Destination Clock Delay (DCD):    5.848ns = ( 9.848 - 4.000 ) 
    Source Clock Delay      (SCD):    5.676ns
    Clock Pessimism Removal (CPR):    -0.193ns
  Clock Uncertainty:      0.059ns  ((TSJ^2 + DJ^2)^1/2) / 2 + PE
    Total System Jitter     (TSJ):    0.071ns
    Discrete Jitter          (DJ):    0.094ns
    Phase Error              (PE):    0.000ns
  Clock Net Delay (Source):      2.258ns (routing 0.461ns, distribution 1.797ns)
  Clock Net Delay (Destination): 2.087ns (routing 0.421ns, distribution 1.666ns)

    Location             Delay type                Incr(ns)  Path(ns)    Partition      PBlock               Netlist Resource(s)
  -------------------------------------------------------------------    -------------------------------------------------------
                         (clock clk_main_a0 rise edge)
                                                      0.000     0.000 r                                      
    BJ4                                               0.000     0.000 r  static                              <hidden>
                         net (fo=0)                   0.100     0.100    static                              WRAPPER/IO_SHIM/IBUFDS_CLK_125/I
    HPIOBDIFFINBUF_X0Y130.DIFF_IN_P
                                                                      r  static                              WRAPPER/IO_SHIM/IBUFDS_CLK_125/DIFFINBUF_INST/DIFF_IN_P
    HPIOBDIFFINBUF_X0Y130.O
                         DIFFINBUF (Prop_DIFFINBUF_HPIOBDIFFINBUF_DIFF_IN_P_O)
                                                      0.863     0.963 r  static                              WRAPPER/IO_SHIM/IBUFDS_CLK_125/DIFFINBUF_INST/O
                         net (fo=1, routed)           0.050     1.013    static                              WRAPPER/IO_SHIM/IBUFDS_CLK_125/OUT
    BJ4.I                                                             r  static                              WRAPPER/IO_SHIM/IBUFDS_CLK_125/IBUFCTRL_INST/I
    BJ4.O                IBUFCTRL (Prop_IBUFCTRL_HPIOB_M_I_O)
                                                      0.000     1.013 r  static                              WRAPPER/IO_SHIM/IBUFDS_CLK_125/IBUFCTRL_INST/O
                         net (fo=1, routed)           0.348     1.361    static                              <hidden>
    BUFGCE_X0Y122.I                                                   r  static                              <hidden>
    BUFGCE_X0Y122.O      BUFGCE (Prop_BUFCE_BUFGCE_I_O)
                                                      0.028     1.389 r  static                              <hidden>
                         net (fo=3, routed)           1.883     3.272    static                              <hidden>
    MMCM_X0Y5.CLKIN1                                                  r  static                              <hidden>
    MMCM_X0Y5.CLKOUT0    MMCME4_ADV (Prop_MMCM_CLKIN1_CLKOUT0)
                                                     -0.127     3.145 r  static                              <hidden>
                         net (fo=2, routed)           0.245     3.390    static                              <hidden>
    BUFGCE_X0Y135.I                                                   r  static                              <hidden>
    BUFGCE_X0Y135.O      BUFGCE (Prop_BUFCE_BUFGCE_I_O)
                                                      0.028     3.418 r  static                              <hidden>
    X3Y5 (CLOCK_ROOT)    net (fo=131, routed)         2.258     5.676    boundary                            <hidden>
    SLICE_X149Y331.CLK   FDRE                                         r  reconfigurable pblock_CL            <hidden>
  -------------------------------------------------------------------    -------------------------------------------------------
    SLICE_X149Y331.Q     FDRE (Prop_HFF_SLICEM_C_Q)
                                                      0.079     5.755 r  reconfigurable pblock_CL            <hidden>
                         net (fo=86, routed)          0.263     6.017    reconfigurable                      <hidden>
    SLICE_X150Y331.A5                                                 r  reconfigurable pblock_CL            <hidden>
    SLICE_X150Y331.O6    LUT6 (Prop_D6LUT_SLICEM_I2_O)
                                                      0.051     6.068 f  reconfigurable pblock_CL            <hidden>
                         net (fo=1, routed)           0.025     6.093    reconfigurable                      <hidden>
    SLICE_X150Y331.0                                                  f  reconfigurable pblock_CL            <hidden>
    SLICE_X150Y331.OUT   MUXF7 (Prop_F7MUX_CD_SLICEM_I0_O)
                                                      0.069     6.162 f  reconfigurable pblock_CL            <hidden>
                         net (fo=35, routed)          0.389     6.551    reconfigurable                      <hidden>
    SLICE_X148Y336.A6                                                 f  reconfigurable pblock_CL            <hidden>
    SLICE_X148Y336.O6    LUT1 (Prop_D6LUT_SLICEL_I0_O)
                                                      0.036     6.587 r  reconfigurable pblock_CL            <hidden>
                         net (fo=1, routed)           0.009     6.596    reconfigurable                      <hidden>
    SLICE_X148Y336.S3                                                 r  reconfigurable pblock_CL            <hidden>
    SLICE_X148Y336.CO7   CARRY8 (Prop_CARRY8_SLICEL_S[3]_CO[7])
                                                      0.154     6.750 r  reconfigurable pblock_CL            <hidden>
                         net (fo=1, routed)           0.026     6.776    reconfigurable                      <hidden>
    SLICE_X148Y337.CIN                                                r  reconfigurable pblock_CL            <hidden>
    SLICE_X148Y337.CO7   CARRY8 (Prop_CARRY8_SLICEL_CI_CO[7])
                                                      0.015     6.791 r  reconfigurable pblock_CL            <hidden>
                         net (fo=1, routed)           0.026     6.817    reconfigurable                      <hidden>
    SLICE_X148Y338.CIN                                                r  reconfigurable pblock_CL            <hidden>
    SLICE_X148Y338.CO7   CARRY8 (Prop_CARRY8_SLICEL_CI_CO[7])
                                                      0.015     6.832 r  reconfigurable pblock_CL            <hidden>
                         net (fo=1, routed)           0.026     6.858    reconfigurable                      <hidden>
    SLICE_X148Y339.CIN                                                r  reconfigurable pblock_CL            <hidden>
    SLICE_X148Y339.O2    CARRY8 (Prop_CARRY8_SLICEL_CI_O[2])
                                                      0.067     6.925 r  reconfigurable pblock_CL            <hidden>
                         net (fo=9, routed)           0.497     7.422    reconfigurable                      <hidden>
    SLICE_X141Y346.A5                                                 r  reconfigurable pblock_CL            <hidden>
    SLICE_X141Y346.O6    LUT6 (Prop_A6LUT_SLICEM_I0_O)
                                                      0.053     7.475 r  reconfigurable pblock_CL            <hidden>
                         net (fo=1, routed)           0.011     7.486    reconfigurable                      <hidden>
    SLICE_X141Y346.1                                                  r  reconfigurable pblock_CL            <hidden>
    SLICE_X141Y346.OUT   MUXF7 (Prop_F7MUX_AB_SLICEM_I1_O)
                                                      0.065     7.551 r  reconfigurable pblock_CL            <hidden>
                         net (fo=3, routed)           0.201     7.751    reconfigurable                      <hidden>
    SLICE_X142Y346.A4                                                 r  reconfigurable pblock_CL            <hidden>
    SLICE_X142Y346.O6    LUT6 (Prop_H6LUT_SLICEM_I3_O)
                                                      0.090     7.841 r  reconfigurable pblock_CL            <hidden>
                         net (fo=4, routed)           0.534     8.375    reconfigurable                      <hidden>
    SLICE_X136Y340.A4                                                 r  reconfigurable pblock_CL            <hidden>
    SLICE_X136Y340.O6    LUT6 (Prop_D6LUT_SLICEL_I0_O)
                                                      0.089     8.464 r  reconfigurable pblock_CL            <hidden>
                         net (fo=1, routed)           0.009     8.473    reconfigurable                      <hidden>
    SLICE_X136Y340.0                                                  r  reconfigurable pblock_CL            <hidden>
    SLICE_X136Y340.OUT   MUXF7 (Prop_F7MUX_CD_SLICEL_I0_O)
                                                      0.063     8.536 r  reconfigurable pblock_CL            <hidden>
                         net (fo=1, routed)           0.722     9.258    reconfigurable                      <hidden>
    SLICE_X162Y342.A5                                                 r  reconfigurable pblock_CL            <hidden>
    SLICE_X162Y342.O6    LUT6 (Prop_D6LUT_SLICEM_I2_O)
                                                      0.051     9.309 r  reconfigurable pblock_CL            <hidden>
                         net (fo=1, routed)           0.072     9.381    reconfigurable                      <hidden>
    SLICE_X162Y342.D     FDRE                                         r  reconfigurable pblock_CL            <hidden>
  -------------------------------------------------------------------    -------------------------------------------------------

                         (clock clk_main_a0 rise edge)
                                                      4.000     4.000 r                                      
    BJ4                                               0.000     4.000 r  static                              <hidden>
                         net (fo=0)                   0.079     4.079    static                              WRAPPER/IO_SHIM/IBUFDS_CLK_125/I
    HPIOBDIFFINBUF_X0Y130.DIFF_IN_P
                                                                      r  static                              WRAPPER/IO_SHIM/IBUFDS_CLK_125/DIFFINBUF_INST/DIFF_IN_P
    HPIOBDIFFINBUF_X0Y130.O
                         DIFFINBUF (Prop_DIFFINBUF_HPIOBDIFFINBUF_DIFF_IN_P_O)
                                                      0.750     4.829 r  static                              WRAPPER/IO_SHIM/IBUFDS_CLK_125/DIFFINBUF_INST/O
                         net (fo=1, routed)           0.040     4.869    static                              WRAPPER/IO_SHIM/IBUFDS_CLK_125/OUT
    BJ4.I                                                             r  static                              WRAPPER/IO_SHIM/IBUFDS_CLK_125/IBUFCTRL_INST/I
    BJ4.O                IBUFCTRL (Prop_IBUFCTRL_HPIOB_M_I_O)
                                                      0.000     4.869 r  static                              WRAPPER/IO_SHIM/IBUFDS_CLK_125/IBUFCTRL_INST/O
                         net (fo=1, routed)           0.309     5.178    static                              <hidden>
    BUFGCE_X0Y122.I                                                   r  static                              <hidden>
    BUFGCE_X0Y122.O      BUFGCE (Prop_BUFCE_BUFGCE_I_O)
                                                      0.024     5.202 r  static                              <hidden>
                         net (fo=3, routed)           1.690     6.892    static                              <hidden>
    MMCM_X0Y5.CLKIN1                                                  r  static                              <hidden>
    MMCM_X0Y5.CLKOUT0    MMCME4_ADV (Prop_MMCM_CLKIN1_CLKOUT0)
                                                      0.630     7.522 r  static                              <hidden>
                         net (fo=2, routed)           0.215     7.737    static                              <hidden>
    BUFGCE_X0Y135.I                                                   r  static                              <hidden>
    BUFGCE_X0Y135.O      BUFGCE (Prop_BUFCE_BUFGCE_I_O)
                                                      0.024     7.761 r  static                              <hidden>
    X3Y5 (CLOCK_ROOT)    net (fo=131, routed)         2.087     9.848    boundary                            <hidden>
    SLICE_X162Y342.CLK   FDRE                                         r  reconfigurable pblock_CL            <hidden>
                         clock pessimism             -0.193     9.656                                            
                         clock uncertainty           -0.059     9.597                                            
    SLICE_X162Y342       FDRE (Setup_DFF_SLICEM_C_D)
                                                      0.025     9.622    reconfigurable   pblock_CL              <hidden>
  -------------------------------------------------------------------
                         required time                          9.622                                            
                         arrival time                          -9.381                                            
  -------------------------------------------------------------------
                         slack                                  0.241                                            

Slack (MET) :             0.322ns  (required time - arrival time)
  Source:                 <hidden>
                            (rising edge-triggered cell FDRE clocked by clk_main_a0  {rise@0.000ns fall@2.000ns period=4.000ns})
  Destination:            <hidden>
                            (rising edge-triggered cell FDRE clocked by clk_main_a0  {rise@0.000ns fall@2.000ns period=4.000ns})
  Path Group:             clk_main_a0
  Path Type:              Setup (Max at Slow Process Corner)
  Requirement:            4.000ns  (clk_main_a0 rise@4.000ns - clk_main_a0 rise@0.000ns)
  Data Path Delay:        3.610ns  (logic 1.051ns (29.110%)  route 2.559ns (70.890%))
  Logic Levels:           12  (CARRY8=3 LUT1=1 LUT6=5 MUXF7=3)
  Clock Path Skew:        -0.034ns (DCD - SCD + CPR)
    Destination Clock Delay (DCD):    5.834ns = ( 9.834 - 4.000 ) 
    Source Clock Delay      (SCD):    5.676ns
    Clock Pessimism Removal (CPR):    -0.192ns
  Clock Uncertainty:      0.059ns  ((TSJ^2 + DJ^2)^1/2) / 2 + PE
    Total System Jitter     (TSJ):    0.071ns
    Discrete Jitter          (DJ):    0.094ns
    Phase Error              (PE):    0.000ns
  Clock Net Delay (Source):      2.258ns (routing 0.461ns, distribution 1.797ns)
  Clock Net Delay (Destination): 2.073ns (routing 0.421ns, distribution 1.652ns)

    Location             Delay type                Incr(ns)  Path(ns)    Partition      PBlock               Netlist Resource(s)
  -------------------------------------------------------------------    -------------------------------------------------------
                         (clock clk_main_a0 rise edge)
                                                      0.000     0.000 r                                      
    BJ4                                               0.000     0.000 r  static                              <hidden>
                         net (fo=0)                   0.100     0.100    static                              WRAPPER/IO_SHIM/IBUFDS_CLK_125/I
    HPIOBDIFFINBUF_X0Y130.DIFF_IN_P
                                                                      r  static                              WRAPPER/IO_SHIM/IBUFDS_CLK_125/DIFFINBUF_INST/DIFF_IN_P
    HPIOBDIFFINBUF_X0Y130.O
                         DIFFINBUF (Prop_DIFFINBUF_HPIOBDIFFINBUF_DIFF_IN_P_O)
                                                      0.863     0.963 r  static                              WRAPPER/IO_SHIM/IBUFDS_CLK_125/DIFFINBUF_INST/O
                         net (fo=1, routed)           0.050     1.013    static                              WRAPPER/IO_SHIM/IBUFDS_CLK_125/OUT
    BJ4.I                                                             r  static                              WRAPPER/IO_SHIM/IBUFDS_CLK_125/IBUFCTRL_INST/I
    BJ4.O                IBUFCTRL (Prop_IBUFCTRL_HPIOB_M_I_O)
                                                      0.000     1.013 r  static                              WRAPPER/IO_SHIM/IBUFDS_CLK_125/IBUFCTRL_INST/O
                         net (fo=1, routed)           0.348     1.361    static                              <hidden>
    BUFGCE_X0Y122.I                                                   r  static                              <hidden>
    BUFGCE_X0Y122.O      BUFGCE (Prop_BUFCE_BUFGCE_I_O)
                                                      0.028     1.389 r  static                              <hidden>
                         net (fo=3, routed)           1.883     3.272    static                              <hidden>
    MMCM_X0Y5.CLKIN1                                                  r  static                              <hidden>
    MMCM_X0Y5.CLKOUT0    MMCME4_ADV (Prop_MMCM_CLKIN1_CLKOUT0)
                                                     -0.127     3.145 r  static                              <hidden>
                         net (fo=2, routed)           0.245     3.390    static                              <hidden>
    BUFGCE_X0Y135.I                                                   r  static                              <hidden>
    BUFGCE_X0Y135.O      BUFGCE (Prop_BUFCE_BUFGCE_I_O)
                                                      0.028     3.418 r  static                              <hidden>
    X3Y5 (CLOCK_ROOT)    net (fo=131, routed)         2.258     5.676    boundary                            <hidden>
    SLICE_X149Y331.CLK   FDRE                                         r  reconfigurable pblock_CL            <hidden>
  -------------------------------------------------------------------    -------------------------------------------------------
    SLICE_X149Y331.Q     FDRE (Prop_HFF_SLICEM_C_Q)
                                                      0.079     5.755 r  reconfigurable pblock_CL            <hidden>
                         net (fo=86, routed)          0.263     6.017    reconfigurable                      <hidden>
    SLICE_X150Y331.A5                                                 r  reconfigurable pblock_CL            <hidden>
    SLICE_X150Y331.O6    LUT6 (Prop_D6LUT_SLICEM_I2_O)
                                                      0.051     6.068 f  reconfigurable pblock_CL            <hidden>
                         net (fo=1, routed)           0.025     6.093    reconfigurable                      <hidden>
    SLICE_X150Y331.0                                                  f  reconfigurable pblock_CL            <hidden>
    SLICE_X150Y331.OUT   MUXF7 (Prop_F7MUX_CD_SLICEM_I0_O)
                                                      0.069     6.162 f  reconfigurable pblock_CL            <hidden>
                         net (fo=35, routed)          0.389     6.551    reconfigurable                      <hidden>
    SLICE_X148Y336.A6                                                 f  reconfigurable pblock_CL            <hidden>
    SLICE_X148Y336.O6    LUT1 (Prop_D6LUT_SLICEL_I0_O)
                                                      0.036     6.587 r  reconfigurable pblock_CL            <hidden>
                         net (fo=1, routed)           0.009     6.596    reconfigurable                      <hidden>
    SLICE_X148Y336.S3                                                 r  reconfigurable pblock_CL            <hidden>
    SLICE_X148Y336.CO7   CARRY8 (Prop_CARRY8_SLICEL_S[3]_CO[7])
                                                      0.154     6.750 r  reconfigurable pblock_CL            <hidden>
                         net (fo=1, routed)           0.026     6.776    reconfigurable                      <hidden>
    SLICE_X148Y337.CIN                                                r  reconfigurable pblock_CL            <hidden>
    SLICE_X148Y337.CO7   CARRY8 (Prop_CARRY8_SLICEL_CI_CO[7])
                                                      0.015     6.791 r  reconfigurable pblock_CL            <hidden>
                         net (fo=1, routed)           0.026     6.817    reconfigurable                      <hidden>
    SLICE_X148Y338.CIN                                                r  reconfigurable pblock_CL            <hidden>
    SLICE_X148Y338.O1    CARRY8 (Prop_CARRY8_SLICEL_CI_O[1])
                                                      0.076     6.893 r  reconfigurable pblock_CL            <hidden>
                         net (fo=9, routed)           0.218     7.111    reconfigurable                      <hidden>
    SLICE_X148Y343.A5                                                 r  reconfigurable pblock_CL            <hidden>
    SLICE_X148Y343.O6    LUT6 (Prop_A6LUT_SLICEL_I0_O)
                                                      0.050     7.161 r  reconfigurable pblock_CL            <hidden>
                         net (fo=1, routed)           0.009     7.170    reconfigurable                      <hidden>
    SLICE_X148Y343.1                                                  r  reconfigurable pblock_CL            <hidden>
    SLICE_X148Y343.OUT   MUXF7 (Prop_F7MUX_AB_SLICEL_I1_O)
                                                      0.064     7.234 r  reconfigurable pblock_CL            <hidden>
                         net (fo=2, routed)           0.299     7.534    reconfigurable                      <hidden>
    SLICE_X144Y343.A2                                                 r  reconfigurable pblock_CL            <hidden>
    SLICE_X144Y343.O6    LUT6 (Prop_G6LUT_SLICEL_I3_O)
                                                      0.123     7.657 r  reconfigurable pblock_CL            <hidden>
                         net (fo=5, routed)           0.478     8.135    reconfigurable                      <hidden>
    SLICE_X138Y342.A2                                                 r  reconfigurable pblock_CL            <hidden>
    SLICE_X138Y342.O6    LUT6 (Prop_A6LUT_SLICEL_I0_O)
                                                      0.124     8.259 r  reconfigurable pblock_CL            <hidden>
                         net (fo=1, routed)           0.009     8.268    reconfigurable                      <hidden>
    SLICE_X138Y342.1                                                  r  reconfigurable pblock_CL            <hidden>
    SLICE_X138Y342.OUT   MUXF7 (Prop_F7MUX_AB_SLICEL_I1_O)
                                                      0.064     8.332 r  reconfigurable pblock_CL            <hidden>
                         net (fo=1, routed)           0.758     9.090    reconfigurable                      <hidden>
    SLICE_X155Y342.A1                                                 r  reconfigurable pblock_CL            <hidden>
    SLICE_X155Y342.O6    LUT6 (Prop_C6LUT_SLICEL_I2_O)
                                                      0.146     9.236 r  reconfigurable pblock_CL            <hidden>
                         net (fo=1, routed)           0.050     9.286    reconfigurable                      <hidden>
    SLICE_X155Y342.D     FDRE                                         r  reconfigurable pblock_CL            <hidden>
  -------------------------------------------------------------------    -------------------------------------------------------

                         (clock clk_main_a0 rise edge)
                                                      4.000     4.000 r                                      
    BJ4                                               0.000     4.000 r  static                              <hidden>
                         net (fo=0)                   0.079     4.079    static                              WRAPPER/IO_SHIM/IBUFDS_CLK_125/I
    HPIOBDIFFINBUF_X0Y130.DIFF_IN_P
                                                                      r  static                              WRAPPER/IO_SHIM/IBUFDS_CLK_125/DIFFINBUF_INST/DIFF_IN_P
    HPIOBDIFFINBUF_X0Y130.O
                         DIFFINBUF (Prop_DIFFINBUF_HPIOBDIFFINBUF_DIFF_IN_P_O)
                                                      0.750     4.829 r  static                              WRAPPER/IO_SHIM/IBUFDS_CLK_125/DIFFINBUF_INST/O
                         net (fo=1, routed)           0.040     4.869    static                              WRAPPER/IO_SHIM/IBUFDS_CLK_125/OUT
    BJ4.I                                                             r  static                              WRAPPER/IO_SHIM/IBUFDS_CLK_125/IBUFCTRL_INST/I
    BJ4.O                IBUFCTRL (Prop_IBUFCTRL_HPIOB_M_I_O)
                                                      0.000     4.869 r  static                              WRAPPER/IO_SHIM/IBUFDS_CLK_125/IBUFCTRL_INST/O
                         net (fo=1, routed)           0.309     5.178    static                              <hidden>
    BUFGCE_X0Y122.I                                                   r  static                              <hidden>
    BUFGCE_X0Y122.O      BUFGCE (Prop_BUFCE_BUFGCE_I_O)
                                                      0.024     5.202 r  static                              <hidden>
                         net (fo=3, routed)           1.690     6.892    static                              <hidden>
    MMCM_X0Y5.CLKIN1                                                  r  static                              <hidden>
    MMCM_X0Y5.CLKOUT0    MMCME4_ADV (Prop_MMCM_CLKIN1_CLKOUT0)
                                                      0.630     7.522 r  static                              <hidden>
                         net (fo=2, routed)           0.215     7.737    static                              <hidden>
    BUFGCE_X0Y135.I                                                   r  static                              <hidden>
    BUFGCE_X0Y135.O      BUFGCE (Prop_BUFCE_BUFGCE_I_O)
                                                      0.024     7.761 r  static                              <hidden>
    X3Y5 (CLOCK_ROOT)    net (fo=131, routed)         2.073     9.834    boundary                            <hidden>
    SLICE_X155Y342.CLK   FDRE                                         r  reconfigurable pblock_CL            <hidden>
                         clock pessimism             -0.192     9.642                                            
                         clock uncertainty           -0.059     9.583                                            
    SLICE_X155Y342       FDRE (Setup_CFF_SLICEL_C_D)
                                                      0.025     9.608    reconfigurable   pblock_CL              <hidden>
  -------------------------------------------------------------------
                         required time                          9.608                                            
                         arrival time                          -9.286                                            
  -------------------------------------------------------------------
                         slack                                  0.322                                            

Slack (MET) :             0.358ns  (required time - arrival time)
  Source:                 <hidden>
                            (rising edge-triggered cell FDRE clocked by clk_main_a0  {rise@0.000ns fall@2.000ns period=4.000ns})
  Destination:            <hidden>
                            (rising edge-triggered cell FDRE clocked by clk_main_a0  {rise@0.000ns fall@2.000ns period=4.000ns})
  Path Group:             clk_main_a0
  Path Type:              Setup (Max at Slow Process Corner)
  Requirement:            4.000ns  (clk_main_a0 rise@4.000ns - clk_main_a0 rise@0.000ns)
  Data Path Delay:        3.558ns  (logic 0.935ns (26.276%)  route 2.623ns (73.724%))
  Logic Levels:           10  (CARRY8=1 LUT1=1 LUT6=6 MUXF7=2)
  Clock Path Skew:        -0.050ns (DCD - SCD + CPR)
    Destination Clock Delay (DCD):    5.818ns = ( 9.818 - 4.000 ) 
    Source Clock Delay      (SCD):    5.676ns
    Clock Pessimism Removal (CPR):    -0.192ns
  Clock Uncertainty:      0.059ns  ((TSJ^2 + DJ^2)^1/2) / 2 + PE
    Total System Jitter     (TSJ):    0.071ns
    Discrete Jitter          (DJ):    0.094ns
    Phase Error              (PE):    0.000ns
  Clock Net Delay (Source):      2.258ns (routing 0.461ns, distribution 1.797ns)
  Clock Net Delay (Destination): 2.057ns (routing 0.421ns, distribution 1.636ns)

    Location             Delay type                Incr(ns)  Path(ns)    Partition      PBlock               Netlist Resource(s)
  -------------------------------------------------------------------    -------------------------------------------------------
                         (clock clk_main_a0 rise edge)
                                                      0.000     0.000 r                                      
    BJ4                                               0.000     0.000 r  static                              <hidden>
                         net (fo=0)                   0.100     0.100    static                              WRAPPER/IO_SHIM/IBUFDS_CLK_125/I
    HPIOBDIFFINBUF_X0Y130.DIFF_IN_P
                                                                      r  static                              WRAPPER/IO_SHIM/IBUFDS_CLK_125/DIFFINBUF_INST/DIFF_IN_P
    HPIOBDIFFINBUF_X0Y130.O
                         DIFFINBUF (Prop_DIFFINBUF_HPIOBDIFFINBUF_DIFF_IN_P_O)
                                                      0.863     0.963 r  static                              WRAPPER/IO_SHIM/IBUFDS_CLK_125/DIFFINBUF_INST/O
                         net (fo=1, routed)           0.050     1.013    static                              WRAPPER/IO_SHIM/IBUFDS_CLK_125/OUT
    BJ4.I                                                             r  static                              WRAPPER/IO_SHIM/IBUFDS_CLK_125/IBUFCTRL_INST/I
    BJ4.O                IBUFCTRL (Prop_IBUFCTRL_HPIOB_M_I_O)
                                                      0.000     1.013 r  static                              WRAPPER/IO_SHIM/IBUFDS_CLK_125/IBUFCTRL_INST/O
                         net (fo=1, routed)           0.348     1.361    static                              <hidden>
    BUFGCE_X0Y122.I                                                   r  static                              <hidden>
    BUFGCE_X0Y122.O      BUFGCE (Prop_BUFCE_BUFGCE_I_O)
                                                      0.028     1.389 r  static                              <hidden>
                         net (fo=3, routed)           1.883     3.272    static                              <hidden>
    MMCM_X0Y5.CLKIN1                                                  r  static                              <hidden>
    MMCM_X0Y5.CLKOUT0    MMCME4_ADV (Prop_MMCM_CLKIN1_CLKOUT0)
                                                     -0.127     3.145 r  static                              <hidden>
                         net (fo=2, routed)           0.245     3.390    static                              <hidden>
    BUFGCE_X0Y135.I                                                   r  static                              <hidden>
    BUFGCE_X0Y135.O      BUFGCE (Prop_BUFCE_BUFGCE_I_O)
                                                      0.028     3.418 r  static                              <hidden>
    X3Y5 (CLOCK_ROOT)    net (fo=131, routed)         2.258     5.676    boundary                            <hidden>
    SLICE_X149Y331.CLK   FDRE                                         r  reconfigurable pblock_CL            <hidden>
  -------------------------------------------------------------------    -------------------------------------------------------
    SLICE_X149Y331.Q     FDRE (Prop_HFF_SLICEM_C_Q)
                                                      0.079     5.755 r  reconfigurable pblock_CL            <hidden>
                         net (fo=86, routed)          0.204     5.958    reconfigurable                      <hidden>
    SLICE_X149Y330.A6                                                 r  reconfigurable pblock_CL            <hidden>
    SLICE_X149Y330.O6    LUT6 (Prop_H6LUT_SLICEM_I2_O)
                                                      0.039     5.997 f  reconfigurable pblock_CL            <hidden>
                         net (fo=1, routed)           0.014     6.011    reconfigurable                      <hidden>
    SLICE_X149Y330.0                                                  f  reconfigurable pblock_CL            <hidden>
    SLICE_X149Y330.OUT   MUXF7 (Prop_F7MUX_GH_SLICEM_I0_O)
                                                      0.066     6.077 f  reconfigurable pblock_CL            <hidden>
                         net (fo=35, routed)          0.286     6.363    reconfigurable                      <hidden>
    SLICE_X148Y333.A5                                                 f  reconfigurable pblock_CL            <hidden>
    SLICE_X148Y333.O6    LUT1 (Prop_C6LUT_SLICEL_I0_O)
                                                      0.050     6.413 r  reconfigurable pblock_CL            <hidden>
                         net (fo=1, routed)           0.010     6.423    reconfigurable                      <hidden>
    SLICE_X148Y333.S2                                                 r  reconfigurable pblock_CL            <hidden>
    SLICE_X148Y333.O7    CARRY8 (Prop_CARRY8_SLICEL_S[2]_O[7])
                                                      0.198     6.621 r  reconfigurable pblock_CL            <hidden>
                         net (fo=9, routed)           0.391     7.012    reconfigurable                      <hidden>
    SLICE_X154Y330.A4                                                 r  reconfigurable pblock_CL            <hidden>
    SLICE_X154Y330.O6    LUT6 (Prop_C6LUT_SLICEM_I0_O)
                                                      0.088     7.100 r  reconfigurable pblock_CL            <hidden>
                         net (fo=1, routed)           0.021     7.121    reconfigurable                      <hidden>
    SLICE_X154Y330.1                                                  r  reconfigurable pblock_CL            <hidden>
    SLICE_X154Y330.OUT   MUXF7 (Prop_F7MUX_CD_SLICEM_I1_O)
                                                      0.068     7.189 r  reconfigurable pblock_CL            <hidden>
                         net (fo=2, routed)           0.398     7.587    reconfigurable                      <hidden>
    SLICE_X160Y330.A6                                                 r  reconfigurable pblock_CL            <hidden>
    SLICE_X160Y330.O6    LUT6 (Prop_D6LUT_SLICEL_I3_O)
                                                      0.036     7.623 r  reconfigurable pblock_CL            <hidden>
                         net (fo=5, routed)           0.463     8.086    reconfigurable                      <hidden>
    SLICE_X159Y340.A4                                                 r  reconfigurable pblock_CL            <hidden>
    SLICE_X159Y340.O6    LUT6 (Prop_G6LUT_SLICEL_I5_O)
                                                      0.089     8.175 r  reconfigurable pblock_CL            <hidden>
                         net (fo=1, routed)           0.385     8.560    reconfigurable                      <hidden>
    SLICE_X155Y340.A3                                                 r  reconfigurable pblock_CL            <hidden>
    SLICE_X155Y340.O6    LUT6 (Prop_G6LUT_SLICEL_I3_O)
                                                      0.097     8.657 r  reconfigurable pblock_CL            <hidden>
                         net (fo=1, routed)           0.393     9.050    reconfigurable                      <hidden>
    SLICE_X154Y343.A2                                                 r  reconfigurable pblock_CL            <hidden>
    SLICE_X154Y343.O6    LUT6 (Prop_B6LUT_SLICEM_I4_O)
                                                      0.125     9.175 r  reconfigurable pblock_CL            <hidden>
                         net (fo=1, routed)           0.059     9.234    reconfigurable                      <hidden>
    SLICE_X154Y343.D     FDRE                                         r  reconfigurable pblock_CL            <hidden>
  -------------------------------------------------------------------    -------------------------------------------------------

                         (clock clk_main_a0 rise edge)
                                                      4.000     4.000 r                                      
    BJ4                                               0.000     4.000 r  static                              <hidden>
                         net (fo=0)                   0.079     4.079    static                              WRAPPER/IO_SHIM/IBUFDS_CLK_125/I
    HPIOBDIFFINBUF_X0Y130.DIFF_IN_P
                                                                      r  static                              WRAPPER/IO_SHIM/IBUFDS_CLK_125/DIFFINBUF_INST/DIFF_IN_P
    HPIOBDIFFINBUF_X0Y130.O
                         DIFFINBUF (Prop_DIFFINBUF_HPIOBDIFFINBUF_DIFF_IN_P_O)
                                                      0.750     4.829 r  static                              WRAPPER/IO_SHIM/IBUFDS_CLK_125/DIFFINBUF_INST/O
                         net (fo=1, routed)           0.040     4.869    static                              WRAPPER/IO_SHIM/IBUFDS_CLK_125/OUT
    BJ4.I                                                             r  static                              WRAPPER/IO_SHIM/IBUFDS_CLK_125/IBUFCTRL_INST/I
    BJ4.O                IBUFCTRL (Prop_IBUFCTRL_HPIOB_M_I_O)
                                                      0.000     4.869 r  static                              WRAPPER/IO_SHIM/IBUFDS_CLK_125/IBUFCTRL_INST/O
                         net (fo=1, routed)           0.309     5.178    static                              <hidden>
    BUFGCE_X0Y122.I                                                   r  static                              <hidden>
    BUFGCE_X0Y122.O      BUFGCE (Prop_BUFCE_BUFGCE_I_O)
                                                      0.024     5.202 r  static                              <hidden>
                         net (fo=3, routed)           1.690     6.892    static                              <hidden>
    MMCM_X0Y5.CLKIN1                                                  r  static                              <hidden>
    MMCM_X0Y5.CLKOUT0    MMCME4_ADV (Prop_MMCM_CLKIN1_CLKOUT0)
                                                      0.630     7.522 r  static                              <hidden>
                         net (fo=2, routed)           0.215     7.737    static                              <hidden>
    BUFGCE_X0Y135.I                                                   r  static                              <hidden>
    BUFGCE_X0Y135.O      BUFGCE (Prop_BUFCE_BUFGCE_I_O)
                                                      0.024     7.761 r  static                              <hidden>
    X3Y5 (CLOCK_ROOT)    net (fo=131, routed)         2.057     9.818    boundary                            <hidden>
    SLICE_X154Y343.CLK   FDRE                                         r  reconfigurable pblock_CL            <hidden>
                         clock pessimism             -0.192     9.626                                            
                         clock uncertainty           -0.059     9.567                                            
    SLICE_X154Y343       FDRE (Setup_BFF_SLICEM_C_D)
                                                      0.025     9.592    reconfigurable   pblock_CL              <hidden>
  -------------------------------------------------------------------
                         required time                          9.592                                            
                         arrival time                          -9.234                                            
  -------------------------------------------------------------------
                         slack                                  0.358                                            

Slack (MET) :             0.362ns  (required time - arrival time)
  Source:                 <hidden>
                            (rising edge-triggered cell FDRE clocked by clk_main_a0  {rise@0.000ns fall@2.000ns period=4.000ns})
  Destination:            <hidden>
                            (rising edge-triggered cell FDRE clocked by clk_main_a0  {rise@0.000ns fall@2.000ns period=4.000ns})
  Path Group:             clk_main_a0
  Path Type:              Setup (Max at Slow Process Corner)
  Requirement:            4.000ns  (clk_main_a0 rise@4.000ns - clk_main_a0 rise@0.000ns)
  Data Path Delay:        3.595ns  (logic 1.062ns (29.543%)  route 2.533ns (70.457%))
  Logic Levels:           11  (CARRY8=2 LUT1=1 LUT6=5 MUXF7=3)
  Clock Path Skew:        -0.010ns (DCD - SCD + CPR)
    Destination Clock Delay (DCD):    5.840ns = ( 9.840 - 4.000 ) 
    Source Clock Delay      (SCD):    5.658ns
    Clock Pessimism Removal (CPR):    -0.192ns
  Clock Uncertainty:      0.059ns  ((TSJ^2 + DJ^2)^1/2) / 2 + PE
    Total System Jitter     (TSJ):    0.071ns
    Discrete Jitter          (DJ):    0.094ns
    Phase Error              (PE):    0.000ns
  Clock Net Delay (Source):      2.240ns (routing 0.461ns, distribution 1.779ns)
  Clock Net Delay (Destination): 2.079ns (routing 0.421ns, distribution 1.658ns)

    Location             Delay type                Incr(ns)  Path(ns)    Partition      PBlock               Netlist Resource(s)
  -------------------------------------------------------------------    -------------------------------------------------------
                         (clock clk_main_a0 rise edge)
                                                      0.000     0.000 r                                      
    BJ4                                               0.000     0.000 r  static                              <hidden>
                         net (fo=0)                   0.100     0.100    static                              WRAPPER/IO_SHIM/IBUFDS_CLK_125/I
    HPIOBDIFFINBUF_X0Y130.DIFF_IN_P
                                                                      r  static                              WRAPPER/IO_SHIM/IBUFDS_CLK_125/DIFFINBUF_INST/DIFF_IN_P
    HPIOBDIFFINBUF_X0Y130.O
                         DIFFINBUF (Prop_DIFFINBUF_HPIOBDIFFINBUF_DIFF_IN_P_O)
                                                      0.863     0.963 r  static                              WRAPPER/IO_SHIM/IBUFDS_CLK_125/DIFFINBUF_INST/O
                         net (fo=1, routed)           0.050     1.013    static                              WRAPPER/IO_SHIM/IBUFDS_CLK_125/OUT
    BJ4.I                                                             r  static                              WRAPPER/IO_SHIM/IBUFDS_CLK_125/IBUFCTRL_INST/I
    BJ4.O                IBUFCTRL (Prop_IBUFCTRL_HPIOB_M_I_O)
                                                      0.000     1.013 r  static                              WRAPPER/IO_SHIM/IBUFDS_CLK_125/IBUFCTRL_INST/O
                         net (fo=1, routed)           0.348     1.361    static                              <hidden>
    BUFGCE_X0Y122.I                                                   r  static                              <hidden>
    BUFGCE_X0Y122.O      BUFGCE (Prop_BUFCE_BUFGCE_I_O)
                                                      0.028     1.389 r  static                              <hidden>
                         net (fo=3, routed)           1.883     3.272    static                              <hidden>
    MMCM_X0Y5.CLKIN1                                                  r  static                              <hidden>
    MMCM_X0Y5.CLKOUT0    MMCME4_ADV (Prop_MMCM_CLKIN1_CLKOUT0)
                                                     -0.127     3.145 r  static                              <hidden>
                         net (fo=2, routed)           0.245     3.390    static                              <hidden>
    BUFGCE_X0Y135.I                                                   r  static                              <hidden>
    BUFGCE_X0Y135.O      BUFGCE (Prop_BUFCE_BUFGCE_I_O)
                                                      0.028     3.418 r  static                              <hidden>
    X3Y5 (CLOCK_ROOT)    net (fo=131, routed)         2.240     5.658    boundary                            <hidden>
    SLICE_X147Y341.CLK   FDRE                                         r  reconfigurable pblock_CL            <hidden>
  -------------------------------------------------------------------    -------------------------------------------------------
    SLICE_X147Y341.Q     FDRE (Prop_AFF_SLICEL_C_Q)
                                                      0.079     5.737 r  reconfigurable pblock_CL            <hidden>
                         net (fo=94, routed)          0.378     6.114    reconfigurable                      <hidden>
    SLICE_X149Y341.A4                                                 r  reconfigurable pblock_CL            <hidden>
    SLICE_X149Y341.O6    LUT6 (Prop_B6LUT_SLICEM_I2_O)
                                                      0.089     6.203 f  reconfigurable pblock_CL            <hidden>
                         net (fo=1, routed)           0.017     6.220    reconfigurable                      <hidden>
    SLICE_X149Y341.0                                                  f  reconfigurable pblock_CL            <hidden>
    SLICE_X149Y341.OUT   MUXF7 (Prop_F7MUX_AB_SLICEM_I0_O)
                                                      0.067     6.287 f  reconfigurable pblock_CL            <hidden>
                         net (fo=35, routed)          0.322     6.609    reconfigurable                      <hidden>
    SLICE_X148Y339.A2                                                 f  reconfigurable pblock_CL            <hidden>
    SLICE_X148Y339.O6    LUT1 (Prop_F6LUT_SLICEL_I0_O)
                                                      0.123     6.732 r  reconfigurable pblock_CL            <hidden>
                         net (fo=1, routed)           0.011     6.743    reconfigurable                      <hidden>
    SLICE_X148Y339.S5                                                 r  reconfigurable pblock_CL            <hidden>
    SLICE_X148Y339.CO7   CARRY8 (Prop_CARRY8_SLICEL_S[5]_CO[7])
                                                      0.155     6.898 r  reconfigurable pblock_CL            <hidden>
                         net (fo=1, routed)           0.026     6.924    reconfigurable                      <hidden>
    SLICE_X148Y340.CIN                                                r  reconfigurable pblock_CL            <hidden>
    SLICE_X148Y340.O4    CARRY8 (Prop_CARRY8_SLICEL_CI_O[4])
                                                      0.086     7.010 r  reconfigurable pblock_CL            <hidden>
                         net (fo=9, routed)           0.549     7.559    reconfigurable                      <hidden>
    SLICE_X145Y348.A5                                                 r  reconfigurable pblock_CL            <hidden>
    SLICE_X145Y348.O6    LUT6 (Prop_A6LUT_SLICEM_I1_O)
                                                      0.053     7.612 r  reconfigurable pblock_CL            <hidden>
                         net (fo=1, routed)           0.011     7.623    reconfigurable                      <hidden>
    SLICE_X145Y348.1                                                  r  reconfigurable pblock_CL            <hidden>
    SLICE_X145Y348.OUT   MUXF7 (Prop_F7MUX_AB_SLICEM_I1_O)
                                                      0.065     7.688 r  reconfigurable pblock_CL            <hidden>
                         net (fo=2, routed)           0.189     7.877    reconfigurable                      <hidden>
    SLICE_X145Y346.A4                                                 r  reconfigurable pblock_CL            <hidden>
    SLICE_X145Y346.O6    LUT6 (Prop_E6LUT_SLICEM_I2_O)
                                                      0.091     7.968 r  reconfigurable pblock_CL            <hidden>
                         net (fo=5, routed)           0.416     8.384    reconfigurable                      <hidden>
    SLICE_X137Y344.A4                                                 r  reconfigurable pblock_CL            <hidden>
    SLICE_X137Y344.O6    LUT6 (Prop_B6LUT_SLICEM_I1_O)
                                                      0.089     8.473 r  reconfigurable pblock_CL            <hidden>
                         net (fo=1, routed)           0.017     8.490    reconfigurable                      <hidden>
    SLICE_X137Y344.0                                                  r  reconfigurable pblock_CL            <hidden>
    SLICE_X137Y344.OUT   MUXF7 (Prop_F7MUX_AB_SLICEM_I0_O)
                                                      0.067     8.557 r  reconfigurable pblock_CL            <hidden>
                         net (fo=1, routed)           0.548     9.105    reconfigurable                      <hidden>
    SLICE_X158Y346.A3                                                 r  reconfigurable pblock_CL            <hidden>
    SLICE_X158Y346.O6    LUT6 (Prop_B6LUT_SLICEL_I2_O)
                                                      0.098     9.203 r  reconfigurable pblock_CL            <hidden>
                         net (fo=1, routed)           0.049     9.252    reconfigurable                      <hidden>
    SLICE_X158Y346.D     FDRE                                         r  reconfigurable pblock_CL            <hidden>
  -------------------------------------------------------------------    -------------------------------------------------------

                         (clock clk_main_a0 rise edge)
                                                      4.000     4.000 r                                      
    BJ4                                               0.000     4.000 r  static                              <hidden>
                         net (fo=0)                   0.079     4.079    static                              WRAPPER/IO_SHIM/IBUFDS_CLK_125/I
    HPIOBDIFFINBUF_X0Y130.DIFF_IN_P
                                                                      r  static                              WRAPPER/IO_SHIM/IBUFDS_CLK_125/DIFFINBUF_INST/DIFF_IN_P
    HPIOBDIFFINBUF_X0Y130.O
                         DIFFINBUF (Prop_DIFFINBUF_HPIOBDIFFINBUF_DIFF_IN_P_O)
                                                      0.750     4.829 r  static                              WRAPPER/IO_SHIM/IBUFDS_CLK_125/DIFFINBUF_INST/O
                         net (fo=1, routed)           0.040     4.869    static                              WRAPPER/IO_SHIM/IBUFDS_CLK_125/OUT
    BJ4.I                                                             r  static                              WRAPPER/IO_SHIM/IBUFDS_CLK_125/IBUFCTRL_INST/I
    BJ4.O                IBUFCTRL (Prop_IBUFCTRL_HPIOB_M_I_O)
                                                      0.000     4.869 r  static                              WRAPPER/IO_SHIM/IBUFDS_CLK_125/IBUFCTRL_INST/O
                         net (fo=1, routed)           0.309     5.178    static                              <hidden>
    BUFGCE_X0Y122.I                                                   r  static                              <hidden>
    BUFGCE_X0Y122.O      BUFGCE (Prop_BUFCE_BUFGCE_I_O)
                                                      0.024     5.202 r  static                              <hidden>
                         net (fo=3, routed)           1.690     6.892    static                              <hidden>
    MMCM_X0Y5.CLKIN1                                                  r  static                              <hidden>
    MMCM_X0Y5.CLKOUT0    MMCME4_ADV (Prop_MMCM_CLKIN1_CLKOUT0)
                                                      0.630     7.522 r  static                              <hidden>
                         net (fo=2, routed)           0.215     7.737    static                              <hidden>
    BUFGCE_X0Y135.I                                                   r  static                              <hidden>
    BUFGCE_X0Y135.O      BUFGCE (Prop_BUFCE_BUFGCE_I_O)
                                                      0.024     7.761 r  static                              <hidden>
    X3Y5 (CLOCK_ROOT)    net (fo=131, routed)         2.079     9.840    boundary                            <hidden>
    SLICE_X158Y346.CLK   FDRE                                         r  reconfigurable pblock_CL            <hidden>
                         clock pessimism             -0.192     9.648                                            
                         clock uncertainty           -0.059     9.589                                            
    SLICE_X158Y346       FDRE (Setup_BFF_SLICEL_C_D)
                                                      0.025     9.614    reconfigurable   pblock_CL              <hidden>
  -------------------------------------------------------------------
                         required time                          9.614                                            
                         arrival time                          -9.252                                            
  -------------------------------------------------------------------
                         slack                                  0.362                                            

Slack (MET) :             0.362ns  (required time - arrival time)
  Source:                 <hidden>
                            (rising edge-triggered cell FDRE clocked by clk_main_a0  {rise@0.000ns fall@2.000ns period=4.000ns})
  Destination:            <hidden>
                            (rising edge-triggered cell FDRE clocked by clk_main_a0  {rise@0.000ns fall@2.000ns period=4.000ns})
  Path Group:             clk_main_a0
  Path Type:              Setup (Max at Slow Process Corner)
  Requirement:            4.000ns  (clk_main_a0 rise@4.000ns - clk_main_a0 rise@0.000ns)
  Data Path Delay:        3.585ns  (logic 0.960ns (26.781%)  route 2.625ns (73.219%))
  Logic Levels:           10  (CARRY8=2 LUT2=1 LUT4=1 LUT6=5 MUXF7=1)
  Clock Path Skew:        -0.020ns (DCD - SCD + CPR)
    Destination Clock Delay (DCD):    5.848ns = ( 9.848 - 4.000 ) 
    Source Clock Delay      (SCD):    5.676ns
    Clock Pessimism Removal (CPR):    -0.193ns
  Clock Uncertainty:      0.059ns  ((TSJ^2 + DJ^2)^1/2) / 2 + PE
    Total System Jitter     (TSJ):    0.071ns
    Discrete Jitter          (DJ):    0.094ns
    Phase Error              (PE):    0.000ns
  Clock Net Delay (Source):      2.258ns (routing 0.461ns, distribution 1.797ns)
  Clock Net Delay (Destination): 2.087ns (routing 0.421ns, distribution 1.666ns)

    Location             Delay type                Incr(ns)  Path(ns)    Partition      PBlock               Netlist Resource(s)
  -------------------------------------------------------------------    -------------------------------------------------------
                         (clock clk_main_a0 rise edge)
                                                      0.000     0.000 r                                      
    BJ4                                               0.000     0.000 r  static                              <hidden>
                         net (fo=0)                   0.100     0.100    static                              WRAPPER/IO_SHIM/IBUFDS_CLK_125/I
    HPIOBDIFFINBUF_X0Y130.DIFF_IN_P
                                                                      r  static                              WRAPPER/IO_SHIM/IBUFDS_CLK_125/DIFFINBUF_INST/DIFF_IN_P
    HPIOBDIFFINBUF_X0Y130.O
                         DIFFINBUF (Prop_DIFFINBUF_HPIOBDIFFINBUF_DIFF_IN_P_O)
                                                      0.863     0.963 r  static                              WRAPPER/IO_SHIM/IBUFDS_CLK_125/DIFFINBUF_INST/O
                         net (fo=1, routed)           0.050     1.013    static                              WRAPPER/IO_SHIM/IBUFDS_CLK_125/OUT
    BJ4.I                                                             r  static                              WRAPPER/IO_SHIM/IBUFDS_CLK_125/IBUFCTRL_INST/I
    BJ4.O                IBUFCTRL (Prop_IBUFCTRL_HPIOB_M_I_O)
                                                      0.000     1.013 r  static                              WRAPPER/IO_SHIM/IBUFDS_CLK_125/IBUFCTRL_INST/O
                         net (fo=1, routed)           0.348     1.361    static                              <hidden>
    BUFGCE_X0Y122.I                                                   r  static                              <hidden>
    BUFGCE_X0Y122.O      BUFGCE (Prop_BUFCE_BUFGCE_I_O)
                                                      0.028     1.389 r  static                              <hidden>
                         net (fo=3, routed)           1.883     3.272    static                              <hidden>
    MMCM_X0Y5.CLKIN1                                                  r  static                              <hidden>
    MMCM_X0Y5.CLKOUT0    MMCME4_ADV (Prop_MMCM_CLKIN1_CLKOUT0)
                                                     -0.127     3.145 r  static                              <hidden>
                         net (fo=2, routed)           0.245     3.390    static                              <hidden>
    BUFGCE_X0Y135.I                                                   r  static                              <hidden>
    BUFGCE_X0Y135.O      BUFGCE (Prop_BUFCE_BUFGCE_I_O)
                                                      0.028     3.418 r  static                              <hidden>
    X3Y5 (CLOCK_ROOT)    net (fo=131, routed)         2.258     5.676    boundary                            <hidden>
    SLICE_X149Y331.CLK   FDRE                                         r  reconfigurable pblock_CL            <hidden>
  -------------------------------------------------------------------    -------------------------------------------------------
    SLICE_X149Y331.Q     FDRE (Prop_FFF_SLICEM_C_Q)
                                                      0.076     5.752 r  reconfigurable pblock_CL            <hidden>
                         net (fo=86, routed)          0.398     6.150    reconfigurable                      <hidden>
    SLICE_X147Y337.A3                                                 r  reconfigurable pblock_CL            <hidden>
    SLICE_X147Y337.O6    LUT6 (Prop_C6LUT_SLICEL_I4_O)
                                                      0.096     6.246 f  reconfigurable pblock_CL            <hidden>
                         net (fo=1, routed)           0.010     6.256    reconfigurable                      <hidden>
    SLICE_X147Y337.1                                                  f  reconfigurable pblock_CL            <hidden>
    SLICE_X147Y337.OUT   MUXF7 (Prop_F7MUX_CD_SLICEL_I1_O)
                                                      0.064     6.320 f  reconfigurable pblock_CL            <hidden>
                         net (fo=36, routed)          0.786     7.105    reconfigurable                      <hidden>
    SLICE_X165Y337.A4                                                 f  reconfigurable pblock_CL            <hidden>
    SLICE_X165Y337.O5    LUT2 (Prop_A5LUT_SLICEL_I0_O)
                                                      0.100     7.205 f  reconfigurable pblock_CL            <hidden>
                         net (fo=1, routed)           0.515     7.720    reconfigurable                      <hidden>
    SLICE_X149Y335.A5                                                 f  reconfigurable pblock_CL            <hidden>
    SLICE_X149Y335.O6    LUT6 (Prop_D6LUT_SLICEM_I4_O)
                                                      0.051     7.771 r  reconfigurable pblock_CL            <hidden>
                         net (fo=1, routed)           0.025     7.796    reconfigurable                      <hidden>
    SLICE_X149Y335.S3                                                 r  reconfigurable pblock_CL            <hidden>
    SLICE_X149Y335.CO7   CARRY8 (Prop_CARRY8_SLICEM_S[3]_CO[7])
                                                      0.163     7.959 r  reconfigurable pblock_CL            <hidden>
                         net (fo=1, routed)           0.026     7.985    reconfigurable                      <hidden>
    SLICE_X149Y336.CIN                                                r  reconfigurable pblock_CL            <hidden>
    SLICE_X149Y336.CO5   CARRY8 (Prop_CARRY8_SLICEM_CI_CO[5])
                                                      0.077     8.062 r  reconfigurable pblock_CL            <hidden>
                         net (fo=1, routed)           0.211     8.273    reconfigurable                      <hidden>
    SLICE_X150Y339.A6                                                 r  reconfigurable pblock_CL            <hidden>
    SLICE_X150Y339.O6    LUT6 (Prop_H6LUT_SLICEM_I1_O)
                                                      0.039     8.312 r  reconfigurable pblock_CL            <hidden>
                         net (fo=1, routed)           0.124     8.436    reconfigurable                      <hidden>
    SLICE_X150Y342.A1                                                 r  reconfigurable pblock_CL            <hidden>
    SLICE_X150Y342.O6    LUT6 (Prop_H6LUT_SLICEM_I2_O)
                                                      0.152     8.588 r  reconfigurable pblock_CL            <hidden>
                         net (fo=3, routed)           0.379     8.967    reconfigurable                      <hidden>
    SLICE_X160Y346.A4                                                 r  reconfigurable pblock_CL            <hidden>
    SLICE_X160Y346.O6    LUT4 (Prop_E6LUT_SLICEL_I3_O)
                                                      0.090     9.057 r  reconfigurable pblock_CL            <hidden>
                         net (fo=1, routed)           0.092     9.149    reconfigurable                      <hidden>
    SLICE_X161Y346.A5                                                 r  reconfigurable pblock_CL            <hidden>
    SLICE_X161Y346.O6    LUT6 (Prop_B6LUT_SLICEM_I4_O)
                                                      0.052     9.201 r  reconfigurable pblock_CL            <hidden>
                         net (fo=1, routed)           0.059     9.260    reconfigurable                      <hidden>
    SLICE_X161Y346.D     FDRE                                         r  reconfigurable pblock_CL            <hidden>
  -------------------------------------------------------------------    -------------------------------------------------------

                         (clock clk_main_a0 rise edge)
                                                      4.000     4.000 r                                      
    BJ4                                               0.000     4.000 r  static                              <hidden>
                         net (fo=0)                   0.079     4.079    static                              WRAPPER/IO_SHIM/IBUFDS_CLK_125/I
    HPIOBDIFFINBUF_X0Y130.DIFF_IN_P
                                                                      r  static                              WRAPPER/IO_SHIM/IBUFDS_CLK_125/DIFFINBUF_INST/DIFF_IN_P
    HPIOBDIFFINBUF_X0Y130.O
                         DIFFINBUF (Prop_DIFFINBUF_HPIOBDIFFINBUF_DIFF_IN_P_O)
                                                      0.750     4.829 r  static                              WRAPPER/IO_SHIM/IBUFDS_CLK_125/DIFFINBUF_INST/O
                         net (fo=1, routed)           0.040     4.869    static                              WRAPPER/IO_SHIM/IBUFDS_CLK_125/OUT
    BJ4.I                                                             r  static                              WRAPPER/IO_SHIM/IBUFDS_CLK_125/IBUFCTRL_INST/I
    BJ4.O                IBUFCTRL (Prop_IBUFCTRL_HPIOB_M_I_O)
                                                      0.000     4.869 r  static                              WRAPPER/IO_SHIM/IBUFDS_CLK_125/IBUFCTRL_INST/O
                         net (fo=1, routed)           0.309     5.178    static                              <hidden>
    BUFGCE_X0Y122.I                                                   r  static                              <hidden>
    BUFGCE_X0Y122.O      BUFGCE (Prop_BUFCE_BUFGCE_I_O)
                                                      0.024     5.202 r  static                              <hidden>
                         net (fo=3, routed)           1.690     6.892    static                              <hidden>
    MMCM_X0Y5.CLKIN1                                                  r  static                              <hidden>
    MMCM_X0Y5.CLKOUT0    MMCME4_ADV (Prop_MMCM_CLKIN1_CLKOUT0)
                                                      0.630     7.522 r  static                              <hidden>
                         net (fo=2, routed)           0.215     7.737    static                              <hidden>
    BUFGCE_X0Y135.I                                                   r  static                              <hidden>
    BUFGCE_X0Y135.O      BUFGCE (Prop_BUFCE_BUFGCE_I_O)
                                                      0.024     7.761 r  static                              <hidden>
    X3Y5 (CLOCK_ROOT)    net (fo=131, routed)         2.087     9.848    boundary                            <hidden>
    SLICE_X161Y346.CLK   FDRE                                         r  reconfigurable pblock_CL            <hidden>
                         clock pessimism             -0.193     9.656                                            
                         clock uncertainty           -0.059     9.597                                            
    SLICE_X161Y346       FDRE (Setup_BFF_SLICEM_C_D)
                                                      0.025     9.622    reconfigurable   pblock_CL              <hidden>
  -------------------------------------------------------------------
                         required time                          9.622                                            
                         arrival time                          -9.260                                            
  -------------------------------------------------------------------
                         slack                                  0.362                                            

Slack (MET) :             0.369ns  (required time - arrival time)
  Source:                 <hidden>
                            (rising edge-triggered cell FDRE clocked by clk_main_a0  {rise@0.000ns fall@2.000ns period=4.000ns})
  Destination:            <hidden>
                            (rising edge-triggered cell FDRE clocked by clk_main_a0  {rise@0.000ns fall@2.000ns period=4.000ns})
  Path Group:             clk_main_a0
  Path Type:              Setup (Max at Slow Process Corner)
  Requirement:            4.000ns  (clk_main_a0 rise@4.000ns - clk_main_a0 rise@0.000ns)
  Data Path Delay:        3.562ns  (logic 0.916ns (25.716%)  route 2.646ns (74.284%))
  Logic Levels:           13  (CARRY8=4 LUT1=1 LUT6=5 MUXF7=3)
  Clock Path Skew:        -0.036ns (DCD - SCD + CPR)
    Destination Clock Delay (DCD):    5.832ns = ( 9.832 - 4.000 ) 
    Source Clock Delay      (SCD):    5.676ns
    Clock Pessimism Removal (CPR):    -0.192ns
  Clock Uncertainty:      0.059ns  ((TSJ^2 + DJ^2)^1/2) / 2 + PE
    Total System Jitter     (TSJ):    0.071ns
    Discrete Jitter          (DJ):    0.094ns
    Phase Error              (PE):    0.000ns
  Clock Net Delay (Source):      2.258ns (routing 0.461ns, distribution 1.797ns)
  Clock Net Delay (Destination): 2.071ns (routing 0.421ns, distribution 1.650ns)

    Location             Delay type                Incr(ns)  Path(ns)    Partition      PBlock               Netlist Resource(s)
  -------------------------------------------------------------------    -------------------------------------------------------
                         (clock clk_main_a0 rise edge)
                                                      0.000     0.000 r                                      
    BJ4                                               0.000     0.000 r  static                              <hidden>
                         net (fo=0)                   0.100     0.100    static                              WRAPPER/IO_SHIM/IBUFDS_CLK_125/I
    HPIOBDIFFINBUF_X0Y130.DIFF_IN_P
                                                                      r  static                              WRAPPER/IO_SHIM/IBUFDS_CLK_125/DIFFINBUF_INST/DIFF_IN_P
    HPIOBDIFFINBUF_X0Y130.O
                         DIFFINBUF (Prop_DIFFINBUF_HPIOBDIFFINBUF_DIFF_IN_P_O)
                                                      0.863     0.963 r  static                              WRAPPER/IO_SHIM/IBUFDS_CLK_125/DIFFINBUF_INST/O
                         net (fo=1, routed)           0.050     1.013    static                              WRAPPER/IO_SHIM/IBUFDS_CLK_125/OUT
    BJ4.I                                                             r  static                              WRAPPER/IO_SHIM/IBUFDS_CLK_125/IBUFCTRL_INST/I
    BJ4.O                IBUFCTRL (Prop_IBUFCTRL_HPIOB_M_I_O)
                                                      0.000     1.013 r  static                              WRAPPER/IO_SHIM/IBUFDS_CLK_125/IBUFCTRL_INST/O
                         net (fo=1, routed)           0.348     1.361    static                              <hidden>
    BUFGCE_X0Y122.I                                                   r  static                              <hidden>
    BUFGCE_X0Y122.O      BUFGCE (Prop_BUFCE_BUFGCE_I_O)
                                                      0.028     1.389 r  static                              <hidden>
                         net (fo=3, routed)           1.883     3.272    static                              <hidden>
    MMCM_X0Y5.CLKIN1                                                  r  static                              <hidden>
    MMCM_X0Y5.CLKOUT0    MMCME4_ADV (Prop_MMCM_CLKIN1_CLKOUT0)
                                                     -0.127     3.145 r  static                              <hidden>
                         net (fo=2, routed)           0.245     3.390    static                              <hidden>
    BUFGCE_X0Y135.I                                                   r  static                              <hidden>
    BUFGCE_X0Y135.O      BUFGCE (Prop_BUFCE_BUFGCE_I_O)
                                                      0.028     3.418 r  static                              <hidden>
    X3Y5 (CLOCK_ROOT)    net (fo=131, routed)         2.258     5.676    boundary                            <hidden>
    SLICE_X149Y331.CLK   FDRE                                         r  reconfigurable pblock_CL            <hidden>
  -------------------------------------------------------------------    -------------------------------------------------------
    SLICE_X149Y331.Q     FDRE (Prop_HFF_SLICEM_C_Q)
                                                      0.079     5.755 r  reconfigurable pblock_CL            <hidden>
                         net (fo=86, routed)          0.263     6.017    reconfigurable                      <hidden>
    SLICE_X150Y331.A5                                                 r  reconfigurable pblock_CL            <hidden>
    SLICE_X150Y331.O6    LUT6 (Prop_D6LUT_SLICEM_I2_O)
                                                      0.051     6.068 f  reconfigurable pblock_CL            <hidden>
                         net (fo=1, routed)           0.025     6.093    reconfigurable                      <hidden>
    SLICE_X150Y331.0                                                  f  reconfigurable pblock_CL            <hidden>
    SLICE_X150Y331.OUT   MUXF7 (Prop_F7MUX_CD_SLICEM_I0_O)
                                                      0.069     6.162 f  reconfigurable pblock_CL            <hidden>
                         net (fo=35, routed)          0.389     6.551    reconfigurable                      <hidden>
    SLICE_X148Y336.A6                                                 f  reconfigurable pblock_CL            <hidden>
    SLICE_X148Y336.O6    LUT1 (Prop_D6LUT_SLICEL_I0_O)
                                                      0.036     6.587 r  reconfigurable pblock_CL            <hidden>
                         net (fo=1, routed)           0.009     6.596    reconfigurable                      <hidden>
    SLICE_X148Y336.S3                                                 r  reconfigurable pblock_CL            <hidden>
    SLICE_X148Y336.CO7   CARRY8 (Prop_CARRY8_SLICEL_S[3]_CO[7])
                                                      0.154     6.750 r  reconfigurable pblock_CL            <hidden>
                         net (fo=1, routed)           0.026     6.776    reconfigurable                      <hidden>
    SLICE_X148Y337.CIN                                                r  reconfigurable pblock_CL            <hidden>
    SLICE_X148Y337.CO7   CARRY8 (Prop_CARRY8_SLICEL_CI_CO[7])
                                                      0.015     6.791 r  reconfigurable pblock_CL            <hidden>
                         net (fo=1, routed)           0.026     6.817    reconfigurable                      <hidden>
    SLICE_X148Y338.CIN                                                r  reconfigurable pblock_CL            <hidden>
    SLICE_X148Y338.CO7   CARRY8 (Prop_CARRY8_SLICEL_CI_CO[7])
                                                      0.015     6.832 r  reconfigurable pblock_CL            <hidden>
                         net (fo=1, routed)           0.026     6.858    reconfigurable                      <hidden>
    SLICE_X148Y339.CIN                                                r  reconfigurable pblock_CL            <hidden>
    SLICE_X148Y339.O7    CARRY8 (Prop_CARRY8_SLICEL_CI_O[7])
                                                      0.116     6.974 r  reconfigurable pblock_CL            <hidden>
                         net (fo=9, routed)           0.414     7.388    reconfigurable                      <hidden>
    SLICE_X147Y347.A3                                                 r  reconfigurable pblock_CL            <hidden>
    SLICE_X147Y347.O6    LUT6 (Prop_G6LUT_SLICEL_I1_O)
                                                      0.097     7.485 r  reconfigurable pblock_CL            <hidden>
                         net (fo=1, routed)           0.008     7.493    reconfigurable                      <hidden>
    SLICE_X147Y347.1                                                  r  reconfigurable pblock_CL            <hidden>
    SLICE_X147Y347.OUT   MUXF7 (Prop_F7MUX_GH_SLICEL_I1_O)
                                                      0.063     7.556 r  reconfigurable pblock_CL            <hidden>
                         net (fo=2, routed)           0.234     7.790    reconfigurable                      <hidden>
    SLICE_X145Y346.A5                                                 r  reconfigurable pblock_CL            <hidden>
    SLICE_X145Y346.O6    LUT6 (Prop_D6LUT_SLICEM_I3_O)
                                                      0.051     7.841 r  reconfigurable pblock_CL            <hidden>
                         net (fo=5, routed)           0.484     8.326    reconfigurable                      <hidden>
    SLICE_X137Y343.A5                                                 r  reconfigurable pblock_CL            <hidden>
    SLICE_X137Y343.O6    LUT6 (Prop_D6LUT_SLICEM_I1_O)
                                                      0.051     8.377 r  reconfigurable pblock_CL            <hidden>
                         net (fo=1, routed)           0.025     8.402    reconfigurable                      <hidden>
    SLICE_X137Y343.0                                                  r  reconfigurable pblock_CL            <hidden>
    SLICE_X137Y343.OUT   MUXF7 (Prop_F7MUX_CD_SLICEM_I0_O)
                                                      0.069     8.471 r  reconfigurable pblock_CL            <hidden>
                         net (fo=1, routed)           0.668     9.139    reconfigurable                      <hidden>
    SLICE_X155Y347.A5                                                 r  reconfigurable pblock_CL            <hidden>
    SLICE_X155Y347.O6    LUT6 (Prop_D6LUT_SLICEL_I2_O)
                                                      0.050     9.189 r  reconfigurable pblock_CL            <hidden>
                         net (fo=1, routed)           0.049     9.238    reconfigurable                      <hidden>
    SLICE_X155Y347.D     FDRE                                         r  reconfigurable pblock_CL            <hidden>
  -------------------------------------------------------------------    -------------------------------------------------------

                         (clock clk_main_a0 rise edge)
                                                      4.000     4.000 r                                      
    BJ4                                               0.000     4.000 r  static                              <hidden>
                         net (fo=0)                   0.079     4.079    static                              WRAPPER/IO_SHIM/IBUFDS_CLK_125/I
    HPIOBDIFFINBUF_X0Y130.DIFF_IN_P
                                                                      r  static                              WRAPPER/IO_SHIM/IBUFDS_CLK_125/DIFFINBUF_INST/DIFF_IN_P
    HPIOBDIFFINBUF_X0Y130.O
                         DIFFINBUF (Prop_DIFFINBUF_HPIOBDIFFINBUF_DIFF_IN_P_O)
                                                      0.750     4.829 r  static                              WRAPPER/IO_SHIM/IBUFDS_CLK_125/DIFFINBUF_INST/O
                         net (fo=1, routed)           0.040     4.869    static                              WRAPPER/IO_SHIM/IBUFDS_CLK_125/OUT
    BJ4.I                                                             r  static                              WRAPPER/IO_SHIM/IBUFDS_CLK_125/IBUFCTRL_INST/I
    BJ4.O                IBUFCTRL (Prop_IBUFCTRL_HPIOB_M_I_O)
                                                      0.000     4.869 r  static                              WRAPPER/IO_SHIM/IBUFDS_CLK_125/IBUFCTRL_INST/O
                         net (fo=1, routed)           0.309     5.178    static                              <hidden>
    BUFGCE_X0Y122.I                                                   r  static                              <hidden>
    BUFGCE_X0Y122.O      BUFGCE (Prop_BUFCE_BUFGCE_I_O)
                                                      0.024     5.202 r  static                              <hidden>
                         net (fo=3, routed)           1.690     6.892    static                              <hidden>
    MMCM_X0Y5.CLKIN1                                                  r  static                              <hidden>
    MMCM_X0Y5.CLKOUT0    MMCME4_ADV (Prop_MMCM_CLKIN1_CLKOUT0)
                                                      0.630     7.522 r  static                              <hidden>
                         net (fo=2, routed)           0.215     7.737    static                              <hidden>
    BUFGCE_X0Y135.I                                                   r  static                              <hidden>
    BUFGCE_X0Y135.O      BUFGCE (Prop_BUFCE_BUFGCE_I_O)
                                                      0.024     7.761 r  static                              <hidden>
    X3Y5 (CLOCK_ROOT)    net (fo=131, routed)         2.071     9.832    boundary                            <hidden>
    SLICE_X155Y347.CLK   FDRE                                         r  reconfigurable pblock_CL            <hidden>
                         clock pessimism             -0.192     9.640                                            
                         clock uncertainty           -0.059     9.581                                            
    SLICE_X155Y347       FDRE (Setup_DFF_SLICEL_C_D)
                                                      0.025     9.606    reconfigurable   pblock_CL              <hidden>
  -------------------------------------------------------------------
                         required time                          9.606                                            
                         arrival time                          -9.238                                            
  -------------------------------------------------------------------
                         slack                                  0.369                                            

Slack (MET) :             0.370ns  (required time - arrival time)
  Source:                 <hidden>
                            (rising edge-triggered cell FDRE clocked by clk_main_a0  {rise@0.000ns fall@2.000ns period=4.000ns})
  Destination:            <hidden>
                            (rising edge-triggered cell FDRE clocked by clk_main_a0  {rise@0.000ns fall@2.000ns period=4.000ns})
  Path Group:             clk_main_a0
  Path Type:              Setup (Max at Slow Process Corner)
  Requirement:            4.000ns  (clk_main_a0 rise@4.000ns - clk_main_a0 rise@0.000ns)
  Data Path Delay:        3.595ns  (logic 1.221ns (33.963%)  route 2.374ns (66.037%))
  Logic Levels:           11  (CARRY8=2 LUT1=1 LUT6=5 MUXF7=3)
  Clock Path Skew:        -0.002ns (DCD - SCD + CPR)
    Destination Clock Delay (DCD):    5.848ns = ( 9.848 - 4.000 ) 
    Source Clock Delay      (SCD):    5.658ns
    Clock Pessimism Removal (CPR):    -0.192ns
  Clock Uncertainty:      0.059ns  ((TSJ^2 + DJ^2)^1/2) / 2 + PE
    Total System Jitter     (TSJ):    0.071ns
    Discrete Jitter          (DJ):    0.094ns
    Phase Error              (PE):    0.000ns
  Clock Net Delay (Source):      2.240ns (routing 0.461ns, distribution 1.779ns)
  Clock Net Delay (Destination): 2.087ns (routing 0.421ns, distribution 1.666ns)

    Location             Delay type                Incr(ns)  Path(ns)    Partition      PBlock               Netlist Resource(s)
  -------------------------------------------------------------------    -------------------------------------------------------
                         (clock clk_main_a0 rise edge)
                                                      0.000     0.000 r                                      
    BJ4                                               0.000     0.000 r  static                              <hidden>
                         net (fo=0)                   0.100     0.100    static                              WRAPPER/IO_SHIM/IBUFDS_CLK_125/I
    HPIOBDIFFINBUF_X0Y130.DIFF_IN_P
                                                                      r  static                              WRAPPER/IO_SHIM/IBUFDS_CLK_125/DIFFINBUF_INST/DIFF_IN_P
    HPIOBDIFFINBUF_X0Y130.O
                         DIFFINBUF (Prop_DIFFINBUF_HPIOBDIFFINBUF_DIFF_IN_P_O)
                                                      0.863     0.963 r  static                              WRAPPER/IO_SHIM/IBUFDS_CLK_125/DIFFINBUF_INST/O
                         net (fo=1, routed)           0.050     1.013    static                              WRAPPER/IO_SHIM/IBUFDS_CLK_125/OUT
    BJ4.I                                                             r  static                              WRAPPER/IO_SHIM/IBUFDS_CLK_125/IBUFCTRL_INST/I
    BJ4.O                IBUFCTRL (Prop_IBUFCTRL_HPIOB_M_I_O)
                                                      0.000     1.013 r  static                              WRAPPER/IO_SHIM/IBUFDS_CLK_125/IBUFCTRL_INST/O
                         net (fo=1, routed)           0.348     1.361    static                              <hidden>
    BUFGCE_X0Y122.I                                                   r  static                              <hidden>
    BUFGCE_X0Y122.O      BUFGCE (Prop_BUFCE_BUFGCE_I_O)
                                                      0.028     1.389 r  static                              <hidden>
                         net (fo=3, routed)           1.883     3.272    static                              <hidden>
    MMCM_X0Y5.CLKIN1                                                  r  static                              <hidden>
    MMCM_X0Y5.CLKOUT0    MMCME4_ADV (Prop_MMCM_CLKIN1_CLKOUT0)
                                                     -0.127     3.145 r  static                              <hidden>
                         net (fo=2, routed)           0.245     3.390    static                              <hidden>
    BUFGCE_X0Y135.I                                                   r  static                              <hidden>
    BUFGCE_X0Y135.O      BUFGCE (Prop_BUFCE_BUFGCE_I_O)
                                                      0.028     3.418 r  static                              <hidden>
    X3Y5 (CLOCK_ROOT)    net (fo=131, routed)         2.240     5.658    boundary                            <hidden>
    SLICE_X147Y341.CLK   FDRE                                         r  reconfigurable pblock_CL            <hidden>
  -------------------------------------------------------------------    -------------------------------------------------------
    SLICE_X147Y341.Q     FDRE (Prop_AFF_SLICEL_C_Q)
                                                      0.079     5.737 r  reconfigurable pblock_CL            <hidden>
                         net (fo=94, routed)          0.378     6.114    reconfigurable                      <hidden>
    SLICE_X149Y341.A4                                                 r  reconfigurable pblock_CL            <hidden>
    SLICE_X149Y341.O6    LUT6 (Prop_B6LUT_SLICEM_I2_O)
                                                      0.089     6.203 f  reconfigurable pblock_CL            <hidden>
                         net (fo=1, routed)           0.017     6.220    reconfigurable                      <hidden>
    SLICE_X149Y341.0                                                  f  reconfigurable pblock_CL            <hidden>
    SLICE_X149Y341.OUT   MUXF7 (Prop_F7MUX_AB_SLICEM_I0_O)
                                                      0.067     6.287 f  reconfigurable pblock_CL            <hidden>
                         net (fo=35, routed)          0.322     6.609    reconfigurable                      <hidden>
    SLICE_X148Y339.A2                                                 f  reconfigurable pblock_CL            <hidden>
    SLICE_X148Y339.O6    LUT1 (Prop_F6LUT_SLICEL_I0_O)
                                                      0.123     6.732 r  reconfigurable pblock_CL            <hidden>
                         net (fo=1, routed)           0.011     6.743    reconfigurable                      <hidden>
    SLICE_X148Y339.S5                                                 r  reconfigurable pblock_CL            <hidden>
    SLICE_X148Y339.CO7   CARRY8 (Prop_CARRY8_SLICEL_S[5]_CO[7])
                                                      0.155     6.898 r  reconfigurable pblock_CL            <hidden>
                         net (fo=1, routed)           0.026     6.924    reconfigurable                      <hidden>
    SLICE_X148Y340.CIN                                                r  reconfigurable pblock_CL            <hidden>
    SLICE_X148Y340.O2    CARRY8 (Prop_CARRY8_SLICEL_CI_O[2])
                                                      0.067     6.991 r  reconfigurable pblock_CL            <hidden>
                         net (fo=9, routed)           0.313     7.305    reconfigurable                      <hidden>
    SLICE_X148Y346.A2                                                 r  reconfigurable pblock_CL            <hidden>
    SLICE_X148Y346.O6    LUT6 (Prop_G6LUT_SLICEL_I1_O)
                                                      0.123     7.428 r  reconfigurable pblock_CL            <hidden>
                         net (fo=1, routed)           0.008     7.436    reconfigurable                      <hidden>
    SLICE_X148Y346.1                                                  r  reconfigurable pblock_CL            <hidden>
    SLICE_X148Y346.OUT   MUXF7 (Prop_F7MUX_GH_SLICEL_I1_O)
                                                      0.063     7.499 r  reconfigurable pblock_CL            <hidden>
                         net (fo=2, routed)           0.419     7.918    reconfigurable                      <hidden>
    SLICE_X145Y346.A1                                                 r  reconfigurable pblock_CL            <hidden>
    SLICE_X145Y346.O6    LUT6 (Prop_F6LUT_SLICEM_I2_O)
                                                      0.148     8.066 r  reconfigurable pblock_CL            <hidden>
                         net (fo=5, routed)           0.162     8.229    reconfigurable                      <hidden>
    SLICE_X144Y347.A3                                                 r  reconfigurable pblock_CL            <hidden>
    SLICE_X144Y347.O6    LUT6 (Prop_D6LUT_SLICEL_I1_O)
                                                      0.099     8.328 r  reconfigurable pblock_CL            <hidden>
                         net (fo=1, routed)           0.009     8.337    reconfigurable                      <hidden>
    SLICE_X144Y347.0                                                  r  reconfigurable pblock_CL            <hidden>
    SLICE_X144Y347.OUT   MUXF7 (Prop_F7MUX_CD_SLICEL_I0_O)
                                                      0.063     8.400 r  reconfigurable pblock_CL            <hidden>
                         net (fo=1, routed)           0.642     9.042    reconfigurable                      <hidden>
    SLICE_X161Y347.A1                                                 r  reconfigurable pblock_CL            <hidden>
    SLICE_X161Y347.O6    LUT6 (Prop_C6LUT_SLICEM_I2_O)
                                                      0.145     9.187 r  reconfigurable pblock_CL            <hidden>
                         net (fo=1, routed)           0.066     9.253    reconfigurable                      <hidden>
    SLICE_X161Y347.D     FDRE                                         r  reconfigurable pblock_CL            <hidden>
  -------------------------------------------------------------------    -------------------------------------------------------

                         (clock clk_main_a0 rise edge)
                                                      4.000     4.000 r                                      
    BJ4                                               0.000     4.000 r  static                              <hidden>
                         net (fo=0)                   0.079     4.079    static                              WRAPPER/IO_SHIM/IBUFDS_CLK_125/I
    HPIOBDIFFINBUF_X0Y130.DIFF_IN_P
                                                                      r  static                              WRAPPER/IO_SHIM/IBUFDS_CLK_125/DIFFINBUF_INST/DIFF_IN_P
    HPIOBDIFFINBUF_X0Y130.O
                         DIFFINBUF (Prop_DIFFINBUF_HPIOBDIFFINBUF_DIFF_IN_P_O)
                                                      0.750     4.829 r  static                              WRAPPER/IO_SHIM/IBUFDS_CLK_125/DIFFINBUF_INST/O
                         net (fo=1, routed)           0.040     4.869    static                              WRAPPER/IO_SHIM/IBUFDS_CLK_125/OUT
    BJ4.I                                                             r  static                              WRAPPER/IO_SHIM/IBUFDS_CLK_125/IBUFCTRL_INST/I
    BJ4.O                IBUFCTRL (Prop_IBUFCTRL_HPIOB_M_I_O)
                                                      0.000     4.869 r  static                              WRAPPER/IO_SHIM/IBUFDS_CLK_125/IBUFCTRL_INST/O
                         net (fo=1, routed)           0.309     5.178    static                              <hidden>
    BUFGCE_X0Y122.I                                                   r  static                              <hidden>
    BUFGCE_X0Y122.O      BUFGCE (Prop_BUFCE_BUFGCE_I_O)
                                                      0.024     5.202 r  static                              <hidden>
                         net (fo=3, routed)           1.690     6.892    static                              <hidden>
    MMCM_X0Y5.CLKIN1                                                  r  static                              <hidden>
    MMCM_X0Y5.CLKOUT0    MMCME4_ADV (Prop_MMCM_CLKIN1_CLKOUT0)
                                                      0.630     7.522 r  static                              <hidden>
                         net (fo=2, routed)           0.215     7.737    static                              <hidden>
    BUFGCE_X0Y135.I                                                   r  static                              <hidden>
    BUFGCE_X0Y135.O      BUFGCE (Prop_BUFCE_BUFGCE_I_O)
                                                      0.024     7.761 r  static                              <hidden>
    X3Y5 (CLOCK_ROOT)    net (fo=131, routed)         2.087     9.848    boundary                            <hidden>
    SLICE_X161Y347.CLK   FDRE                                         r  reconfigurable pblock_CL            <hidden>
                         clock pessimism             -0.192     9.656                                            
                         clock uncertainty           -0.059     9.597                                            
    SLICE_X161Y347       FDRE (Setup_CFF_SLICEM_C_D)
                                                      0.025     9.622    reconfigurable   pblock_CL              <hidden>
  -------------------------------------------------------------------
                         required time                          9.622                                            
                         arrival time                          -9.253                                            
  -------------------------------------------------------------------
                         slack                                  0.370                                            

Slack (MET) :             0.381ns  (required time - arrival time)
  Source:                 <hidden>
                            (rising edge-triggered cell FDRE clocked by clk_main_a0  {rise@0.000ns fall@2.000ns period=4.000ns})
  Destination:            <hidden>
                            (rising edge-triggered cell FDRE clocked by clk_main_a0  {rise@0.000ns fall@2.000ns period=4.000ns})
  Path Group:             clk_main_a0
  Path Type:              Setup (Max at Slow Process Corner)
  Requirement:            4.000ns  (clk_main_a0 rise@4.000ns - clk_main_a0 rise@0.000ns)
  Data Path Delay:        3.584ns  (logic 0.695ns (19.390%)  route 2.889ns (80.610%))
  Logic Levels:           9  (LUT6=6 MUXF7=3)
  Clock Path Skew:        -0.001ns (DCD - SCD + CPR)
    Destination Clock Delay (DCD):    5.849ns = ( 9.849 - 4.000 ) 
    Source Clock Delay      (SCD):    5.658ns
    Clock Pessimism Removal (CPR):    -0.192ns
  Clock Uncertainty:      0.059ns  ((TSJ^2 + DJ^2)^1/2) / 2 + PE
    Total System Jitter     (TSJ):    0.071ns
    Discrete Jitter          (DJ):    0.094ns
    Phase Error              (PE):    0.000ns
  Clock Net Delay (Source):      2.240ns (routing 0.461ns, distribution 1.779ns)
  Clock Net Delay (Destination): 2.088ns (routing 0.421ns, distribution 1.667ns)

    Location             Delay type                Incr(ns)  Path(ns)    Partition      PBlock               Netlist Resource(s)
  -------------------------------------------------------------------    -------------------------------------------------------
                         (clock clk_main_a0 rise edge)
                                                      0.000     0.000 r                                      
    BJ4                                               0.000     0.000 r  static                              <hidden>
                         net (fo=0)                   0.100     0.100    static                              WRAPPER/IO_SHIM/IBUFDS_CLK_125/I
    HPIOBDIFFINBUF_X0Y130.DIFF_IN_P
                                                                      r  static                              WRAPPER/IO_SHIM/IBUFDS_CLK_125/DIFFINBUF_INST/DIFF_IN_P
    HPIOBDIFFINBUF_X0Y130.O
                         DIFFINBUF (Prop_DIFFINBUF_HPIOBDIFFINBUF_DIFF_IN_P_O)
                                                      0.863     0.963 r  static                              WRAPPER/IO_SHIM/IBUFDS_CLK_125/DIFFINBUF_INST/O
                         net (fo=1, routed)           0.050     1.013    static                              WRAPPER/IO_SHIM/IBUFDS_CLK_125/OUT
    BJ4.I                                                             r  static                              WRAPPER/IO_SHIM/IBUFDS_CLK_125/IBUFCTRL_INST/I
    BJ4.O                IBUFCTRL (Prop_IBUFCTRL_HPIOB_M_I_O)
                                                      0.000     1.013 r  static                              WRAPPER/IO_SHIM/IBUFDS_CLK_125/IBUFCTRL_INST/O
                         net (fo=1, routed)           0.348     1.361    static                              <hidden>
    BUFGCE_X0Y122.I                                                   r  static                              <hidden>
    BUFGCE_X0Y122.O      BUFGCE (Prop_BUFCE_BUFGCE_I_O)
                                                      0.028     1.389 r  static                              <hidden>
                         net (fo=3, routed)           1.883     3.272    static                              <hidden>
    MMCM_X0Y5.CLKIN1                                                  r  static                              <hidden>
    MMCM_X0Y5.CLKOUT0    MMCME4_ADV (Prop_MMCM_CLKIN1_CLKOUT0)
                                                     -0.127     3.145 r  static                              <hidden>
                         net (fo=2, routed)           0.245     3.390    static                              <hidden>
    BUFGCE_X0Y135.I                                                   r  static                              <hidden>
    BUFGCE_X0Y135.O      BUFGCE (Prop_BUFCE_BUFGCE_I_O)
                                                      0.028     3.418 r  static                              <hidden>
    X3Y5 (CLOCK_ROOT)    net (fo=131, routed)         2.240     5.658    boundary                            <hidden>
    SLICE_X147Y341.CLK   FDRE                                         r  reconfigurable pblock_CL            <hidden>
  -------------------------------------------------------------------    -------------------------------------------------------
    SLICE_X147Y341.Q     FDRE (Prop_AFF_SLICEL_C_Q)
                                                      0.079     5.737 r  reconfigurable pblock_CL            <hidden>
                         net (fo=94, routed)          0.316     6.052    reconfigurable                      <hidden>
    SLICE_X149Y342.A5                                                 r  reconfigurable pblock_CL            <hidden>
    SLICE_X149Y342.O6    LUT6 (Prop_G6LUT_SLICEM_I2_O)
                                                      0.052     6.104 r  reconfigurable pblock_CL            <hidden>
                         net (fo=1, routed)           0.017     6.121    reconfigurable                      <hidden>
    SLICE_X149Y342.1                                                  r  reconfigurable pblock_CL            <hidden>
    SLICE_X149Y342.OUT   MUXF7 (Prop_F7MUX_GH_SLICEM_I1_O)
                                                      0.067     6.188 r  reconfigurable pblock_CL            <hidden>
                         net (fo=35, routed)          0.503     6.691    reconfigurable                      <hidden>
    SLICE_X138Y339.A6                                                 r  reconfigurable pblock_CL            <hidden>
    SLICE_X138Y339.O6    LUT6 (Prop_E6LUT_SLICEL_I4_O)
                                                      0.035     6.726 r  reconfigurable pblock_CL            <hidden>
                         net (fo=1, routed)           0.478     7.204    reconfigurable                      <hidden>
    SLICE_X147Y339.A6                                                 r  reconfigurable pblock_CL            <hidden>
    SLICE_X147Y339.O6    LUT6 (Prop_E6LUT_SLICEL_I5_O)
                                                      0.035     7.239 r  reconfigurable pblock_CL            <hidden>
                         net (fo=1, routed)           0.007     7.246    reconfigurable                      <hidden>
    SLICE_X147Y339.1                                                  r  reconfigurable pblock_CL            <hidden>
    SLICE_X147Y339.OUT   MUXF7 (Prop_F7MUX_EF_SLICEL_I1_O)
                                                      0.063     7.309 r  reconfigurable pblock_CL            <hidden>
                         net (fo=2, routed)           0.279     7.588    reconfigurable                      <hidden>
    SLICE_X147Y340.A3                                                 r  reconfigurable pblock_CL            <hidden>
    SLICE_X147Y340.O6    LUT6 (Prop_E6LUT_SLICEL_I3_O)
                                                      0.099     7.687 r  reconfigurable pblock_CL            <hidden>
                         net (fo=5, routed)           0.593     8.280    reconfigurable                      <hidden>
    SLICE_X138Y344.A1                                                 r  reconfigurable pblock_CL            <hidden>
    SLICE_X138Y344.O6    LUT6 (Prop_A6LUT_SLICEL_I1_O)
                                                      0.149     8.429 r  reconfigurable pblock_CL            <hidden>
                         net (fo=1, routed)           0.009     8.438    reconfigurable                      <hidden>
    SLICE_X138Y344.1                                                  r  reconfigurable pblock_CL            <hidden>
    SLICE_X138Y344.OUT   MUXF7 (Prop_F7MUX_AB_SLICEL_I1_O)
                                                      0.064     8.502 r  reconfigurable pblock_CL            <hidden>
                         net (fo=1, routed)           0.629     9.131    reconfigurable                      <hidden>
    SLICE_X162Y344.A5                                                 r  reconfigurable pblock_CL            <hidden>
    SLICE_X162Y344.O6    LUT6 (Prop_B6LUT_SLICEM_I2_O)
                                                      0.052     9.183 r  reconfigurable pblock_CL            <hidden>
                         net (fo=1, routed)           0.059     9.242    reconfigurable                      <hidden>
    SLICE_X162Y344.D     FDRE                                         r  reconfigurable pblock_CL            <hidden>
  -------------------------------------------------------------------    -------------------------------------------------------

                         (clock clk_main_a0 rise edge)
                                                      4.000     4.000 r                                      
    BJ4                                               0.000     4.000 r  static                              <hidden>
                         net (fo=0)                   0.079     4.079    static                              WRAPPER/IO_SHIM/IBUFDS_CLK_125/I
    HPIOBDIFFINBUF_X0Y130.DIFF_IN_P
                                                                      r  static                              WRAPPER/IO_SHIM/IBUFDS_CLK_125/DIFFINBUF_INST/DIFF_IN_P
    HPIOBDIFFINBUF_X0Y130.O
                         DIFFINBUF (Prop_DIFFINBUF_HPIOBDIFFINBUF_DIFF_IN_P_O)
                                                      0.750     4.829 r  static                              WRAPPER/IO_SHIM/IBUFDS_CLK_125/DIFFINBUF_INST/O
                         net (fo=1, routed)           0.040     4.869    static                              WRAPPER/IO_SHIM/IBUFDS_CLK_125/OUT
    BJ4.I                                                             r  static                              WRAPPER/IO_SHIM/IBUFDS_CLK_125/IBUFCTRL_INST/I
    BJ4.O                IBUFCTRL (Prop_IBUFCTRL_HPIOB_M_I_O)
                                                      0.000     4.869 r  static                              WRAPPER/IO_SHIM/IBUFDS_CLK_125/IBUFCTRL_INST/O
                         net (fo=1, routed)           0.309     5.178    static                              <hidden>
    BUFGCE_X0Y122.I                                                   r  static                              <hidden>
    BUFGCE_X0Y122.O      BUFGCE (Prop_BUFCE_BUFGCE_I_O)
                                                      0.024     5.202 r  static                              <hidden>
                         net (fo=3, routed)           1.690     6.892    static                              <hidden>
    MMCM_X0Y5.CLKIN1                                                  r  static                              <hidden>
    MMCM_X0Y5.CLKOUT0    MMCME4_ADV (Prop_MMCM_CLKIN1_CLKOUT0)
                                                      0.630     7.522 r  static                              <hidden>
                         net (fo=2, routed)           0.215     7.737    static                              <hidden>
    BUFGCE_X0Y135.I                                                   r  static                              <hidden>
    BUFGCE_X0Y135.O      BUFGCE (Prop_BUFCE_BUFGCE_I_O)
                                                      0.024     7.761 r  static                              <hidden>
    X3Y5 (CLOCK_ROOT)    net (fo=131, routed)         2.088     9.849    boundary                            <hidden>
    SLICE_X162Y344.CLK   FDRE                                         r  reconfigurable pblock_CL            <hidden>
                         clock pessimism             -0.192     9.657                                            
                         clock uncertainty           -0.059     9.598                                            
    SLICE_X162Y344       FDRE (Setup_BFF_SLICEM_C_D)
                                                      0.025     9.623    reconfigurable   pblock_CL              <hidden>
  -------------------------------------------------------------------
                         required time                          9.623                                            
                         arrival time                          -9.242                                            
  -------------------------------------------------------------------
                         slack                                  0.381                                            

Slack (MET) :             0.387ns  (required time - arrival time)
  Source:                 <hidden>
                            (rising edge-triggered cell FDRE clocked by clk_main_a0  {rise@0.000ns fall@2.000ns period=4.000ns})
  Destination:            <hidden>
                            (rising edge-triggered cell FDRE clocked by clk_main_a0  {rise@0.000ns fall@2.000ns period=4.000ns})
  Path Group:             clk_main_a0
  Path Type:              Setup (Max at Slow Process Corner)
  Requirement:            4.000ns  (clk_main_a0 rise@4.000ns - clk_main_a0 rise@0.000ns)
  Data Path Delay:        3.545ns  (logic 0.979ns (27.615%)  route 2.566ns (72.385%))
  Logic Levels:           13  (CARRY8=4 LUT1=1 LUT6=5 MUXF7=3)
  Clock Path Skew:        -0.034ns (DCD - SCD + CPR)
    Destination Clock Delay (DCD):    5.834ns = ( 9.834 - 4.000 ) 
    Source Clock Delay      (SCD):    5.676ns
    Clock Pessimism Removal (CPR):    -0.192ns
  Clock Uncertainty:      0.059ns  ((TSJ^2 + DJ^2)^1/2) / 2 + PE
    Total System Jitter     (TSJ):    0.071ns
    Discrete Jitter          (DJ):    0.094ns
    Phase Error              (PE):    0.000ns
  Clock Net Delay (Source):      2.258ns (routing 0.461ns, distribution 1.797ns)
  Clock Net Delay (Destination): 2.073ns (routing 0.421ns, distribution 1.652ns)

    Location             Delay type                Incr(ns)  Path(ns)    Partition      PBlock               Netlist Resource(s)
  -------------------------------------------------------------------    -------------------------------------------------------
                         (clock clk_main_a0 rise edge)
                                                      0.000     0.000 r                                      
    BJ4                                               0.000     0.000 r  static                              <hidden>
                         net (fo=0)                   0.100     0.100    static                              WRAPPER/IO_SHIM/IBUFDS_CLK_125/I
    HPIOBDIFFINBUF_X0Y130.DIFF_IN_P
                                                                      r  static                              WRAPPER/IO_SHIM/IBUFDS_CLK_125/DIFFINBUF_INST/DIFF_IN_P
    HPIOBDIFFINBUF_X0Y130.O
                         DIFFINBUF (Prop_DIFFINBUF_HPIOBDIFFINBUF_DIFF_IN_P_O)
                                                      0.863     0.963 r  static                              WRAPPER/IO_SHIM/IBUFDS_CLK_125/DIFFINBUF_INST/O
                         net (fo=1, routed)           0.050     1.013    static                              WRAPPER/IO_SHIM/IBUFDS_CLK_125/OUT
    BJ4.I                                                             r  static                              WRAPPER/IO_SHIM/IBUFDS_CLK_125/IBUFCTRL_INST/I
    BJ4.O                IBUFCTRL (Prop_IBUFCTRL_HPIOB_M_I_O)
                                                      0.000     1.013 r  static                              WRAPPER/IO_SHIM/IBUFDS_CLK_125/IBUFCTRL_INST/O
                         net (fo=1, routed)           0.348     1.361    static                              <hidden>
    BUFGCE_X0Y122.I                                                   r  static                              <hidden>
    BUFGCE_X0Y122.O      BUFGCE (Prop_BUFCE_BUFGCE_I_O)
                                                      0.028     1.389 r  static                              <hidden>
                         net (fo=3, routed)           1.883     3.272    static                              <hidden>
    MMCM_X0Y5.CLKIN1                                                  r  static                              <hidden>
    MMCM_X0Y5.CLKOUT0    MMCME4_ADV (Prop_MMCM_CLKIN1_CLKOUT0)
                                                     -0.127     3.145 r  static                              <hidden>
                         net (fo=2, routed)           0.245     3.390    static                              <hidden>
    BUFGCE_X0Y135.I                                                   r  static                              <hidden>
    BUFGCE_X0Y135.O      BUFGCE (Prop_BUFCE_BUFGCE_I_O)
                                                      0.028     3.418 r  static                              <hidden>
    X3Y5 (CLOCK_ROOT)    net (fo=131, routed)         2.258     5.676    boundary                            <hidden>
    SLICE_X149Y331.CLK   FDRE                                         r  reconfigurable pblock_CL            <hidden>
  -------------------------------------------------------------------    -------------------------------------------------------
    SLICE_X149Y331.Q     FDRE (Prop_HFF_SLICEM_C_Q)
                                                      0.079     5.755 r  reconfigurable pblock_CL            <hidden>
                         net (fo=86, routed)          0.263     6.017    reconfigurable                      <hidden>
    SLICE_X150Y331.A5                                                 r  reconfigurable pblock_CL            <hidden>
    SLICE_X150Y331.O6    LUT6 (Prop_D6LUT_SLICEM_I2_O)
                                                      0.051     6.068 f  reconfigurable pblock_CL            <hidden>
                         net (fo=1, routed)           0.025     6.093    reconfigurable                      <hidden>
    SLICE_X150Y331.0                                                  f  reconfigurable pblock_CL            <hidden>
    SLICE_X150Y331.OUT   MUXF7 (Prop_F7MUX_CD_SLICEM_I0_O)
                                                      0.069     6.162 f  reconfigurable pblock_CL            <hidden>
                         net (fo=35, routed)          0.389     6.551    reconfigurable                      <hidden>
    SLICE_X148Y336.A6                                                 f  reconfigurable pblock_CL            <hidden>
    SLICE_X148Y336.O6    LUT1 (Prop_D6LUT_SLICEL_I0_O)
                                                      0.036     6.587 r  reconfigurable pblock_CL            <hidden>
                         net (fo=1, routed)           0.009     6.596    reconfigurable                      <hidden>
    SLICE_X148Y336.S3                                                 r  reconfigurable pblock_CL            <hidden>
    SLICE_X148Y336.CO7   CARRY8 (Prop_CARRY8_SLICEL_S[3]_CO[7])
                                                      0.154     6.750 r  reconfigurable pblock_CL            <hidden>
                         net (fo=1, routed)           0.026     6.776    reconfigurable                      <hidden>
    SLICE_X148Y337.CIN                                                r  reconfigurable pblock_CL            <hidden>
    SLICE_X148Y337.CO7   CARRY8 (Prop_CARRY8_SLICEL_CI_CO[7])
                                                      0.015     6.791 r  reconfigurable pblock_CL            <hidden>
                         net (fo=1, routed)           0.026     6.817    reconfigurable                      <hidden>
    SLICE_X148Y338.CIN                                                r  reconfigurable pblock_CL            <hidden>
    SLICE_X148Y338.CO7   CARRY8 (Prop_CARRY8_SLICEL_CI_CO[7])
                                                      0.015     6.832 r  reconfigurable pblock_CL            <hidden>
                         net (fo=1, routed)           0.026     6.858    reconfigurable                      <hidden>
    SLICE_X148Y339.CIN                                                r  reconfigurable pblock_CL            <hidden>
    SLICE_X148Y339.O1    CARRY8 (Prop_CARRY8_SLICEL_CI_O[1])
                                                      0.076     6.934 r  reconfigurable pblock_CL            <hidden>
                         net (fo=9, routed)           0.286     7.220    reconfigurable                      <hidden>
    SLICE_X147Y342.A5                                                 r  reconfigurable pblock_CL            <hidden>
    SLICE_X147Y342.O6    LUT6 (Prop_C6LUT_SLICEL_I1_O)
                                                      0.050     7.270 r  reconfigurable pblock_CL            <hidden>
                         net (fo=1, routed)           0.010     7.280    reconfigurable                      <hidden>
    SLICE_X147Y342.1                                                  r  reconfigurable pblock_CL            <hidden>
    SLICE_X147Y342.OUT   MUXF7 (Prop_F7MUX_CD_SLICEL_I1_O)
                                                      0.064     7.344 r  reconfigurable pblock_CL            <hidden>
                         net (fo=2, routed)           0.413     7.757    reconfigurable                      <hidden>
    SLICE_X141Y342.A4                                                 r  reconfigurable pblock_CL            <hidden>
    SLICE_X141Y342.O6    LUT6 (Prop_H6LUT_SLICEM_I3_O)
                                                      0.090     7.847 r  reconfigurable pblock_CL            <hidden>
                         net (fo=5, routed)           0.342     8.189    reconfigurable                      <hidden>
    SLICE_X137Y342.A2                                                 r  reconfigurable pblock_CL            <hidden>
    SLICE_X137Y342.O6    LUT6 (Prop_C6LUT_SLICEM_I1_O)
                                                      0.123     8.312 r  reconfigurable pblock_CL            <hidden>
                         net (fo=1, routed)           0.021     8.333    reconfigurable                      <hidden>
    SLICE_X137Y342.1                                                  r  reconfigurable pblock_CL            <hidden>
    SLICE_X137Y342.OUT   MUXF7 (Prop_F7MUX_CD_SLICEM_I1_O)
                                                      0.068     8.401 r  reconfigurable pblock_CL            <hidden>
                         net (fo=1, routed)           0.682     9.083    reconfigurable                      <hidden>
    SLICE_X155Y342.A4                                                 r  reconfigurable pblock_CL            <hidden>
    SLICE_X155Y342.O6    LUT6 (Prop_D6LUT_SLICEL_I2_O)
                                                      0.089     9.172 r  reconfigurable pblock_CL            <hidden>
                         net (fo=1, routed)           0.049     9.221    reconfigurable                      <hidden>
    SLICE_X155Y342.D     FDRE                                         r  reconfigurable pblock_CL            <hidden>
  -------------------------------------------------------------------    -------------------------------------------------------

                         (clock clk_main_a0 rise edge)
                                                      4.000     4.000 r                                      
    BJ4                                               0.000     4.000 r  static                              <hidden>
                         net (fo=0)                   0.079     4.079    static                              WRAPPER/IO_SHIM/IBUFDS_CLK_125/I
    HPIOBDIFFINBUF_X0Y130.DIFF_IN_P
                                                                      r  static                              WRAPPER/IO_SHIM/IBUFDS_CLK_125/DIFFINBUF_INST/DIFF_IN_P
    HPIOBDIFFINBUF_X0Y130.O
                         DIFFINBUF (Prop_DIFFINBUF_HPIOBDIFFINBUF_DIFF_IN_P_O)
                                                      0.750     4.829 r  static                              WRAPPER/IO_SHIM/IBUFDS_CLK_125/DIFFINBUF_INST/O
                         net (fo=1, routed)           0.040     4.869    static                              WRAPPER/IO_SHIM/IBUFDS_CLK_125/OUT
    BJ4.I                                                             r  static                              WRAPPER/IO_SHIM/IBUFDS_CLK_125/IBUFCTRL_INST/I
    BJ4.O                IBUFCTRL (Prop_IBUFCTRL_HPIOB_M_I_O)
                                                      0.000     4.869 r  static                              WRAPPER/IO_SHIM/IBUFDS_CLK_125/IBUFCTRL_INST/O
                         net (fo=1, routed)           0.309     5.178    static                              <hidden>
    BUFGCE_X0Y122.I                                                   r  static                              <hidden>
    BUFGCE_X0Y122.O      BUFGCE (Prop_BUFCE_BUFGCE_I_O)
                                                      0.024     5.202 r  static                              <hidden>
                         net (fo=3, routed)           1.690     6.892    static                              <hidden>
    MMCM_X0Y5.CLKIN1                                                  r  static                              <hidden>
    MMCM_X0Y5.CLKOUT0    MMCME4_ADV (Prop_MMCM_CLKIN1_CLKOUT0)
                                                      0.630     7.522 r  static                              <hidden>
                         net (fo=2, routed)           0.215     7.737    static                              <hidden>
    BUFGCE_X0Y135.I                                                   r  static                              <hidden>
    BUFGCE_X0Y135.O      BUFGCE (Prop_BUFCE_BUFGCE_I_O)
                                                      0.024     7.761 r  static                              <hidden>
    X3Y5 (CLOCK_ROOT)    net (fo=131, routed)         2.073     9.834    boundary                            <hidden>
    SLICE_X155Y342.CLK   FDRE                                         r  reconfigurable pblock_CL            <hidden>
                         clock pessimism             -0.192     9.642                                            
                         clock uncertainty           -0.059     9.583                                            
    SLICE_X155Y342       FDRE (Setup_DFF_SLICEL_C_D)
                                                      0.025     9.608    reconfigurable   pblock_CL              <hidden>
  -------------------------------------------------------------------
                         required time                          9.608                                            
                         arrival time                          -9.221                                            
  -------------------------------------------------------------------
                         slack                                  0.387                                            

Slack (MET) :             1.636ns  (required time - arrival time)
  Source:                 <hidden>
                            (rising edge-triggered cell FDCE clocked by clk_main_a0  {rise@0.000ns fall@2.000ns period=4.000ns})
  Destination:            <hidden>
                            (recovery check against rising-edge clock clk_main_a0  {rise@0.000ns fall@2.000ns period=4.000ns})
  Path Group:             **async_default**
  Path Type:              Recovery (Max at Slow Process Corner)
  Requirement:            4.000ns  (clk_main_a0 rise@4.000ns - clk_main_a0 rise@0.000ns)
  Data Path Delay:        1.920ns  (logic 0.079ns (4.114%)  route 1.841ns (95.886%))
  Logic Levels:           0  
  Clock Path Skew:        -0.319ns (DCD - SCD + CPR)
    Destination Clock Delay (DCD):    5.683ns = ( 9.683 - 4.000 ) 
    Source Clock Delay      (SCD):    5.804ns
    Clock Pessimism Removal (CPR):    -0.199ns
  Clock Uncertainty:      0.059ns  ((TSJ^2 + DJ^2)^1/2) / 2 + PE
    Total System Jitter     (TSJ):    0.071ns
    Discrete Jitter          (DJ):    0.094ns
    Phase Error              (PE):    0.000ns
  Clock Net Delay (Source):      2.386ns (routing 0.461ns, distribution 1.925ns)
  Clock Net Delay (Destination): 1.922ns (routing 0.421ns, distribution 1.501ns)

    Location             Delay type                Incr(ns)  Path(ns)    Partition      PBlock               Netlist Resource(s)
  -------------------------------------------------------------------    -------------------------------------------------------
                         (clock clk_main_a0 rise edge)
                                                      0.000     0.000 r                                      
    BJ4                                               0.000     0.000 r  static                              <hidden>
                         net (fo=0)                   0.100     0.100    static                              WRAPPER/IO_SHIM/IBUFDS_CLK_125/I
    HPIOBDIFFINBUF_X0Y130.DIFF_IN_P
                                                                      r  static                              WRAPPER/IO_SHIM/IBUFDS_CLK_125/DIFFINBUF_INST/DIFF_IN_P
    HPIOBDIFFINBUF_X0Y130.O
                         DIFFINBUF (Prop_DIFFINBUF_HPIOBDIFFINBUF_DIFF_IN_P_O)
                                                      0.863     0.963 r  static                              WRAPPER/IO_SHIM/IBUFDS_CLK_125/DIFFINBUF_INST/O
                         net (fo=1, routed)           0.050     1.013    static                              WRAPPER/IO_SHIM/IBUFDS_CLK_125/OUT
    BJ4.I                                                             r  static                              WRAPPER/IO_SHIM/IBUFDS_CLK_125/IBUFCTRL_INST/I
    BJ4.O                IBUFCTRL (Prop_IBUFCTRL_HPIOB_M_I_O)
                                                      0.000     1.013 r  static                              WRAPPER/IO_SHIM/IBUFDS_CLK_125/IBUFCTRL_INST/O
                         net (fo=1, routed)           0.348     1.361    static                              <hidden>
    BUFGCE_X0Y122.I                                                   r  static                              <hidden>
    BUFGCE_X0Y122.O      BUFGCE (Prop_BUFCE_BUFGCE_I_O)
                                                      0.028     1.389 r  static                              <hidden>
                         net (fo=3, routed)           1.883     3.272    static                              <hidden>
    MMCM_X0Y5.CLKIN1                                                  r  static                              <hidden>
    MMCM_X0Y5.CLKOUT0    MMCME4_ADV (Prop_MMCM_CLKIN1_CLKOUT0)
                                                     -0.127     3.145 r  static                              <hidden>
                         net (fo=2, routed)           0.245     3.390    static                              <hidden>
    BUFGCE_X0Y135.I                                                   r  static                              <hidden>
    BUFGCE_X0Y135.O      BUFGCE (Prop_BUFCE_BUFGCE_I_O)
                                                      0.028     3.418 r  static                              <hidden>
    X3Y5 (CLOCK_ROOT)    net (fo=131, routed)         2.386     5.804    boundary                            <hidden>
    SLICE_X175Y371.CLK   FDCE                                         r  reconfigurable pblock_CL            <hidden>
  -------------------------------------------------------------------    -------------------------------------------------------
    SLICE_X175Y371.Q     FDCE (Prop_EFF2_SLICEM_C_Q)
                                                      0.079     5.883 r  reconfigurable pblock_CL            <hidden>
                         net (fo=82, routed)          1.841     7.724    reconfigurable                      <hidden>
    SLICE_X117Y387.SR    FDCE                                         f  reconfigurable pblock_CL            <hidden>  (IS_INVERTED)
  -------------------------------------------------------------------    -------------------------------------------------------

                         (clock clk_main_a0 rise edge)
                                                      4.000     4.000 r                                      
    BJ4                                               0.000     4.000 r  static                              <hidden>
                         net (fo=0)                   0.079     4.079    static                              WRAPPER/IO_SHIM/IBUFDS_CLK_125/I
    HPIOBDIFFINBUF_X0Y130.DIFF_IN_P
                                                                      r  static                              WRAPPER/IO_SHIM/IBUFDS_CLK_125/DIFFINBUF_INST/DIFF_IN_P
    HPIOBDIFFINBUF_X0Y130.O
                         DIFFINBUF (Prop_DIFFINBUF_HPIOBDIFFINBUF_DIFF_IN_P_O)
                                                      0.750     4.829 r  static                              WRAPPER/IO_SHIM/IBUFDS_CLK_125/DIFFINBUF_INST/O
                         net (fo=1, routed)           0.040     4.869    static                              WRAPPER/IO_SHIM/IBUFDS_CLK_125/OUT
    BJ4.I                                                             r  static                              WRAPPER/IO_SHIM/IBUFDS_CLK_125/IBUFCTRL_INST/I
    BJ4.O                IBUFCTRL (Prop_IBUFCTRL_HPIOB_M_I_O)
                                                      0.000     4.869 r  static                              WRAPPER/IO_SHIM/IBUFDS_CLK_125/IBUFCTRL_INST/O
                         net (fo=1, routed)           0.309     5.178    static                              <hidden>
    BUFGCE_X0Y122.I                                                   r  static                              <hidden>
    BUFGCE_X0Y122.O      BUFGCE (Prop_BUFCE_BUFGCE_I_O)
                                                      0.024     5.202 r  static                              <hidden>
                         net (fo=3, routed)           1.690     6.892    static                              <hidden>
    MMCM_X0Y5.CLKIN1                                                  r  static                              <hidden>
    MMCM_X0Y5.CLKOUT0    MMCME4_ADV (Prop_MMCM_CLKIN1_CLKOUT0)
                                                      0.630     7.522 r  static                              <hidden>
                         net (fo=2, routed)           0.215     7.737    static                              <hidden>
    BUFGCE_X0Y135.I                                                   r  static                              <hidden>
    BUFGCE_X0Y135.O      BUFGCE (Prop_BUFCE_BUFGCE_I_O)
                                                      0.024     7.761 r  static                              <hidden>
    X3Y5 (CLOCK_ROOT)    net (fo=131, routed)         1.922     9.683    boundary                            <hidden>
    SLICE_X117Y387.CLK   FDCE                                         r  reconfigurable pblock_CL            <hidden>
                         clock pessimism             -0.199     9.484                                            
                         clock uncertainty           -0.059     9.426                                            
    SLICE_X117Y387       FDCE (Recov_DFF_SLICEL_C_CLR)
                                                     -0.066     9.360    reconfigurable   pblock_CL              <hidden>
  -------------------------------------------------------------------
                         required time                          9.360                                            
                         arrival time                          -7.724                                            
  -------------------------------------------------------------------
                         slack                                  1.636                                            

Slack (MET) :             1.636ns  (required time - arrival time)
  Source:                 <hidden>
                            (rising edge-triggered cell FDCE clocked by clk_main_a0  {rise@0.000ns fall@2.000ns period=4.000ns})
  Destination:            <hidden>
                            (recovery check against rising-edge clock clk_main_a0  {rise@0.000ns fall@2.000ns period=4.000ns})
  Path Group:             **async_default**
  Path Type:              Recovery (Max at Slow Process Corner)
  Requirement:            4.000ns  (clk_main_a0 rise@4.000ns - clk_main_a0 rise@0.000ns)
  Data Path Delay:        1.920ns  (logic 0.079ns (4.114%)  route 1.841ns (95.886%))
  Logic Levels:           0  
  Clock Path Skew:        -0.319ns (DCD - SCD + CPR)
    Destination Clock Delay (DCD):    5.683ns = ( 9.683 - 4.000 ) 
    Source Clock Delay      (SCD):    5.804ns
    Clock Pessimism Removal (CPR):    -0.199ns
  Clock Uncertainty:      0.059ns  ((TSJ^2 + DJ^2)^1/2) / 2 + PE
    Total System Jitter     (TSJ):    0.071ns
    Discrete Jitter          (DJ):    0.094ns
    Phase Error              (PE):    0.000ns
  Clock Net Delay (Source):      2.386ns (routing 0.461ns, distribution 1.925ns)
  Clock Net Delay (Destination): 1.922ns (routing 0.421ns, distribution 1.501ns)

    Location             Delay type                Incr(ns)  Path(ns)    Partition      PBlock               Netlist Resource(s)
  -------------------------------------------------------------------    -------------------------------------------------------
                         (clock clk_main_a0 rise edge)
                                                      0.000     0.000 r                                      
    BJ4                                               0.000     0.000 r  static                              <hidden>
                         net (fo=0)                   0.100     0.100    static                              WRAPPER/IO_SHIM/IBUFDS_CLK_125/I
    HPIOBDIFFINBUF_X0Y130.DIFF_IN_P
                                                                      r  static                              WRAPPER/IO_SHIM/IBUFDS_CLK_125/DIFFINBUF_INST/DIFF_IN_P
    HPIOBDIFFINBUF_X0Y130.O
                         DIFFINBUF (Prop_DIFFINBUF_HPIOBDIFFINBUF_DIFF_IN_P_O)
                                                      0.863     0.963 r  static                              WRAPPER/IO_SHIM/IBUFDS_CLK_125/DIFFINBUF_INST/O
                         net (fo=1, routed)           0.050     1.013    static                              WRAPPER/IO_SHIM/IBUFDS_CLK_125/OUT
    BJ4.I                                                             r  static                              WRAPPER/IO_SHIM/IBUFDS_CLK_125/IBUFCTRL_INST/I
    BJ4.O                IBUFCTRL (Prop_IBUFCTRL_HPIOB_M_I_O)
                                                      0.000     1.013 r  static                              WRAPPER/IO_SHIM/IBUFDS_CLK_125/IBUFCTRL_INST/O
                         net (fo=1, routed)           0.348     1.361    static                              <hidden>
    BUFGCE_X0Y122.I                                                   r  static                              <hidden>
    BUFGCE_X0Y122.O      BUFGCE (Prop_BUFCE_BUFGCE_I_O)
                                                      0.028     1.389 r  static                              <hidden>
                         net (fo=3, routed)           1.883     3.272    static                              <hidden>
    MMCM_X0Y5.CLKIN1                                                  r  static                              <hidden>
    MMCM_X0Y5.CLKOUT0    MMCME4_ADV (Prop_MMCM_CLKIN1_CLKOUT0)
                                                     -0.127     3.145 r  static                              <hidden>
                         net (fo=2, routed)           0.245     3.390    static                              <hidden>
    BUFGCE_X0Y135.I                                                   r  static                              <hidden>
    BUFGCE_X0Y135.O      BUFGCE (Prop_BUFCE_BUFGCE_I_O)
                                                      0.028     3.418 r  static                              <hidden>
    X3Y5 (CLOCK_ROOT)    net (fo=131, routed)         2.386     5.804    boundary                            <hidden>
    SLICE_X175Y371.CLK   FDCE                                         r  reconfigurable pblock_CL            <hidden>
  -------------------------------------------------------------------    -------------------------------------------------------
    SLICE_X175Y371.Q     FDCE (Prop_EFF2_SLICEM_C_Q)
                                                      0.079     5.883 r  reconfigurable pblock_CL            <hidden>
                         net (fo=82, routed)          1.841     7.724    reconfigurable                      <hidden>
    SLICE_X117Y387.SR    FDCE                                         f  reconfigurable pblock_CL            <hidden>  (IS_INVERTED)
  -------------------------------------------------------------------    -------------------------------------------------------

                         (clock clk_main_a0 rise edge)
                                                      4.000     4.000 r                                      
    BJ4                                               0.000     4.000 r  static                              <hidden>
                         net (fo=0)                   0.079     4.079    static                              WRAPPER/IO_SHIM/IBUFDS_CLK_125/I
    HPIOBDIFFINBUF_X0Y130.DIFF_IN_P
                                                                      r  static                              WRAPPER/IO_SHIM/IBUFDS_CLK_125/DIFFINBUF_INST/DIFF_IN_P
    HPIOBDIFFINBUF_X0Y130.O
                         DIFFINBUF (Prop_DIFFINBUF_HPIOBDIFFINBUF_DIFF_IN_P_O)
                                                      0.750     4.829 r  static                              WRAPPER/IO_SHIM/IBUFDS_CLK_125/DIFFINBUF_INST/O
                         net (fo=1, routed)           0.040     4.869    static                              WRAPPER/IO_SHIM/IBUFDS_CLK_125/OUT
    BJ4.I                                                             r  static                              WRAPPER/IO_SHIM/IBUFDS_CLK_125/IBUFCTRL_INST/I
    BJ4.O                IBUFCTRL (Prop_IBUFCTRL_HPIOB_M_I_O)
                                                      0.000     4.869 r  static                              WRAPPER/IO_SHIM/IBUFDS_CLK_125/IBUFCTRL_INST/O
                         net (fo=1, routed)           0.309     5.178    static                              <hidden>
    BUFGCE_X0Y122.I                                                   r  static                              <hidden>
    BUFGCE_X0Y122.O      BUFGCE (Prop_BUFCE_BUFGCE_I_O)
                                                      0.024     5.202 r  static                              <hidden>
                         net (fo=3, routed)           1.690     6.892    static                              <hidden>
    MMCM_X0Y5.CLKIN1                                                  r  static                              <hidden>
    MMCM_X0Y5.CLKOUT0    MMCME4_ADV (Prop_MMCM_CLKIN1_CLKOUT0)
                                                      0.630     7.522 r  static                              <hidden>
                         net (fo=2, routed)           0.215     7.737    static                              <hidden>
    BUFGCE_X0Y135.I                                                   r  static                              <hidden>
    BUFGCE_X0Y135.O      BUFGCE (Prop_BUFCE_BUFGCE_I_O)
                                                      0.024     7.761 r  static                              <hidden>
    X3Y5 (CLOCK_ROOT)    net (fo=131, routed)         1.922     9.683    boundary                            <hidden>
    SLICE_X117Y387.CLK   FDCE                                         r  reconfigurable pblock_CL            <hidden>
                         clock pessimism             -0.199     9.484                                            
                         clock uncertainty           -0.059     9.426                                            
    SLICE_X117Y387       FDCE (Recov_DFF2_SLICEL_C_CLR)
                                                     -0.066     9.360    reconfigurable   pblock_CL              <hidden>
  -------------------------------------------------------------------
                         required time                          9.360                                            
                         arrival time                          -7.724                                            
  -------------------------------------------------------------------
                         slack                                  1.636                                            

Slack (MET) :             3.085ns  (required time - arrival time)
  Source:                 <hidden>
                            (rising edge-triggered cell FDRE clocked by clk_main_a0  {rise@0.000ns fall@2.000ns period=4.000ns})
  Destination:            <hidden>
                            (recovery check against rising-edge clock clk_main_a0  {rise@0.000ns fall@2.000ns period=4.000ns})
  Path Group:             **async_default**
  Path Type:              Recovery (Max at Slow Process Corner)
  Requirement:            4.000ns  (clk_main_a0 rise@4.000ns - clk_main_a0 rise@0.000ns)
  Data Path Delay:        0.448ns  (logic 0.076ns (16.964%)  route 0.372ns (83.036%))
  Logic Levels:           0  
  Clock Path Skew:        -0.342ns (DCD - SCD + CPR)
    Destination Clock Delay (DCD):    5.908ns = ( 9.908 - 4.000 ) 
    Source Clock Delay      (SCD):    5.885ns
    Clock Pessimism Removal (CPR):    -0.366ns
  Clock Uncertainty:      0.059ns  ((TSJ^2 + DJ^2)^1/2) / 2 + PE
    Total System Jitter     (TSJ):    0.071ns
    Discrete Jitter          (DJ):    0.094ns
    Phase Error              (PE):    0.000ns
  Clock Net Delay (Source):      2.467ns (routing 0.460ns, distribution 2.007ns)
  Clock Net Delay (Destination): 2.147ns (routing 0.421ns, distribution 1.726ns)

    Location             Delay type                Incr(ns)  Path(ns)    Partition      PBlock               Netlist Resource(s)
  -------------------------------------------------------------------    -------------------------------------------------------
                         (clock clk_main_a0 rise edge)
                                                      0.000     0.000 r                                      
    BJ4                                               0.000     0.000 r  static                              <hidden>
                         net (fo=0)                   0.100     0.100    static                              WRAPPER/IO_SHIM/IBUFDS_CLK_125/I
    HPIOBDIFFINBUF_X0Y130.DIFF_IN_P
                                                                      r  static                              WRAPPER/IO_SHIM/IBUFDS_CLK_125/DIFFINBUF_INST/DIFF_IN_P
    HPIOBDIFFINBUF_X0Y130.O
                         DIFFINBUF (Prop_DIFFINBUF_HPIOBDIFFINBUF_DIFF_IN_P_O)
                                                      0.863     0.963 r  static                              WRAPPER/IO_SHIM/IBUFDS_CLK_125/DIFFINBUF_INST/O
                         net (fo=1, routed)           0.050     1.013    static                              WRAPPER/IO_SHIM/IBUFDS_CLK_125/OUT
    BJ4.I                                                             r  static                              WRAPPER/IO_SHIM/IBUFDS_CLK_125/IBUFCTRL_INST/I
    BJ4.O                IBUFCTRL (Prop_IBUFCTRL_HPIOB_M_I_O)
                                                      0.000     1.013 r  static                              WRAPPER/IO_SHIM/IBUFDS_CLK_125/IBUFCTRL_INST/O
                         net (fo=1, routed)           0.348     1.361    static                              <hidden>
    BUFGCE_X0Y122.I                                                   r  static                              <hidden>
    BUFGCE_X0Y122.O      BUFGCE (Prop_BUFCE_BUFGCE_I_O)
                                                      0.028     1.389 r  static                              <hidden>
                         net (fo=3, routed)           1.883     3.272    static                              <hidden>
    MMCM_X0Y5.CLKIN1                                                  r  static                              <hidden>
    MMCM_X0Y5.CLKOUT0    MMCME4_ADV (Prop_MMCM_CLKIN1_CLKOUT0)
                                                     -0.127     3.145 r  static                              <hidden>
                         net (fo=2, routed)           0.245     3.390    static                              <hidden>
    BUFGCE_X0Y136.I                                                   r  static                              <hidden>
    BUFGCE_X0Y136.O      BUFGCE (Prop_BUFCE_BUFGCE_I_O)
                                                      0.028     3.418 r  static                              <hidden>
    X3Y5 (CLOCK_ROOT)    net (fo=4881, routed)        2.467     5.885    static                              <hidden>
    SLICE_X176Y374.CLK   FDRE                                         r  static                              <hidden>
  -------------------------------------------------------------------    -------------------------------------------------------
    SLICE_X176Y374.Q     FDRE (Prop_FFF_SLICEM_C_Q)
                                                      0.076     5.961 r  static                              <hidden>
                         net (fo=2, routed)           0.372     6.333    boundary                            <hidden>
    SLICE_X175Y371.SR    FDCE                                         f  reconfigurable pblock_CL            <hidden>  (IS_INVERTED)
  -------------------------------------------------------------------    -------------------------------------------------------

                         (clock clk_main_a0 rise edge)
                                                      4.000     4.000 r                                      
    BJ4                                               0.000     4.000 r  static                              <hidden>
                         net (fo=0)                   0.079     4.079    static                              WRAPPER/IO_SHIM/IBUFDS_CLK_125/I
    HPIOBDIFFINBUF_X0Y130.DIFF_IN_P
                                                                      r  static                              WRAPPER/IO_SHIM/IBUFDS_CLK_125/DIFFINBUF_INST/DIFF_IN_P
    HPIOBDIFFINBUF_X0Y130.O
                         DIFFINBUF (Prop_DIFFINBUF_HPIOBDIFFINBUF_DIFF_IN_P_O)
                                                      0.750     4.829 r  static                              WRAPPER/IO_SHIM/IBUFDS_CLK_125/DIFFINBUF_INST/O
                         net (fo=1, routed)           0.040     4.869    static                              WRAPPER/IO_SHIM/IBUFDS_CLK_125/OUT
    BJ4.I                                                             r  static                              WRAPPER/IO_SHIM/IBUFDS_CLK_125/IBUFCTRL_INST/I
    BJ4.O                IBUFCTRL (Prop_IBUFCTRL_HPIOB_M_I_O)
                                                      0.000     4.869 r  static                              WRAPPER/IO_SHIM/IBUFDS_CLK_125/IBUFCTRL_INST/O
                         net (fo=1, routed)           0.309     5.178    static                              <hidden>
    BUFGCE_X0Y122.I                                                   r  static                              <hidden>
    BUFGCE_X0Y122.O      BUFGCE (Prop_BUFCE_BUFGCE_I_O)
                                                      0.024     5.202 r  static                              <hidden>
                         net (fo=3, routed)           1.690     6.892    static                              <hidden>
    MMCM_X0Y5.CLKIN1                                                  r  static                              <hidden>
    MMCM_X0Y5.CLKOUT0    MMCME4_ADV (Prop_MMCM_CLKIN1_CLKOUT0)
                                                      0.630     7.522 r  static                              <hidden>
                         net (fo=2, routed)           0.215     7.737    static                              <hidden>
    BUFGCE_X0Y135.I                                                   r  static                              <hidden>
    BUFGCE_X0Y135.O      BUFGCE (Prop_BUFCE_BUFGCE_I_O)
                                                      0.024     7.761 r  static                              <hidden>
    X3Y5 (CLOCK_ROOT)    net (fo=131, routed)         2.147     9.908    boundary                            <hidden>
    SLICE_X175Y371.CLK   FDCE                                         r  reconfigurable pblock_CL            <hidden>
                         clock pessimism             -0.366     9.543                                            
                         clock uncertainty           -0.059     9.484                                            
    SLICE_X175Y371       FDCE (Recov_EFF_SLICEM_C_CLR)
                                                     -0.066     9.418    reconfigurable   pblock_CL              <hidden>
  -------------------------------------------------------------------
                         required time                          9.418                                            
                         arrival time                          -6.333                                            
  -------------------------------------------------------------------
                         slack                                  3.085                                            

Slack (MET) :             3.085ns  (required time - arrival time)
  Source:                 <hidden>
                            (rising edge-triggered cell FDRE clocked by clk_main_a0  {rise@0.000ns fall@2.000ns period=4.000ns})
  Destination:            <hidden>
                            (recovery check against rising-edge clock clk_main_a0  {rise@0.000ns fall@2.000ns period=4.000ns})
  Path Group:             **async_default**
  Path Type:              Recovery (Max at Slow Process Corner)
  Requirement:            4.000ns  (clk_main_a0 rise@4.000ns - clk_main_a0 rise@0.000ns)
  Data Path Delay:        0.448ns  (logic 0.076ns (16.964%)  route 0.372ns (83.036%))
  Logic Levels:           0  
  Clock Path Skew:        -0.342ns (DCD - SCD + CPR)
    Destination Clock Delay (DCD):    5.908ns = ( 9.908 - 4.000 ) 
    Source Clock Delay      (SCD):    5.885ns
    Clock Pessimism Removal (CPR):    -0.366ns
  Clock Uncertainty:      0.059ns  ((TSJ^2 + DJ^2)^1/2) / 2 + PE
    Total System Jitter     (TSJ):    0.071ns
    Discrete Jitter          (DJ):    0.094ns
    Phase Error              (PE):    0.000ns
  Clock Net Delay (Source):      2.467ns (routing 0.460ns, distribution 2.007ns)
  Clock Net Delay (Destination): 2.147ns (routing 0.421ns, distribution 1.726ns)

    Location             Delay type                Incr(ns)  Path(ns)    Partition      PBlock               Netlist Resource(s)
  -------------------------------------------------------------------    -------------------------------------------------------
                         (clock clk_main_a0 rise edge)
                                                      0.000     0.000 r                                      
    BJ4                                               0.000     0.000 r  static                              <hidden>
                         net (fo=0)                   0.100     0.100    static                              WRAPPER/IO_SHIM/IBUFDS_CLK_125/I
    HPIOBDIFFINBUF_X0Y130.DIFF_IN_P
                                                                      r  static                              WRAPPER/IO_SHIM/IBUFDS_CLK_125/DIFFINBUF_INST/DIFF_IN_P
    HPIOBDIFFINBUF_X0Y130.O
                         DIFFINBUF (Prop_DIFFINBUF_HPIOBDIFFINBUF_DIFF_IN_P_O)
                                                      0.863     0.963 r  static                              WRAPPER/IO_SHIM/IBUFDS_CLK_125/DIFFINBUF_INST/O
                         net (fo=1, routed)           0.050     1.013    static                              WRAPPER/IO_SHIM/IBUFDS_CLK_125/OUT
    BJ4.I                                                             r  static                              WRAPPER/IO_SHIM/IBUFDS_CLK_125/IBUFCTRL_INST/I
    BJ4.O                IBUFCTRL (Prop_IBUFCTRL_HPIOB_M_I_O)
                                                      0.000     1.013 r  static                              WRAPPER/IO_SHIM/IBUFDS_CLK_125/IBUFCTRL_INST/O
                         net (fo=1, routed)           0.348     1.361    static                              <hidden>
    BUFGCE_X0Y122.I                                                   r  static                              <hidden>
    BUFGCE_X0Y122.O      BUFGCE (Prop_BUFCE_BUFGCE_I_O)
                                                      0.028     1.389 r  static                              <hidden>
                         net (fo=3, routed)           1.883     3.272    static                              <hidden>
    MMCM_X0Y5.CLKIN1                                                  r  static                              <hidden>
    MMCM_X0Y5.CLKOUT0    MMCME4_ADV (Prop_MMCM_CLKIN1_CLKOUT0)
                                                     -0.127     3.145 r  static                              <hidden>
                         net (fo=2, routed)           0.245     3.390    static                              <hidden>
    BUFGCE_X0Y136.I                                                   r  static                              <hidden>
    BUFGCE_X0Y136.O      BUFGCE (Prop_BUFCE_BUFGCE_I_O)
                                                      0.028     3.418 r  static                              <hidden>
    X3Y5 (CLOCK_ROOT)    net (fo=4881, routed)        2.467     5.885    static                              <hidden>
    SLICE_X176Y374.CLK   FDRE                                         r  static                              <hidden>
  -------------------------------------------------------------------    -------------------------------------------------------
    SLICE_X176Y374.Q     FDRE (Prop_FFF_SLICEM_C_Q)
                                                      0.076     5.961 r  static                              <hidden>
                         net (fo=2, routed)           0.372     6.333    boundary                            <hidden>
    SLICE_X175Y371.SR    FDCE                                         f  reconfigurable pblock_CL            <hidden>  (IS_INVERTED)
  -------------------------------------------------------------------    -------------------------------------------------------

                         (clock clk_main_a0 rise edge)
                                                      4.000     4.000 r                                      
    BJ4                                               0.000     4.000 r  static                              <hidden>
                         net (fo=0)                   0.079     4.079    static                              WRAPPER/IO_SHIM/IBUFDS_CLK_125/I
    HPIOBDIFFINBUF_X0Y130.DIFF_IN_P
                                                                      r  static                              WRAPPER/IO_SHIM/IBUFDS_CLK_125/DIFFINBUF_INST/DIFF_IN_P
    HPIOBDIFFINBUF_X0Y130.O
                         DIFFINBUF (Prop_DIFFINBUF_HPIOBDIFFINBUF_DIFF_IN_P_O)
                                                      0.750     4.829 r  static                              WRAPPER/IO_SHIM/IBUFDS_CLK_125/DIFFINBUF_INST/O
                         net (fo=1, routed)           0.040     4.869    static                              WRAPPER/IO_SHIM/IBUFDS_CLK_125/OUT
    BJ4.I                                                             r  static                              WRAPPER/IO_SHIM/IBUFDS_CLK_125/IBUFCTRL_INST/I
    BJ4.O                IBUFCTRL (Prop_IBUFCTRL_HPIOB_M_I_O)
                                                      0.000     4.869 r  static                              WRAPPER/IO_SHIM/IBUFDS_CLK_125/IBUFCTRL_INST/O
                         net (fo=1, routed)           0.309     5.178    static                              <hidden>
    BUFGCE_X0Y122.I                                                   r  static                              <hidden>
    BUFGCE_X0Y122.O      BUFGCE (Prop_BUFCE_BUFGCE_I_O)
                                                      0.024     5.202 r  static                              <hidden>
                         net (fo=3, routed)           1.690     6.892    static                              <hidden>
    MMCM_X0Y5.CLKIN1                                                  r  static                              <hidden>
    MMCM_X0Y5.CLKOUT0    MMCME4_ADV (Prop_MMCM_CLKIN1_CLKOUT0)
                                                      0.630     7.522 r  static                              <hidden>
                         net (fo=2, routed)           0.215     7.737    static                              <hidden>
    BUFGCE_X0Y135.I                                                   r  static                              <hidden>
    BUFGCE_X0Y135.O      BUFGCE (Prop_BUFCE_BUFGCE_I_O)
                                                      0.024     7.761 r  static                              <hidden>
    X3Y5 (CLOCK_ROOT)    net (fo=131, routed)         2.147     9.908    boundary                            <hidden>
    SLICE_X175Y371.CLK   FDCE                                         r  reconfigurable pblock_CL            <hidden>
                         clock pessimism             -0.366     9.543                                            
                         clock uncertainty           -0.059     9.484                                            
    SLICE_X175Y371       FDCE (Recov_EFF2_SLICEM_C_CLR)
                                                     -0.066     9.418    reconfigurable   pblock_CL              <hidden>
  -------------------------------------------------------------------
                         required time                          9.418                                            
                         arrival time                          -6.333                                            
  -------------------------------------------------------------------
                         slack                                  3.085                                            

Slack (MET) :             8.779ns  (required time - arrival time)
  Source:                 <hidden>
                            (rising edge-triggered cell FDCE clocked by clk_hbm_ref  {rise@0.000ns fall@5.000ns period=10.000ns})
  Destination:            <hidden>
                            (rising edge-triggered cell FDRE clocked by clk_hbm_ref  {rise@0.000ns fall@5.000ns period=10.000ns})
  Path Group:             clk_hbm_ref
  Path Type:              Setup (Max at Slow Process Corner)
  Requirement:            10.000ns  (clk_hbm_ref rise@10.000ns - clk_hbm_ref rise@0.000ns)
  Data Path Delay:        1.084ns  (logic 0.079ns (7.289%)  route 1.005ns (92.711%))
  Logic Levels:           0  
  Clock Path Skew:        -0.068ns (DCD - SCD + CPR)
    Destination Clock Delay (DCD):    6.509ns = ( 16.509 - 10.000 ) 
    Source Clock Delay      (SCD):    6.462ns
    Clock Pessimism Removal (CPR):    -0.115ns
  Clock Uncertainty:      0.094ns  ((TSJ^2 + DJ^2)^1/2) / 2 + PE
    Total System Jitter     (TSJ):    0.071ns
    Discrete Jitter          (DJ):    0.175ns
    Phase Error              (PE):    0.000ns
  Clock Net Delay (Source):      3.116ns (routing 1.109ns, distribution 2.007ns)
  Clock Net Delay (Destination): 2.813ns (routing 1.008ns, distribution 1.805ns)

    Location             Delay type                Incr(ns)  Path(ns)    Partition      Netlist Resource(s)
  -------------------------------------------------------------------    ----------------------------------
                         (clock clk_hbm_ref rise edge)
                                                      0.000     0.000 r                 
    BJ4                                               0.000     0.000 r  static         <hidden>
                         net (fo=0)                   0.100     0.100    static         WRAPPER/IO_SHIM/IBUFDS_CLK_125/I
    HPIOBDIFFINBUF_X0Y130.DIFF_IN_P
                                                                      r  static         WRAPPER/IO_SHIM/IBUFDS_CLK_125/DIFFINBUF_INST/DIFF_IN_P
    HPIOBDIFFINBUF_X0Y130.O
                         DIFFINBUF (Prop_DIFFINBUF_HPIOBDIFFINBUF_DIFF_IN_P_O)
                                                      0.863     0.963 r  static         WRAPPER/IO_SHIM/IBUFDS_CLK_125/DIFFINBUF_INST/O
                         net (fo=1, routed)           0.050     1.013    static         WRAPPER/IO_SHIM/IBUFDS_CLK_125/OUT
    BJ4.I                                                             r  static         WRAPPER/IO_SHIM/IBUFDS_CLK_125/IBUFCTRL_INST/I
    BJ4.O                IBUFCTRL (Prop_IBUFCTRL_HPIOB_M_I_O)
                                                      0.000     1.013 r  static         WRAPPER/IO_SHIM/IBUFDS_CLK_125/IBUFCTRL_INST/O
                         net (fo=1, routed)           0.348     1.361    static         <hidden>
    BUFGCE_X0Y122.I                                                   r  static         <hidden>
    BUFGCE_X0Y122.O      BUFGCE (Prop_BUFCE_BUFGCE_I_O)
                                                      0.028     1.389 r  static         <hidden>
                         net (fo=3, routed)           1.811     3.200    static         <hidden>
    SLR Crossing[1->0]   
    MMCM_X0Y2.CLKIN1                                                  r  static         <hidden>
    MMCM_X0Y2.CLKOUT0    MMCME4_ADV (Prop_MMCM_CLKIN1_CLKOUT0)
                                                     -0.127     3.073 r  static         <hidden>
                         net (fo=2, routed)           0.245     3.318    static         <hidden>
    BUFGCE_X0Y65.I                                                    r  static         <hidden>
    BUFGCE_X0Y65.O       BUFGCE (Prop_BUFCE_BUFGCE_I_O)
                                                      0.028     3.346 r  static         <hidden>
    X3Y5 (CLOCK_ROOT)    net (fo=232, routed)         3.116     6.462    static         <hidden>
    SLICE_X176Y171.CLK   FDCE                                         r  static         <hidden>
  -------------------------------------------------------------------    ----------------------------------
    SLICE_X176Y171.Q     FDCE (Prop_FFF2_SLICEM_C_Q)
                                                      0.079     6.541 r  static         <hidden>
                         net (fo=1, routed)           1.005     7.545    static         <hidden>
    SLICE_X180Y168.D     FDRE                                         r  static         <hidden>
  -------------------------------------------------------------------    ----------------------------------

                         (clock clk_hbm_ref rise edge)
                                                     10.000    10.000 r                 
    BJ4                                               0.000    10.000 r  static         <hidden>
                         net (fo=0)                   0.079    10.079    static         WRAPPER/IO_SHIM/IBUFDS_CLK_125/I
    HPIOBDIFFINBUF_X0Y130.DIFF_IN_P
                                                                      r  static         WRAPPER/IO_SHIM/IBUFDS_CLK_125/DIFFINBUF_INST/DIFF_IN_P
    HPIOBDIFFINBUF_X0Y130.O
                         DIFFINBUF (Prop_DIFFINBUF_HPIOBDIFFINBUF_DIFF_IN_P_O)
                                                      0.750    10.829 r  static         WRAPPER/IO_SHIM/IBUFDS_CLK_125/DIFFINBUF_INST/O
                         net (fo=1, routed)           0.040    10.869    static         WRAPPER/IO_SHIM/IBUFDS_CLK_125/OUT
    BJ4.I                                                             r  static         WRAPPER/IO_SHIM/IBUFDS_CLK_125/IBUFCTRL_INST/I
    BJ4.O                IBUFCTRL (Prop_IBUFCTRL_HPIOB_M_I_O)
                                                      0.000    10.869 r  static         WRAPPER/IO_SHIM/IBUFDS_CLK_125/IBUFCTRL_INST/O
                         net (fo=1, routed)           0.309    11.178    static         <hidden>
    BUFGCE_X0Y122.I                                                   r  static         <hidden>
    BUFGCE_X0Y122.O      BUFGCE (Prop_BUFCE_BUFGCE_I_O)
                                                      0.024    11.202 r  static         <hidden>
                         net (fo=3, routed)           1.624    12.826    static         <hidden>
    SLR Crossing[1->0]   
    MMCM_X0Y2.CLKIN1                                                  r  static         <hidden>
    MMCM_X0Y2.CLKOUT0    MMCME4_ADV (Prop_MMCM_CLKIN1_CLKOUT0)
                                                      0.630    13.456 r  static         <hidden>
                         net (fo=2, routed)           0.216    13.672    static         <hidden>
    BUFGCE_X0Y65.I                                                    r  static         <hidden>
    BUFGCE_X0Y65.O       BUFGCE (Prop_BUFCE_BUFGCE_I_O)
                                                      0.024    13.696 r  static         <hidden>
    X3Y5 (CLOCK_ROOT)    net (fo=232, routed)         2.813    16.509    static         <hidden>
    SLICE_X180Y168.CLK   FDRE                                         r  static         <hidden>
                         clock pessimism             -0.115    16.394                     
                         clock uncertainty           -0.094    16.300                     
    SLICE_X180Y168       FDRE (Setup_GFF2_SLICEM_C_D)
                                                      0.025    16.325    static           <hidden>
  -------------------------------------------------------------------
                         required time                         16.325                     
                         arrival time                          -7.545                     
  -------------------------------------------------------------------
                         slack                                  8.779                     

Slack (MET) :             9.029ns  (required time - arrival time)
  Source:                 <hidden>
                            (rising edge-triggered cell FDCE clocked by clk_hbm_ref  {rise@0.000ns fall@5.000ns period=10.000ns})
  Destination:            <hidden>
                            (rising edge-triggered cell FDRE clocked by clk_hbm_ref  {rise@0.000ns fall@5.000ns period=10.000ns})
  Path Group:             clk_hbm_ref
  Path Type:              Setup (Max at Slow Process Corner)
  Requirement:            10.000ns  (clk_hbm_ref rise@10.000ns - clk_hbm_ref rise@0.000ns)
  Data Path Delay:        0.832ns  (logic 0.078ns (9.370%)  route 0.754ns (90.630%))
  Logic Levels:           0  
  Clock Path Skew:        -0.070ns (DCD - SCD + CPR)
    Destination Clock Delay (DCD):    6.509ns = ( 16.509 - 10.000 ) 
    Source Clock Delay      (SCD):    6.464ns
    Clock Pessimism Removal (CPR):    -0.115ns
  Clock Uncertainty:      0.094ns  ((TSJ^2 + DJ^2)^1/2) / 2 + PE
    Total System Jitter     (TSJ):    0.071ns
    Discrete Jitter          (DJ):    0.175ns
    Phase Error              (PE):    0.000ns
  Clock Net Delay (Source):      3.118ns (routing 1.109ns, distribution 2.009ns)
  Clock Net Delay (Destination): 2.813ns (routing 1.008ns, distribution 1.805ns)

    Location             Delay type                Incr(ns)  Path(ns)    Partition      Netlist Resource(s)
  -------------------------------------------------------------------    ----------------------------------
                         (clock clk_hbm_ref rise edge)
                                                      0.000     0.000 r                 
    BJ4                                               0.000     0.000 r  static         <hidden>
                         net (fo=0)                   0.100     0.100    static         WRAPPER/IO_SHIM/IBUFDS_CLK_125/I
    HPIOBDIFFINBUF_X0Y130.DIFF_IN_P
                                                                      r  static         WRAPPER/IO_SHIM/IBUFDS_CLK_125/DIFFINBUF_INST/DIFF_IN_P
    HPIOBDIFFINBUF_X0Y130.O
                         DIFFINBUF (Prop_DIFFINBUF_HPIOBDIFFINBUF_DIFF_IN_P_O)
                                                      0.863     0.963 r  static         WRAPPER/IO_SHIM/IBUFDS_CLK_125/DIFFINBUF_INST/O
                         net (fo=1, routed)           0.050     1.013    static         WRAPPER/IO_SHIM/IBUFDS_CLK_125/OUT
    BJ4.I                                                             r  static         WRAPPER/IO_SHIM/IBUFDS_CLK_125/IBUFCTRL_INST/I
    BJ4.O                IBUFCTRL (Prop_IBUFCTRL_HPIOB_M_I_O)
                                                      0.000     1.013 r  static         WRAPPER/IO_SHIM/IBUFDS_CLK_125/IBUFCTRL_INST/O
                         net (fo=1, routed)           0.348     1.361    static         <hidden>
    BUFGCE_X0Y122.I                                                   r  static         <hidden>
    BUFGCE_X0Y122.O      BUFGCE (Prop_BUFCE_BUFGCE_I_O)
                                                      0.028     1.389 r  static         <hidden>
                         net (fo=3, routed)           1.811     3.200    static         <hidden>
    SLR Crossing[1->0]   
    MMCM_X0Y2.CLKIN1                                                  r  static         <hidden>
    MMCM_X0Y2.CLKOUT0    MMCME4_ADV (Prop_MMCM_CLKIN1_CLKOUT0)
                                                     -0.127     3.073 r  static         <hidden>
                         net (fo=2, routed)           0.245     3.318    static         <hidden>
    BUFGCE_X0Y65.I                                                    r  static         <hidden>
    BUFGCE_X0Y65.O       BUFGCE (Prop_BUFCE_BUFGCE_I_O)
                                                      0.028     3.346 r  static         <hidden>
    X3Y5 (CLOCK_ROOT)    net (fo=232, routed)         3.118     6.464    static         <hidden>
    SLICE_X176Y171.CLK   FDCE                                         r  static         <hidden>
  -------------------------------------------------------------------    ----------------------------------
    SLICE_X176Y171.Q     FDCE (Prop_DFF_SLICEM_C_Q)
                                                      0.078     6.542 r  static         <hidden>
                         net (fo=1, routed)           0.754     7.296    static         <hidden>
    SLICE_X180Y168.D     FDRE                                         r  static         <hidden>
  -------------------------------------------------------------------    ----------------------------------

                         (clock clk_hbm_ref rise edge)
                                                     10.000    10.000 r                 
    BJ4                                               0.000    10.000 r  static         <hidden>
                         net (fo=0)                   0.079    10.079    static         WRAPPER/IO_SHIM/IBUFDS_CLK_125/I
    HPIOBDIFFINBUF_X0Y130.DIFF_IN_P
                                                                      r  static         WRAPPER/IO_SHIM/IBUFDS_CLK_125/DIFFINBUF_INST/DIFF_IN_P
    HPIOBDIFFINBUF_X0Y130.O
                         DIFFINBUF (Prop_DIFFINBUF_HPIOBDIFFINBUF_DIFF_IN_P_O)
                                                      0.750    10.829 r  static         WRAPPER/IO_SHIM/IBUFDS_CLK_125/DIFFINBUF_INST/O
                         net (fo=1, routed)           0.040    10.869    static         WRAPPER/IO_SHIM/IBUFDS_CLK_125/OUT
    BJ4.I                                                             r  static         WRAPPER/IO_SHIM/IBUFDS_CLK_125/IBUFCTRL_INST/I
    BJ4.O                IBUFCTRL (Prop_IBUFCTRL_HPIOB_M_I_O)
                                                      0.000    10.869 r  static         WRAPPER/IO_SHIM/IBUFDS_CLK_125/IBUFCTRL_INST/O
                         net (fo=1, routed)           0.309    11.178    static         <hidden>
    BUFGCE_X0Y122.I                                                   r  static         <hidden>
    BUFGCE_X0Y122.O      BUFGCE (Prop_BUFCE_BUFGCE_I_O)
                                                      0.024    11.202 r  static         <hidden>
                         net (fo=3, routed)           1.624    12.826    static         <hidden>
    SLR Crossing[1->0]   
    MMCM_X0Y2.CLKIN1                                                  r  static         <hidden>
    MMCM_X0Y2.CLKOUT0    MMCME4_ADV (Prop_MMCM_CLKIN1_CLKOUT0)
                                                      0.630    13.456 r  static         <hidden>
                         net (fo=2, routed)           0.216    13.672    static         <hidden>
    BUFGCE_X0Y65.I                                                    r  static         <hidden>
    BUFGCE_X0Y65.O       BUFGCE (Prop_BUFCE_BUFGCE_I_O)
                                                      0.024    13.696 r  static         <hidden>
    X3Y5 (CLOCK_ROOT)    net (fo=232, routed)         2.813    16.509    static         <hidden>
    SLICE_X180Y168.CLK   FDRE                                         r  static         <hidden>
                         clock pessimism             -0.115    16.394                     
                         clock uncertainty           -0.094    16.300                     
    SLICE_X180Y168       FDRE (Setup_EFF2_SLICEM_C_D)
                                                      0.025    16.325    static           <hidden>
  -------------------------------------------------------------------
                         required time                         16.325                     
                         arrival time                          -7.296                     
  -------------------------------------------------------------------
                         slack                                  9.029                     

Slack (MET) :             9.053ns  (required time - arrival time)
  Source:                 <hidden>
                            (rising edge-triggered cell FDCE clocked by clk_hbm_ref  {rise@0.000ns fall@5.000ns period=10.000ns})
  Destination:            <hidden>
                            (rising edge-triggered cell FDRE clocked by clk_hbm_ref  {rise@0.000ns fall@5.000ns period=10.000ns})
  Path Group:             clk_hbm_ref
  Path Type:              Setup (Max at Slow Process Corner)
  Requirement:            10.000ns  (clk_hbm_ref rise@10.000ns - clk_hbm_ref rise@0.000ns)
  Data Path Delay:        0.812ns  (logic 0.079ns (9.730%)  route 0.733ns (90.270%))
  Logic Levels:           0  
  Clock Path Skew:        -0.066ns (DCD - SCD + CPR)
    Destination Clock Delay (DCD):    6.492ns = ( 16.492 - 10.000 ) 
    Source Clock Delay      (SCD):    6.443ns
    Clock Pessimism Removal (CPR):    -0.115ns
  Clock Uncertainty:      0.094ns  ((TSJ^2 + DJ^2)^1/2) / 2 + PE
    Total System Jitter     (TSJ):    0.071ns
    Discrete Jitter          (DJ):    0.175ns
    Phase Error              (PE):    0.000ns
  Clock Net Delay (Source):      3.097ns (routing 1.109ns, distribution 1.988ns)
  Clock Net Delay (Destination): 2.796ns (routing 1.008ns, distribution 1.788ns)

    Location             Delay type                Incr(ns)  Path(ns)    Partition      Netlist Resource(s)
  -------------------------------------------------------------------    ----------------------------------
                         (clock clk_hbm_ref rise edge)
                                                      0.000     0.000 r                 
    BJ4                                               0.000     0.000 r  static         <hidden>
                         net (fo=0)                   0.100     0.100    static         WRAPPER/IO_SHIM/IBUFDS_CLK_125/I
    HPIOBDIFFINBUF_X0Y130.DIFF_IN_P
                                                                      r  static         WRAPPER/IO_SHIM/IBUFDS_CLK_125/DIFFINBUF_INST/DIFF_IN_P
    HPIOBDIFFINBUF_X0Y130.O
                         DIFFINBUF (Prop_DIFFINBUF_HPIOBDIFFINBUF_DIFF_IN_P_O)
                                                      0.863     0.963 r  static         WRAPPER/IO_SHIM/IBUFDS_CLK_125/DIFFINBUF_INST/O
                         net (fo=1, routed)           0.050     1.013    static         WRAPPER/IO_SHIM/IBUFDS_CLK_125/OUT
    BJ4.I                                                             r  static         WRAPPER/IO_SHIM/IBUFDS_CLK_125/IBUFCTRL_INST/I
    BJ4.O                IBUFCTRL (Prop_IBUFCTRL_HPIOB_M_I_O)
                                                      0.000     1.013 r  static         WRAPPER/IO_SHIM/IBUFDS_CLK_125/IBUFCTRL_INST/O
                         net (fo=1, routed)           0.348     1.361    static         <hidden>
    BUFGCE_X0Y122.I                                                   r  static         <hidden>
    BUFGCE_X0Y122.O      BUFGCE (Prop_BUFCE_BUFGCE_I_O)
                                                      0.028     1.389 r  static         <hidden>
                         net (fo=3, routed)           1.811     3.200    static         <hidden>
    SLR Crossing[1->0]   
    MMCM_X0Y2.CLKIN1                                                  r  static         <hidden>
    MMCM_X0Y2.CLKOUT0    MMCME4_ADV (Prop_MMCM_CLKIN1_CLKOUT0)
                                                     -0.127     3.073 r  static         <hidden>
                         net (fo=2, routed)           0.245     3.318    static         <hidden>
    BUFGCE_X0Y65.I                                                    r  static         <hidden>
    BUFGCE_X0Y65.O       BUFGCE (Prop_BUFCE_BUFGCE_I_O)
                                                      0.028     3.346 r  static         <hidden>
    X3Y5 (CLOCK_ROOT)    net (fo=232, routed)         3.097     6.443    static         <hidden>
    SLICE_X176Y152.CLK   FDCE                                         r  static         <hidden>
  -------------------------------------------------------------------    ----------------------------------
    SLICE_X176Y152.Q     FDCE (Prop_FFF2_SLICEM_C_Q)
                                                      0.079     6.522 r  static         <hidden>
                         net (fo=1, routed)           0.733     7.254    static         <hidden>
    SLICE_X178Y145.D     FDRE                                         r  static         <hidden>
  -------------------------------------------------------------------    ----------------------------------

                         (clock clk_hbm_ref rise edge)
                                                     10.000    10.000 r                 
    BJ4                                               0.000    10.000 r  static         <hidden>
                         net (fo=0)                   0.079    10.079    static         WRAPPER/IO_SHIM/IBUFDS_CLK_125/I
    HPIOBDIFFINBUF_X0Y130.DIFF_IN_P
                                                                      r  static         WRAPPER/IO_SHIM/IBUFDS_CLK_125/DIFFINBUF_INST/DIFF_IN_P
    HPIOBDIFFINBUF_X0Y130.O
                         DIFFINBUF (Prop_DIFFINBUF_HPIOBDIFFINBUF_DIFF_IN_P_O)
                                                      0.750    10.829 r  static         WRAPPER/IO_SHIM/IBUFDS_CLK_125/DIFFINBUF_INST/O
                         net (fo=1, routed)           0.040    10.869    static         WRAPPER/IO_SHIM/IBUFDS_CLK_125/OUT
    BJ4.I                                                             r  static         WRAPPER/IO_SHIM/IBUFDS_CLK_125/IBUFCTRL_INST/I
    BJ4.O                IBUFCTRL (Prop_IBUFCTRL_HPIOB_M_I_O)
                                                      0.000    10.869 r  static         WRAPPER/IO_SHIM/IBUFDS_CLK_125/IBUFCTRL_INST/O
                         net (fo=1, routed)           0.309    11.178    static         <hidden>
    BUFGCE_X0Y122.I                                                   r  static         <hidden>
    BUFGCE_X0Y122.O      BUFGCE (Prop_BUFCE_BUFGCE_I_O)
                                                      0.024    11.202 r  static         <hidden>
                         net (fo=3, routed)           1.624    12.826    static         <hidden>
    SLR Crossing[1->0]   
    MMCM_X0Y2.CLKIN1                                                  r  static         <hidden>
    MMCM_X0Y2.CLKOUT0    MMCME4_ADV (Prop_MMCM_CLKIN1_CLKOUT0)
                                                      0.630    13.456 r  static         <hidden>
                         net (fo=2, routed)           0.216    13.672    static         <hidden>
    BUFGCE_X0Y65.I                                                    r  static         <hidden>
    BUFGCE_X0Y65.O       BUFGCE (Prop_BUFCE_BUFGCE_I_O)
                                                      0.024    13.696 r  static         <hidden>
    X3Y5 (CLOCK_ROOT)    net (fo=232, routed)         2.796    16.492    static         <hidden>
    SLICE_X178Y145.CLK   FDRE                                         r  static         <hidden>
                         clock pessimism             -0.115    16.377                     
                         clock uncertainty           -0.094    16.283                     
    SLICE_X178Y145       FDRE (Setup_EFF_SLICEL_C_D)
                                                      0.025    16.308    static           <hidden>
  -------------------------------------------------------------------
                         required time                         16.308                     
                         arrival time                          -7.254                     
  -------------------------------------------------------------------
                         slack                                  9.053                     

Slack (MET) :             9.056ns  (required time - arrival time)
  Source:                 <hidden>
                            (rising edge-triggered cell FDCE clocked by clk_hbm_ref  {rise@0.000ns fall@5.000ns period=10.000ns})
  Destination:            <hidden>
                            (rising edge-triggered cell FDRE clocked by clk_hbm_ref  {rise@0.000ns fall@5.000ns period=10.000ns})
  Path Group:             clk_hbm_ref
  Path Type:              Setup (Max at Slow Process Corner)
  Requirement:            10.000ns  (clk_hbm_ref rise@10.000ns - clk_hbm_ref rise@0.000ns)
  Data Path Delay:        0.813ns  (logic 0.079ns (9.712%)  route 0.734ns (90.288%))
  Logic Levels:           0  
  Clock Path Skew:        -0.061ns (DCD - SCD + CPR)
    Destination Clock Delay (DCD):    6.515ns = ( 16.515 - 10.000 ) 
    Source Clock Delay      (SCD):    6.461ns
    Clock Pessimism Removal (CPR):    -0.115ns
  Clock Uncertainty:      0.094ns  ((TSJ^2 + DJ^2)^1/2) / 2 + PE
    Total System Jitter     (TSJ):    0.071ns
    Discrete Jitter          (DJ):    0.175ns
    Phase Error              (PE):    0.000ns
  Clock Net Delay (Source):      3.115ns (routing 1.109ns, distribution 2.006ns)
  Clock Net Delay (Destination): 2.819ns (routing 1.008ns, distribution 1.811ns)

    Location             Delay type                Incr(ns)  Path(ns)    Partition      Netlist Resource(s)
  -------------------------------------------------------------------    ----------------------------------
                         (clock clk_hbm_ref rise edge)
                                                      0.000     0.000 r                 
    BJ4                                               0.000     0.000 r  static         <hidden>
                         net (fo=0)                   0.100     0.100    static         WRAPPER/IO_SHIM/IBUFDS_CLK_125/I
    HPIOBDIFFINBUF_X0Y130.DIFF_IN_P
                                                                      r  static         WRAPPER/IO_SHIM/IBUFDS_CLK_125/DIFFINBUF_INST/DIFF_IN_P
    HPIOBDIFFINBUF_X0Y130.O
                         DIFFINBUF (Prop_DIFFINBUF_HPIOBDIFFINBUF_DIFF_IN_P_O)
                                                      0.863     0.963 r  static         WRAPPER/IO_SHIM/IBUFDS_CLK_125/DIFFINBUF_INST/O
                         net (fo=1, routed)           0.050     1.013    static         WRAPPER/IO_SHIM/IBUFDS_CLK_125/OUT
    BJ4.I                                                             r  static         WRAPPER/IO_SHIM/IBUFDS_CLK_125/IBUFCTRL_INST/I
    BJ4.O                IBUFCTRL (Prop_IBUFCTRL_HPIOB_M_I_O)
                                                      0.000     1.013 r  static         WRAPPER/IO_SHIM/IBUFDS_CLK_125/IBUFCTRL_INST/O
                         net (fo=1, routed)           0.348     1.361    static         <hidden>
    BUFGCE_X0Y122.I                                                   r  static         <hidden>
    BUFGCE_X0Y122.O      BUFGCE (Prop_BUFCE_BUFGCE_I_O)
                                                      0.028     1.389 r  static         <hidden>
                         net (fo=3, routed)           1.811     3.200    static         <hidden>
    SLR Crossing[1->0]   
    MMCM_X0Y2.CLKIN1                                                  r  static         <hidden>
    MMCM_X0Y2.CLKOUT0    MMCME4_ADV (Prop_MMCM_CLKIN1_CLKOUT0)
                                                     -0.127     3.073 r  static         <hidden>
                         net (fo=2, routed)           0.245     3.318    static         <hidden>
    BUFGCE_X0Y65.I                                                    r  static         <hidden>
    BUFGCE_X0Y65.O       BUFGCE (Prop_BUFCE_BUFGCE_I_O)
                                                      0.028     3.346 r  static         <hidden>
    X3Y5 (CLOCK_ROOT)    net (fo=232, routed)         3.115     6.461    static         <hidden>
    SLICE_X176Y169.CLK   FDCE                                         r  static         <hidden>
  -------------------------------------------------------------------    ----------------------------------
    SLICE_X176Y169.Q     FDCE (Prop_EFF2_SLICEM_C_Q)
                                                      0.079     6.540 r  static         <hidden>
                         net (fo=1, routed)           0.734     7.274    static         <hidden>
    SLICE_X180Y169.D     FDRE                                         r  static         <hidden>
  -------------------------------------------------------------------    ----------------------------------

                         (clock clk_hbm_ref rise edge)
                                                     10.000    10.000 r                 
    BJ4                                               0.000    10.000 r  static         <hidden>
                         net (fo=0)                   0.079    10.079    static         WRAPPER/IO_SHIM/IBUFDS_CLK_125/I
    HPIOBDIFFINBUF_X0Y130.DIFF_IN_P
                                                                      r  static         WRAPPER/IO_SHIM/IBUFDS_CLK_125/DIFFINBUF_INST/DIFF_IN_P
    HPIOBDIFFINBUF_X0Y130.O
                         DIFFINBUF (Prop_DIFFINBUF_HPIOBDIFFINBUF_DIFF_IN_P_O)
                                                      0.750    10.829 r  static         WRAPPER/IO_SHIM/IBUFDS_CLK_125/DIFFINBUF_INST/O
                         net (fo=1, routed)           0.040    10.869    static         WRAPPER/IO_SHIM/IBUFDS_CLK_125/OUT
    BJ4.I                                                             r  static         WRAPPER/IO_SHIM/IBUFDS_CLK_125/IBUFCTRL_INST/I
    BJ4.O                IBUFCTRL (Prop_IBUFCTRL_HPIOB_M_I_O)
                                                      0.000    10.869 r  static         WRAPPER/IO_SHIM/IBUFDS_CLK_125/IBUFCTRL_INST/O
                         net (fo=1, routed)           0.309    11.178    static         <hidden>
    BUFGCE_X0Y122.I                                                   r  static         <hidden>
    BUFGCE_X0Y122.O      BUFGCE (Prop_BUFCE_BUFGCE_I_O)
                                                      0.024    11.202 r  static         <hidden>
                         net (fo=3, routed)           1.624    12.826    static         <hidden>
    SLR Crossing[1->0]   
    MMCM_X0Y2.CLKIN1                                                  r  static         <hidden>
    MMCM_X0Y2.CLKOUT0    MMCME4_ADV (Prop_MMCM_CLKIN1_CLKOUT0)
                                                      0.630    13.456 r  static         <hidden>
                         net (fo=2, routed)           0.216    13.672    static         <hidden>
    BUFGCE_X0Y65.I                                                    r  static         <hidden>
    BUFGCE_X0Y65.O       BUFGCE (Prop_BUFCE_BUFGCE_I_O)
                                                      0.024    13.696 r  static         <hidden>
    X3Y5 (CLOCK_ROOT)    net (fo=232, routed)         2.819    16.515    static         <hidden>
    SLICE_X180Y169.CLK   FDRE                                         r  static         <hidden>
                         clock pessimism             -0.115    16.400                     
                         clock uncertainty           -0.094    16.305                     
    SLICE_X180Y169       FDRE (Setup_FFF2_SLICEM_C_D)
                                                      0.025    16.330    static           <hidden>
  -------------------------------------------------------------------
                         required time                         16.330                     
                         arrival time                          -7.274                     
  -------------------------------------------------------------------
                         slack                                  9.056                     

Slack (MET) :             9.075ns  (required time - arrival time)
  Source:                 <hidden>
                            (rising edge-triggered cell FDCE clocked by clk_hbm_ref  {rise@0.000ns fall@5.000ns period=10.000ns})
  Destination:            <hidden>
                            (rising edge-triggered cell FDRE clocked by clk_hbm_ref  {rise@0.000ns fall@5.000ns period=10.000ns})
  Path Group:             clk_hbm_ref
  Path Type:              Setup (Max at Slow Process Corner)
  Requirement:            10.000ns  (clk_hbm_ref rise@10.000ns - clk_hbm_ref rise@0.000ns)
  Data Path Delay:        0.788ns  (logic 0.076ns (9.644%)  route 0.712ns (90.356%))
  Logic Levels:           0  
  Clock Path Skew:        -0.068ns (DCD - SCD + CPR)
    Destination Clock Delay (DCD):    6.492ns = ( 16.492 - 10.000 ) 
    Source Clock Delay      (SCD):    6.445ns
    Clock Pessimism Removal (CPR):    -0.115ns
  Clock Uncertainty:      0.094ns  ((TSJ^2 + DJ^2)^1/2) / 2 + PE
    Total System Jitter     (TSJ):    0.071ns
    Discrete Jitter          (DJ):    0.175ns
    Phase Error              (PE):    0.000ns
  Clock Net Delay (Source):      3.099ns (routing 1.109ns, distribution 1.990ns)
  Clock Net Delay (Destination): 2.796ns (routing 1.008ns, distribution 1.788ns)

    Location             Delay type                Incr(ns)  Path(ns)    Partition      Netlist Resource(s)
  -------------------------------------------------------------------    ----------------------------------
                         (clock clk_hbm_ref rise edge)
                                                      0.000     0.000 r                 
    BJ4                                               0.000     0.000 r  static         <hidden>
                         net (fo=0)                   0.100     0.100    static         WRAPPER/IO_SHIM/IBUFDS_CLK_125/I
    HPIOBDIFFINBUF_X0Y130.DIFF_IN_P
                                                                      r  static         WRAPPER/IO_SHIM/IBUFDS_CLK_125/DIFFINBUF_INST/DIFF_IN_P
    HPIOBDIFFINBUF_X0Y130.O
                         DIFFINBUF (Prop_DIFFINBUF_HPIOBDIFFINBUF_DIFF_IN_P_O)
                                                      0.863     0.963 r  static         WRAPPER/IO_SHIM/IBUFDS_CLK_125/DIFFINBUF_INST/O
                         net (fo=1, routed)           0.050     1.013    static         WRAPPER/IO_SHIM/IBUFDS_CLK_125/OUT
    BJ4.I                                                             r  static         WRAPPER/IO_SHIM/IBUFDS_CLK_125/IBUFCTRL_INST/I
    BJ4.O                IBUFCTRL (Prop_IBUFCTRL_HPIOB_M_I_O)
                                                      0.000     1.013 r  static         WRAPPER/IO_SHIM/IBUFDS_CLK_125/IBUFCTRL_INST/O
                         net (fo=1, routed)           0.348     1.361    static         <hidden>
    BUFGCE_X0Y122.I                                                   r  static         <hidden>
    BUFGCE_X0Y122.O      BUFGCE (Prop_BUFCE_BUFGCE_I_O)
                                                      0.028     1.389 r  static         <hidden>
                         net (fo=3, routed)           1.811     3.200    static         <hidden>
    SLR Crossing[1->0]   
    MMCM_X0Y2.CLKIN1                                                  r  static         <hidden>
    MMCM_X0Y2.CLKOUT0    MMCME4_ADV (Prop_MMCM_CLKIN1_CLKOUT0)
                                                     -0.127     3.073 r  static         <hidden>
                         net (fo=2, routed)           0.245     3.318    static         <hidden>
    BUFGCE_X0Y65.I                                                    r  static         <hidden>
    BUFGCE_X0Y65.O       BUFGCE (Prop_BUFCE_BUFGCE_I_O)
                                                      0.028     3.346 r  static         <hidden>
    X3Y5 (CLOCK_ROOT)    net (fo=232, routed)         3.099     6.445    static         <hidden>
    SLICE_X176Y145.CLK   FDCE                                         r  static         <hidden>
  -------------------------------------------------------------------    ----------------------------------
    SLICE_X176Y145.Q     FDCE (Prop_EFF_SLICEM_C_Q)
                                                      0.076     6.521 r  static         <hidden>
                         net (fo=1, routed)           0.712     7.233    static         <hidden>
    SLICE_X178Y145.D     FDRE                                         r  static         <hidden>
  -------------------------------------------------------------------    ----------------------------------

                         (clock clk_hbm_ref rise edge)
                                                     10.000    10.000 r                 
    BJ4                                               0.000    10.000 r  static         <hidden>
                         net (fo=0)                   0.079    10.079    static         WRAPPER/IO_SHIM/IBUFDS_CLK_125/I
    HPIOBDIFFINBUF_X0Y130.DIFF_IN_P
                                                                      r  static         WRAPPER/IO_SHIM/IBUFDS_CLK_125/DIFFINBUF_INST/DIFF_IN_P
    HPIOBDIFFINBUF_X0Y130.O
                         DIFFINBUF (Prop_DIFFINBUF_HPIOBDIFFINBUF_DIFF_IN_P_O)
                                                      0.750    10.829 r  static         WRAPPER/IO_SHIM/IBUFDS_CLK_125/DIFFINBUF_INST/O
                         net (fo=1, routed)           0.040    10.869    static         WRAPPER/IO_SHIM/IBUFDS_CLK_125/OUT
    BJ4.I                                                             r  static         WRAPPER/IO_SHIM/IBUFDS_CLK_125/IBUFCTRL_INST/I
    BJ4.O                IBUFCTRL (Prop_IBUFCTRL_HPIOB_M_I_O)
                                                      0.000    10.869 r  static         WRAPPER/IO_SHIM/IBUFDS_CLK_125/IBUFCTRL_INST/O
                         net (fo=1, routed)           0.309    11.178    static         <hidden>
    BUFGCE_X0Y122.I                                                   r  static         <hidden>
    BUFGCE_X0Y122.O      BUFGCE (Prop_BUFCE_BUFGCE_I_O)
                                                      0.024    11.202 r  static         <hidden>
                         net (fo=3, routed)           1.624    12.826    static         <hidden>
    SLR Crossing[1->0]   
    MMCM_X0Y2.CLKIN1                                                  r  static         <hidden>
    MMCM_X0Y2.CLKOUT0    MMCME4_ADV (Prop_MMCM_CLKIN1_CLKOUT0)
                                                      0.630    13.456 r  static         <hidden>
                         net (fo=2, routed)           0.216    13.672    static         <hidden>
    BUFGCE_X0Y65.I                                                    r  static         <hidden>
    BUFGCE_X0Y65.O       BUFGCE (Prop_BUFCE_BUFGCE_I_O)
                                                      0.024    13.696 r  static         <hidden>
    X3Y5 (CLOCK_ROOT)    net (fo=232, routed)         2.796    16.492    static         <hidden>
    SLICE_X178Y145.CLK   FDRE                                         r  static         <hidden>
                         clock pessimism             -0.115    16.377                     
                         clock uncertainty           -0.094    16.283                     
    SLICE_X178Y145       FDRE (Setup_FFF2_SLICEL_C_D)
                                                      0.025    16.308    static           <hidden>
  -------------------------------------------------------------------
                         required time                         16.308                     
                         arrival time                          -7.233                     
  -------------------------------------------------------------------
                         slack                                  9.075                     

Slack (MET) :             9.089ns  (required time - arrival time)
  Source:                 <hidden>
                            (rising edge-triggered cell FDCE clocked by clk_hbm_ref  {rise@0.000ns fall@5.000ns period=10.000ns})
  Destination:            <hidden>
                            (rising edge-triggered cell FDRE clocked by clk_hbm_ref  {rise@0.000ns fall@5.000ns period=10.000ns})
  Path Group:             clk_hbm_ref
  Path Type:              Setup (Max at Slow Process Corner)
  Requirement:            10.000ns  (clk_hbm_ref rise@10.000ns - clk_hbm_ref rise@0.000ns)
  Data Path Delay:        0.758ns  (logic 0.076ns (10.023%)  route 0.682ns (89.977%))
  Logic Levels:           0  
  Clock Path Skew:        -0.084ns (DCD - SCD + CPR)
    Destination Clock Delay (DCD):    6.490ns = ( 16.490 - 10.000 ) 
    Source Clock Delay      (SCD):    6.459ns
    Clock Pessimism Removal (CPR):    -0.115ns
  Clock Uncertainty:      0.094ns  ((TSJ^2 + DJ^2)^1/2) / 2 + PE
    Total System Jitter     (TSJ):    0.071ns
    Discrete Jitter          (DJ):    0.175ns
    Phase Error              (PE):    0.000ns
  Clock Net Delay (Source):      3.113ns (routing 1.109ns, distribution 2.004ns)
  Clock Net Delay (Destination): 2.794ns (routing 1.008ns, distribution 1.786ns)

    Location             Delay type                Incr(ns)  Path(ns)    Partition      Netlist Resource(s)
  -------------------------------------------------------------------    ----------------------------------
                         (clock clk_hbm_ref rise edge)
                                                      0.000     0.000 r                 
    BJ4                                               0.000     0.000 r  static         <hidden>
                         net (fo=0)                   0.100     0.100    static         WRAPPER/IO_SHIM/IBUFDS_CLK_125/I
    HPIOBDIFFINBUF_X0Y130.DIFF_IN_P
                                                                      r  static         WRAPPER/IO_SHIM/IBUFDS_CLK_125/DIFFINBUF_INST/DIFF_IN_P
    HPIOBDIFFINBUF_X0Y130.O
                         DIFFINBUF (Prop_DIFFINBUF_HPIOBDIFFINBUF_DIFF_IN_P_O)
                                                      0.863     0.963 r  static         WRAPPER/IO_SHIM/IBUFDS_CLK_125/DIFFINBUF_INST/O
                         net (fo=1, routed)           0.050     1.013    static         WRAPPER/IO_SHIM/IBUFDS_CLK_125/OUT
    BJ4.I                                                             r  static         WRAPPER/IO_SHIM/IBUFDS_CLK_125/IBUFCTRL_INST/I
    BJ4.O                IBUFCTRL (Prop_IBUFCTRL_HPIOB_M_I_O)
                                                      0.000     1.013 r  static         WRAPPER/IO_SHIM/IBUFDS_CLK_125/IBUFCTRL_INST/O
                         net (fo=1, routed)           0.348     1.361    static         <hidden>
    BUFGCE_X0Y122.I                                                   r  static         <hidden>
    BUFGCE_X0Y122.O      BUFGCE (Prop_BUFCE_BUFGCE_I_O)
                                                      0.028     1.389 r  static         <hidden>
                         net (fo=3, routed)           1.811     3.200    static         <hidden>
    SLR Crossing[1->0]   
    MMCM_X0Y2.CLKIN1                                                  r  static         <hidden>
    MMCM_X0Y2.CLKOUT0    MMCME4_ADV (Prop_MMCM_CLKIN1_CLKOUT0)
                                                     -0.127     3.073 r  static         <hidden>
                         net (fo=2, routed)           0.245     3.318    static         <hidden>
    BUFGCE_X0Y65.I                                                    r  static         <hidden>
    BUFGCE_X0Y65.O       BUFGCE (Prop_BUFCE_BUFGCE_I_O)
                                                      0.028     3.346 r  static         <hidden>
    X3Y5 (CLOCK_ROOT)    net (fo=232, routed)         3.113     6.459    static         <hidden>
    SLICE_X176Y143.CLK   FDCE                                         r  static         <hidden>
  -------------------------------------------------------------------    ----------------------------------
    SLICE_X176Y143.Q     FDCE (Prop_FFF_SLICEM_C_Q)
                                                      0.076     6.535 r  static         <hidden>
                         net (fo=1, routed)           0.682     7.217    static         <hidden>
    SLICE_X178Y145.D     FDRE                                         r  static         <hidden>
  -------------------------------------------------------------------    ----------------------------------

                         (clock clk_hbm_ref rise edge)
                                                     10.000    10.000 r                 
    BJ4                                               0.000    10.000 r  static         <hidden>
                         net (fo=0)                   0.079    10.079    static         WRAPPER/IO_SHIM/IBUFDS_CLK_125/I
    HPIOBDIFFINBUF_X0Y130.DIFF_IN_P
                                                                      r  static         WRAPPER/IO_SHIM/IBUFDS_CLK_125/DIFFINBUF_INST/DIFF_IN_P
    HPIOBDIFFINBUF_X0Y130.O
                         DIFFINBUF (Prop_DIFFINBUF_HPIOBDIFFINBUF_DIFF_IN_P_O)
                                                      0.750    10.829 r  static         WRAPPER/IO_SHIM/IBUFDS_CLK_125/DIFFINBUF_INST/O
                         net (fo=1, routed)           0.040    10.869    static         WRAPPER/IO_SHIM/IBUFDS_CLK_125/OUT
    BJ4.I                                                             r  static         WRAPPER/IO_SHIM/IBUFDS_CLK_125/IBUFCTRL_INST/I
    BJ4.O                IBUFCTRL (Prop_IBUFCTRL_HPIOB_M_I_O)
                                                      0.000    10.869 r  static         WRAPPER/IO_SHIM/IBUFDS_CLK_125/IBUFCTRL_INST/O
                         net (fo=1, routed)           0.309    11.178    static         <hidden>
    BUFGCE_X0Y122.I                                                   r  static         <hidden>
    BUFGCE_X0Y122.O      BUFGCE (Prop_BUFCE_BUFGCE_I_O)
                                                      0.024    11.202 r  static         <hidden>
                         net (fo=3, routed)           1.624    12.826    static         <hidden>
    SLR Crossing[1->0]   
    MMCM_X0Y2.CLKIN1                                                  r  static         <hidden>
    MMCM_X0Y2.CLKOUT0    MMCME4_ADV (Prop_MMCM_CLKIN1_CLKOUT0)
                                                      0.630    13.456 r  static         <hidden>
                         net (fo=2, routed)           0.216    13.672    static         <hidden>
    BUFGCE_X0Y65.I                                                    r  static         <hidden>
    BUFGCE_X0Y65.O       BUFGCE (Prop_BUFCE_BUFGCE_I_O)
                                                      0.024    13.696 r  static         <hidden>
    X3Y5 (CLOCK_ROOT)    net (fo=232, routed)         2.794    16.490    static         <hidden>
    SLICE_X178Y145.CLK   FDRE                                         r  static         <hidden>
                         clock pessimism             -0.115    16.375                     
                         clock uncertainty           -0.094    16.281                     
    SLICE_X178Y145       FDRE (Setup_CFF2_SLICEL_C_D)
                                                      0.025    16.306    static           <hidden>
  -------------------------------------------------------------------
                         required time                         16.306                     
                         arrival time                          -7.217                     
  -------------------------------------------------------------------
                         slack                                  9.089                     

Slack (MET) :             9.101ns  (required time - arrival time)
  Source:                 <hidden>
                            (rising edge-triggered cell FDCE clocked by clk_hbm_ref  {rise@0.000ns fall@5.000ns period=10.000ns})
  Destination:            <hidden>
                            (rising edge-triggered cell FDRE clocked by clk_hbm_ref  {rise@0.000ns fall@5.000ns period=10.000ns})
  Path Group:             clk_hbm_ref
  Path Type:              Setup (Max at Slow Process Corner)
  Requirement:            10.000ns  (clk_hbm_ref rise@10.000ns - clk_hbm_ref rise@0.000ns)
  Data Path Delay:        0.758ns  (logic 0.079ns (10.429%)  route 0.679ns (89.571%))
  Logic Levels:           0  
  Clock Path Skew:        -0.072ns (DCD - SCD + CPR)
    Destination Clock Delay (DCD):    6.515ns = ( 16.515 - 10.000 ) 
    Source Clock Delay      (SCD):    6.472ns
    Clock Pessimism Removal (CPR):    -0.115ns
  Clock Uncertainty:      0.094ns  ((TSJ^2 + DJ^2)^1/2) / 2 + PE
    Total System Jitter     (TSJ):    0.071ns
    Discrete Jitter          (DJ):    0.175ns
    Phase Error              (PE):    0.000ns
  Clock Net Delay (Source):      3.126ns (routing 1.109ns, distribution 2.017ns)
  Clock Net Delay (Destination): 2.819ns (routing 1.008ns, distribution 1.811ns)

    Location             Delay type                Incr(ns)  Path(ns)    Partition      Netlist Resource(s)
  -------------------------------------------------------------------    ----------------------------------
                         (clock clk_hbm_ref rise edge)
                                                      0.000     0.000 r                 
    BJ4                                               0.000     0.000 r  static         <hidden>
                         net (fo=0)                   0.100     0.100    static         WRAPPER/IO_SHIM/IBUFDS_CLK_125/I
    HPIOBDIFFINBUF_X0Y130.DIFF_IN_P
                                                                      r  static         WRAPPER/IO_SHIM/IBUFDS_CLK_125/DIFFINBUF_INST/DIFF_IN_P
    HPIOBDIFFINBUF_X0Y130.O
                         DIFFINBUF (Prop_DIFFINBUF_HPIOBDIFFINBUF_DIFF_IN_P_O)
                                                      0.863     0.963 r  static         WRAPPER/IO_SHIM/IBUFDS_CLK_125/DIFFINBUF_INST/O
                         net (fo=1, routed)           0.050     1.013    static         WRAPPER/IO_SHIM/IBUFDS_CLK_125/OUT
    BJ4.I                                                             r  static         WRAPPER/IO_SHIM/IBUFDS_CLK_125/IBUFCTRL_INST/I
    BJ4.O                IBUFCTRL (Prop_IBUFCTRL_HPIOB_M_I_O)
                                                      0.000     1.013 r  static         WRAPPER/IO_SHIM/IBUFDS_CLK_125/IBUFCTRL_INST/O
                         net (fo=1, routed)           0.348     1.361    static         <hidden>
    BUFGCE_X0Y122.I                                                   r  static         <hidden>
    BUFGCE_X0Y122.O      BUFGCE (Prop_BUFCE_BUFGCE_I_O)
                                                      0.028     1.389 r  static         <hidden>
                         net (fo=3, routed)           1.811     3.200    static         <hidden>
    SLR Crossing[1->0]   
    MMCM_X0Y2.CLKIN1                                                  r  static         <hidden>
    MMCM_X0Y2.CLKOUT0    MMCME4_ADV (Prop_MMCM_CLKIN1_CLKOUT0)
                                                     -0.127     3.073 r  static         <hidden>
                         net (fo=2, routed)           0.245     3.318    static         <hidden>
    BUFGCE_X0Y65.I                                                    r  static         <hidden>
    BUFGCE_X0Y65.O       BUFGCE (Prop_BUFCE_BUFGCE_I_O)
                                                      0.028     3.346 r  static         <hidden>
    X3Y5 (CLOCK_ROOT)    net (fo=232, routed)         3.126     6.472    static         <hidden>
    SLICE_X176Y168.CLK   FDCE                                         r  static         <hidden>
  -------------------------------------------------------------------    ----------------------------------
    SLICE_X176Y168.Q     FDCE (Prop_EFF2_SLICEM_C_Q)
                                                      0.079     6.551 r  static         <hidden>
                         net (fo=1, routed)           0.679     7.229    static         <hidden>
    SLICE_X180Y169.D     FDRE                                         r  static         <hidden>
  -------------------------------------------------------------------    ----------------------------------

                         (clock clk_hbm_ref rise edge)
                                                     10.000    10.000 r                 
    BJ4                                               0.000    10.000 r  static         <hidden>
                         net (fo=0)                   0.079    10.079    static         WRAPPER/IO_SHIM/IBUFDS_CLK_125/I
    HPIOBDIFFINBUF_X0Y130.DIFF_IN_P
                                                                      r  static         WRAPPER/IO_SHIM/IBUFDS_CLK_125/DIFFINBUF_INST/DIFF_IN_P
    HPIOBDIFFINBUF_X0Y130.O
                         DIFFINBUF (Prop_DIFFINBUF_HPIOBDIFFINBUF_DIFF_IN_P_O)
                                                      0.750    10.829 r  static         WRAPPER/IO_SHIM/IBUFDS_CLK_125/DIFFINBUF_INST/O
                         net (fo=1, routed)           0.040    10.869    static         WRAPPER/IO_SHIM/IBUFDS_CLK_125/OUT
    BJ4.I                                                             r  static         WRAPPER/IO_SHIM/IBUFDS_CLK_125/IBUFCTRL_INST/I
    BJ4.O                IBUFCTRL (Prop_IBUFCTRL_HPIOB_M_I_O)
                                                      0.000    10.869 r  static         WRAPPER/IO_SHIM/IBUFDS_CLK_125/IBUFCTRL_INST/O
                         net (fo=1, routed)           0.309    11.178    static         <hidden>
    BUFGCE_X0Y122.I                                                   r  static         <hidden>
    BUFGCE_X0Y122.O      BUFGCE (Prop_BUFCE_BUFGCE_I_O)
                                                      0.024    11.202 r  static         <hidden>
                         net (fo=3, routed)           1.624    12.826    static         <hidden>
    SLR Crossing[1->0]   
    MMCM_X0Y2.CLKIN1                                                  r  static         <hidden>
    MMCM_X0Y2.CLKOUT0    MMCME4_ADV (Prop_MMCM_CLKIN1_CLKOUT0)
                                                      0.630    13.456 r  static         <hidden>
                         net (fo=2, routed)           0.216    13.672    static         <hidden>
    BUFGCE_X0Y65.I                                                    r  static         <hidden>
    BUFGCE_X0Y65.O       BUFGCE (Prop_BUFCE_BUFGCE_I_O)
                                                      0.024    13.696 r  static         <hidden>
    X3Y5 (CLOCK_ROOT)    net (fo=232, routed)         2.819    16.515    static         <hidden>
    SLICE_X180Y169.CLK   FDRE                                         r  static         <hidden>
                         clock pessimism             -0.115    16.400                     
                         clock uncertainty           -0.094    16.305                     
    SLICE_X180Y169       FDRE (Setup_FFF_SLICEM_C_D)
                                                      0.025    16.330    static           <hidden>
  -------------------------------------------------------------------
                         required time                         16.330                     
                         arrival time                          -7.229                     
  -------------------------------------------------------------------
                         slack                                  9.101                     

Slack (MET) :             9.228ns  (required time - arrival time)
  Source:                 <hidden>
                            (rising edge-triggered cell FDCE clocked by clk_hbm_ref  {rise@0.000ns fall@5.000ns period=10.000ns})
  Destination:            <hidden>
                            (rising edge-triggered cell FDRE clocked by clk_hbm_ref  {rise@0.000ns fall@5.000ns period=10.000ns})
  Path Group:             clk_hbm_ref
  Path Type:              Setup (Max at Slow Process Corner)
  Requirement:            10.000ns  (clk_hbm_ref rise@10.000ns - clk_hbm_ref rise@0.000ns)
  Data Path Delay:        0.653ns  (logic 0.076ns (11.639%)  route 0.577ns (88.361%))
  Logic Levels:           0  
  Clock Path Skew:        -0.049ns (DCD - SCD + CPR)
    Destination Clock Delay (DCD):    6.499ns = ( 16.499 - 10.000 ) 
    Source Clock Delay      (SCD):    6.434ns
    Clock Pessimism Removal (CPR):    -0.115ns
  Clock Uncertainty:      0.094ns  ((TSJ^2 + DJ^2)^1/2) / 2 + PE
    Total System Jitter     (TSJ):    0.071ns
    Discrete Jitter          (DJ):    0.175ns
    Phase Error              (PE):    0.000ns
  Clock Net Delay (Source):      3.088ns (routing 1.109ns, distribution 1.979ns)
  Clock Net Delay (Destination): 2.803ns (routing 1.008ns, distribution 1.795ns)

    Location             Delay type                Incr(ns)  Path(ns)    Partition      Netlist Resource(s)
  -------------------------------------------------------------------    ----------------------------------
                         (clock clk_hbm_ref rise edge)
                                                      0.000     0.000 r                 
    BJ4                                               0.000     0.000 r  static         <hidden>
                         net (fo=0)                   0.100     0.100    static         WRAPPER/IO_SHIM/IBUFDS_CLK_125/I
    HPIOBDIFFINBUF_X0Y130.DIFF_IN_P
                                                                      r  static         WRAPPER/IO_SHIM/IBUFDS_CLK_125/DIFFINBUF_INST/DIFF_IN_P
    HPIOBDIFFINBUF_X0Y130.O
                         DIFFINBUF (Prop_DIFFINBUF_HPIOBDIFFINBUF_DIFF_IN_P_O)
                                                      0.863     0.963 r  static         WRAPPER/IO_SHIM/IBUFDS_CLK_125/DIFFINBUF_INST/O
                         net (fo=1, routed)           0.050     1.013    static         WRAPPER/IO_SHIM/IBUFDS_CLK_125/OUT
    BJ4.I                                                             r  static         WRAPPER/IO_SHIM/IBUFDS_CLK_125/IBUFCTRL_INST/I
    BJ4.O                IBUFCTRL (Prop_IBUFCTRL_HPIOB_M_I_O)
                                                      0.000     1.013 r  static         WRAPPER/IO_SHIM/IBUFDS_CLK_125/IBUFCTRL_INST/O
                         net (fo=1, routed)           0.348     1.361    static         <hidden>
    BUFGCE_X0Y122.I                                                   r  static         <hidden>
    BUFGCE_X0Y122.O      BUFGCE (Prop_BUFCE_BUFGCE_I_O)
                                                      0.028     1.389 r  static         <hidden>
                         net (fo=3, routed)           1.811     3.200    static         <hidden>
    SLR Crossing[1->0]   
    MMCM_X0Y2.CLKIN1                                                  r  static         <hidden>
    MMCM_X0Y2.CLKOUT0    MMCME4_ADV (Prop_MMCM_CLKIN1_CLKOUT0)
                                                     -0.127     3.073 r  static         <hidden>
                         net (fo=2, routed)           0.245     3.318    static         <hidden>
    BUFGCE_X0Y65.I                                                    r  static         <hidden>
    BUFGCE_X0Y65.O       BUFGCE (Prop_BUFCE_BUFGCE_I_O)
                                                      0.028     3.346 r  static         <hidden>
    X3Y5 (CLOCK_ROOT)    net (fo=232, routed)         3.088     6.434    static         <hidden>
    SLICE_X176Y153.CLK   FDCE                                         r  static         <hidden>
  -------------------------------------------------------------------    ----------------------------------
    SLICE_X176Y153.Q     FDCE (Prop_EFF_SLICEM_C_Q)
                                                      0.076     6.510 r  static         <hidden>
                         net (fo=1, routed)           0.577     7.087    static         <hidden>
    SLICE_X179Y143.D     FDRE                                         r  static         <hidden>
  -------------------------------------------------------------------    ----------------------------------

                         (clock clk_hbm_ref rise edge)
                                                     10.000    10.000 r                 
    BJ4                                               0.000    10.000 r  static         <hidden>
                         net (fo=0)                   0.079    10.079    static         WRAPPER/IO_SHIM/IBUFDS_CLK_125/I
    HPIOBDIFFINBUF_X0Y130.DIFF_IN_P
                                                                      r  static         WRAPPER/IO_SHIM/IBUFDS_CLK_125/DIFFINBUF_INST/DIFF_IN_P
    HPIOBDIFFINBUF_X0Y130.O
                         DIFFINBUF (Prop_DIFFINBUF_HPIOBDIFFINBUF_DIFF_IN_P_O)
                                                      0.750    10.829 r  static         WRAPPER/IO_SHIM/IBUFDS_CLK_125/DIFFINBUF_INST/O
                         net (fo=1, routed)           0.040    10.869    static         WRAPPER/IO_SHIM/IBUFDS_CLK_125/OUT
    BJ4.I                                                             r  static         WRAPPER/IO_SHIM/IBUFDS_CLK_125/IBUFCTRL_INST/I
    BJ4.O                IBUFCTRL (Prop_IBUFCTRL_HPIOB_M_I_O)
                                                      0.000    10.869 r  static         WRAPPER/IO_SHIM/IBUFDS_CLK_125/IBUFCTRL_INST/O
                         net (fo=1, routed)           0.309    11.178    static         <hidden>
    BUFGCE_X0Y122.I                                                   r  static         <hidden>
    BUFGCE_X0Y122.O      BUFGCE (Prop_BUFCE_BUFGCE_I_O)
                                                      0.024    11.202 r  static         <hidden>
                         net (fo=3, routed)           1.624    12.826    static         <hidden>
    SLR Crossing[1->0]   
    MMCM_X0Y2.CLKIN1                                                  r  static         <hidden>
    MMCM_X0Y2.CLKOUT0    MMCME4_ADV (Prop_MMCM_CLKIN1_CLKOUT0)
                                                      0.630    13.456 r  static         <hidden>
                         net (fo=2, routed)           0.216    13.672    static         <hidden>
    BUFGCE_X0Y65.I                                                    r  static         <hidden>
    BUFGCE_X0Y65.O       BUFGCE (Prop_BUFCE_BUFGCE_I_O)
                                                      0.024    13.696 r  static         <hidden>
    X3Y5 (CLOCK_ROOT)    net (fo=232, routed)         2.803    16.499    static         <hidden>
    SLICE_X179Y143.CLK   FDRE                                         r  static         <hidden>
                         clock pessimism             -0.115    16.384                     
                         clock uncertainty           -0.094    16.290                     
    SLICE_X179Y143       FDRE (Setup_EFF_SLICEM_C_D)
                                                      0.025    16.315    static           <hidden>
  -------------------------------------------------------------------
                         required time                         16.315                     
                         arrival time                          -7.087                     
  -------------------------------------------------------------------
                         slack                                  9.228                     

Slack (MET) :             9.277ns  (required time - arrival time)
  Source:                 <hidden>
                            (rising edge-triggered cell FDCE clocked by clk_hbm_ref  {rise@0.000ns fall@5.000ns period=10.000ns})
  Destination:            <hidden>
                            (rising edge-triggered cell FDRE clocked by clk_hbm_ref  {rise@0.000ns fall@5.000ns period=10.000ns})
  Path Group:             clk_hbm_ref
  Path Type:              Setup (Max at Slow Process Corner)
  Requirement:            10.000ns  (clk_hbm_ref rise@10.000ns - clk_hbm_ref rise@0.000ns)
  Data Path Delay:        0.599ns  (logic 0.079ns (13.190%)  route 0.520ns (86.810%))
  Logic Levels:           0  
  Clock Path Skew:        -0.054ns (DCD - SCD + CPR)
    Destination Clock Delay (DCD):    6.509ns = ( 16.509 - 10.000 ) 
    Source Clock Delay      (SCD):    6.449ns
    Clock Pessimism Removal (CPR):    -0.115ns
  Clock Uncertainty:      0.094ns  ((TSJ^2 + DJ^2)^1/2) / 2 + PE
    Total System Jitter     (TSJ):    0.071ns
    Discrete Jitter          (DJ):    0.175ns
    Phase Error              (PE):    0.000ns
  Clock Net Delay (Source):      3.103ns (routing 1.109ns, distribution 1.994ns)
  Clock Net Delay (Destination): 2.813ns (routing 1.008ns, distribution 1.805ns)

    Location             Delay type                Incr(ns)  Path(ns)    Partition      Netlist Resource(s)
  -------------------------------------------------------------------    ----------------------------------
                         (clock clk_hbm_ref rise edge)
                                                      0.000     0.000 r                 
    BJ4                                               0.000     0.000 r  static         <hidden>
                         net (fo=0)                   0.100     0.100    static         WRAPPER/IO_SHIM/IBUFDS_CLK_125/I
    HPIOBDIFFINBUF_X0Y130.DIFF_IN_P
                                                                      r  static         WRAPPER/IO_SHIM/IBUFDS_CLK_125/DIFFINBUF_INST/DIFF_IN_P
    HPIOBDIFFINBUF_X0Y130.O
                         DIFFINBUF (Prop_DIFFINBUF_HPIOBDIFFINBUF_DIFF_IN_P_O)
                                                      0.863     0.963 r  static         WRAPPER/IO_SHIM/IBUFDS_CLK_125/DIFFINBUF_INST/O
                         net (fo=1, routed)           0.050     1.013    static         WRAPPER/IO_SHIM/IBUFDS_CLK_125/OUT
    BJ4.I                                                             r  static         WRAPPER/IO_SHIM/IBUFDS_CLK_125/IBUFCTRL_INST/I
    BJ4.O                IBUFCTRL (Prop_IBUFCTRL_HPIOB_M_I_O)
                                                      0.000     1.013 r  static         WRAPPER/IO_SHIM/IBUFDS_CLK_125/IBUFCTRL_INST/O
                         net (fo=1, routed)           0.348     1.361    static         <hidden>
    BUFGCE_X0Y122.I                                                   r  static         <hidden>
    BUFGCE_X0Y122.O      BUFGCE (Prop_BUFCE_BUFGCE_I_O)
                                                      0.028     1.389 r  static         <hidden>
                         net (fo=3, routed)           1.811     3.200    static         <hidden>
    SLR Crossing[1->0]   
    MMCM_X0Y2.CLKIN1                                                  r  static         <hidden>
    MMCM_X0Y2.CLKOUT0    MMCME4_ADV (Prop_MMCM_CLKIN1_CLKOUT0)
                                                     -0.127     3.073 r  static         <hidden>
                         net (fo=2, routed)           0.245     3.318    static         <hidden>
    BUFGCE_X0Y65.I                                                    r  static         <hidden>
    BUFGCE_X0Y65.O       BUFGCE (Prop_BUFCE_BUFGCE_I_O)
                                                      0.028     3.346 r  static         <hidden>
    X3Y5 (CLOCK_ROOT)    net (fo=232, routed)         3.103     6.449    static         <hidden>
    SLICE_X177Y167.CLK   FDCE                                         r  static         <hidden>
  -------------------------------------------------------------------    ----------------------------------
    SLICE_X177Y167.Q     FDCE (Prop_EFF_SLICEL_C_Q)
                                                      0.079     6.528 r  static         <hidden>
                         net (fo=1, routed)           0.520     7.048    static         <hidden>
    SLICE_X180Y168.D     FDRE                                         r  static         <hidden>
  -------------------------------------------------------------------    ----------------------------------

                         (clock clk_hbm_ref rise edge)
                                                     10.000    10.000 r                 
    BJ4                                               0.000    10.000 r  static         <hidden>
                         net (fo=0)                   0.079    10.079    static         WRAPPER/IO_SHIM/IBUFDS_CLK_125/I
    HPIOBDIFFINBUF_X0Y130.DIFF_IN_P
                                                                      r  static         WRAPPER/IO_SHIM/IBUFDS_CLK_125/DIFFINBUF_INST/DIFF_IN_P
    HPIOBDIFFINBUF_X0Y130.O
                         DIFFINBUF (Prop_DIFFINBUF_HPIOBDIFFINBUF_DIFF_IN_P_O)
                                                      0.750    10.829 r  static         WRAPPER/IO_SHIM/IBUFDS_CLK_125/DIFFINBUF_INST/O
                         net (fo=1, routed)           0.040    10.869    static         WRAPPER/IO_SHIM/IBUFDS_CLK_125/OUT
    BJ4.I                                                             r  static         WRAPPER/IO_SHIM/IBUFDS_CLK_125/IBUFCTRL_INST/I
    BJ4.O                IBUFCTRL (Prop_IBUFCTRL_HPIOB_M_I_O)
                                                      0.000    10.869 r  static         WRAPPER/IO_SHIM/IBUFDS_CLK_125/IBUFCTRL_INST/O
                         net (fo=1, routed)           0.309    11.178    static         <hidden>
    BUFGCE_X0Y122.I                                                   r  static         <hidden>
    BUFGCE_X0Y122.O      BUFGCE (Prop_BUFCE_BUFGCE_I_O)
                                                      0.024    11.202 r  static         <hidden>
                         net (fo=3, routed)           1.624    12.826    static         <hidden>
    SLR Crossing[1->0]   
    MMCM_X0Y2.CLKIN1                                                  r  static         <hidden>
    MMCM_X0Y2.CLKOUT0    MMCME4_ADV (Prop_MMCM_CLKIN1_CLKOUT0)
                                                      0.630    13.456 r  static         <hidden>
                         net (fo=2, routed)           0.216    13.672    static         <hidden>
    BUFGCE_X0Y65.I                                                    r  static         <hidden>
    BUFGCE_X0Y65.O       BUFGCE (Prop_BUFCE_BUFGCE_I_O)
                                                      0.024    13.696 r  static         <hidden>
    X3Y5 (CLOCK_ROOT)    net (fo=232, routed)         2.813    16.509    static         <hidden>
    SLICE_X180Y168.CLK   FDRE                                         r  static         <hidden>
                         clock pessimism             -0.115    16.394                     
                         clock uncertainty           -0.094    16.300                     
    SLICE_X180Y168       FDRE (Setup_EFF_SLICEM_C_D)
                                                      0.025    16.325    static           <hidden>
  -------------------------------------------------------------------
                         required time                         16.325                     
                         arrival time                          -7.048                     
  -------------------------------------------------------------------
                         slack                                  9.277                     

Slack (MET) :             9.282ns  (required time - arrival time)
  Source:                 <hidden>
                            (rising edge-triggered cell FDCE clocked by clk_hbm_ref  {rise@0.000ns fall@5.000ns period=10.000ns})
  Destination:            <hidden>
                            (rising edge-triggered cell FDRE clocked by clk_hbm_ref  {rise@0.000ns fall@5.000ns period=10.000ns})
  Path Group:             clk_hbm_ref
  Path Type:              Setup (Max at Slow Process Corner)
  Requirement:            10.000ns  (clk_hbm_ref rise@10.000ns - clk_hbm_ref rise@0.000ns)
  Data Path Delay:        0.582ns  (logic 0.078ns (13.392%)  route 0.504ns (86.608%))
  Logic Levels:           0  
  Clock Path Skew:        -0.067ns (DCD - SCD + CPR)
    Destination Clock Delay (DCD):    6.509ns = ( 16.509 - 10.000 ) 
    Source Clock Delay      (SCD):    6.461ns
    Clock Pessimism Removal (CPR):    -0.115ns
  Clock Uncertainty:      0.094ns  ((TSJ^2 + DJ^2)^1/2) / 2 + PE
    Total System Jitter     (TSJ):    0.071ns
    Discrete Jitter          (DJ):    0.175ns
    Phase Error              (PE):    0.000ns
  Clock Net Delay (Source):      3.115ns (routing 1.109ns, distribution 2.006ns)
  Clock Net Delay (Destination): 2.813ns (routing 1.008ns, distribution 1.805ns)

    Location             Delay type                Incr(ns)  Path(ns)    Partition      Netlist Resource(s)
  -------------------------------------------------------------------    ----------------------------------
                         (clock clk_hbm_ref rise edge)
                                                      0.000     0.000 r                 
    BJ4                                               0.000     0.000 r  static         <hidden>
                         net (fo=0)                   0.100     0.100    static         WRAPPER/IO_SHIM/IBUFDS_CLK_125/I
    HPIOBDIFFINBUF_X0Y130.DIFF_IN_P
                                                                      r  static         WRAPPER/IO_SHIM/IBUFDS_CLK_125/DIFFINBUF_INST/DIFF_IN_P
    HPIOBDIFFINBUF_X0Y130.O
                         DIFFINBUF (Prop_DIFFINBUF_HPIOBDIFFINBUF_DIFF_IN_P_O)
                                                      0.863     0.963 r  static         WRAPPER/IO_SHIM/IBUFDS_CLK_125/DIFFINBUF_INST/O
                         net (fo=1, routed)           0.050     1.013    static         WRAPPER/IO_SHIM/IBUFDS_CLK_125/OUT
    BJ4.I                                                             r  static         WRAPPER/IO_SHIM/IBUFDS_CLK_125/IBUFCTRL_INST/I
    BJ4.O                IBUFCTRL (Prop_IBUFCTRL_HPIOB_M_I_O)
                                                      0.000     1.013 r  static         WRAPPER/IO_SHIM/IBUFDS_CLK_125/IBUFCTRL_INST/O
                         net (fo=1, routed)           0.348     1.361    static         <hidden>
    BUFGCE_X0Y122.I                                                   r  static         <hidden>
    BUFGCE_X0Y122.O      BUFGCE (Prop_BUFCE_BUFGCE_I_O)
                                                      0.028     1.389 r  static         <hidden>
                         net (fo=3, routed)           1.811     3.200    static         <hidden>
    SLR Crossing[1->0]   
    MMCM_X0Y2.CLKIN1                                                  r  static         <hidden>
    MMCM_X0Y2.CLKOUT0    MMCME4_ADV (Prop_MMCM_CLKIN1_CLKOUT0)
                                                     -0.127     3.073 r  static         <hidden>
                         net (fo=2, routed)           0.245     3.318    static         <hidden>
    BUFGCE_X0Y65.I                                                    r  static         <hidden>
    BUFGCE_X0Y65.O       BUFGCE (Prop_BUFCE_BUFGCE_I_O)
                                                      0.028     3.346 r  static         <hidden>
    X3Y5 (CLOCK_ROOT)    net (fo=232, routed)         3.115     6.461    static         <hidden>
    SLICE_X176Y169.CLK   FDCE                                         r  static         <hidden>
  -------------------------------------------------------------------    ----------------------------------
    SLICE_X176Y169.Q     FDCE (Prop_GFF_SLICEM_C_Q)
                                                      0.078     6.539 r  static         <hidden>
                         net (fo=1, routed)           0.504     7.043    static         <hidden>
    SLICE_X180Y168.D     FDRE                                         r  static         <hidden>
  -------------------------------------------------------------------    ----------------------------------

                         (clock clk_hbm_ref rise edge)
                                                     10.000    10.000 r                 
    BJ4                                               0.000    10.000 r  static         <hidden>
                         net (fo=0)                   0.079    10.079    static         WRAPPER/IO_SHIM/IBUFDS_CLK_125/I
    HPIOBDIFFINBUF_X0Y130.DIFF_IN_P
                                                                      r  static         WRAPPER/IO_SHIM/IBUFDS_CLK_125/DIFFINBUF_INST/DIFF_IN_P
    HPIOBDIFFINBUF_X0Y130.O
                         DIFFINBUF (Prop_DIFFINBUF_HPIOBDIFFINBUF_DIFF_IN_P_O)
                                                      0.750    10.829 r  static         WRAPPER/IO_SHIM/IBUFDS_CLK_125/DIFFINBUF_INST/O
                         net (fo=1, routed)           0.040    10.869    static         WRAPPER/IO_SHIM/IBUFDS_CLK_125/OUT
    BJ4.I                                                             r  static         WRAPPER/IO_SHIM/IBUFDS_CLK_125/IBUFCTRL_INST/I
    BJ4.O                IBUFCTRL (Prop_IBUFCTRL_HPIOB_M_I_O)
                                                      0.000    10.869 r  static         WRAPPER/IO_SHIM/IBUFDS_CLK_125/IBUFCTRL_INST/O
                         net (fo=1, routed)           0.309    11.178    static         <hidden>
    BUFGCE_X0Y122.I                                                   r  static         <hidden>
    BUFGCE_X0Y122.O      BUFGCE (Prop_BUFCE_BUFGCE_I_O)
                                                      0.024    11.202 r  static         <hidden>
                         net (fo=3, routed)           1.624    12.826    static         <hidden>
    SLR Crossing[1->0]   
    MMCM_X0Y2.CLKIN1                                                  r  static         <hidden>
    MMCM_X0Y2.CLKOUT0    MMCME4_ADV (Prop_MMCM_CLKIN1_CLKOUT0)
                                                      0.630    13.456 r  static         <hidden>
                         net (fo=2, routed)           0.216    13.672    static         <hidden>
    BUFGCE_X0Y65.I                                                    r  static         <hidden>
    BUFGCE_X0Y65.O       BUFGCE (Prop_BUFCE_BUFGCE_I_O)
                                                      0.024    13.696 r  static         <hidden>
    X3Y5 (CLOCK_ROOT)    net (fo=232, routed)         2.813    16.509    static         <hidden>
    SLICE_X180Y168.CLK   FDRE                                         r  static         <hidden>
                         clock pessimism             -0.115    16.394                     
                         clock uncertainty           -0.094    16.300                     
    SLICE_X180Y168       FDRE (Setup_HFF_SLICEM_C_D)
                                                      0.025    16.325    static           <hidden>
  -------------------------------------------------------------------
                         required time                         16.325                     
                         arrival time                          -7.043                     
  -------------------------------------------------------------------
                         slack                                  9.282                     

Slack (MET) :             10.520ns  (required time - arrival time)
  Source:                 <hidden>
                            (falling edge-triggered cell FDPE clocked by clk_spi  {rise@0.000ns fall@20.000ns period=40.000ns})
  Destination:            <hidden>
                            (output port clocked by clk_spi  {rise@0.000ns fall@20.000ns period=40.000ns})
  Path Group:             clk_spi
  Path Type:              Max at Slow Process Corner
  Requirement:            20.000ns  (clk_spi rise@40.000ns - clk_spi fall@20.000ns)
  Data Path Delay:        5.791ns  (logic 1.787ns (30.860%)  route 4.004ns (69.140%))
  Logic Levels:           7  (LUT5=2 LUT6=4 OBUFT=1)
  Output Delay:           0.000ns
  Clock Path Skew:        -3.454ns (DCD - SCD + CPR)
    Destination Clock Delay (DCD):    0.000ns = ( 40.000 - 40.000 ) 
    Source Clock Delay      (SCD):    3.454ns = ( 23.454 - 20.000 ) 
    Clock Pessimism Removal (CPR):    0.000ns
  Clock Uncertainty:      0.235ns  ((TSJ^2 + TIJ^2)^1/2 + DJ) / 2 + PE + DCD
    Total System Jitter     (TSJ):    0.071ns
    Total Input Jitter      (TIJ):    0.000ns
    Discrete Jitter          (DJ):    0.000ns
    Phase Error              (PE):    0.000ns
    Duty Cycle Distortion   (DCD):    0.200ns

    Location             Delay type                Incr(ns)  Path(ns)    Partition      Netlist Resource(s)
  -------------------------------------------------------------------    ----------------------------------
                         (clock clk_spi fall edge)   20.000    20.000 f                 
    BH5                                               0.000    20.000 f  static         <hidden>
                         net (fo=0)                   0.000    20.000    static         WRAPPER/IO_SHIM/IBUF_SCK/I
    BH5.PAD                                                           f  static         WRAPPER/IO_SHIM/IBUF_SCK/INBUF_INST/PAD
    BH5.O                INBUF (Prop_INBUF_HPIOB_M_PAD_O)
                                                      0.743    20.743 f  static         WRAPPER/IO_SHIM/IBUF_SCK/INBUF_INST/O
                         net (fo=1, routed)           0.000    20.743    static         WRAPPER/IO_SHIM/IBUF_SCK/OUT
    BH5.I                                                             f  static         WRAPPER/IO_SHIM/IBUF_SCK/IBUFCTRL_INST/I
    BH5.O                IBUFCTRL (Prop_IBUFCTRL_HPIOB_M_I_O)
                                                      0.000    20.743 f  static         WRAPPER/IO_SHIM/IBUF_SCK/IBUFCTRL_INST/O
                         net (fo=3, routed)           2.711    23.454    static         <hidden>
    SLICE_X180Y373.CLK   FDPE                                         r  static         <hidden>  (IS_INVERTED)
  -------------------------------------------------------------------    ----------------------------------
    SLICE_X180Y373.Q     FDPE (Prop_EFF_SLICEM_C_Q)
                                                      0.076    23.530 r  static         <hidden>
                         net (fo=9, routed)           0.538    24.068    static         <hidden>
    SLICE_X182Y400.A2                                                 r  static         <hidden>
    SLICE_X182Y400.O6    LUT5 (Prop_G6LUT_SLICEM_I4_O)
                                                      0.123    24.191 r  static         <hidden>
                         net (fo=1, routed)           0.255    24.446    static         <hidden>
    SLICE_X182Y385.A5                                                 r  static         <hidden>
    SLICE_X182Y385.O6    LUT6 (Prop_H6LUT_SLICEM_I5_O)
                                                      0.053    24.499 r  static         <hidden>
                         net (fo=1, routed)           0.260    24.759    static         <hidden>
    SLICE_X180Y378.A3                                                 r  static         <hidden>
    SLICE_X180Y378.O6    LUT6 (Prop_F6LUT_SLICEM_I1_O)
                                                      0.098    24.857 r  static         <hidden>
                         net (fo=1, routed)           0.318    25.175    static         <hidden>
    SLICE_X178Y377.A2                                                 r  static         <hidden>
    SLICE_X178Y377.O6    LUT6 (Prop_G6LUT_SLICEL_I5_O)
                                                      0.123    25.298 r  static         <hidden>
                         net (fo=1, routed)           0.084    25.382    static         <hidden>
    SLICE_X178Y376.A4                                                 r  static         <hidden>
    SLICE_X178Y376.O6    LUT5 (Prop_C6LUT_SLICEL_I0_O)
                                                      0.088    25.470 r  static         <hidden>
                         net (fo=1, routed)           0.286    25.756    static         <hidden>
    SLICE_X178Y376.A2                                                 r  static         <hidden>
    SLICE_X178Y376.O6    LUT6 (Prop_H6LUT_SLICEL_I0_O)
                                                      0.124    25.880 r  static         <hidden>
                         net (fo=1, routed)           2.263    28.143    static         <hidden>
    BK8.I                                                             r  static         <hidden>
    BK8.O                OBUFT (Prop_OUTBUF_HPIOB_S_I_O)
                                                      1.102    29.245 r  static         <hidden>
                         net (fo=0)                   0.000    29.245    static         <hidden>
    BK8                                                               r  static         <hidden>
  -------------------------------------------------------------------    ----------------------------------

                         (clock clk_spi rise edge)   40.000    40.000 r                 
                         clock pessimism              0.000    40.000                     
                         clock uncertainty           -0.235    39.765                     
                         output delay                -0.000    39.765                     
  -------------------------------------------------------------------
                         required time                         39.765                     
                         arrival time                         -29.245                     
  -------------------------------------------------------------------
                         slack                                 10.520                     

Slack (MET) :             13.157ns  (required time - arrival time)
  Source:                 WRAPPER/RL/RL_DEBUG_BRIDGE/inst/bs_switch_1/inst/BSCAN_SWITCH.EXT_BSCAN.bscan_switch/state_reg[0]/C
                            (rising edge-triggered cell FDRE clocked by WRAPPER/RL/RL_DEBUG_BRIDGE/inst/axi_jtag/inst/u_jtag_proc/tck_i_reg/Q  {rise@0.000ns fall@16.000ns period=32.000ns})
  Destination:            WRAPPER/RL/RL_DEBUG_BRIDGE/inst/bsip/inst/USE_SOFTBSCAN.U_BSCAN_TAP/U_BASETAP/TDO_O_reg/D
                            (falling edge-triggered cell FDCE clocked by WRAPPER/RL/RL_DEBUG_BRIDGE/inst/axi_jtag/inst/u_jtag_proc/tck_i_reg/Q  {rise@0.000ns fall@16.000ns period=32.000ns})
  Path Group:             WRAPPER/RL/RL_DEBUG_BRIDGE/inst/axi_jtag/inst/u_jtag_proc/tck_i_reg/Q
  Path Type:              Setup (Max at Slow Process Corner)
  Requirement:            16.000ns  (WRAPPER/RL/RL_DEBUG_BRIDGE/inst/axi_jtag/inst/u_jtag_proc/tck_i_reg/Q fall@16.000ns - WRAPPER/RL/RL_DEBUG_BRIDGE/inst/axi_jtag/inst/u_jtag_proc/tck_i_reg/Q rise@0.000ns)
  Data Path Delay:        2.263ns  (logic 0.645ns (28.500%)  route 1.618ns (71.500%))
  Logic Levels:           4  (LUT3=2 LUT5=1 LUT6=1)
  Clock Path Skew:        -0.339ns (DCD - SCD + CPR)
    Destination Clock Delay (DCD):    6.237ns = ( 22.237 - 16.000 ) 
    Source Clock Delay      (SCD):    6.883ns
    Clock Pessimism Removal (CPR):    0.308ns
  Clock Uncertainty:      0.266ns  ((TSJ^2 + DJ^2)^1/2) / 2 + PE + DCD
    Total System Jitter     (TSJ):    0.071ns
    Discrete Jitter          (DJ):    0.112ns
    Phase Error              (PE):    0.000ns
    Duty Cycle Distortion   (DCD):    0.200ns
  Clock Net Delay (Source):      2.444ns (routing 1.039ns, distribution 1.405ns)
  Clock Net Delay (Destination): 2.183ns (routing 0.945ns, distribution 1.238ns)

    Location             Delay type                Incr(ns)  Path(ns)    Partition      Netlist Resource(s)
  -------------------------------------------------------------------    ----------------------------------
                         (clock WRAPPER/RL/RL_DEBUG_BRIDGE/inst/axi_jtag/inst/u_jtag_proc/tck_i_reg/Q rise edge)
                                                      0.000     0.000 r                 
    BJ4                                               0.000     0.000 r  static         <hidden>
                         net (fo=0)                   0.100     0.100    static         WRAPPER/IO_SHIM/IBUFDS_CLK_125/I
    HPIOBDIFFINBUF_X0Y130.DIFF_IN_P
                                                                      r  static         WRAPPER/IO_SHIM/IBUFDS_CLK_125/DIFFINBUF_INST/DIFF_IN_P
    HPIOBDIFFINBUF_X0Y130.O
                         DIFFINBUF (Prop_DIFFINBUF_HPIOBDIFFINBUF_DIFF_IN_P_O)
                                                      0.863     0.963 r  static         WRAPPER/IO_SHIM/IBUFDS_CLK_125/DIFFINBUF_INST/O
                         net (fo=1, routed)           0.050     1.013    static         WRAPPER/IO_SHIM/IBUFDS_CLK_125/OUT
    BJ4.I                                                             r  static         WRAPPER/IO_SHIM/IBUFDS_CLK_125/IBUFCTRL_INST/I
    BJ4.O                IBUFCTRL (Prop_IBUFCTRL_HPIOB_M_I_O)
                                                      0.000     1.013 r  static         WRAPPER/IO_SHIM/IBUFDS_CLK_125/IBUFCTRL_INST/O
                         net (fo=1, routed)           0.348     1.361    static         <hidden>
    BUFGCE_X0Y122.I                                                   r  static         <hidden>
    BUFGCE_X0Y122.O      BUFGCE (Prop_BUFCE_BUFGCE_I_O)
                                                      0.028     1.389 r  static         <hidden>
                         net (fo=3, routed)           1.822     3.211    static         <hidden>
    SLR Crossing[1->0]   
    PLL_X0Y5.CLKIN                                                    r  static         <hidden>
    PLL_X0Y5.CLKOUT0     PLLE4_ADV (Prop_PLL_CLKIN_CLKOUT0)
                                                      0.033     3.244 r  static         <hidden>
                         net (fo=1, routed)           0.270     3.514    static         <hidden>
    BUFGCE_X0Y56.I                                                    r  static         <hidden>
    BUFGCE_X0Y56.O       BUFGCE (Prop_BUFCE_BUFGCE_I_O)
                                                      0.028     3.542 r  static         <hidden>
    X5Y4 (CLOCK_ROOT)    net (fo=1635, routed)        2.444     5.986    static         WRAPPER/RL/RL_DEBUG_BRIDGE/inst/axi_jtag/inst/u_jtag_proc/s_axi_aclk
    SLR Crossing[0->1]   
    SLICE_X196Y412.CLK                                                r  static         WRAPPER/RL/RL_DEBUG_BRIDGE/inst/axi_jtag/inst/u_jtag_proc/tck_i_reg/C
    SLICE_X196Y412.Q     FDRE (Prop_CFF_SLICEM_C_Q)
                                                      0.078     6.064 r  static         WRAPPER/RL/RL_DEBUG_BRIDGE/inst/axi_jtag/inst/u_jtag_proc/tck_i_reg/Q
                         net (fo=25, routed)          0.820     6.883    static         WRAPPER/RL/RL_DEBUG_BRIDGE/inst/bs_switch_1/inst/BSCAN_SWITCH.EXT_BSCAN.bscan_switch/s_bscan_tck
    SLICE_X181Y397.CLK   FDRE                                         r  static         WRAPPER/RL/RL_DEBUG_BRIDGE/inst/bs_switch_1/inst/BSCAN_SWITCH.EXT_BSCAN.bscan_switch/state_reg[0]/C
  -------------------------------------------------------------------    ----------------------------------
    SLICE_X181Y397.Q     FDRE (Prop_GFF_SLICEL_C_Q)
                                                      0.079     6.962 r  static         WRAPPER/RL/RL_DEBUG_BRIDGE/inst/bs_switch_1/inst/BSCAN_SWITCH.EXT_BSCAN.bscan_switch/state_reg[0]/Q
                         net (fo=10, routed)          1.043     8.005    static         WRAPPER/RL/RL_DEBUG_BRIDGE/inst/bs_switch_1/inst/BSCAN_SWITCH.EXT_BSCAN.bscan_switch/state[0]
    SLICE_X180Y389.A1                                                 r  static         WRAPPER/RL/RL_DEBUG_BRIDGE/inst/bs_switch_1/inst/BSCAN_SWITCH.EXT_BSCAN.bscan_switch/s_bscan_tdo_INST_0_i_1/I2
    SLICE_X180Y389.O5    LUT3 (Prop_D5LUT_SLICEM_I2_O)
                                                      0.158     8.163 r  static         WRAPPER/RL/RL_DEBUG_BRIDGE/inst/bs_switch_1/inst/BSCAN_SWITCH.EXT_BSCAN.bscan_switch/s_bscan_tdo_INST_0_i_1/O
                         net (fo=1, routed)           0.224     8.387    static         WRAPPER/RL/RL_DEBUG_BRIDGE/inst/bs_switch_1/inst/BSCAN_SWITCH.EXT_BSCAN.bscan_switch/s_bscan_tdo_INST_0_i_1_n_0
    SLICE_X180Y392.A1                                                 r  static         WRAPPER/RL/RL_DEBUG_BRIDGE/inst/bs_switch_1/inst/BSCAN_SWITCH.EXT_BSCAN.bscan_switch/s_bscan_tdo_INST_0/I3
    SLICE_X180Y392.O6    LUT6 (Prop_H6LUT_SLICEM_I3_O)
                                                      0.152     8.539 r  static         WRAPPER/RL/RL_DEBUG_BRIDGE/inst/bs_switch_1/inst/BSCAN_SWITCH.EXT_BSCAN.bscan_switch/s_bscan_tdo_INST_0/O
                         net (fo=1, routed)           0.141     8.680    static         WRAPPER/RL/RL_DEBUG_BRIDGE/inst/bsip/inst/USE_SOFTBSCAN.U_BSCAN_TAP/U_BASETAP/tdo
    SLICE_X181Y393.A2                                                 r  static         WRAPPER/RL/RL_DEBUG_BRIDGE/inst/bsip/inst/USE_SOFTBSCAN.U_BSCAN_TAP/U_BASETAP/dr_tdo_inferred_i_1/I1
    SLICE_X181Y393.O6    LUT5 (Prop_F6LUT_SLICEL_I1_O)
                                                      0.123     8.803 r  static         WRAPPER/RL/RL_DEBUG_BRIDGE/inst/bsip/inst/USE_SOFTBSCAN.U_BSCAN_TAP/U_BASETAP/dr_tdo_inferred_i_1/O
                         net (fo=1, routed)           0.195     8.998    static         WRAPPER/RL/RL_DEBUG_BRIDGE/inst/bsip/inst/USE_SOFTBSCAN.U_BSCAN_TAP/U_BASETAP/dr_tdo
    SLICE_X183Y394.A2                                                 r  static         WRAPPER/RL/RL_DEBUG_BRIDGE/inst/bsip/inst/USE_SOFTBSCAN.U_BSCAN_TAP/U_BASETAP/tdo_rise_edge_inferred_i_1/I2
    SLICE_X183Y394.O5    LUT3 (Prop_H5LUT_SLICEL_I2_O)
                                                      0.133     9.131 r  static         WRAPPER/RL/RL_DEBUG_BRIDGE/inst/bsip/inst/USE_SOFTBSCAN.U_BSCAN_TAP/U_BASETAP/tdo_rise_edge_inferred_i_1/O
                         net (fo=1, routed)           0.015     9.146    static         WRAPPER/RL/RL_DEBUG_BRIDGE/inst/bsip/inst/USE_SOFTBSCAN.U_BSCAN_TAP/U_BASETAP/tdo_rise_edge
    SLICE_X183Y394.D     FDCE                                         r  static         WRAPPER/RL/RL_DEBUG_BRIDGE/inst/bsip/inst/USE_SOFTBSCAN.U_BSCAN_TAP/U_BASETAP/TDO_O_reg/D
  -------------------------------------------------------------------    ----------------------------------

                         (clock WRAPPER/RL/RL_DEBUG_BRIDGE/inst/axi_jtag/inst/u_jtag_proc/tck_i_reg/Q fall edge)
                                                     16.000    16.000 r                 
    BJ4                                               0.000    16.000 r  static         <hidden>
                         net (fo=0)                   0.079    16.079    static         WRAPPER/IO_SHIM/IBUFDS_CLK_125/I
    HPIOBDIFFINBUF_X0Y130.DIFF_IN_P
                                                                      r  static         WRAPPER/IO_SHIM/IBUFDS_CLK_125/DIFFINBUF_INST/DIFF_IN_P
    HPIOBDIFFINBUF_X0Y130.O
                         DIFFINBUF (Prop_DIFFINBUF_HPIOBDIFFINBUF_DIFF_IN_P_O)
                                                      0.750    16.829 r  static         WRAPPER/IO_SHIM/IBUFDS_CLK_125/DIFFINBUF_INST/O
                         net (fo=1, routed)           0.040    16.869    static         WRAPPER/IO_SHIM/IBUFDS_CLK_125/OUT
    BJ4.I                                                             r  static         WRAPPER/IO_SHIM/IBUFDS_CLK_125/IBUFCTRL_INST/I
    BJ4.O                IBUFCTRL (Prop_IBUFCTRL_HPIOB_M_I_O)
                                                      0.000    16.869 r  static         WRAPPER/IO_SHIM/IBUFDS_CLK_125/IBUFCTRL_INST/O
                         net (fo=1, routed)           0.309    17.178    static         <hidden>
    BUFGCE_X0Y122.I                                                   r  static         <hidden>
    BUFGCE_X0Y122.O      BUFGCE (Prop_BUFCE_BUFGCE_I_O)
                                                      0.024    17.202 r  static         <hidden>
                         net (fo=3, routed)           1.632    18.834    static         <hidden>
    SLR Crossing[1->0]   
    PLL_X0Y5.CLKIN                                                    r  static         <hidden>
    PLL_X0Y5.CLKOUT0     PLLE4_ADV (Prop_PLL_CLKIN_CLKOUT0)
                                                      0.430    19.264 r  static         <hidden>
                         net (fo=1, routed)           0.231    19.495    static         <hidden>
    BUFGCE_X0Y56.I                                                    r  static         <hidden>
    BUFGCE_X0Y56.O       BUFGCE (Prop_BUFCE_BUFGCE_I_O)
                                                      0.024    19.519 r  static         <hidden>
    X5Y4 (CLOCK_ROOT)    net (fo=1635, routed)        2.183    21.702    static         WRAPPER/RL/RL_DEBUG_BRIDGE/inst/axi_jtag/inst/u_jtag_proc/s_axi_aclk
    SLR Crossing[0->1]   
    SLICE_X196Y412.CLK                                                r  static         WRAPPER/RL/RL_DEBUG_BRIDGE/inst/axi_jtag/inst/u_jtag_proc/tck_i_reg/C
    SLICE_X196Y412.Q     FDRE (Prop_CFF_SLICEM_C_Q)
                                                      0.058    21.760 f  static         WRAPPER/RL/RL_DEBUG_BRIDGE/inst/axi_jtag/inst/u_jtag_proc/tck_i_reg/Q
                         net (fo=25, routed)          0.477    22.237    static         WRAPPER/RL/RL_DEBUG_BRIDGE/inst/bsip/inst/USE_SOFTBSCAN.U_BSCAN_TAP/U_BASETAP/REG_O_reg[5]
    SLICE_X183Y394.CLK   FDCE                                         r  static         WRAPPER/RL/RL_DEBUG_BRIDGE/inst/bsip/inst/USE_SOFTBSCAN.U_BSCAN_TAP/U_BASETAP/TDO_O_reg/C  (IS_INVERTED)
                         clock pessimism              0.308    22.544                     
                         clock uncertainty           -0.266    22.278                     
    SLICE_X183Y394       FDCE (Setup_HFF2_SLICEL_C_D)
                                                      0.025    22.303    static           WRAPPER/RL/RL_DEBUG_BRIDGE/inst/bsip/inst/USE_SOFTBSCAN.U_BSCAN_TAP/U_BASETAP/TDO_O_reg
  -------------------------------------------------------------------
                         required time                         22.303                     
                         arrival time                          -9.146                     
  -------------------------------------------------------------------
                         slack                                 13.157                     

Slack (MET) :             30.856ns  (required time - arrival time)
  Source:                 WRAPPER/RL/RL_DEBUG_BRIDGE/inst/bs_switch_1/inst/BSCAN_SWITCH.EXT_BSCAN.bscan_switch/portno_reg[0]/C
                            (rising edge-triggered cell FDRE clocked by WRAPPER/RL/RL_DEBUG_BRIDGE/inst/axi_jtag/inst/u_jtag_proc/tck_i_reg/Q  {rise@0.000ns fall@16.000ns period=32.000ns})
  Destination:            WRAPPER/RL/RL_DEBUG_BRIDGE/inst/bs_switch_1/inst/BSCAN_SWITCH.EXT_BSCAN.bscan_switch/temp_curid_reg[31]/D
                            (rising edge-triggered cell FDRE clocked by WRAPPER/RL/RL_DEBUG_BRIDGE/inst/axi_jtag/inst/u_jtag_proc/tck_i_reg/Q  {rise@0.000ns fall@16.000ns period=32.000ns})
  Path Group:             WRAPPER/RL/RL_DEBUG_BRIDGE/inst/axi_jtag/inst/u_jtag_proc/tck_i_reg/Q
  Path Type:              Setup (Max at Slow Process Corner)
  Requirement:            32.000ns  (WRAPPER/RL/RL_DEBUG_BRIDGE/inst/axi_jtag/inst/u_jtag_proc/tck_i_reg/Q rise@32.000ns - WRAPPER/RL/RL_DEBUG_BRIDGE/inst/axi_jtag/inst/u_jtag_proc/tck_i_reg/Q rise@0.000ns)
  Data Path Delay:        0.735ns  (logic 0.133ns (18.096%)  route 0.602ns (81.904%))
  Logic Levels:           1  (LUT3=1)
  Clock Path Skew:        -0.368ns (DCD - SCD + CPR)
    Destination Clock Delay (DCD):    6.250ns = ( 38.250 - 32.000 ) 
    Source Clock Delay      (SCD):    6.924ns
    Clock Pessimism Removal (CPR):    0.306ns
  Clock Uncertainty:      0.066ns  ((TSJ^2 + DJ^2)^1/2) / 2 + PE
    Total System Jitter     (TSJ):    0.071ns
    Discrete Jitter          (DJ):    0.112ns
    Phase Error              (PE):    0.000ns
  Clock Net Delay (Source):      2.444ns (routing 1.039ns, distribution 1.405ns)
  Clock Net Delay (Destination): 2.183ns (routing 0.945ns, distribution 1.238ns)

    Location             Delay type                Incr(ns)  Path(ns)    Partition      Netlist Resource(s)
  -------------------------------------------------------------------    ----------------------------------
                         (clock WRAPPER/RL/RL_DEBUG_BRIDGE/inst/axi_jtag/inst/u_jtag_proc/tck_i_reg/Q rise edge)
                                                      0.000     0.000 r                 
    BJ4                                               0.000     0.000 r  static         <hidden>
                         net (fo=0)                   0.100     0.100    static         WRAPPER/IO_SHIM/IBUFDS_CLK_125/I
    HPIOBDIFFINBUF_X0Y130.DIFF_IN_P
                                                                      r  static         WRAPPER/IO_SHIM/IBUFDS_CLK_125/DIFFINBUF_INST/DIFF_IN_P
    HPIOBDIFFINBUF_X0Y130.O
                         DIFFINBUF (Prop_DIFFINBUF_HPIOBDIFFINBUF_DIFF_IN_P_O)
                                                      0.863     0.963 r  static         WRAPPER/IO_SHIM/IBUFDS_CLK_125/DIFFINBUF_INST/O
                         net (fo=1, routed)           0.050     1.013    static         WRAPPER/IO_SHIM/IBUFDS_CLK_125/OUT
    BJ4.I                                                             r  static         WRAPPER/IO_SHIM/IBUFDS_CLK_125/IBUFCTRL_INST/I
    BJ4.O                IBUFCTRL (Prop_IBUFCTRL_HPIOB_M_I_O)
                                                      0.000     1.013 r  static         WRAPPER/IO_SHIM/IBUFDS_CLK_125/IBUFCTRL_INST/O
                         net (fo=1, routed)           0.348     1.361    static         <hidden>
    BUFGCE_X0Y122.I                                                   r  static         <hidden>
    BUFGCE_X0Y122.O      BUFGCE (Prop_BUFCE_BUFGCE_I_O)
                                                      0.028     1.389 r  static         <hidden>
                         net (fo=3, routed)           1.822     3.211    static         <hidden>
    SLR Crossing[1->0]   
    PLL_X0Y5.CLKIN                                                    r  static         <hidden>
    PLL_X0Y5.CLKOUT0     PLLE4_ADV (Prop_PLL_CLKIN_CLKOUT0)
                                                      0.033     3.244 r  static         <hidden>
                         net (fo=1, routed)           0.270     3.514    static         <hidden>
    BUFGCE_X0Y56.I                                                    r  static         <hidden>
    BUFGCE_X0Y56.O       BUFGCE (Prop_BUFCE_BUFGCE_I_O)
                                                      0.028     3.542 r  static         <hidden>
    X5Y4 (CLOCK_ROOT)    net (fo=1635, routed)        2.444     5.986    static         WRAPPER/RL/RL_DEBUG_BRIDGE/inst/axi_jtag/inst/u_jtag_proc/s_axi_aclk
    SLR Crossing[0->1]   
    SLICE_X196Y412.CLK                                                r  static         WRAPPER/RL/RL_DEBUG_BRIDGE/inst/axi_jtag/inst/u_jtag_proc/tck_i_reg/C
    SLICE_X196Y412.Q     FDRE (Prop_CFF_SLICEM_C_Q)
                                                      0.078     6.064 r  static         WRAPPER/RL/RL_DEBUG_BRIDGE/inst/axi_jtag/inst/u_jtag_proc/tck_i_reg/Q
                         net (fo=25, routed)          0.860     6.924    static         WRAPPER/RL/RL_DEBUG_BRIDGE/inst/bs_switch_1/inst/BSCAN_SWITCH.EXT_BSCAN.bscan_switch/s_bscan_tck
    SLICE_X181Y393.CLK   FDRE                                         r  static         WRAPPER/RL/RL_DEBUG_BRIDGE/inst/bs_switch_1/inst/BSCAN_SWITCH.EXT_BSCAN.bscan_switch/portno_reg[0]/C
  -------------------------------------------------------------------    ----------------------------------
    SLICE_X181Y393.Q     FDRE (Prop_HFF2_SLICEL_C_Q)
                                                      0.080     7.004 r  static         WRAPPER/RL/RL_DEBUG_BRIDGE/inst/bs_switch_1/inst/BSCAN_SWITCH.EXT_BSCAN.bscan_switch/portno_reg[0]/Q
                         net (fo=6, routed)           0.153     7.157    static         WRAPPER/RL/RL_DEBUG_BRIDGE/inst/bs_switch_1/inst/BSCAN_SWITCH.EXT_BSCAN.bscan_switch/portno[0]
    SLICE_X180Y395.A5                                                 r  static         WRAPPER/RL/RL_DEBUG_BRIDGE/inst/bs_switch_1/inst/BSCAN_SWITCH.EXT_BSCAN.bscan_switch/s_bscan_tdo_INST_0_i_3/I1
    SLICE_X180Y395.O6    LUT3 (Prop_A6LUT_SLICEM_I1_O)
                                                      0.053     7.210 r  static         WRAPPER/RL/RL_DEBUG_BRIDGE/inst/bs_switch_1/inst/BSCAN_SWITCH.EXT_BSCAN.bscan_switch/s_bscan_tdo_INST_0_i_3/O
                         net (fo=2, routed)           0.449     7.659    static         WRAPPER/RL/RL_DEBUG_BRIDGE/inst/bs_switch_1/inst/BSCAN_SWITCH.EXT_BSCAN.bscan_switch/s_bscan_tdo_INST_0_i_3_n_0
    SLICE_X178Y398.D     FDRE                                         r  static         WRAPPER/RL/RL_DEBUG_BRIDGE/inst/bs_switch_1/inst/BSCAN_SWITCH.EXT_BSCAN.bscan_switch/temp_curid_reg[31]/D
  -------------------------------------------------------------------    ----------------------------------

                         (clock WRAPPER/RL/RL_DEBUG_BRIDGE/inst/axi_jtag/inst/u_jtag_proc/tck_i_reg/Q rise edge)
                                                     32.000    32.000 r                 
    BJ4                                               0.000    32.000 r  static         <hidden>
                         net (fo=0)                   0.079    32.079    static         WRAPPER/IO_SHIM/IBUFDS_CLK_125/I
    HPIOBDIFFINBUF_X0Y130.DIFF_IN_P
                                                                      r  static         WRAPPER/IO_SHIM/IBUFDS_CLK_125/DIFFINBUF_INST/DIFF_IN_P
    HPIOBDIFFINBUF_X0Y130.O
                         DIFFINBUF (Prop_DIFFINBUF_HPIOBDIFFINBUF_DIFF_IN_P_O)
                                                      0.750    32.829 r  static         WRAPPER/IO_SHIM/IBUFDS_CLK_125/DIFFINBUF_INST/O
                         net (fo=1, routed)           0.040    32.869    static         WRAPPER/IO_SHIM/IBUFDS_CLK_125/OUT
    BJ4.I                                                             r  static         WRAPPER/IO_SHIM/IBUFDS_CLK_125/IBUFCTRL_INST/I
    BJ4.O                IBUFCTRL (Prop_IBUFCTRL_HPIOB_M_I_O)
                                                      0.000    32.869 r  static         WRAPPER/IO_SHIM/IBUFDS_CLK_125/IBUFCTRL_INST/O
                         net (fo=1, routed)           0.309    33.178    static         <hidden>
    BUFGCE_X0Y122.I                                                   r  static         <hidden>
    BUFGCE_X0Y122.O      BUFGCE (Prop_BUFCE_BUFGCE_I_O)
                                                      0.024    33.202 r  static         <hidden>
                         net (fo=3, routed)           1.632    34.834    static         <hidden>
    SLR Crossing[1->0]   
    PLL_X0Y5.CLKIN                                                    r  static         <hidden>
    PLL_X0Y5.CLKOUT0     PLLE4_ADV (Prop_PLL_CLKIN_CLKOUT0)
                                                      0.430    35.264 r  static         <hidden>
                         net (fo=1, routed)           0.231    35.495    static         <hidden>
    BUFGCE_X0Y56.I                                                    r  static         <hidden>
    BUFGCE_X0Y56.O       BUFGCE (Prop_BUFCE_BUFGCE_I_O)
                                                      0.024    35.519 r  static         <hidden>
    X5Y4 (CLOCK_ROOT)    net (fo=1635, routed)        2.183    37.702    static         WRAPPER/RL/RL_DEBUG_BRIDGE/inst/axi_jtag/inst/u_jtag_proc/s_axi_aclk
    SLR Crossing[0->1]   
    SLICE_X196Y412.CLK                                                r  static         WRAPPER/RL/RL_DEBUG_BRIDGE/inst/axi_jtag/inst/u_jtag_proc/tck_i_reg/C
    SLICE_X196Y412.Q     FDRE (Prop_CFF_SLICEM_C_Q)
                                                      0.058    37.760 r  static         WRAPPER/RL/RL_DEBUG_BRIDGE/inst/axi_jtag/inst/u_jtag_proc/tck_i_reg/Q
                         net (fo=25, routed)          0.490    38.250    static         WRAPPER/RL/RL_DEBUG_BRIDGE/inst/bs_switch_1/inst/BSCAN_SWITCH.EXT_BSCAN.bscan_switch/s_bscan_tck
    SLICE_X178Y398.CLK   FDRE                                         r  static         WRAPPER/RL/RL_DEBUG_BRIDGE/inst/bs_switch_1/inst/BSCAN_SWITCH.EXT_BSCAN.bscan_switch/temp_curid_reg[31]/C
                         clock pessimism              0.306    38.555                     
                         clock uncertainty           -0.066    38.489                     
    SLICE_X178Y398       FDRE (Setup_FFF_SLICEL_C_D)
                                                      0.025    38.514    static           WRAPPER/RL/RL_DEBUG_BRIDGE/inst/bs_switch_1/inst/BSCAN_SWITCH.EXT_BSCAN.bscan_switch/temp_curid_reg[31]
  -------------------------------------------------------------------
                         required time                         38.514                     
                         arrival time                          -7.659                     
  -------------------------------------------------------------------
                         slack                                 30.856                     




